学校名称,985,211,双一流,普通院校,院系名称,专业,招生人数,学习方式,分数线
清华大学,是,是,是,不是,人文学院,哲学,4,全日制,370
清华大学,是,是,是,不是,社会科学学院,理论经济学,1,全日制,350
清华大学,是,是,是,不是,经济管理学院,金融,1,全日制,365
清华大学,是,是,是,不是,五道口金融学院,金融,35,全日制,365
清华大学,是,是,是,不是,清华大学深圳国际研究生院,金融,29,全日制,365
清华大学,是,是,是,不是,人文学院,哲学,4,全日制,370
清华大学,是,是,是,不是,社会科学学院,理论经济学,1,全日制,350
清华大学,是,是,是,不是,经济管理学院,金融,1,全日制,365
清华大学,是,是,是,不是,五道口金融学院,金融,35,全日制,365
清华大学,是,是,是,不是,清华大学深圳国际研究生院,金融,29,全日制,365
清华大学,是,是,是,不是,数学科学系,应用统计,2,全日制,380
清华大学,是,是,是,不是,统计与数据科学系,应用统计,40,非全日制,380
清华大学,是,是,是,不是,经济管理学院,数字经济,30,非全日制,346
清华大学,是,是,是,不是,社会科学学院,数字经济,19,非全日制,346
清华大学,是,是,是,不是,法学院,法学,20,全日制,323
清华大学,是,是,是,不是,社会科学学院,政治学,1,全日制,323
清华大学,是,是,是,不是,社会科学学院,社会学,1,全日制,323
清华大学,是,是,是,不是,马克思主义学院,马克思主义理论,14,全日制,323
清华大学,是,是,是,不是,马克思主义学院,中共党史党建学,5,全日制,323
清华大学,是,是,是,不是,公共管理学院,纪检监察学,5,全日制,323
清华大学,是,是,是,不是,法学院,法律（非法学）,33,全日制,343
清华大学,是,是,是,不是,法学院,法律（法学）,12,全日制,340
清华大学,是,是,是,不是,社会科学学院,国际事务,17,全日制,323
清华大学,是,是,是,不是,教育学院,教育学,12,全日制,345
清华大学,是,是,是,不是,社会科学学院,体育学,1,全日制,328
清华大学,是,是,是,不是,社会科学学院,体育,5,全日制,368
清华大学,是,是,是,不是,心理与认知科学系,应用心理,29,非全日制,341
清华大学,是,是,是,不是,人文学院,中国语言文学,4,全日制,351
清华大学,是,是,是,不是,外国语言文学系,外国语言文学,3,全日制,351
清华大学,是,是,是,不是,新闻与传播学院,新闻传播学,19,全日制,351
清华大学,是,是,是,不是,新闻与传播学院,新闻与传播,8,全日制,352
清华大学,是,是,是,不是,新闻与传播学院,新闻与传播,10,非全日制,352
清华大学,是,是,是,不是,人文学院,中国史,4,全日制,340
清华大学,是,是,是,不是,人文学院,世界史,1,全日制,340
清华大学,是,是,是,不是,求真书院,数学,10,全日制,328
清华大学,是,是,是,不是,人文学院,科学技术史,3,全日制,328
清华大学,是,是,是,不是,电子工程系,电子科学与技术,2,全日制,325
清华大学,是,是,是,不是,电子工程系,信息与通信工程,2,全日制,325
清华大学,是,是,是,不是,生物医学工程学院,生物医学工程,3,全日制,325
清华大学,是,是,是,不是,建筑学院,建筑,4,全日制,310
清华大学,是,是,是,不是,建筑学院,建筑,1,全日制,310
清华大学,是,是,是,不是,建筑学院,建筑,9,非全日制,310
清华大学,是,是,是,不是,清华大学深圳国际研究生院,建筑,12,全日制,310
清华大学,是,是,是,不是,建筑学院,城乡规划,2,全日制,330
清华大学,是,是,是,不是,建筑学院,城乡规划,1,全日制,330
清华大学,是,是,是,不是,清华大学深圳国际研究生院,城乡规划,5,全日制,330
清华大学,是,是,是,不是,清华大学深圳国际研究生院,电子信息,180,全日制,325
清华大学,是,是,是,不是,精密仪器系,电子信息,12,全日制,325
清华大学,是,是,是,不是,精密仪器系,电子信息,2,全日制,325
清华大学,是,是,是,不是,电子工程系,电子信息,33,全日制,325
清华大学,是,是,是,不是,电子工程系,电子信息,1,全日制,325
清华大学,是,是,是,不是,计算机科学与技术系,电子信息,13,全日制,325
清华大学,是,是,是,不是,计算机科学与技术系,电子信息,1,全日制,325
清华大学,是,是,是,不是,自动化系,电子信息,21,全日制,325
清华大学,是,是,是,不是,自动化系,电子信息,2,全日制,325
清华大学,是,是,是,不是,集成电路学院,电子信息,38,全日制,325
清华大学,是,是,是,不是,集成电路学院,电子信息,3,全日制,325
清华大学,是,是,是,不是,网络科学与网络空间研究院,电子信息,12,全日制,325
清华大学,是,是,是,不是,网络科学与网络空间研究院,电子信息,1,全日制,325
清华大学,是,是,是,不是,生物医学工程学院,电子信息,6,全日制,325
清华大学,是,是,是,不是,生物医学工程学院,电子信息,1,全日制,325
清华大学,是,是,是,不是,清华大学深圳国际研究生院,计算机技术,21,全日制,325
清华大学,是,是,是,不是,软件学院,软件工程,10,全日制,325
清华大学,是,是,是,不是,软件学院,软件工程,1,全日制,325
清华大学,是,是,是,不是,清华大学深圳国际研究生院,大数据技术与工程,16,全日制,325
清华大学,是,是,是,不是,航天航空学院,机械,11,全日制,325
清华大学,是,是,是,不是,航天航空学院,机械,1,全日制,325
清华大学,是,是,是,不是,航空发动机研究院,机械,4,全日制,325
清华大学,是,是,是,不是,航空发动机研究院,机械,1,全日制,325
清华大学,是,是,是,不是,美术学院,机械,15,非全日制,325
清华大学,是,是,是,不是,清华大学深圳国际研究生院,机械,23,全日制,325
清华大学,是,是,是,不是,机械工程系,机械,13,全日制,325
清华大学,是,是,是,不是,机械工程系,机械,2,全日制,325
清华大学,是,是,是,不是,车辆与运载学院,机械,3,全日制,325
清华大学,是,是,是,不是,车辆与运载学院,机械,1,全日制,325
清华大学,是,是,是,不是,材料学院,材料与化工,4,全日制,325
清华大学,是,是,是,不是,材料学院,材料与化工,1,全日制,325
清华大学,是,是,是,不是,化学工程系,材料与化工,2,全日制,325
清华大学,是,是,是,不是,化学工程系,材料与化工,1,全日制,325
清华大学,是,是,是,不是,清华大学深圳国际研究生院,材料与化工,79,全日制,325
清华大学,是,是,是,不是,环境学院,资源与环境,10,全日制,325
清华大学,是,是,是,不是,环境学院,资源与环境,1,全日制,325
清华大学,是,是,是,不是,工程物理系,资源与环境,5,全日制,325
清华大学,是,是,是,不是,工程物理系,资源与环境,1,全日制,325
清华大学,是,是,是,不是,清华大学深圳国际研究生院,资源与环境,51,全日制,325
清华大学,是,是,是,不是,安全科学学院,资源与环境,7,全日制,325
清华大学,是,是,是,不是,安全科学学院,资源与环境,1,全日制,325
清华大学,是,是,是,不是,工程物理系,能源动力,6,全日制,325
清华大学,是,是,是,不是,工程物理系,能源动力,2,全日制,325
清华大学,是,是,是,不是,核能与新能源技术研究院,能源动力,12,全日制,325
清华大学,是,是,是,不是,核能与新能源技术研究院,能源动力,1,全日制,325
清华大学,是,是,是,不是,能源与动力工程系,能源动力,7,全日制,325
清华大学,是,是,是,不是,能源与动力工程系,能源动力,1,全日制,325
清华大学,是,是,是,不是,车辆与运载学院,能源动力,2,全日制,325
清华大学,是,是,是,不是,车辆与运载学院,能源动力,1,全日制,325
清华大学,是,是,是,不是,电机工程与应用电子技术系,电气工程,18,全日制,325
清华大学,是,是,是,不是,电机工程与应用电子技术系,电气工程,1,全日制,325
清华大学,是,是,是,不是,清华大学深圳国际研究生院,电气工程,19,全日制,325
清华大学,是,是,是,不是,建筑学院,土木水利,2,全日制,325
清华大学,是,是,是,不是,建筑学院,土木水利,1,全日制,325
清华大学,是,是,是,不是,清华大学深圳国际研究生院,土木水利,15,全日制,325
清华大学,是,是,是,不是,土木工程系,土木水利,4,全日制,325
清华大学,是,是,是,不是,土木工程系,土木水利,1,全日制,325
清华大学,是,是,是,不是,水利水电工程系,土木水利,4,全日制,325
清华大学,是,是,是,不是,水利水电工程系,土木水利,1,全日制,325
清华大学,是,是,是,不是,化学工程系,生物与医药,2,全日制,325
清华大学,是,是,是,不是,化学工程系,生物与医药,1,全日制,325
清华大学,是,是,是,不是,建筑学院,风景园林,2,全日制,300
清华大学,是,是,是,不是,建筑学院,风景园林,1,全日制,300
清华大学,是,是,是,不是,建筑学院,风景园林,16,非全日制,300
清华大学,是,是,是,不是,临床医学院,临床医学,5,全日制,335
清华大学,是,是,是,不是,临床医学院,临床医学,17,全日制,330
清华大学,是,是,是,不是,医学院,公共卫生,15,非全日制,294
清华大学,是,是,是,不是,万科公共卫生与健康学院,公共卫生,12,全日制,294
清华大学,是,是,是,不是,万科公共卫生与健康学院,公共卫生,15,非全日制,294
清华大学,是,是,是,不是,核能与新能源技术研究院,管理科学与工程,1,全日制,345
清华大学,是,是,是,不是,经济管理学院,管理科学与工程,1,全日制,345
清华大学,是,是,是,不是,经济管理学院,工商管理学,1,全日制,345
清华大学,是,是,是,不是,公共管理学院,公共管理学,8,全日制,345
清华大学,是,是,是,不是,清华大学深圳国际研究生院,公共管理学,19,全日制,345
清华大学,是,是,是,不是,经济管理学院,工商管理,50,全日制,151
清华大学,是,是,是,不是,经济管理学院,工商管理,546,非全日制,151
清华大学,是,是,是,不是,五道口金融学院,工商管理,265,非全日制,151
清华大学,是,是,是,不是,清华大学深圳国际研究生院,工商管理,55,非全日制,151
清华大学,是,是,是,不是,公共管理学院,公共管理,40,全日制,164
清华大学,是,是,是,不是,公共管理学院,公共管理,170,非全日制,164
清华大学,是,是,是,不是,经济管理学院,会计,30,非全日制,194
清华大学,是,是,是,不是,清华大学深圳国际研究生院,会计,30,非全日制,194
清华大学,是,是,是,不是,工业工程系,工程管理,327,非全日制,162
清华大学,是,是,是,不是,工业工程系,工业工程与管理,1,全日制,345
清华大学,是,是,是,不是,清华大学深圳国际研究生院,物流工程与管理,18,全日制,237
清华大学,是,是,是,不是,美术学院,艺术学,3,全日制,351
清华大学,是,是,是,不是,美术学院,美术与书法,13,全日制,351
清华大学,是,是,是,不是,美术学院,美术与书法,24,非全日制,351
清华大学,是,是,是,不是,美术学院,设计,44,全日制,351
清华大学,是,是,是,不是,美术学院,设计,21,非全日制,351
清华大学,是,是,是,不是,美术学院,设计学,18,全日制,280
清华大学,是,是,是,不是,清华大学深圳国际研究生院,数据科学和信息技术,30,全日制,325
清华大学,是,是,是,不是,清华大学全球创新学院,数据科学和信息技术,30,全日制,325
清华大学,是,是,是,不是,清华大学深圳国际研究生院,环境科学与新能源技术,9,全日制,325
清华大学,是,是,是,不是,清华大学深圳国际研究生院,精准医学与公共健康,9,全日制,325
清华大学,是,是,是,不是,美术学院,信息艺术设计,6,全日制,280
清华大学,是,是,是,不是,清华大学深圳国际研究生院,医疗管理,28,非全日制,182
清华大学,是,是,是,不是,医疗管理学院,医疗管理,20,非全日制,345
清华大学,是,是,是,不是,苏世民书院,全球领导力,24,全日制,246
北京大学,是,是,是,不是,哲学系,马克思主义哲学,6,全日制,345
北京大学,是,是,是,不是,哲学系,马克思主义哲学,1,全日制,345
北京大学,是,是,是,不是,哲学系,中国哲学,6,全日制,345
北京大学,是,是,是,不是,哲学系,外国哲学,6,全日制,345
北京大学,是,是,是,不是,哲学系,逻辑学,3,全日制,345
北京大学,是,是,是,不是,哲学系,马克思主义哲学,6,全日制,345
北京大学,是,是,是,不是,哲学系,马克思主义哲学,1,全日制,345
北京大学,是,是,是,不是,哲学系,中国哲学,6,全日制,345
北京大学,是,是,是,不是,哲学系,外国哲学,6,全日制,345
北京大学,是,是,是,不是,哲学系,逻辑学,3,全日制,345
北京大学,是,是,是,不是,哲学系,伦理学,3,全日制,345
北京大学,是,是,是,不是,哲学系,美学,4,全日制,345
北京大学,是,是,是,不是,哲学系,宗教学,8,全日制,345
北京大学,是,是,是,不是,哲学系,科学技术哲学,8,全日制,345
北京大学,是,是,是,不是,马克思主义学院,政治经济学,6,全日制,375
北京大学,是,是,是,不是,深圳研究生院,西方经济学,50,全日制,375
北京大学,是,是,是,不是,数学科学学院,金融,48,全日制,360
北京大学,是,是,是,不是,经济学院,金融,38,全日制,360
北京大学,是,是,是,不是,光华管理学院,金融,124,全日制,360
北京大学,是,是,是,不是,深圳研究生院,金融,170,全日制,360
北京大学,是,是,是,不是,经济学院,税务,14,全日制,360
北京大学,是,是,是,不是,经济学院,国际商务,14,全日制,360
北京大学,是,是,是,不是,经济学院,保险,14,全日制,360
北京大学,是,是,是,不是,经济学院,数字经济,20,全日制,385
北京大学,是,是,是,不是,法学院,法律史,6,全日制,345
北京大学,是,是,是,不是,法学院,宪法学与行政法学,9,全日制,345
北京大学,是,是,是,不是,法学院,刑法学,6,全日制,345
北京大学,是,是,是,不是,法学院,民商法学,6,全日制,345
北京大学,是,是,是,不是,法学院,民商法学,1,全日制,345
北京大学,是,是,是,不是,法学院,经济法学,7,全日制,345
北京大学,是,是,是,不是,法学院,国际法学,4,全日制,345
北京大学,是,是,是,不是,政府管理学院,政治学理论,5,全日制,345
北京大学,是,是,是,不是,国际关系学院,科学社会主义与国际共产主义运动,3,全日制,345
北京大学,是,是,是,不是,国际关系学院,中共党史,2,全日制,345
北京大学,是,是,是,不是,国际关系学院,国际政治,6,全日制,345
北京大学,是,是,是,不是,国际关系学院,国际关系,10,全日制,345
北京大学,是,是,是,不是,国际关系学院,外交学,4,全日制,345
北京大学,是,是,是,不是,社会学系,社会学,15,全日制,345
北京大学,是,是,是,不是,社会学系,人类学,4,全日制,345
北京大学,是,是,是,不是,马克思主义学院,马克思主义基本原理,6,全日制,345
北京大学,是,是,是,不是,马克思主义学院,马克思主义发展史,5,全日制,345
北京大学,是,是,是,不是,马克思主义学院,马克思主义中国化研究,5,全日制,345
北京大学,是,是,是,不是,马克思主义学院,国外马克思主义研究,4,全日制,345
北京大学,是,是,是,不是,马克思主义学院,思想政治教育,6,全日制,345
北京大学,是,是,是,不是,马克思主义学院,中国近现代史基本问题研究,6,全日制,345
北京大学,是,是,是,不是,马克思主义学院,中共党史党建学,6,全日制,345
北京大学,是,是,是,不是,法学院,法律（非法学）,135,全日制,350
北京大学,是,是,是,不是,深圳研究生院,法律（非法学）,127,全日制,350
北京大学,是,是,是,不是,法学院,法律（法学）,103,全日制,350
北京大学,是,是,是,不是,深圳研究生院,法律（法学）,35,全日制,350
北京大学,是,是,是,不是,社会学系,社会工作,17,全日制,325
北京大学,是,是,是,不是,人口研究所,社会工作,17,全日制,325
北京大学,是,是,是,不是,教育学院,教育学原理,5,全日制,350
北京大学,是,是,是,不是,教育学院,高等教育学,7,全日制,350
北京大学,是,是,是,不是,教育学院,高等教育学,1,全日制,350
北京大学,是,是,是,不是,教育学院,教育技术学,7,全日制,350
北京大学,是,是,是,不是,体育教研部,体育,21,全日制,355
北京大学,是,是,是,不是,对外汉语教育学院,国际中文教育,24,全日制,345
北京大学,是,是,是,不是,心理与认知科学学院,应用心理,70,非全日制,365
北京大学,是,是,是,不是,医学部,应用心理,20,非全日制,365
北京大学,是,是,是,不是,中国语言文学系,文艺学,4,全日制,355
北京大学,是,是,是,不是,中国语言文学系,语言学及应用语言学,6,全日制,355
北京大学,是,是,是,不是,中国语言文学系,汉语言文字学,13,全日制,355
北京大学,是,是,是,不是,中国语言文学系,中国古典文献学,7,全日制,355
北京大学,是,是,是,不是,中国语言文学系,中国古代文学,10,全日制,355
北京大学,是,是,是,不是,中国语言文学系,中国现当代文学,12,全日制,355
北京大学,是,是,是,不是,中国语言文学系,比较文学与世界文学,4,全日制,355
北京大学,是,是,是,不是,外国语学院,比较文学与世界文学,4,全日制,355
北京大学,是,是,是,不是,外国语学院,英语语言文学,16,全日制,355
北京大学,是,是,是,不是,外国语学院,俄语语言文学,7,全日制,355
北京大学,是,是,是,不是,外国语学院,印度语言文学,5,全日制,355
北京大学,是,是,是,不是,外国语学院,亚非语言文学,15,全日制,355
北京大学,是,是,是,不是,外国语学院,外国语言学及应用语言学,6,全日制,355
北京大学,是,是,是,不是,外国语学院,英语笔译,24,全日制,355
北京大学,是,是,是,不是,外国语学院,日语口译,24,全日制,355
北京大学,是,是,是,不是,新闻与传播学院,新闻与传播,50,全日制,365
北京大学,是,是,是,不是,新闻与传播学院,新闻与传播,1,全日制,365
北京大学,是,是,是,不是,深圳研究生院,新闻与传播,30,全日制,365
北京大学,是,是,是,不是,新媒体研究院,新闻与传播,29,全日制,365
北京大学,是,是,是,不是,新媒体研究院,新闻与传播,1,全日制,365
北京大学,是,是,是,不是,历史学系,中国史,21,全日制,345
北京大学,是,是,是,不是,历史学系,世界史,17,全日制,345
北京大学,是,是,是,不是,考古文博学院,博物馆,24,全日制,340
北京大学,是,是,是,不是,城市与环境学院,自然地理学,15,全日制,300
北京大学,是,是,是,不是,城市与环境学院,人文地理学,9,全日制,300
北京大学,是,是,是,不是,地球与空间科学学院,矿物学、岩石学、矿床学,5,全日制,300
北京大学,是,是,是,不是,地球与空间科学学院,地球化学,5,全日制,300
北京大学,是,是,是,不是,地球与空间科学学院,古生物学与地层学,5,全日制,300
北京大学,是,是,是,不是,地球与空间科学学院,构造地质学,8,全日制,300
北京大学,是,是,是,不是,前沿交叉学科研究院,科学技术史,4,全日制,300
北京大学,是,是,是,不是,城市与环境学院,生态学,11,全日制,300
北京大学,是,是,是,不是,城市与环境学院,生态学,1,全日制,300
北京大学,是,是,是,不是,城市与环境学院,环境科学,13,全日制,300
北京大学,是,是,是,不是,深圳研究生院,环境科学,23,全日制,300
北京大学,是,是,是,不是,环境科学与工程学院,环境工程,4,全日制,300
北京大学,是,是,是,不是,深圳研究生院,环境工程,27,全日制,300
北京大学,是,是,是,不是,深圳研究生院,材料科学与工程,20,全日制,300
北京大学,是,是,是,不是,电子学院,电子科学与技术,21,全日制,300
北京大学,是,是,是,不是,电子学院,信息与通信工程,23,全日制,300
北京大学,是,是,是,不是,深圳研究生院,计算机科学与技术,75,全日制,300
北京大学,是,是,是,不是,计算机学院,计算机科学与技术,76,全日制,300
北京大学,是,是,是,不是,物理学院,电子信息,36,全日制,330
北京大学,是,是,是,不是,软件与微电子学院,电子信息,583,全日制,330
北京大学,是,是,是,不是,先进制造与机器人学院,机械,27,全日制,340
北京大学,是,是,是,不是,力学与工程科学学院,机械,56,全日制,340
北京大学,是,是,是,不是,深圳研究生院,材料与化工,48,全日制,300
北京大学,是,是,是,不是,建筑与景观设计学院,风景园林,22,全日制,330
北京大学,是,是,是,不是,建筑与景观设计学院,风景园林,20,非全日制,330
北京大学,是,是,是,不是,医学部,基础医学,31,全日制,310
北京大学,是,是,是,不是,医学部,临床医学,125,全日制,310
北京大学,是,是,是,不是,医学部,口腔医学,24,全日制,310
北京大学,是,是,是,不是,医学部,中西医结合,8,全日制,310
北京大学,是,是,是,不是,医学部,药学,4,全日制,310
北京大学,是,是,是,不是,医学部,护理学,10,全日制,310
北京大学,是,是,是,不是,医学部,临床医学,304,全日制,350
北京大学,是,是,是,不是,医学部,口腔医学,55,全日制,320
北京大学,是,是,是,不是,医学部,公共卫生,33,全日制,310
北京大学,是,是,是,不是,医学部,公共卫生,1,全日制,310
北京大学,是,是,是,不是,医学部,公共卫生,18,非全日制,310
北京大学,是,是,是,不是,医学部,护理,17,全日制,320
北京大学,是,是,是,不是,医学部,护理,10,非全日制,320
北京大学,是,是,是,不是,医学部,药学,36,全日制,335
北京大学,是,是,是,不是,医学部,医学技术,26,全日制,310
北京大学,是,是,是,不是,深圳研究生院,企业管理,40,全日制,340
北京大学,是,是,是,不是,政府管理学院,行政管理,10,全日制,340
北京大学,是,是,是,不是,教育学院,教育经济与管理,13,全日制,340
北京大学,是,是,是,不是,信息管理系,情报学,5,全日制,340
北京大学,是,是,是,不是,光华管理学院,工商管理,40,全日制,151
北京大学,是,是,是,不是,光华管理学院,工商管理,372,非全日制,151
北京大学,是,是,是,不是,国家发展研究院,工商管理,100,非全日制,151
北京大学,是,是,是,不是,深圳研究生院,工商管理,200,非全日制,151
北京大学,是,是,是,不是,国际关系学院,公共管理,45,非全日制,195
北京大学,是,是,是,不是,政府管理学院,公共管理,20,全日制,195
北京大学,是,是,是,不是,政府管理学院,公共管理,200,非全日制,195
北京大学,是,是,是,不是,习近平新时代中国特色社会主义思想研究院,公共管理,27,非全日制,195
北京大学,是,是,是,不是,光华管理学院,会计,35,全日制,245
北京大学,是,是,是,不是,软件与微电子学院,工程管理,201,非全日制,162
北京大学,是,是,是,不是,先进制造与机器人学院,工程管理,41,非全日制,162
北京大学,是,是,是,不是,力学与工程科学学院,工程管理,41,非全日制,162
北京大学,是,是,是,不是,光华管理学院,审计,5,全日制,245
北京大学,是,是,是,不是,艺术学院,戏剧与影视,14,全日制,355
北京大学,是,是,是,不是,艺术学院,戏剧与影视,60,非全日制,355
北京大学,是,是,是,不是,集成电路学院,集成电路科学与工程,18,全日制,300
北京大学,是,是,是,不是,深圳研究生院,集成电路科学与工程,60,全日制,300
北京大学,是,是,是,不是,地球与空间科学学院,遥感科学与技术,15,全日制,300
北京大学,是,是,是,不是,智能学院,智能科学与技术,17,全日制,300
北京大学,是,是,是,不是,法学院,商法,4,全日制,345
北京大学,是,是,是,不是,法学院,国际经济法,4,全日制,345
北京大学,是,是,是,不是,国际关系学院,国际政治经济学,6,全日制,345
北京大学,是,是,是,不是,国际关系学院,比较政治学,3,全日制,345
北京大学,是,是,是,不是,国际关系学院,国际组织与国际公共政策,6,全日制,345
北京大学,是,是,是,不是,社会学系,女性学,3,全日制,345
北京大学,是,是,是,不是,教育学院,医学教育,4,全日制,350
北京大学,是,是,是,不是,中国语言文学系,中国民间文学,2,全日制,355
北京大学,是,是,是,不是,环境科学与工程学院,环境健康,1,全日制,300
北京大学,是,是,是,不是,环境科学与工程学院,环境管理,7,全日制,300
北京大学,是,是,是,不是,城市与环境学院,国土空间规划,10,全日制,300
北京大学,是,是,是,不是,深圳研究生院,国土空间规划,55,全日制,300
北京大学,是,是,是,不是,政府管理学院,公共政策,6,全日制,340
北京大学,是,是,是,不是,政府管理学院,应急管理,2,全日制,340
北京大学,是,是,是,不是,政府管理学院,城市与区域管理,3,全日制,340
北京大学,是,是,是,不是,信息管理系,大数据管理与应用,4,全日制,340
北京大学,是,是,是,不是,社会学系,社会政策,17,全日制,325
北京大学,是,是,是,不是,数学科学学院,大数据,63,全日制,360
北京大学,是,是,是,不是,政府管理学院,中国政治,5,全日制,345
北京航空航天大学,是,是,是,不是,人文与社会科学高等研究院,哲学,4,全日制,330
北京航空航天大学,是,是,是,不是,经济管理学院,应用经济学,6,全日制,340
北京航空航天大学,是,是,是,不是,经济管理学院,金融,8,全日制,340
北京航空航天大学,是,是,是,不是,法学院,法学理论,1,全日制,325
北京航空航天大学,是,是,是,不是,法学院,法律史,1,全日制,325
北京航空航天大学,是,是,是,不是,人文与社会科学高等研究院,哲学,4,全日制,330
北京航空航天大学,是,是,是,不是,经济管理学院,应用经济学,6,全日制,340
北京航空航天大学,是,是,是,不是,经济管理学院,金融,8,全日制,340
北京航空航天大学,是,是,是,不是,法学院,法学理论,1,全日制,325
北京航空航天大学,是,是,是,不是,法学院,法律史,1,全日制,325
北京航空航天大学,是,是,是,不是,法学院,宪法学与行政法学,2,全日制,325
北京航空航天大学,是,是,是,不是,法学院,刑法学,2,全日制,325
北京航空航天大学,是,是,是,不是,法学院,民商法学,5,全日制,325
北京航空航天大学,是,是,是,不是,法学院,诉讼法学,2,全日制,325
北京航空航天大学,是,是,是,不是,法学院,经济法学,1,全日制,325
北京航空航天大学,是,是,是,不是,法学院,环境与资源保护法学,1,全日制,325
北京航空航天大学,是,是,是,不是,法学院,国际法学,1,全日制,325
北京航空航天大学,是,是,是,不是,马克思主义学院,马克思主义理论,23,全日制,325
北京航空航天大学,是,是,是,不是,法学院,法律（非法学）,6,全日制,325
北京航空航天大学,是,是,是,不是,法学院,法律（非法学）,20,非全日制,325
北京航空航天大学,是,是,是,不是,法学院,法律（法学）,5,全日制,325
北京航空航天大学,是,是,是,不是,法学院,法律（法学）,30,非全日制,325
北京航空航天大学,是,是,是,不是,人文社会科学学院,教育学,1,全日制,345
北京航空航天大学,是,是,是,不是,马克思主义学院,学科教学（思政）,20,非全日制,345
北京航空航天大学,是,是,是,不是,外国语学院,英语语言文学,5,全日制,360
北京航空航天大学,是,是,是,不是,外国语学院,外国语言学及应用语言学,8,全日制,360
北京航空航天大学,是,是,是,不是,外国语学院,英语笔译,10,全日制,360
北京航空航天大学,是,是,是,不是,数学科学学院,数学,10,全日制,295
北京航空航天大学,是,是,是,不是,人工智能学院,数学,1,全日制,295
北京航空航天大学,是,是,是,不是,物理学院,物理学,24,全日制,295
北京航空航天大学,是,是,是,不是,化学学院,化学,35,全日制,295
北京航空航天大学,是,是,是,不是,空间与地球科学学院,地球物理学,13,全日制,295
北京航空航天大学,是,是,是,不是,数学科学学院,统计学,2,全日制,295
北京航空航天大学,是,是,是,不是,生物与医学工程学院,生物医学工程,2,全日制,295
北京航空航天大学,是,是,是,不是,航空科学与工程学院,力学,14,全日制,295
北京航空航天大学,是,是,是,不是,自动化科学与电气工程学院,机械工程,13,全日制,295
北京航空航天大学,是,是,是,不是,交通科学与工程学院,机械工程,3,全日制,295
北京航空航天大学,是,是,是,不是,电子信息工程学院,光学工程,2,全日制,295
北京航空航天大学,是,是,是,不是,仪器科学与光电工程学院,光学工程,6,全日制,295
北京航空航天大学,是,是,是,不是,仪器科学与光电工程学院,仪器科学与技术,9,全日制,295
北京航空航天大学,是,是,是,不是,仪器科学与光电工程学院,仪器科学与技术,1,全日制,295
北京航空航天大学,是,是,是,不是,大科学装置研究院,仪器科学与技术,5,全日制,295
北京航空航天大学,是,是,是,不是,大科学装置研究院,仪器科学与技术,1,全日制,295
北京航空航天大学,是,是,是,不是,材料科学与工程学院,材料科学与工程,55,全日制,295
北京航空航天大学,是,是,是,不是,材料科学与工程学院,材料科学与工程,1,全日制,295
北京航空航天大学,是,是,是,不是,能源与动力工程学院,动力工程及工程热物理,25,全日制,295
北京航空航天大学,是,是,是,不是,电子信息工程学院,电子科学与技术,16,全日制,295
北京航空航天大学,是,是,是,不是,电子信息工程学院,信息与通信工程,26,全日制,295
北京航空航天大学,是,是,是,不是,自动化科学与电气工程学院,控制科学与工程,32,全日制,295
北京航空航天大学,是,是,是,不是,自动化科学与电气工程学院,控制科学与工程,1,全日制,295
北京航空航天大学,是,是,是,不是,可靠性与系统工程学院,控制科学与工程,8,全日制,295
北京航空航天大学,是,是,是,不是,可靠性与系统工程学院,控制科学与工程,1,全日制,295
北京航空航天大学,是,是,是,不是,宇航学院,控制科学与工程,4,全日制,295
北京航空航天大学,是,是,是,不是,宇航学院,控制科学与工程,1,全日制,295
北京航空航天大学,是,是,是,不是,中法工程师学院/国际通用工程学院,系统工程,2,全日制,295
北京航空航天大学,是,是,是,不是,计算机学院,计算机科学与技术,37,全日制,295
北京航空航天大学,是,是,是,不是,电子信息工程学院,交通运输工程,6,全日制,295
北京航空航天大学,是,是,是,不是,电子信息工程学院,交通运输工程,1,全日制,295
北京航空航天大学,是,是,是,不是,交通科学与工程学院,交通运输工程,3,全日制,295
北京航空航天大学,是,是,是,不是,交通科学与工程学院,交通运输工程,1,全日制,295
北京航空航天大学,是,是,是,不是,航空科学与工程学院,航空宇航科学与技术,14,全日制,295
北京航空航天大学,是,是,是,不是,航空科学与工程学院,航空宇航科学与技术,1,全日制,295
北京航空航天大学,是,是,是,不是,生物与医学工程学院,生物医学工程,15,全日制,295
北京航空航天大学,是,是,是,不是,计算机学院,软件工程,18,全日制,295
北京航空航天大学,是,是,是,不是,计算机学院,软件工程,1,全日制,295
北京航空航天大学,是,是,是,不是,软件学院,软件工程,14,全日制,295
北京航空航天大学,是,是,是,不是,软件学院,软件工程,1,全日制,295
北京航空航天大学,是,是,是,不是,可靠性与系统工程学院,安全科学与工程,13,全日制,295
北京航空航天大学,是,是,是,不是,网络空间安全学院,网络空间安全,11,全日制,295
北京航空航天大学,是,是,是,不是,网络空间安全学院,网络空间安全,1,全日制,295
北京航空航天大学,是,是,是,不是,电子信息工程学院,电子信息,47,全日制,295
北京航空航天大学,是,是,是,不是,电子信息工程学院,电子信息,18,非全日制,295
北京航空航天大学,是,是,是,不是,可靠性与系统工程学院,电子信息,15,全日制,295
北京航空航天大学,是,是,是,不是,仪器科学与光电工程学院,电子信息,33,全日制,295
北京航空航天大学,是,是,是,不是,中法工程师学院/国际通用工程学院,电子信息,2,全日制,295
北京航空航天大学,是,是,是,不是,大科学装置研究院,电子信息,42,全日制,295
北京航空航天大学,是,是,是,不是,人工智能学院,电子信息,12,全日制,295
北京航空航天大学,是,是,是,不是,杭州国际创新研究院,电子信息,123,全日制,295
北京航空航天大学,是,是,是,不是,集成电路科学与工程学院,集成电路工程,22,全日制,295
北京航空航天大学,是,是,是,不是,集成电路科学与工程学院,集成电路工程,20,非全日制,295
北京航空航天大学,是,是,是,不是,杭州国际创新研究院,集成电路工程,4,全日制,295
北京航空航天大学,是,是,是,不是,计算机学院,计算机技术,49,全日制,295
北京航空航天大学,是,是,是,不是,计算机学院,计算机技术,20,非全日制,295
北京航空航天大学,是,是,是,不是,杭州国际创新研究院,计算机技术,8,全日制,295
北京航空航天大学,是,是,是,不是,软件学院,软件工程,15,全日制,295
北京航空航天大学,是,是,是,不是,软件学院,软件工程,1,全日制,295
北京航空航天大学,是,是,是,不是,软件学院,软件工程,88,非全日制,295
北京航空航天大学,是,是,是,不是,自动化科学与电气工程学院,控制工程,54,全日制,295
北京航空航天大学,是,是,是,不是,宇航学院,控制工程,15,全日制,295
北京航空航天大学,是,是,是,不是,无人系统研究院,控制工程,6,全日制,295
北京航空航天大学,是,是,是,不是,杭州国际创新研究院,控制工程,10,全日制,295
北京航空航天大学,是,是,是,不是,生物与医学工程学院,生物医学工程,17,全日制,295
北京航空航天大学,是,是,是,不是,无人系统研究院,人工智能,2,全日制,295
北京航空航天大学,是,是,是,不是,网络空间安全学院,网络与信息安全,10,全日制,295
北京航空航天大学,是,是,是,不是,网络空间安全学院,网络与信息安全,20,非全日制,295
北京航空航天大学,是,是,是,不是,航空科学与工程学院,机械,74,全日制,295
北京航空航天大学,是,是,是,不是,机械工程及自动化学院,机械,20,非全日制,295
北京航空航天大学,是,是,是,不是,可靠性与系统工程学院,机械,9,全日制,295
北京航空航天大学,是,是,是,不是,中法工程师学院/国际通用工程学院,机械,3,全日制,295
北京航空航天大学,是,是,是,不是,航空发动机研究院,机械,7,全日制,295
北京航空航天大学,是,是,是,不是,杭州国际创新研究院,机械,75,全日制,295
北京航空航天大学,是,是,是,不是,自动化科学与电气工程学院,机械工程,5,全日制,295
北京航空航天大学,是,是,是,不是,机械工程及自动化学院,机械工程,40,全日制,295
北京航空航天大学,是,是,是,不是,生物与医学工程学院,机械工程,18,全日制,295
北京航空航天大学,是,是,是,不是,交通科学与工程学院,车辆工程,6,全日制,295
北京航空航天大学,是,是,是,不是,无人系统研究院,航空工程,11,全日制,295
北京航空航天大学,是,是,是,不是,宇航学院,航天工程,19,全日制,295
北京航空航天大学,是,是,是,不是,自动化科学与电气工程学院,机器人工程,7,全日制,295
北京航空航天大学,是,是,是,不是,机械工程及自动化学院,机器人工程,6,全日制,295
北京航空航天大学,是,是,是,不是,化学学院,材料与化工,12,全日制,295
北京航空航天大学,是,是,是,不是,航空发动机研究院,材料与化工,2,全日制,295
北京航空航天大学,是,是,是,不是,材料科学与工程学院,材料工程,50,全日制,295
北京航空航天大学,是,是,是,不是,杭州国际创新研究院,材料工程,17,全日制,295
北京航空航天大学,是,是,是,不是,能源与动力工程学院,能源动力,40,全日制,295
北京航空航天大学,是,是,是,不是,航空发动机研究院,能源动力,29,全日制,295
北京航空航天大学,是,是,是,不是,杭州国际创新研究院,能源动力,32,全日制,295
北京航空航天大学,是,是,是,不是,宇航学院,航天动力工程,19,全日制,295
北京航空航天大学,是,是,是,不是,杭州国际创新研究院,交通运输,13,全日制,295
北京航空航天大学,是,是,是,不是,交通科学与工程学院,道路交通运输,17,全日制,295
北京航空航天大学,是,是,是,不是,交通科学与工程学院,道路交通运输,18,非全日制,295
北京航空航天大学,是,是,是,不是,杭州国际创新研究院,道路交通运输,10,全日制,295
北京航空航天大学,是,是,是,不是,交通科学与工程学院,航空交通运输,17,全日制,295
北京航空航天大学,是,是,是,不是,杭州国际创新研究院,航空交通运输,11,全日制,295
北京航空航天大学,是,是,是,不是,生物与医学工程学院,基础医学,8,全日制,295
北京航空航天大学,是,是,是,不是,生物与医学工程学院,生物医学工程,2,全日制,295
北京航空航天大学,是,是,是,不是,经济管理学院,管理科学与工程,14,全日制,335
北京航空航天大学,是,是,是,不是,经济管理学院,管理科学与工程,1,全日制,335
北京航空航天大学,是,是,是,不是,经济管理学院,工商管理学,5,全日制,335
北京航空航天大学,是,是,是,不是,人文与社会科学高等研究院,公共管理学,1,全日制,335
北京航空航天大学,是,是,是,不是,人文社会科学学院,公共管理学,8,全日制,335
北京航空航天大学,是,是,是,不是,经济管理学院,工商管理,400,非全日制,151
北京航空航天大学,是,是,是,不是,人文社会科学学院,公共管理,297,非全日制,164
北京航空航天大学,是,是,是,不是,经济管理学院,会计,120,非全日制,194
北京航空航天大学,是,是,是,不是,经济管理学院,工程管理,246,非全日制,162
北京航空航天大学,是,是,是,不是,经济管理学院,工业工程与管理,6,全日制,162
北京航空航天大学,是,是,是,不是,集成电路科学与工程学院,集成电路科学与工程,44,全日制,295
北京航空航天大学,是,是,是,不是,机械工程及自动化学院,设计学,2,全日制,295
北京航空航天大学,是,是,是,不是,新媒体艺术与设计学院,设计学,5,全日制,295
北京航空航天大学,是,是,是,不是,航空发动机研究院,空天动力科学与技术,10,全日制,295
北京航空航天大学,是,是,是,不是,人工智能学院,人工智能,4,全日制,295
北京理工大学,是,是,是,不是,经济学院,理论经济学,6,全日制,340
北京理工大学,是,是,是,不是,珠海校区,应用经济学,6,全日制,340
北京理工大学,是,是,是,不是,经济学院,应用经济学,6,全日制,340
北京理工大学,是,是,是,不是,经济学院,金融,2,全日制,340
北京理工大学,是,是,是,不是,经济学院,金融,5,非全日制,340
北京理工大学,是,是,是,不是,经济学院,理论经济学,6,全日制,340
北京理工大学,是,是,是,不是,珠海校区,应用经济学,6,全日制,340
北京理工大学,是,是,是,不是,经济学院,应用经济学,6,全日制,340
北京理工大学,是,是,是,不是,经济学院,金融,2,全日制,340
北京理工大学,是,是,是,不是,经济学院,金融,5,非全日制,340
北京理工大学,是,是,是,不是,珠海校区,数字经济,50,非全日制,340
北京理工大学,是,是,是,不是,经济学院,数字经济,1,全日制,340
北京理工大学,是,是,是,不是,经济学院,数字经济,18,非全日制,340
北京理工大学,是,是,是,不是,国际组织创新学院,法学,2,全日制,323
北京理工大学,是,是,是,不是,法学院,法学,11,全日制,323
北京理工大学,是,是,是,不是,马克思主义学院,马克思主义理论,14,全日制,323
北京理工大学,是,是,是,不是,马克思主义学院,马克思主义理论,18,非全日制,323
北京理工大学,是,是,是,不是,法学院,法律（非法学）,8,全日制,323
北京理工大学,是,是,是,不是,法学院,法律（非法学）,100,非全日制,323
北京理工大学,是,是,是,不是,国际组织创新学院,法律（法学）,1,全日制,323
北京理工大学,是,是,是,不是,法学院,法律（法学）,14,全日制,323
北京理工大学,是,是,是,不是,法学院,法律（法学）,100,非全日制,323
北京理工大学,是,是,是,不是,珠海校区,法律（法学）,6,全日制,323
北京理工大学,是,是,是,不是,教育学院,教育学,9,全日制,341
北京理工大学,是,是,是,不是,教育学院,教育学,20,非全日制,341
北京理工大学,是,是,是,不是,教育学院,心理健康教育,3,全日制,341
北京理工大学,是,是,是,不是,教育学院,心理健康教育,30,非全日制,341
北京理工大学,是,是,是,不是,教育学院,科学与技术教育,3,全日制,341
北京理工大学,是,是,是,不是,教育学院,科学与技术教育,30,非全日制,341
北京理工大学,是,是,是,不是,教育学院,职业技术教育,10,非全日制,341
北京理工大学,是,是,是,不是,外国语学院,国际中文教育,8,全日制,350
北京理工大学,是,是,是,不是,外国语学院,外国语言文学,10,全日制,360
北京理工大学,是,是,是,不是,外国语学院,英语笔译,9,全日制,351
北京理工大学,是,是,是,不是,数学与统计学院,数学,8,全日制,305
北京理工大学,是,是,是,不是,物理学院,物理学,28,全日制,305
北京理工大学,是,是,是,不是,化学与化工学院,化学,24,全日制,305
北京理工大学,是,是,是,不是,生命学院,生物学,12,全日制,305
北京理工大学,是,是,是,不是,数学与统计学院,统计学,4,全日制,305
北京理工大学,是,是,是,不是,机电学院,力学,4,全日制,295
北京理工大学,是,是,是,不是,先进结构技术研究院,力学,2,全日制,295
北京理工大学,是,是,是,不是,珠海校区,力学,7,全日制,295
北京理工大学,是,是,是,不是,空天科学与技术学院,力学,10,全日制,295
北京理工大学,是,是,是,不是,机电学院,机械工程,6,全日制,300
北京理工大学,是,是,是,不是,机械与车辆学院,机械工程,44,全日制,300
北京理工大学,是,是,是,不是,先进结构技术研究院,机械工程,2,全日制,300
北京理工大学,是,是,是,不是,珠海校区,机械工程,7,全日制,300
北京理工大学,是,是,是,不是,光电学院,光学工程,30,全日制,300
北京理工大学,是,是,是,不是,光电学院,仪器科学与技术,12,全日制,300
北京理工大学,是,是,是,不是,材料学院,材料科学与工程,30,全日制,300
北京理工大学,是,是,是,不是,先进结构技术研究院,材料科学与工程,2,全日制,300
北京理工大学,是,是,是,不是,珠海校区,材料科学与工程,7,全日制,300
北京理工大学,是,是,是,不是,机械与车辆学院,动力工程及工程热物理,17,全日制,295
北京理工大学,是,是,是,不是,珠海校区,动力工程及工程热物理,6,全日制,295
北京理工大学,是,是,是,不是,集成电路与电子学院,电子科学与技术,18,全日制,300
北京理工大学,是,是,是,不是,信息与电子学院,信息与通信工程,36,全日制,300
北京理工大学,是,是,是,不是,珠海校区,信息与通信工程,6,全日制,300
北京理工大学,是,是,是,不是,自动化学院,控制科学与工程,35,全日制,300
北京理工大学,是,是,是,不是,珠海校区,控制科学与工程,6,全日制,300
北京理工大学,是,是,是,不是,计算机学院,计算机科学与技术,27,全日制,300
北京理工大学,是,是,是,不是,化学与化工学院,化学工程与技术,18,全日制,300
北京理工大学,是,是,是,不是,珠海校区,船舶与海洋工程,7,全日制,295
北京理工大学,是,是,是,不是,珠海校区,航空宇航科学与技术,6,全日制,295
北京理工大学,是,是,是,不是,空天科学与技术学院,航空宇航科学与技术,31,全日制,295
北京理工大学,是,是,是,不是,机电学院,兵器科学与技术,33,全日制,295
北京理工大学,是,是,是,不是,医学技术学院,生物医学工程,10,全日制,300
北京理工大学,是,是,是,不是,机电学院,安全科学与工程,8,全日制,300
北京理工大学,是,是,是,不是,网络空间安全学院,网络空间安全,15,全日制,300
北京理工大学,是,是,是,不是,信息与电子学院,新一代电子信息技术（含量子技术等）,34,全日制,300
北京理工大学,是,是,是,不是,集成电路与电子学院,新一代电子信息技术（含量子技术等）,38,全日制,300
北京理工大学,是,是,是,不是,珠海校区,新一代电子信息技术（含量子技术等）,13,全日制,300
北京理工大学,是,是,是,不是,前沿交叉科学院,新一代电子信息技术（含量子技术等）,1,全日制,300
北京理工大学,是,是,是,不是,信息与电子学院,通信工程（含宽带网络、移动通信等）,6,全日制,300
北京理工大学,是,是,是,不是,珠海校区,通信工程（含宽带网络、移动通信等）,7,全日制,300
北京理工大学,是,是,是,不是,集成电路与电子学院,集成电路工程,23,全日制,300
北京理工大学,是,是,是,不是,珠海校区,集成电路工程,6,全日制,300
北京理工大学,是,是,是,不是,医学技术学院,计算机技术,101,全日制,300
北京理工大学,是,是,是,不是,计算机学院,计算机技术,45,全日制,300
北京理工大学,是,是,是,不是,珠海校区,计算机技术,11,全日制,300
北京理工大学,是,是,是,不是,计算机学院,软件工程,33,全日制,300
北京理工大学,是,是,是,不是,自动化学院,控制工程,33,全日制,300
北京理工大学,是,是,是,不是,自动化学院,控制工程,2,全日制,300
北京理工大学,是,是,是,不是,珠海校区,控制工程,2,全日制,300
北京理工大学,是,是,是,不是,光电学院,仪器仪表工程,12,全日制,300
北京理工大学,是,是,是,不是,珠海校区,仪器仪表工程,11,全日制,300
北京理工大学,是,是,是,不是,医学技术学院,光电信息工程,101,全日制,300
北京理工大学,是,是,是,不是,光电学院,光电信息工程,25,全日制,300
北京理工大学,是,是,是,不是,光电学院,光电信息工程,2,全日制,300
北京理工大学,是,是,是,不是,珠海校区,光电信息工程,11,全日制,300
北京理工大学,是,是,是,不是,医学技术学院,生物医学工程,12,全日制,300
北京理工大学,是,是,是,不是,自动化学院,人工智能,6,全日制,300
北京理工大学,是,是,是,不是,珠海校区,人工智能,6,全日制,300
北京理工大学,是,是,是,不是,人工智能学院,人工智能,6,全日制,300
北京理工大学,是,是,是,不是,计算机学院,大数据技术与工程,10,全日制,300
北京理工大学,是,是,是,不是,网络空间安全学院,网络与信息安全,24,全日制,300
北京理工大学,是,是,是,不是,机械与车辆学院,机械工程,35,全日制,300
北京理工大学,是,是,是,不是,珠海校区,机械工程,6,全日制,300
北京理工大学,是,是,是,不是,机械与车辆学院,车辆工程,68,全日制,300
北京理工大学,是,是,是,不是,先进结构技术研究院,车辆工程,9,全日制,300
北京理工大学,是,是,是,不是,珠海校区,车辆工程,6,全日制,300
北京理工大学,是,是,是,不是,珠海校区,航天工程,9,全日制,300
北京理工大学,是,是,是,不是,空天科学与技术学院,航天工程,57,全日制,300
北京理工大学,是,是,是,不是,珠海校区,船舶工程,8,全日制,300
北京理工大学,是,是,是,不是,机电学院,兵器工程,38,全日制,300
北京理工大学,是,是,是,不是,机电学院,兵器工程,6,全日制,300
北京理工大学,是,是,是,不是,机械与车辆学院,智能制造技术,7,全日制,300
北京理工大学,是,是,是,不是,机电学院,机器人工程,3,全日制,300
北京理工大学,是,是,是,不是,珠海校区,机器人工程,6,全日制,300
北京理工大学,是,是,是,不是,材料学院,材料工程,56,全日制,300
北京理工大学,是,是,是,不是,先进结构技术研究院,材料工程,3,全日制,300
北京理工大学,是,是,是,不是,珠海校区,材料工程,16,全日制,300
北京理工大学,是,是,是,不是,前沿交叉科学院,材料工程,1,全日制,300
北京理工大学,是,是,是,不是,化学与化工学院,化学工程,22,全日制,300
北京理工大学,是,是,是,不是,机电学院,安全工程,10,全日制,300
北京理工大学,是,是,是,不是,机械与车辆学院,动力工程,8,全日制,300
北京理工大学,是,是,是,不是,珠海校区,动力工程,8,全日制,300
北京理工大学,是,是,是,不是,生命学院,生物技术与工程,15,全日制,300
北京理工大学,是,是,是,不是,珠海校区,生物技术与工程,13,全日制,300
北京理工大学,是,是,是,不是,化学与化工学院,制药工程,3,全日制,300
北京理工大学,是,是,是,不是,管理学院,管理科学与工程,13,全日制,350
北京理工大学,是,是,是,不是,珠海校区,工商管理学,6,全日制,350
北京理工大学,是,是,是,不是,管理学院,工商管理学,13,全日制,350
北京理工大学,是,是,是,不是,国际组织创新学院,公共管理学,10,全日制,350
北京理工大学,是,是,是,不是,珠海校区,工商管理,70,非全日制,151
北京理工大学,是,是,是,不是,管理学院,工商管理,120,全日制,151
北京理工大学,是,是,是,不是,管理学院,工商管理,370,非全日制,151
北京理工大学,是,是,是,不是,国际组织创新学院,公共管理,20,非全日制,164
北京理工大学,是,是,是,不是,管理学院,会计,30,非全日制,194
北京理工大学,是,是,是,不是,管理学院,工程管理,130,非全日制,162
北京理工大学,是,是,是,不是,设计与艺术学院,设计,24,全日制,370
北京理工大学,是,是,是,不是,珠海校区,设计,6,全日制,370
北京理工大学,是,是,是,不是,集成电路与电子学院,集成电路科学与工程,6,全日制,300
北京理工大学,是,是,是,不是,设计与艺术学院,设计学,16,全日制,360
北京理工大学,是,是,是,不是,机械与车辆学院,工业与系统工程,2,全日制,300
北京理工大学,是,是,是,不是,机械与车辆学院,光机电微纳制造,1,全日制,300
北京理工大学,是,是,是,不是,计算机学院,智能数字表演,5,全日制,300
北京理工大学,是,是,是,不是,机械与车辆学院,机电储能科学与工程,1,全日制,295
北京理工大学,是,是,是,不是,设计与艺术学院,智能数字表演,2,全日制,360
北京理工大学,是,是,是,不是,马克思主义学院,党务管理,15,非全日制,323
北京理工大学,是,是,是,不是,经济学院,国民经济动员学,2,全日制,340
北京理工大学,是,是,是,不是,数学与统计学院,数据科学,17,全日制,305
北京协和医学院,不是,不是,是,不是,不区分院系,动物学,2,全日制,274
北京协和医学院,不是,不是,是,不是,不区分院系,生理学,3,全日制,274
北京协和医学院,不是,不是,是,不是,不区分院系,微生物学,3,全日制,274
北京协和医学院,不是,不是,是,不是,不区分院系,神经生物学,4,全日制,274
北京协和医学院,不是,不是,是,不是,不区分院系,遗传学,7,全日制,274
北京协和医学院,不是,不是,是,不是,不区分院系,动物学,2,全日制,274
北京协和医学院,不是,不是,是,不是,不区分院系,生理学,3,全日制,274
北京协和医学院,不是,不是,是,不是,不区分院系,微生物学,3,全日制,274
北京协和医学院,不是,不是,是,不是,不区分院系,神经生物学,4,全日制,274
北京协和医学院,不是,不是,是,不是,不区分院系,遗传学,7,全日制,274
北京协和医学院,不是,不是,是,不是,不区分院系,细胞生物学,10,全日制,274
北京协和医学院,不是,不是,是,不是,不区分院系,生物化学与分子生物学,25,全日制,274
北京协和医学院,不是,不是,是,不是,不区分院系,生物物理学,2,全日制,274
北京协和医学院,不是,不是,是,不是,不区分院系,放射医学,1,全日制,274
北京协和医学院,不是,不是,是,不是,不区分院系,生物医学工程,14,全日制,260
北京协和医学院,不是,不是,是,不是,不区分院系,电子信息,12,全日制,260
北京协和医学院,不是,不是,是,不是,不区分院系,人体解剖与组织胚胎学,2,全日制,293
北京协和医学院,不是,不是,是,不是,不区分院系,免疫学,21,全日制,293
北京协和医学院,不是,不是,是,不是,不区分院系,病原生物学,8,全日制,293
北京协和医学院,不是,不是,是,不是,不区分院系,病理学与病理生理学,7,全日制,293
北京协和医学院,不是,不是,是,不是,不区分院系,放射医学,3,全日制,293
北京协和医学院,不是,不是,是,不是,不区分院系,内科学,21,全日制,293
北京协和医学院,不是,不是,是,不是,不区分院系,儿科学,1,全日制,293
北京协和医学院,不是,不是,是,不是,不区分院系,神经病学,0,全日制,293
北京协和医学院,不是,不是,是,不是,不区分院系,皮肤病与性病学,5,全日制,293
北京协和医学院,不是,不是,是,不是,不区分院系,影像医学与核医学,1,全日制,293
北京协和医学院,不是,不是,是,不是,不区分院系,临床检验诊断学,2,全日制,293
北京协和医学院,不是,不是,是,不是,不区分院系,外科学,10,全日制,293
北京协和医学院,不是,不是,是,不是,不区分院系,妇产科学,2,全日制,293
北京协和医学院,不是,不是,是,不是,不区分院系,眼科学,1,全日制,293
北京协和医学院,不是,不是,是,不是,不区分院系,肿瘤学,11,全日制,293
北京协和医学院,不是,不是,是,不是,不区分院系,康复医学与理疗学,1,全日制,293
北京协和医学院,不是,不是,是,不是,不区分院系,麻醉学,1,全日制,293
北京协和医学院,不是,不是,是,不是,不区分院系,流行病与卫生统计学,11,全日制,293
北京协和医学院,不是,不是,是,不是,不区分院系,劳动卫生与环境卫生学,1,全日制,293
北京协和医学院,不是,不是,是,不是,不区分院系,营养与食品卫生学,1,全日制,293
北京协和医学院,不是,不是,是,不是,不区分院系,药物化学,9,全日制,293
北京协和医学院,不是,不是,是,不是,不区分院系,药剂学,1,全日制,293
北京协和医学院,不是,不是,是,不是,不区分院系,生药学,0,全日制,293
北京协和医学院,不是,不是,是,不是,不区分院系,药物分析学,3,全日制,293
北京协和医学院,不是,不是,是,不是,不区分院系,微生物与生化药学,13,全日制,293
北京协和医学院,不是,不是,是,不是,不区分院系,药理学,17,全日制,293
北京协和医学院,不是,不是,是,不是,不区分院系,中药学,19,全日制,293
北京协和医学院,不是,不是,是,不是,不区分院系,护理学,2,全日制,293
北京协和医学院,不是,不是,是,不是,不区分院系,内科学,44,全日制,293
北京协和医学院,不是,不是,是,不是,不区分院系,儿科学,2,全日制,293
北京协和医学院,不是,不是,是,不是,不区分院系,老年医学,1,全日制,293
北京协和医学院,不是,不是,是,不是,不区分院系,神经病学,2,全日制,293
北京协和医学院,不是,不是,是,不是,不区分院系,皮肤病与性病学,9,全日制,293
北京协和医学院,不是,不是,是,不是,不区分院系,急诊医学,2,全日制,293
北京协和医学院,不是,不是,是,不是,不区分院系,重症医学,1,全日制,293
北京协和医学院,不是,不是,是,不是,不区分院系,全科医学,1,全日制,293
北京协和医学院,不是,不是,是,不是,不区分院系,外科学,23,全日制,293
北京协和医学院,不是,不是,是,不是,不区分院系,儿外科学,2,全日制,293
北京协和医学院,不是,不是,是,不是,不区分院系,骨科学,1,全日制,293
北京协和医学院,不是,不是,是,不是,不区分院系,妇产科学,3,全日制,293
北京协和医学院,不是,不是,是,不是,不区分院系,眼科学,1,全日制,293
北京协和医学院,不是,不是,是,不是,不区分院系,耳鼻咽喉科学,3,全日制,293
北京协和医学院,不是,不是,是,不是,不区分院系,麻醉学,7,全日制,293
北京协和医学院,不是,不是,是,不是,不区分院系,临床病理,5,全日制,293
北京协和医学院,不是,不是,是,不是,不区分院系,临床检验诊断学,3,全日制,293
北京协和医学院,不是,不是,是,不是,不区分院系,肿瘤学,10,全日制,293
北京协和医学院,不是,不是,是,不是,不区分院系,放射肿瘤学,3,全日制,293
北京协和医学院,不是,不是,是,不是,不区分院系,放射影像学,5,全日制,293
北京协和医学院,不是,不是,是,不是,不区分院系,超声医学,2,全日制,293
北京协和医学院,不是,不是,是,不是,不区分院系,核医学,2,全日制,293
北京协和医学院,不是,不是,是,不是,不区分院系,口腔医学,5,全日制,293
北京协和医学院,不是,不是,是,不是,不区分院系,公共卫生,55,全日制,293
北京协和医学院,不是,不是,是,不是,不区分院系,护理,10,全日制,293
北京协和医学院,不是,不是,是,不是,不区分院系,药学,186,全日制,293
北京协和医学院,不是,不是,是,不是,不区分院系,医学技术,14,全日制,293
北京协和医学院,不是,不是,是,不是,不区分院系,生物医学工程,4,全日制,293
北京协和医学院,不是,不是,是,不是,不区分院系,社会医学与卫生事业管理,1,全日制,333
北京协和医学院,不是,不是,是,不是,不区分院系,情报学,2,全日制,333
北京协和医学院,不是,不是,是,不是,不区分院系,比较医学,4,全日制,293
北京协和医学院,不是,不是,是,不是,不区分院系,围术期医学,1,全日制,293
北京协和医学院,不是,不是,是,不是,不区分院系,变态反应学,0,全日制,293
北京协和医学院,不是,不是,是,不是,不区分院系,重症医学,0,全日制,293
北京协和医学院,不是,不是,是,不是,不区分院系,干细胞与再生医学,15,全日制,293
北京协和医学院,不是,不是,是,不是,不区分院系,输血医学,5,全日制,293
北京协和医学院,不是,不是,是,不是,不区分院系,医学信息学,3,全日制,293
北京协和医学院,不是,不是,是,不是,不区分院系,人文医学,1,全日制,293
北京协和医学院,不是,不是,是,不是,不区分院系,卫生政策与管理学,3,全日制,293
北京协和医学院,不是,不是,是,不是,不区分院系,群医学,1,全日制,293
北京协和医学院,不是,不是,是,不是,不区分院系,生物制品学,2,全日制,293
中国人民大学,是,是,是,不是,哲学院,哲学,9,全日制,330
中国人民大学,是,是,是,不是,哲学院,哲学,3,全日制,330
中国人民大学,是,是,是,不是,马克思主义学院,马克思主义哲学,3,全日制,330
中国人民大学,是,是,是,不是,哲学院,应用伦理,3,全日制,345
中国人民大学,是,是,是,不是,哲学院,应用伦理,3,非全日制,345
中国人民大学,是,是,是,不是,哲学院,哲学,9,全日制,330
中国人民大学,是,是,是,不是,哲学院,哲学,3,全日制,330
中国人民大学,是,是,是,不是,马克思主义学院,马克思主义哲学,3,全日制,330
中国人民大学,是,是,是,不是,哲学院,应用伦理,3,全日制,345
中国人民大学,是,是,是,不是,哲学院,应用伦理,3,非全日制,345
中国人民大学,是,是,是,不是,经济学院,理论经济学,12,全日制,330
中国人民大学,是,是,是,不是,国际关系学院,理论经济学,3,全日制,330
中国人民大学,是,是,是,不是,马克思主义学院,政治经济学,3,全日制,330
中国人民大学,是,是,是,不是,人口与健康学院,人口、资源与环境经济学,2,全日制,330
中国人民大学,是,是,是,不是,生态环境学院,人口、资源与环境经济学,3,全日制,330
中国人民大学,是,是,是,不是,经济学院,应用经济学,3,全日制,330
中国人民大学,是,是,是,不是,商学院,应用经济学,9,全日制,330
中国人民大学,是,是,是,不是,公共管理学院,应用经济学,3,全日制,330
中国人民大学,是,是,是,不是,应用经济学院,应用经济学,10,全日制,330
中国人民大学,是,是,是,不是,劳动人事学院,劳动经济学,3,全日制,330
中国人民大学,是,是,是,不是,和平与发展学院,国防经济,2,全日制,330
中国人民大学,是,是,是,不是,和平与发展学院,国防经济,2,全日制,330
中国人民大学,是,是,是,不是,财政金融学院,金融,2,全日制,360
中国人民大学,是,是,是,不是,智慧治理学院,金融,4,全日制,355
中国人民大学,是,是,是,不是,统计学院,应用统计,2,全日制,355
中国人民大学,是,是,是,不是,统计与大数据研究院,应用统计,2,全日制,355
中国人民大学,是,是,是,不是,财政金融学院,税务,2,全日制,365
中国人民大学,是,是,是,不是,经济学院,国际商务,4,全日制,330
中国人民大学,是,是,是,不是,商学院,国际商务,2,全日制,330
中国人民大学,是,是,是,不是,财政金融学院,保险,2,全日制,345
中国人民大学,是,是,是,不是,商学院,资产评估,2,全日制,365
中国人民大学,是,是,是,不是,经济学院,数字经济,2,全日制,330
中国人民大学,是,是,是,不是,智慧治理学院,数字经济,4,全日制,325
中国人民大学,是,是,是,不是,法学院,法学,20,全日制,340
中国人民大学,是,是,是,不是,法学院,法学,2,全日制,340
中国人民大学,是,是,是,不是,国际关系学院,政治学,16,全日制,340
中国人民大学,是,是,是,不是,国际关系学院,政治学,2,全日制,340
中国人民大学,是,是,是,不是,马克思主义学院,科学社会主义与国际共产主义运动,2,全日制,340
中国人民大学,是,是,是,不是,人口与健康学院,社会学,4,全日制,340
中国人民大学,是,是,是,不是,社会学院,社会学,6,全日制,340
中国人民大学,是,是,是,不是,马克思主义学院,马克思主义理论,12,全日制,340
中国人民大学,是,是,是,不是,马克思主义学院,马克思主义理论,2,全日制,340
中国人民大学,是,是,是,不是,中共党史党建学院,中共党史党建学,11,全日制,340
中国人民大学,是,是,是,不是,纪检监察学院,纪检监察学,8,全日制,340
中国人民大学,是,是,是,不是,法学院,法律（非法学）,3,全日制,345
中国人民大学,是,是,是,不是,法学院,法律（非法学）,3,全日制,345
中国人民大学,是,是,是,不是,法学院,法律（法学）,2,全日制,340
中国人民大学,是,是,是,不是,法学院,法律（法学）,2,全日制,340
中国人民大学,是,是,是,不是,社会学院,社会工作,2,全日制,375
中国人民大学,是,是,是,不是,国际关系学院,国际事务,2,非全日制,340
中国人民大学,是,是,是,不是,教育学院,教育学,4,全日制,341
中国人民大学,是,是,是,不是,心理学系,心理学,3,全日制,341
中国人民大学,是,是,是,不是,国际文化交流学院,国际中文教育,3,全日制,341
中国人民大学,是,是,是,不是,心理学系,应用心理,2,非全日制,310
中国人民大学,是,是,是,不是,文学院,文艺学,3,全日制,351
中国人民大学,是,是,是,不是,文学院,语言学及应用语言学,3,全日制,351
中国人民大学,是,是,是,不是,文学院,汉语言文字学,3,全日制,351
中国人民大学,是,是,是,不是,文学院,中国古典文献学,3,全日制,351
中国人民大学,是,是,是,不是,文学院,中国古代文学,6,全日制,351
中国人民大学,是,是,是,不是,文学院,中国现当代文学,3,全日制,351
中国人民大学,是,是,是,不是,文学院,比较文学与世界文学,3,全日制,351
中国人民大学,是,是,是,不是,外国语学院,英语语言文学,3,全日制,351
中国人民大学,是,是,是,不是,外国语学院,俄语语言文学,3,全日制,351
中国人民大学,是,是,是,不是,外国语学院,法语语言文学,3,全日制,351
中国人民大学,是,是,是,不是,外国语学院,德语语言文学,3,全日制,351
中国人民大学,是,是,是,不是,外国语学院,日语语言文学,3,全日制,351
中国人民大学,是,是,是,不是,外国语学院,外国语言学及应用语言学,3,全日制,351
中国人民大学,是,是,是,不是,新闻学院,新闻传播学,3,全日制,351
中国人民大学,是,是,是,不是,新闻学院,新闻传播学,3,全日制,351
中国人民大学,是,是,是,不是,外国语学院,英语笔译,2,全日制,365
中国人民大学,是,是,是,不是,外国语学院,英语口译,2,全日制,365
中国人民大学,是,是,是,不是,新闻学院,新闻与传播,2,非全日制,351
中国人民大学,是,是,是,不是,历史学院,考古学,3,全日制,336
中国人民大学,是,是,是,不是,历史学院,中国史,3,全日制,336
中国人民大学,是,是,是,不是,历史学院,世界史,3,全日制,336
中国人民大学,是,是,是,不是,历史学院,博物馆,3,全日制,350
中国人民大学,是,是,是,不是,数学学院,数学,3,全日制,310
中国人民大学,是,是,是,不是,物理学院,物理学,9,全日制,310
中国人民大学,是,是,是,不是,化学与生命资源学院,化学,15,全日制,310
中国人民大学,是,是,是,不是,生态环境学院,生态学,3,全日制,310
中国人民大学,是,是,是,不是,统计学院,统计学,3,全日制,310
中国人民大学,是,是,是,不是,信息学院,计算机科学与技术,15,全日制,320
中国人民大学,是,是,是,不是,化学与生命资源学院,环境科学与工程,6,全日制,320
中国人民大学,是,是,是,不是,信息学院,电子信息,9,全日制,265
中国人民大学,是,是,是,不是,信息学院,电子信息,9,非全日制,265
中国人民大学,是,是,是,不是,高瓴人工智能学院,电子信息,3,全日制,320
中国人民大学,是,是,是,不是,智慧治理学院,电子信息,3,全日制,360
中国人民大学,是,是,是,不是,化学与生命资源学院,资源与环境,3,非全日制,264
中国人民大学,是,是,是,不是,信息学院,管理科学与工程,3,全日制,320
中国人民大学,是,是,是,不是,农业与农村发展学院,农业管理,2,全日制,350
中国人民大学,是,是,是,不是,统计学院,流行病与卫生统计学,3,全日制,310
中国人民大学,是,是,是,不是,商学院,管理科学与工程,3,全日制,345
中国人民大学,是,是,是,不是,商学院,工商管理学,15,全日制,345
中国人民大学,是,是,是,不是,农业与农村发展学院,技术经济及管理,3,全日制,345
中国人民大学,是,是,是,不是,农业与农村发展学院,农林经济管理,3,全日制,345
中国人民大学,是,是,是,不是,教育学院,公共管理学,4,全日制,345
中国人民大学,是,是,是,不是,公共管理学院,公共管理学,27,全日制,345
中国人民大学,是,是,是,不是,人口与健康学院,社会医学与卫生事业管理,2,全日制,345
中国人民大学,是,是,是,不是,劳动人事学院,社会保障,3,全日制,345
中国人民大学,是,是,是,不是,劳动人事学院,社会保障,3,全日制,345
中国人民大学,是,是,是,不是,信息资源管理学院,信息资源管理,21,全日制,345
中国人民大学,是,是,是,不是,法学院,工商管理,2,非全日制,345
中国人民大学,是,是,是,不是,新闻学院,工商管理,2,非全日制,345
中国人民大学,是,是,是,不是,农业与农村发展学院,工商管理,2,非全日制,345
中国人民大学,是,是,是,不是,应用经济学院,工商管理,2,非全日制,345
中国人民大学,是,是,是,不是,商学院（工商管理）,工商管理,2,全日制,345
中国人民大学,是,是,是,不是,商学院（工商管理）,工商管理,14,非全日制,345
中国人民大学,是,是,是,不是,财政金融学院（工商管理）,工商管理,4,非全日制,345
中国人民大学,是,是,是,不是,公共管理学院,公共管理,2,全日制,168
中国人民大学,是,是,是,不是,公共管理学院,公共管理,15,非全日制,168
中国人民大学,是,是,是,不是,商学院（会计）,会计,2,全日制,199
中国人民大学,是,是,是,不是,商学院（会计）,会计,2,非全日制,199
中国人民大学,是,是,是,不是,信息资源管理学院,图书情报,3,非全日制,191
中国人民大学,是,是,是,不是,艺术学院,艺术学,9,全日制,365
中国人民大学,是,是,是,不是,文学院,艺术学,6,全日制,365
中国人民大学,是,是,是,不是,艺术学院,美术与书法,3,全日制,351
中国人民大学,是,是,是,不是,艺术学院,设计,3,全日制,365
中国人民大学,是,是,是,不是,国际关系学院,国家安全学,2,全日制,310
中国人民大学,是,是,是,不是,高瓴人工智能学院,智能科学与技术,3,全日制,310
中国人民大学,是,是,是,不是,国际关系学院,区域国别学,3,全日制,310
中国人民大学,是,是,是,不是,历史学院,文物,3,全日制,330
中国人民大学,是,是,是,不是,劳动人事学院,劳动关系学,3,全日制,340
中国人民大学,是,是,是,不是,心理学系,社会心理学,3,全日制,340
中国人民大学,是,是,是,不是,体育部,体育文化与管理,2,全日制,341
中国人民大学,是,是,是,不是,文学院,古典学,3,全日制,351
中国人民大学,是,是,是,不是,文学院,创造性写作,3,全日制,351
中国人民大学,是,是,是,不是,中共党史党建学院,当代中国史,3,全日制,336
中国人民大学,是,是,是,不是,高瓴人工智能学院,人工智能,3,全日制,320
中国人民大学,是,是,是,不是,劳动人事学院,人力资源管理,3,全日制,345
中国人民大学,是,是,是,不是,劳动人事学院,人力资源管理,3,全日制,345
中国人民大学,是,是,是,不是,生态环境学院,可持续发展管理,3,全日制,345
中国人民大学,是,是,是,不是,应用经济学院,碳经济,2,全日制,345
中国人民大学,是,是,是,不是,劳动人事学院,人力资源开发与管理,2,全日制,350
中国人民大学,是,是,是,不是,社会学院,社会政策,2,全日制,330
中国人民大学,是,是,是,不是,社会学院,社会政策,2,全日制,330
中国人民大学,是,是,是,不是,社会学院,社会政策,2,非全日制,330
中国人民大学,是,是,是,不是,信息资源管理学院,档案管理,3,非全日制,345
中国人民大学,是,是,是,不是,数学学院,金融数学与金融计算,2,全日制,330
中国人民大学,是,是,是,不是,数学学院,金融数学与金融计算,2,非全日制,330
中国人民大学,是,是,是,不是,农业与农村发展学院,农业农村管理,2,非全日制,335
中国人民大学,是,是,是,不是,国学院,中国古典学,6,全日制,336
中国人民大学,是,是,是,不是,公共管理学院,低空智能与智慧治理,2,全日制,310
中国人民大学,是,是,是,不是,应用经济学院,低空智能与智慧治理,2,全日制,310
中国人民大学,是,是,是,不是,智慧治理学院,低空智能与智慧治理,2,全日制,310
中国人民大学,是,是,是,不是,和平与发展学院,低空智能与智慧治理,2,全日制,310
中国人民大学,是,是,是,不是,国学院,中国古典学,9,全日制,351
中国人民大学,是,是,是,不是,中共党史党建学院,党务管理,10,非全日制,340
中国人民大学,是,是,是,不是,智慧治理学院,智慧治理,2,全日制,330
中国人民大学,是,是,是,不是,智慧治理学院,智慧治理,2,全日制,345
中国人民大学,是,是,是,不是,国学院,中国古典学,3,全日制,330
北京师范大学,是,是,是,不是,哲学学院,哲学,53,全日制,355
北京师范大学,是,是,是,不是,文理学院,哲学,6,全日制,355
北京师范大学,是,是,是,不是,经济与工商管理学院,理论经济学,27,全日制,323
北京师范大学,是,是,是,不是,环境学院,人口、资源与环境经济学,3,全日制,323
北京师范大学,是,是,是,不是,经济与工商管理学院,应用经济学,21,全日制,323
北京师范大学,是,是,是,不是,哲学学院,哲学,53,全日制,355
北京师范大学,是,是,是,不是,文理学院,哲学,6,全日制,355
北京师范大学,是,是,是,不是,经济与工商管理学院,理论经济学,27,全日制,323
北京师范大学,是,是,是,不是,环境学院,人口、资源与环境经济学,3,全日制,323
北京师范大学,是,是,是,不是,经济与工商管理学院,应用经济学,21,全日制,323
北京师范大学,是,是,是,不是,湾区国际商学院,金融,60,全日制,366
北京师范大学,是,是,是,不是,统计学院,应用统计,227,全日制,345
北京师范大学,是,是,是,不是,经济与工商管理学院,国际商务,40,全日制,358
北京师范大学,是,是,是,不是,湾区国际商学院,国际商务,50,全日制,358
北京师范大学,是,是,是,不是,法学院,法学理论,3,全日制,340
北京师范大学,是,是,是,不是,法学院,宪法学与行政法学,3,全日制,340
北京师范大学,是,是,是,不是,法学院,刑法学,23,全日制,366
北京师范大学,是,是,是,不是,法学院,民商法学,4,全日制,338
北京师范大学,是,是,是,不是,法学院,诉讼法学,11,全日制,332
北京师范大学,是,是,是,不是,法学院,经济法学,3,全日制,340
北京师范大学,是,是,是,不是,法学院,国际法学,3,全日制,340
北京师范大学,是,是,是,不是,社会学院,社会学,24,全日制,342
北京师范大学,是,是,是,不是,马克思主义学院,马克思主义理论,51,全日制,353
北京师范大学,是,是,是,不是,马克思主义学院,马克思主义理论,2,全日制,353
北京师范大学,是,是,是,不是,法学院,法律（非法学）,137,全日制,323
北京师范大学,是,是,是,不是,法学院,法律（法学）,40,全日制,323
北京师范大学,是,是,是,不是,社会学院,社会工作,124,全日制,335
北京师范大学,是,是,是,不是,中国基础教育质量监测协同创新中心,教育学,11,全日制,341
北京师范大学,是,是,是,不是,教育学部,教育学原理,14,全日制,362
北京师范大学,是,是,是,不是,教育学部,教育学原理,2,全日制,362
北京师范大学,是,是,是,不是,未来教育学院,教育学原理,6,全日制,341
北京师范大学,是,是,是,不是,教育学部,课程与教学论,25,全日制,341
北京师范大学,是,是,是,不是,地理科学学部,课程与教学论,2,全日制,341
北京师范大学,是,是,是,不是,心理学部,课程与教学论,1,全日制,341
北京师范大学,是,是,是,不是,哲学学院,课程与教学论,2,全日制,341
北京师范大学,是,是,是,不是,文学院,课程与教学论,8,全日制,341
北京师范大学,是,是,是,不是,历史学院,课程与教学论,3,全日制,341
北京师范大学,是,是,是,不是,数学科学学院,课程与教学论,9,全日制,341
北京师范大学,是,是,是,不是,化学学院,课程与教学论,3,全日制,345
北京师范大学,是,是,是,不是,生命科学学院,课程与教学论,5,全日制,355
北京师范大学,是,是,是,不是,未来教育学院,课程与教学论,5,全日制,341
北京师范大学,是,是,是,不是,物理与天文学院,课程与教学论,5,全日制,350
北京师范大学,是,是,是,不是,教育学部,教育史,14,全日制,341
北京师范大学,是,是,是,不是,教育学部,比较教育学,20,全日制,346
北京师范大学,是,是,是,不是,教育学部,学前教育学,11,全日制,341
北京师范大学,是,是,是,不是,教育学部,高等教育学,10,全日制,348
北京师范大学,是,是,是,不是,教育学部,高等教育学,2,全日制,348
北京师范大学,是,是,是,不是,教育学部,成人教育学,2,全日制,341
北京师范大学,是,是,是,不是,教育学部,职业技术教育学,7,全日制,341
北京师范大学,是,是,是,不是,教育学部,特殊教育学,11,全日制,347
北京师范大学,是,是,是,不是,心理学部,心理学,112,全日制,350
北京师范大学,是,是,是,不是,中国基础教育质量监测协同创新中心,心理学,10,全日制,341
北京师范大学,是,是,是,不是,体育与运动学院,体育人文社会学,12,全日制,310
北京师范大学,是,是,是,不是,体育与运动学院,运动人体科学,8,全日制,310
北京师范大学,是,是,是,不是,体育与运动学院,体育教育训练学,11,全日制,310
北京师范大学,是,是,是,不是,体育与运动学院,民族传统体育学,5,全日制,310
北京师范大学,是,是,是,不是,教育学部,教育管理,20,全日制,341
北京师范大学,是,是,是,不是,未来教育学院,教育管理,20,全日制,341
北京师范大学,是,是,是,不是,马克思主义学院,学科教学（思政）,30,全日制,361
北京师范大学,是,是,是,不是,教育学部,学科教学（语文）,28,全日制,352
北京师范大学,是,是,是,不是,文学院,学科教学（语文）,60,全日制,365
北京师范大学,是,是,是,不是,教育学部,学科教学（数学）,15,全日制,354
北京师范大学,是,是,是,不是,数学科学学院,学科教学（数学）,40,全日制,357
北京师范大学,是,是,是,不是,未来教育学院,学科教学（数学）,40,全日制,341
北京师范大学,是,是,是,不是,教育学部,学科教学（物理）,8,全日制,367
北京师范大学,是,是,是,不是,教育学部,学科教学（化学）,8,全日制,347
北京师范大学,是,是,是,不是,教育学部,学科教学（生物）,8,全日制,361
北京师范大学,是,是,是,不是,教育学部,学科教学（英语）,15,全日制,363
北京师范大学,是,是,是,不是,外国语言文学学院,学科教学（英语）,70,全日制,354
北京师范大学,是,是,是,不是,教育学部,学科教学（历史）,8,全日制,353
北京师范大学,是,是,是,不是,教育学部,学科教学（地理）,8,全日制,359
北京师范大学,是,是,是,不是,教育学部,现代教育技术,15,全日制,341
北京师范大学,是,是,是,不是,教育学部,小学教育,18,全日制,353
北京师范大学,是,是,是,不是,教育学部,心理健康教育,18,全日制,356
北京师范大学,是,是,是,不是,未来教育学院,科学与技术教育,60,全日制,347
北京师范大学,是,是,是,不是,教育学部,学前教育,20,全日制,345
北京师范大学,是,是,是,不是,教育学部,特殊教育,10,全日制,343
北京师范大学,是,是,是,不是,体育与运动学院,体育教学,147,全日制,320
北京师范大学,是,是,是,不是,国际中文教育学院,国际中文教育,111,全日制,345
北京师范大学,是,是,是,不是,心理学部,应用心理,360,非全日制,341
北京师范大学,是,是,是,不是,教育学部,教育经济与管理,32,全日制,341
北京师范大学,是,是,是,不是,教育学部,教育经济与管理,2,全日制,341
北京师范大学,是,是,是,不是,文学院,文艺学,9,全日制,360
北京师范大学,是,是,是,不是,文学院,语言学及应用语言学,8,全日制,364
北京师范大学,是,是,是,不是,国际中文教育学院,语言学及应用语言学,20,全日制,351
北京师范大学,是,是,是,不是,文理学院,语言学及应用语言学,3,全日制,351
北京师范大学,是,是,是,不是,文学院,汉语言文字学,24,全日制,351
北京师范大学,是,是,是,不是,国际中文教育学院,汉语言文字学,3,全日制,351
北京师范大学,是,是,是,不是,文理学院,汉语言文字学,3,全日制,351
北京师范大学,是,是,是,不是,文学院,中国古典文献学,7,全日制,351
北京师范大学,是,是,是,不是,文理学院,中国古典文献学,3,全日制,351
北京师范大学,是,是,是,不是,文学院,中国古代文学,16,全日制,351
北京师范大学,是,是,是,不是,文理学院,中国古代文学,2,全日制,351
北京师范大学,是,是,是,不是,文学院,中国现当代文学,22,全日制,352
北京师范大学,是,是,是,不是,文学院,中国现当代文学,15,非全日制,352
北京师范大学,是,是,是,不是,文学院,比较文学与世界文学,10,全日制,361
北京师范大学,是,是,是,不是,文理学院,比较文学与世界文学,3,全日制,351
北京师范大学,是,是,是,不是,外国语言文学学院,外国语言文学,38,全日制,351
北京师范大学,是,是,是,不是,新闻传播学院,传播学,21,全日制,356
北京师范大学,是,是,是,不是,文理学院,传播学,8,全日制,351
北京师范大学,是,是,是,不是,外国语言文学学院,英语笔译,45,全日制,355
北京师范大学,是,是,是,不是,新闻传播学院,新闻与传播,85,全日制,355
北京师范大学,是,是,是,不是,历史学院,考古学,10,全日制,336
北京师范大学,是,是,是,不是,历史学院,中国史,33,全日制,336
北京师范大学,是,是,是,不是,文理学院,中国史,5,全日制,336
北京师范大学,是,是,是,不是,历史学院,世界史,19,全日制,336
北京师范大学,是,是,是,不是,文理学院,世界史,3,全日制,336
北京师范大学,是,是,是,不是,数学科学学院,数学,87,全日制,280
北京师范大学,是,是,是,不是,文理学院,基础数学,11,全日制,329
北京师范大学,是,是,是,不是,文理学院,计算数学,13,全日制,303
北京师范大学,是,是,是,不是,文理学院,概率论与数理统计,2,全日制,300
北京师范大学,是,是,是,不是,文理学院,应用数学,4,全日制,303
北京师范大学,是,是,是,不是,文理学院,理论物理,5,全日制,280
北京师范大学,是,是,是,不是,物理与天文学院,理论物理,21,全日制,280
北京师范大学,是,是,是,不是,物理与天文学院,粒子物理与原子核物理,12,全日制,280
北京师范大学,是,是,是,不是,文理学院,凝聚态物理,5,全日制,280
北京师范大学,是,是,是,不是,物理与天文学院,凝聚态物理,32,全日制,280
北京师范大学,是,是,是,不是,文理学院,光学,5,全日制,280
北京师范大学,是,是,是,不是,物理与天文学院,光学,13,全日制,280
北京师范大学,是,是,是,不是,化学学院,化学,64,全日制,345
北京师范大学,是,是,是,不是,文理学院,化学,21,全日制,323
北京师范大学,是,是,是,不是,文理学院,天文学,3,全日制,280
北京师范大学,是,是,是,不是,物理与天文学院,天文学,26,全日制,280
北京师范大学,是,是,是,不是,地理科学学部,自然地理学,36,全日制,305
北京师范大学,是,是,是,不是,文理学院,自然地理学,13,全日制,295
北京师范大学,是,是,是,不是,地理科学学部,人文地理学,13,全日制,305
北京师范大学,是,是,是,不是,文理学院,人文地理学,4,全日制,295
北京师范大学,是,是,是,不是,地理科学学部,地图学与地理信息系统,16,全日制,300
北京师范大学,是,是,是,不是,文理学院,地图学与地理信息系统,3,全日制,295
北京师范大学,是,是,是,不是,生命科学学院,生物学,49,全日制,340
北京师范大学,是,是,是,不是,文理学院,生物学,17,全日制,280
北京师范大学,是,是,是,不是,系统科学学院,系统科学,19,全日制,280
北京师范大学,是,是,是,不是,文理学院,系统理论,3,全日制,280
北京师范大学,是,是,是,不是,文理学院,系统分析与集成,5,全日制,280
北京师范大学,是,是,是,不是,生命科学学院,生态学,39,全日制,308
北京师范大学,是,是,是,不是,统计学院,统计学,25,全日制,334
北京师范大学,是,是,是,不是,文理学院,统计学,10,全日制,300
北京师范大学,是,是,是,不是,教育学部,教育技术学,26,全日制,280
北京师范大学,是,是,是,不是,未来教育学院,教育技术学,6,全日制,280
北京师范大学,是,是,是,不是,人工智能学院,计算机科学与技术,30,全日制,305
北京师范大学,是,是,是,不是,文理学院,计算机科学与技术,10,全日制,307
北京师范大学,是,是,是,不是,教育学部,计算机软件与理论,5,全日制,280
北京师范大学,是,是,是,不是,心理学部,计算机应用技术,10,全日制,315
北京师范大学,是,是,是,不是,环境学院,水利工程,6,全日制,280
北京师范大学,是,是,是,不是,水科学研究院,水利工程,35,全日制,300
北京师范大学,是,是,是,不是,未来技术学院,水利工程,8,全日制,280
北京师范大学,是,是,是,不是,文理学院,核科学与技术,2,全日制,280
北京师范大学,是,是,是,不是,物理与天文学院,核科学与技术,12,全日制,280
北京师范大学,是,是,是,不是,环境学院,环境科学与工程,46,全日制,290
北京师范大学,是,是,是,不是,水科学研究院,环境科学与工程,11,全日制,300
北京师范大学,是,是,是,不是,未来技术学院,环境科学与工程,35,全日制,280
北京师范大学,是,是,是,不是,人工智能学院,电子信息,50,全日制,267
北京师范大学,是,是,是,不是,文理学院,材料与化工,30,全日制,280
北京师范大学,是,是,是,不是,地理科学学部,资源与环境,15,全日制,280
北京师范大学,是,是,是,不是,环境学院,资源与环境,20,全日制,280
北京师范大学,是,是,是,不是,水科学研究院,资源与环境,15,全日制,280
北京师范大学,是,是,是,不是,经济与工商管理学院,工商管理学,16,全日制,335
北京师范大学,是,是,是,不是,政府管理学院,公共管理学,44,全日制,350
北京师范大学,是,是,是,不是,政府管理学院,信息资源管理,15,全日制,350
北京师范大学,是,是,是,不是,经济与工商管理学院,工商管理,329,非全日制,151
北京师范大学,是,是,是,不是,政府管理学院,公共管理,21,全日制,164
北京师范大学,是,是,是,不是,政府管理学院,公共管理,305,非全日制,164
北京师范大学,是,是,是,不是,湾区国际商学院,会计,60,全日制,229
北京师范大学,是,是,是,不是,系统科学学院,工程管理,20,非全日制,335
北京师范大学,是,是,是,不是,国家安全与应急管理学院,工程管理,20,非全日制,335
北京师范大学,是,是,是,不是,艺术与传媒学院,艺术学,34,全日制,351
北京师范大学,是,是,是,不是,艺术与传媒学院,音乐,39,全日制,356
北京师范大学,是,是,是,不是,艺术与传媒学院,舞蹈,14,全日制,360
北京师范大学,是,是,是,不是,艺术与传媒学院,舞蹈,20,非全日制,360
北京师范大学,是,是,是,不是,艺术与传媒学院,戏剧与影视,111,全日制,351
北京师范大学,是,是,是,不是,艺术与传媒学院,美术与书法,21,全日制,351
北京师范大学,是,是,是,不是,未来设计学院,设计,80,全日制,376
北京师范大学,是,是,是,不是,国家安全与应急管理学院,国家安全学,40,全日制,290
北京师范大学,是,是,是,不是,地理科学学部,遥感科学与技术,27,全日制,290
北京师范大学,是,是,是,不是,人工智能学院,智能科学与技术,20,全日制,311
北京师范大学,是,是,是,不是,文理学院,智能科学与技术,5,全日制,290
北京师范大学,是,是,是,不是,教育学部,教师教育,15,全日制,341
北京师范大学,是,是,是,不是,教育学部,教师教育,2,全日制,341
北京师范大学,是,是,是,不是,文学院,中国民间文学,12,全日制,351
北京师范大学,是,是,是,不是,文学院,儿童文学,4,全日制,351
北京师范大学,是,是,是,不是,地理科学学部,自然资源,23,全日制,300
北京师范大学,是,是,是,不是,地理科学学部,自然灾害学,12,全日制,280
北京师范大学,是,是,是,不是,教育学部,互联网教育,9,全日制,341
北京师范大学,是,是,是,不是,地理科学学部,全球环境变化,20,全日制,285
北京师范大学,是,是,是,不是,文学院,中文创意写作,15,全日制,351
中国农业大学,是,是,是,不是,经济管理学院,应用经济学,15,全日制,330
中国农业大学,是,是,是,不是,人文与发展学院,区域经济学,2,全日制,330
中国农业大学,是,是,是,不是,经济管理学院,金融,36,全日制,345
中国农业大学,是,是,是,不是,经济管理学院,数字经济,20,全日制,330
中国农业大学,是,是,是,不是,人文与发展学院,法学,9,全日制,330
中国农业大学,是,是,是,不是,经济管理学院,应用经济学,15,全日制,330
中国农业大学,是,是,是,不是,人文与发展学院,区域经济学,2,全日制,330
中国农业大学,是,是,是,不是,经济管理学院,金融,36,全日制,345
中国农业大学,是,是,是,不是,经济管理学院,数字经济,20,全日制,330
中国农业大学,是,是,是,不是,人文与发展学院,法学,9,全日制,330
中国农业大学,是,是,是,不是,人文与发展学院,社会学,29,全日制,330
中国农业大学,是,是,是,不是,马克思主义学院,马克思主义理论,28,全日制,330
中国农业大学,是,是,是,不是,人文与发展学院,法律（法学）,15,全日制,325
中国农业大学,是,是,是,不是,人文与发展学院,社会工作,18,全日制,375
中国农业大学,是,是,是,不是,人文与发展学院,新闻传播学,7,全日制,375
中国农业大学,是,是,是,不是,理学院,数学,11,全日制,305
中国农业大学,是,是,是,不是,理学院,物理学,13,全日制,305
中国农业大学,是,是,是,不是,理学院,化学,19,全日制,305
中国农业大学,是,是,是,不是,资源与环境学院,大气科学,10,全日制,305
中国农业大学,是,是,是,不是,生物学院,生物学,114,全日制,305
中国农业大学,是,是,是,不是,资源与环境学院,生态学,28,全日制,305
中国农业大学,是,是,是,不是,资源与环境学院,气象,39,全日制,300
中国农业大学,是,是,是,不是,理学院,力学,10,全日制,290
中国农业大学,是,是,是,不是,工学院,机械工程,55,全日制,300
中国农业大学,是,是,是,不是,信息与电气工程学院,电气工程,15,全日制,300
中国农业大学,是,是,是,不是,信息与电气工程学院,计算机科学与技术,63,全日制,300
中国农业大学,是,是,是,不是,水利与土木工程学院,土木工程,5,全日制,300
中国农业大学,是,是,是,不是,水利与土木工程学院,水利工程,58,全日制,290
中国农业大学,是,是,是,不是,工学院,农业工程,51,全日制,290
中国农业大学,是,是,是,不是,水利与土木工程学院,农业水土工程,11,全日制,290
中国农业大学,是,是,是,不是,水利与土木工程学院,农业生物环境与能源工程,14,全日制,290
中国农业大学,是,是,是,不是,信息与电气工程学院,农业电气化与自动化,25,全日制,290
中国农业大学,是,是,是,不是,资源与环境学院,环境科学与工程,30,全日制,300
中国农业大学,是,是,是,不是,食品科学与营养工程学院,食品科学与工程,123,全日制,300
中国农业大学,是,是,是,不是,信息与电气工程学院,新一代电子信息技术（含量子技术等）,40,全日制,320
中国农业大学,是,是,是,不是,信息与电气工程学院,计算机技术,90,全日制,320
中国农业大学,是,是,是,不是,工学院,机械,160,全日制,350
中国农业大学,是,是,是,不是,土地科学与技术学院,资源与环境,77,全日制,300
中国农业大学,是,是,是,不是,资源与环境学院,环境工程,32,全日制,300
中国农业大学,是,是,是,不是,水利与土木工程学院,能源动力,9,全日制,320
中国农业大学,是,是,是,不是,信息与电气工程学院,电气工程,47,全日制,320
中国农业大学,是,是,是,不是,水利与土木工程学院,土木水利,125,全日制,305
中国农业大学,是,是,是,不是,生物学院,生物与医药,35,全日制,300
中国农业大学,是,是,是,不是,营养与健康系,生物与医药,40,全日制,300
中国农业大学,是,是,是,不是,食品科学与营养工程学院,食品工程,91,全日制,300
中国农业大学,是,是,是,不是,园艺学院,风景园林,33,全日制,330
中国农业大学,是,是,是,不是,农学院,作物学,115,全日制,310
中国农业大学,是,是,是,不是,园艺学院,园艺学,66,全日制,310
中国农业大学,是,是,是,不是,土地科学与技术学院,土壤学,26,全日制,310
中国农业大学,是,是,是,不是,资源与环境学院,植物营养学,43,全日制,310
中国农业大学,是,是,是,不是,植物保护学院,植物保护,94,全日制,310
中国农业大学,是,是,是,不是,理学院,农药学,35,全日制,310
中国农业大学,是,是,是,不是,动物科学技术学院,畜牧学,96,全日制,310
中国农业大学,是,是,是,不是,动物医学院,兽医学,96,全日制,310
中国农业大学,是,是,是,不是,烟台研究院,水产,7,全日制,310
中国农业大学,是,是,是,不是,草业科学与技术学院,草学,38,全日制,310
中国农业大学,是,是,是,不是,农学院,农艺与种业,170,全日制,280
中国农业大学,是,是,是,不是,园艺学院,农艺与种业,107,全日制,280
中国农业大学,是,是,是,不是,草业科学与技术学院,农艺与种业,77,全日制,280
中国农业大学,是,是,是,不是,植物保护学院,资源利用与植物保护,88,全日制,280
中国农业大学,是,是,是,不是,资源与环境学院,资源利用与植物保护,175,全日制,280
中国农业大学,是,是,是,不是,理学院,资源利用与植物保护,27,全日制,280
中国农业大学,是,是,是,不是,土地科学与技术学院,资源利用与植物保护,28,全日制,280
中国农业大学,是,是,是,不是,动物科学技术学院,畜牧,213,全日制,280
中国农业大学,是,是,是,不是,烟台研究院,渔业发展,11,全日制,280
中国农业大学,是,是,是,不是,信息与电气工程学院,农业工程与信息技术,16,全日制,280
中国农业大学,是,是,是,不是,人文与发展学院,农村发展,35,全日制,280
中国农业大学,是,是,是,不是,动物医学院,兽医,90,全日制,335
中国农业大学,是,是,是,不是,食品科学与营养工程学院,食品与营养,96,全日制,305
中国农业大学,是,是,是,不是,营养与健康系,食品与营养,34,全日制,305
中国农业大学,是,是,是,不是,经济管理学院,工商管理学,12,全日制,335
中国农业大学,是,是,是,不是,经济管理学院,农业经济管理,34,全日制,335
中国农业大学,是,是,是,不是,人文与发展学院,公共管理学,27,全日制,335
中国农业大学,是,是,是,不是,土地科学与技术学院,土地资源管理,24,全日制,335
中国农业大学,是,是,是,不是,图书馆,信息资源管理,11,全日制,335
中国农业大学,是,是,是,不是,经济管理学院,工商管理,230,非全日制,151
中国农业大学,是,是,是,不是,人文与发展学院,公共管理,203,非全日制,175
中国农业大学,是,是,是,不是,经济管理学院,会计,38,全日制,230
中国农业大学,是,是,是,不是,图书馆,图书情报,11,全日制,225
中国农业大学,是,是,是,不是,人文与发展学院,艺术学,10,全日制,360
中国农业大学,是,是,是,不是,土地科学与技术学院,遥感科学与技术,16,全日制,300
中国农业大学,是,是,是,不是,信息与电气工程学院,智能科学与技术,14,全日制,300
中国农业大学,是,是,是,不是,人文与发展学院,区域国别学,10,全日制,300
中国农业大学,是,是,是,不是,农学院,生物质工程,3,全日制,310
中国农业大学,是,是,是,不是,土地科学与技术学院,土地利用与信息技术,6,全日制,310
北京科技大学,不是,是,是,不是,马克思主义学院,科学技术哲学,7,全日制,327
北京科技大学,不是,是,是,不是,文法学院,法学,17,全日制,331
北京科技大学,不是,是,是,不是,马克思主义学院,科学技术哲学,7,全日制,327
北京科技大学,不是,是,是,不是,文法学院,法学,17,全日制,331
北京科技大学,不是,是,是,不是,文法学院,社会学,10,全日制,347
北京科技大学,不是,是,是,不是,马克思主义学院,马克思主义理论,54,全日制,374
北京科技大学,不是,是,是,不是,文法学院,法律（非法学）,25,全日制,323
北京科技大学,不是,是,是,不是,文法学院,法律（法学）,25,全日制,323
北京科技大学,不是,是,是,不是,文法学院,社会工作,27,全日制,334
北京科技大学,不是,是,是,不是,外国语学院,外国语言文学,23,全日制,351
北京科技大学,不是,是,是,不是,外国语学院,翻译,42,全日制,351
北京科技大学,不是,是,是,不是,科技史与文化遗产研究院,博物馆,9,全日制,337
北京科技大学,不是,是,是,不是,科技史与文化遗产研究院,博物馆,6,非全日制,337
北京科技大学,不是,是,是,不是,数理学院,数学,43,全日制,296
北京科技大学,不是,是,是,不是,数理学院,物理学,62,全日制,277
北京科技大学,不是,是,是,不是,国家材料服役安全科学中心,物理学,2,全日制,274
北京科技大学,不是,是,是,不是,化学与生物工程学院,化学,52,全日制,320
北京科技大学,不是,是,是,不是,化学与生物工程学院,生物学,28,全日制,310
北京科技大学,不是,是,是,不是,科技史与文化遗产研究院,科学技术史,29,全日制,321
北京科技大学,不是,是,是,不是,数理学院,统计学,11,全日制,274
北京科技大学,不是,是,是,不是,数理学院,力学,13,全日制,292
北京科技大学,不是,是,是,不是,机械工程学院,机械工程,58,全日制,319
北京科技大学,不是,是,是,不是,国家材料服役安全科学中心,机械工程,2,全日制,260
北京科技大学,不是,是,是,不是,钢铁共性技术协同创新中心,机械工程,3,全日制,260
北京科技大学,不是,是,是,不是,工程技术研究院,机械工程,4,全日制,260
北京科技大学,不是,是,是,不是,自动化学院,仪器科学与技术,17,全日制,307
北京科技大学,不是,是,是,不是,钢铁共性技术协同创新中心,仪器科学与技术,1,全日制,260
北京科技大学,不是,是,是,不是,工程技术研究院,仪器科学与技术,3,全日制,260
北京科技大学,不是,是,是,不是,材料科学与工程学院,材料科学与工程,142,全日制,260
北京科技大学,不是,是,是,不是,国家材料服役安全科学中心,材料科学与工程,8,全日制,300
北京科技大学,不是,是,是,不是,钢铁共性技术协同创新中心,材料科学与工程,15,全日制,260
北京科技大学,不是,是,是,不是,工程技术研究院,材料科学与工程,6,全日制,260
北京科技大学,不是,是,是,不是,前沿交叉科学技术研究院,材料科学与工程,3,全日制,260
北京科技大学,不是,是,是,不是,碳中和研究院,材料科学与工程,9,全日制,260
北京科技大学,不是,是,是,不是,冶金与生态工程学院,冶金工程,66,全日制,251
北京科技大学,不是,是,是,不是,国家材料服役安全科学中心,冶金工程,2,全日制,251
北京科技大学,不是,是,是,不是,钢铁共性技术协同创新中心,冶金工程,6,全日制,251
北京科技大学,不是,是,是,不是,工程技术研究院,冶金工程,1,全日制,251
北京科技大学,不是,是,是,不是,碳中和研究院,冶金工程,6,全日制,251
北京科技大学,不是,是,是,不是,绿色低碳钢铁冶金全国重点实验室,冶金工程,30,全日制,251
北京科技大学,不是,是,是,不是,能源与环境工程学院,动力工程及工程热物理,33,全日制,281
北京科技大学,不是,是,是,不是,计算机与通信工程学院,信息与通信工程,41,全日制,330
北京科技大学,不是,是,是,不是,自动化学院,控制科学与工程,34,全日制,325
北京科技大学,不是,是,是,不是,国家材料服役安全科学中心,控制科学与工程,2,全日制,260
北京科技大学,不是,是,是,不是,工程技术研究院,控制科学与工程,6,全日制,313
北京科技大学,不是,是,是,不是,计算机与通信工程学院,计算机科学与技术,56,全日制,321
北京科技大学,不是,是,是,不是,国家材料服役安全科学中心,计算机科学与技术,2,全日制,260
北京科技大学,不是,是,是,不是,钢铁共性技术协同创新中心,计算机科学与技术,2,全日制,295
北京科技大学,不是,是,是,不是,国家材料服役安全科学中心,土木工程,3,全日制,260
北京科技大学,不是,是,是,不是,化学与生物工程学院,化学工程与技术,15,全日制,260
北京科技大学,不是,是,是,不是,能源与环境工程学院,环境科学与工程,33,全日制,260
北京科技大学,不是,是,是,不是,计算机与通信工程学院,通信工程（含宽带网络、移动通信等）,47,全日制,315
北京科技大学,不是,是,是,不是,顺德创新学院,通信工程（含宽带网络、移动通信等）,12,全日制,315
北京科技大学,不是,是,是,不是,计算机与通信工程学院,计算机技术,79,全日制,326
北京科技大学,不是,是,是,不是,国家材料服役安全科学中心,计算机技术,3,全日制,260
北京科技大学,不是,是,是,不是,钢铁共性技术协同创新中心,计算机技术,5,全日制,315
北京科技大学,不是,是,是,不是,顺德创新学院,计算机技术,13,全日制,326
北京科技大学,不是,是,是,不是,智能科学与技术学院,计算机技术,13,全日制,260
北京科技大学,不是,是,是,不是,数理学院,软件工程,46,非全日制,290
北京科技大学,不是,是,是,不是,自动化学院,控制工程,67,全日制,313
北京科技大学,不是,是,是,不是,国家材料服役安全科学中心,控制工程,2,全日制,260
北京科技大学,不是,是,是,不是,工程技术研究院,控制工程,8,全日制,260
北京科技大学,不是,是,是,不是,顺德创新学院,控制工程,16,全日制,313
北京科技大学,不是,是,是,不是,智能科学与技术学院,控制工程,42,全日制,260
北京科技大学,不是,是,是,不是,自动化学院,仪器仪表工程,28,全日制,274
北京科技大学,不是,是,是,不是,钢铁共性技术协同创新中心,仪器仪表工程,2,全日制,260
北京科技大学,不是,是,是,不是,工程技术研究院,仪器仪表工程,6,全日制,260
北京科技大学,不是,是,是,不是,顺德创新学院,仪器仪表工程,9,全日制,274
北京科技大学,不是,是,是,不是,机械工程学院,机械工程,115,全日制,319
北京科技大学,不是,是,是,不是,国家材料服役安全科学中心,机械工程,2,全日制,260
北京科技大学,不是,是,是,不是,钢铁共性技术协同创新中心,机械工程,5,全日制,260
北京科技大学,不是,是,是,不是,工程技术研究院,机械工程,8,全日制,280
北京科技大学,不是,是,是,不是,顺德创新学院,机械工程,27,全日制,319
北京科技大学,不是,是,是,不是,机械工程学院,车辆工程,31,全日制,282
北京科技大学,不是,是,是,不是,材料科学与工程学院,材料工程,165,全日制,260
北京科技大学,不是,是,是,不是,材料科学与工程学院,材料工程,15,非全日制,260
北京科技大学,不是,是,是,不是,国家材料服役安全科学中心,材料工程,24,全日制,290
北京科技大学,不是,是,是,不是,钢铁共性技术协同创新中心,材料工程,23,全日制,260
北京科技大学,不是,是,是,不是,工程技术研究院,材料工程,21,全日制,260
北京科技大学,不是,是,是,不是,前沿交叉科学技术研究院,材料工程,17,全日制,260
北京科技大学,不是,是,是,不是,顺德创新学院,材料工程,25,全日制,290
北京科技大学,不是,是,是,不是,碳中和研究院,材料工程,9,全日制,260
北京科技大学,不是,是,是,不是,化学与生物工程学院,化学工程,41,全日制,260
北京科技大学,不是,是,是,不是,冶金与生态工程学院,冶金工程,90,全日制,260
北京科技大学,不是,是,是,不是,冶金与生态工程学院,冶金工程,9,非全日制,260
北京科技大学,不是,是,是,不是,国家材料服役安全科学中心,冶金工程,3,全日制,260
北京科技大学,不是,是,是,不是,钢铁共性技术协同创新中心,冶金工程,11,全日制,260
北京科技大学,不是,是,是,不是,工程技术研究院,冶金工程,2,全日制,260
北京科技大学,不是,是,是,不是,碳中和研究院,冶金工程,8,全日制,260
北京科技大学,不是,是,是,不是,绿色低碳钢铁冶金全国重点实验室,冶金工程,42,全日制,260
北京科技大学,不是,是,是,不是,能源与环境工程学院,环境工程,42,全日制,287
北京科技大学,不是,是,是,不是,能源与环境工程学院,动力工程,46,全日制,333
北京科技大学,不是,是,是,不是,顺德创新学院,动力工程,4,全日制,333
北京科技大学,不是,是,是,不是,国家材料服役安全科学中心,土木工程,2,全日制,260
北京科技大学,不是,是,是,不是,顺德创新学院,土木工程,2,全日制,329
北京科技大学,不是,是,是,不是,化学与生物工程学院,生物技术与工程,21,全日制,278
北京科技大学,不是,是,是,不是,经济管理学院,管理科学与工程,42,全日制,366
北京科技大学,不是,是,是,不是,经济管理学院,会计学,14,全日制,353
北京科技大学,不是,是,是,不是,经济管理学院,企业管理,29,全日制,352
北京科技大学,不是,是,是,不是,经济管理学院,技术经济及管理,14,全日制,335
北京科技大学,不是,是,是,不是,文法学院,公共管理学,19,全日制,333
北京科技大学,不是,是,是,不是,经济管理学院,工商管理,202,非全日制,151
北京科技大学,不是,是,是,不是,文法学院,公共管理,12,全日制,164
北京科技大学,不是,是,是,不是,文法学院,公共管理,91,非全日制,164
北京科技大学,不是,是,是,不是,经济管理学院,会计,17,全日制,194
北京科技大学,不是,是,是,不是,经济管理学院,工程管理,30,非全日制,162
北京科技大学,不是,是,是,不是,经济管理学院,工业工程与管理,20,非全日制,162
北京科技大学,不是,是,是,不是,机械工程学院,物流工程与管理,50,非全日制,162
北京科技大学,不是,是,是,不是,机械工程学院,设计学,19,全日制,355
北京科技大学,不是,是,是,不是,顺德创新学院,设计学,2,全日制,266
北京科技大学,不是,是,是,不是,科技史与文化遗产研究院,文物,10,全日制,283
北京科技大学,不是,是,是,不是,科技史与文化遗产研究院,文物,3,非全日制,283
北京科技大学,不是,是,是,不是,智能科学与技术学院,人工智能科学与工程,9,全日制,260
北京科技大学,不是,是,是,不是,机械工程学院,物流工程,23,全日制,291
北京科技大学,不是,是,是,不是,钢铁共性技术协同创新中心,物流工程,2,全日制,260
北京科技大学,不是,是,是,不是,冶金与生态工程学院,储能化学与物理,15,全日制,251
北京科技大学,不是,是,是,不是,碳中和研究院,储能化学与物理,2,全日制,251
北京科技大学,不是,是,是,不是,智能科学与技术学院,人工智能科学与工程,17,全日制,260
首都医科大学,不是,不是,不是,是,马克思主义学院,思想政治教育,1,全日制,323
首都医科大学,不是,不是,不是,是,医学人文学院,应用心理学,1,全日制,341
首都医科大学,不是,不是,不是,是,附属北京安定医院,应用心理,4,全日制,341
首都医科大学,不是,不是,不是,是,基础医学院,生物学,39,全日制,285
首都医科大学,不是,不是,不是,是,宣武医院,神经生物学,6,全日制,285
首都医科大学,不是,不是,不是,是,马克思主义学院,思想政治教育,1,全日制,323
首都医科大学,不是,不是,不是,是,医学人文学院,应用心理学,1,全日制,341
首都医科大学,不是,不是,不是,是,附属北京安定医院,应用心理,4,全日制,341
首都医科大学,不是,不是,不是,是,基础医学院,生物学,39,全日制,285
首都医科大学,不是,不是,不是,是,宣武医院,神经生物学,6,全日制,285
首都医科大学,不是,不是,不是,是,附属北京天坛医院,神经生物学,1,全日制,285
首都医科大学,不是,不是,不是,是,脑重大疾病研究中心,神经生物学,1,全日制,285
首都医科大学,不是,不是,不是,是,附属北京儿童医院,遗传学,3,全日制,285
首都医科大学,不是,不是,不是,是,附属北京天坛医院,生物化学与分子生物学,1,全日制,285
首都医科大学,不是,不是,不是,是,附属北京佑安医院,生物化学与分子生物学,8,全日制,285
首都医科大学,不是,不是,不是,是,生物医学工程学院,生物医学工程,13,全日制,300
首都医科大学,不是,不是,不是,是,宣武医院,生物医学工程,4,全日制,300
首都医科大学,不是,不是,不是,是,生物医学工程学院,电子信息,2,全日制,300
首都医科大学,不是,不是,不是,是,宣武医院,电子信息,1,全日制,300
首都医科大学,不是,不是,不是,是,基础医学院,基础医学,23,全日制,300
首都医科大学,不是,不是,不是,是,宣武医院,免疫学,1,全日制,300
首都医科大学,不是,不是,不是,是,附属北京儿童医院,免疫学,1,全日制,300
首都医科大学,不是,不是,不是,是,附属北京友谊医院,免疫学,2,全日制,300
首都医科大学,不是,不是,不是,是,附属北京朝阳医院,免疫学,1,全日制,300
首都医科大学,不是,不是,不是,是,附属北京世纪坛医院,免疫学,5,全日制,300
首都医科大学,不是,不是,不是,是,附属北京地坛医院,免疫学,7,全日制,300
首都医科大学,不是,不是,不是,是,附属北京胸科医院,免疫学,2,全日制,300
首都医科大学,不是,不是,不是,是,脑重大疾病研究中心,免疫学,1,全日制,300
首都医科大学,不是,不是,不是,是,附属北京友谊医院,病原生物学,1,全日制,300
首都医科大学,不是,不是,不是,是,附属北京胸科医院,病原生物学,4,全日制,300
首都医科大学,不是,不是,不是,是,北京市神经外科研究所,病理学与病理生理学,3,全日制,300
首都医科大学,不是,不是,不是,是,附属北京朝阳医院,病理学与病理生理学,2,全日制,300
首都医科大学,不是,不是,不是,是,附属北京安贞医院,病理学与病理生理学,16,全日制,300
首都医科大学,不是,不是,不是,是,附属北京地坛医院,病理学与病理生理学,1,全日制,300
首都医科大学,不是,不是,不是,是,不区分院系,内科学,37,全日制,300
首都医科大学,不是,不是,不是,是,不区分院系,老年医学,3,全日制,300
首都医科大学,不是,不是,不是,是,不区分院系,神经病学,15,全日制,300
首都医科大学,不是,不是,不是,是,不区分院系,精神病与精神卫生学,5,全日制,300
首都医科大学,不是,不是,不是,是,不区分院系,影像医学与核医学,6,全日制,300
首都医科大学,不是,不是,不是,是,不区分院系,临床检验诊断学,13,全日制,300
首都医科大学,不是,不是,不是,是,不区分院系,外科学,14,全日制,300
首都医科大学,不是,不是,不是,是,不区分院系,妇产科学,3,全日制,300
首都医科大学,不是,不是,不是,是,不区分院系,眼科学,7,全日制,300
首都医科大学,不是,不是,不是,是,不区分院系,耳鼻咽喉科学,12,全日制,300
首都医科大学,不是,不是,不是,是,不区分院系,肿瘤学,6,全日制,300
首都医科大学,不是,不是,不是,是,不区分院系,康复医学与理疗学,10,全日制,300
首都医科大学,不是,不是,不是,是,附属北京口腔医院,口腔基础医学,3,全日制,330
首都医科大学,不是,不是,不是,是,公共卫生学院,流行病与卫生统计学,6,全日制,300
首都医科大学,不是,不是,不是,是,北京市神经外科研究所,流行病与卫生统计学,1,全日制,300
首都医科大学,不是,不是,不是,是,附属北京儿童医院,流行病与卫生统计学,3,全日制,300
首都医科大学,不是,不是,不是,是,附属北京友谊医院,流行病与卫生统计学,3,全日制,300
首都医科大学,不是,不是,不是,是,附属北京天坛医院,流行病与卫生统计学,4,全日制,300
首都医科大学,不是,不是,不是,是,附属北京安贞医院,流行病与卫生统计学,3,全日制,300
首都医科大学,不是,不是,不是,是,附属北京佑安医院,流行病与卫生统计学,1,全日制,300
首都医科大学,不是,不是,不是,是,北京市疾病预防控制中心,流行病与卫生统计学,6,全日制,300
首都医科大学,不是,不是,不是,是,附属北京胸科医院,流行病与卫生统计学,1,全日制,300
首都医科大学,不是,不是,不是,是,脑重大疾病研究中心,流行病与卫生统计学,1,全日制,300
首都医科大学,不是,不是,不是,是,公共卫生学院,劳动卫生与环境卫生学,6,全日制,300
首都医科大学,不是,不是,不是,是,公共卫生学院,营养与食品卫生学,6,全日制,300
首都医科大学,不是,不是,不是,是,北京市疾病预防控制中心,营养与食品卫生学,3,全日制,300
首都医科大学,不是,不是,不是,是,公共卫生学院,儿少卫生与妇幼保健学,7,全日制,300
首都医科大学,不是,不是,不是,是,附属首都儿童医学中心,儿少卫生与妇幼保健学,1,全日制,300
首都医科大学,不是,不是,不是,是,公共卫生学院,卫生毒理学,6,全日制,300
首都医科大学,不是,不是,不是,是,中医药学院,中医基础理论,2,全日制,293
首都医科大学,不是,不是,不是,是,中医药学院,中医临床基础,3,全日制,293
首都医科大学,不是,不是,不是,是,中医药学院,中医医史文献,1,全日制,293
首都医科大学,不是,不是,不是,是,附属北京中医医院,中西医结合基础,8,全日制,293
首都医科大学,不是,不是,不是,是,附属北京安定医院,中西医结合临床,1,全日制,293
首都医科大学,不是,不是,不是,是,药学院,药物化学,2,全日制,300
首都医科大学,不是,不是,不是,是,药学院,药剂学,1,全日制,300
首都医科大学,不是,不是,不是,是,药学院,药物分析学,3,全日制,300
首都医科大学,不是,不是,不是,是,基础医学院,药理学,5,全日制,300
首都医科大学,不是,不是,不是,是,宣武医院,药理学,1,全日制,300
首都医科大学,不是,不是,不是,是,附属北京儿童医院,药理学,2,全日制,300
首都医科大学,不是,不是,不是,是,附属北京友谊医院,药理学,2,全日制,300
首都医科大学,不是,不是,不是,是,附属北京朝阳医院,药理学,1,全日制,300
首都医科大学,不是,不是,不是,是,附属北京天坛医院,药理学,2,全日制,300
首都医科大学,不是,不是,不是,是,中国康复研究中心,药理学,1,全日制,300
首都医科大学,不是,不是,不是,是,附属北京安定医院,药理学,1,全日制,300
首都医科大学,不是,不是,不是,是,附属北京世纪坛医院,药理学,1,全日制,300
首都医科大学,不是,不是,不是,是,附属北京地坛医院,药理学,1,全日制,300
首都医科大学,不是,不是,不是,是,附属北京胸科医院,药理学,1,全日制,300
首都医科大学,不是,不是,不是,是,中日友好医院,药理学,2,全日制,300
首都医科大学,不是,不是,不是,是,中医药学院,中药学,13,全日制,293
首都医科大学,不是,不是,不是,是,附属北京友谊医院,中药学,2,全日制,293
首都医科大学,不是,不是,不是,是,护理学院,护理学,8,全日制,310
首都医科大学,不是,不是,不是,是,不区分院系,内科学,147,全日制,330
首都医科大学,不是,不是,不是,是,不区分院系,儿科学,24,全日制,330
首都医科大学,不是,不是,不是,是,不区分院系,老年医学,2,全日制,330
首都医科大学,不是,不是,不是,是,不区分院系,神经病学,74,全日制,330
首都医科大学,不是,不是,不是,是,不区分院系,精神病与精神卫生学,16,全日制,330
首都医科大学,不是,不是,不是,是,不区分院系,皮肤病与性病学,8,全日制,330
首都医科大学,不是,不是,不是,是,不区分院系,急诊医学,6,全日制,330
首都医科大学,不是,不是,不是,是,不区分院系,重症医学,15,全日制,330
首都医科大学,不是,不是,不是,是,不区分院系,全科医学,25,全日制,330
首都医科大学,不是,不是,不是,是,不区分院系,康复医学与理疗学,7,全日制,330
首都医科大学,不是,不是,不是,是,不区分院系,外科学,200,全日制,330
首都医科大学,不是,不是,不是,是,不区分院系,儿外科学,14,全日制,330
首都医科大学,不是,不是,不是,是,不区分院系,骨科学,34,全日制,330
首都医科大学,不是,不是,不是,是,不区分院系,妇产科学,17,全日制,330
首都医科大学,不是,不是,不是,是,不区分院系,眼科学,30,全日制,330
首都医科大学,不是,不是,不是,是,不区分院系,耳鼻咽喉科学,25,全日制,330
首都医科大学,不是,不是,不是,是,不区分院系,麻醉学,14,全日制,330
首都医科大学,不是,不是,不是,是,不区分院系,临床病理,6,全日制,330
首都医科大学,不是,不是,不是,是,不区分院系,临床检验诊断学,4,全日制,330
首都医科大学,不是,不是,不是,是,不区分院系,肿瘤学,14,全日制,330
首都医科大学,不是,不是,不是,是,不区分院系,放射影像学,32,全日制,330
首都医科大学,不是,不是,不是,是,不区分院系,超声医学,16,全日制,330
首都医科大学,不是,不是,不是,是,不区分院系,核医学,6,全日制,330
首都医科大学,不是,不是,不是,是,不区分院系,口腔医学,29,全日制,330
首都医科大学,不是,不是,不是,是,公共卫生学院,公共卫生,9,全日制,300
首都医科大学,不是,不是,不是,是,北京市疾病预防控制中心,公共卫生,6,全日制,300
首都医科大学,不是,不是,不是,是,护理学院,护理,11,全日制,310
首都医科大学,不是,不是,不是,是,药学院,药学,4,全日制,293
首都医科大学,不是,不是,不是,是,临床药学系,药学,17,全日制,293
首都医科大学,不是,不是,不是,是,中医药学院,中药,4,全日制,293
首都医科大学,不是,不是,不是,是,宣武医院,中药,1,全日制,293
首都医科大学,不是,不是,不是,是,附属北京友谊医院,中药,1,全日制,293
首都医科大学,不是,不是,不是,是,附属北京地坛医院,中药,1,全日制,293
首都医科大学,不是,不是,不是,是,不区分院系,中医内科学,16,全日制,310
首都医科大学,不是,不是,不是,是,不区分院系,中医外科学,8,全日制,310
首都医科大学,不是,不是,不是,是,不区分院系,中医儿科学,3,全日制,310
首都医科大学,不是,不是,不是,是,不区分院系,中医五官科学,2,全日制,310
首都医科大学,不是,不是,不是,是,不区分院系,针灸推拿学,9,全日制,310
首都医科大学,不是,不是,不是,是,不区分院系,中西医结合临床,18,全日制,310
首都医科大学,不是,不是,不是,是,医学人文学院,社会医学与卫生事业管理,4,全日制,333
首都医科大学,不是,不是,不是,是,公共卫生学院,社会医学与卫生事业管理,10,全日制,333
首都医科大学,不是,不是,不是,是,医学人文学院,医学伦理学,4,全日制,300
首都医科大学,不是,不是,不是,是,不区分院系,临床研究方法学,5,全日制,300
首都医科大学,不是,不是,不是,是,不区分院系,疼痛医学,2,全日制,300
首都医科大学,不是,不是,不是,是,不区分院系,全科医学,6,全日制,300
首都医科大学,不是,不是,不是,是,宣武医院,口腔颌面外科学,2,全日制,330
首都医科大学,不是,不是,不是,是,公共卫生学院,卫生检验与检疫,4,全日制,300
首都医科大学,不是,不是,不是,是,不区分院系,临床病理学,2,全日制,300
北京交通大学,不是,是,是,不是,经济管理学院,应用经济学,61,全日制,328
北京交通大学,不是,是,是,不是,经济管理学院,金融,82,全日制,329
北京交通大学,不是,是,是,不是,经济管理学院,应用统计,16,全日制,361
北京交通大学,不是,是,是,不是,经济管理学院,应用经济学,61,全日制,328
北京交通大学,不是,是,是,不是,经济管理学院,金融,82,全日制,329
北京交通大学,不是,是,是,不是,经济管理学院,应用统计,16,全日制,361
北京交通大学,不是,是,是,不是,法学院,法学,25,全日制,329
北京交通大学,不是,是,是,不是,马克思主义学院,马克思主义理论,40,全日制,374
北京交通大学,不是,是,是,不是,法学院,法律（法学）,45,全日制,323
北京交通大学,不是,是,是,不是,法学院,法律（法学）,30,非全日制,323
北京交通大学,不是,是,是,不是,语言与传播学院,外国语言文学,16,全日制,403
北京交通大学,不是,是,是,不是,语言与传播学院,新闻传播学,11,全日制,375
北京交通大学,不是,是,是,不是,语言与传播学院,英语笔译,29,全日制,393
北京交通大学,不是,是,是,不是,在职专业学位中心,英语笔译,20,非全日制,351
北京交通大学,不是,是,是,不是,语言与传播学院,新闻与传播,12,全日制,354
北京交通大学,不是,是,是,不是,在职专业学位中心,新闻与传播,20,非全日制,351
北京交通大学,不是,是,是,不是,数学与统计学院,数学,36,全日制,320
北京交通大学,不是,是,是,不是,物理科学与工程学院,物理学,16,全日制,290
北京交通大学,不是,是,是,不是,物理科学与工程学院,生物学,12,全日制,295
北京交通大学,不是,是,是,不是,系统科学学院,系统科学,31,全日制,307
北京交通大学,不是,是,是,不是,数学与统计学院,统计学,24,全日制,318
北京交通大学,不是,是,是,不是,物理科学与工程学院,力学,18,全日制,270
北京交通大学,不是,是,是,不是,机械与电子控制工程学院,机械工程,88,全日制,308
北京交通大学,不是,是,是,不是,物理科学与工程学院,光学工程,25,全日制,262
北京交通大学,不是,是,是,不是,机械与电子控制工程学院,材料科学与工程,15,全日制,304
北京交通大学,不是,是,是,不是,物理科学与工程学院,材料科学与工程,20,全日制,320
北京交通大学,不是,是,是,不是,机械与电子控制工程学院,动力工程及工程热物理,19,全日制,282
北京交通大学,不是,是,是,不是,电气工程学院,电气工程,96,全日制,338
北京交通大学,不是,是,是,不是,电子信息工程学院,电子科学与技术,15,全日制,300
北京交通大学,不是,是,是,不是,电子信息工程学院,信息与通信工程,120,全日制,322
北京交通大学,不是,是,是,不是,自动化与智能学院,控制科学与工程,11,全日制,328
北京交通大学,不是,是,是,不是,计算机科学与技术学院,计算机科学与技术,98,全日制,310
北京交通大学,不是,是,是,不是,建筑与艺术学院,建筑学,7,全日制,277
北京交通大学,不是,是,是,不是,土木建筑工程学院,土木工程,116,全日制,264
北京交通大学,不是,是,是,不是,土木建筑工程学院,道路与铁道工程,35,全日制,276
北京交通大学,不是,是,是,不是,自动化与智能学院,交通信息工程及控制,51,全日制,320
北京交通大学,不是,是,是,不是,交通运输学院,交通运输规划与管理,126,全日制,320
北京交通大学,不是,是,是,不是,环境学院,环境科学与工程,18,全日制,262
北京交通大学,不是,是,是,不是,建筑与艺术学院,城乡规划学,12,全日制,305
北京交通大学,不是,是,是,不是,软件学院,软件工程,14,全日制,262
北京交通大学,不是,是,是,不是,交通运输学院,安全科学与工程,11,全日制,284
北京交通大学,不是,是,是,不是,网络空间安全学院,网络空间安全,22,全日制,294
北京交通大学,不是,是,是,不是,建筑与艺术学院,建筑,29,全日制,344
北京交通大学,不是,是,是,不是,在职专业学位中心,建筑,30,非全日制,260
北京交通大学,不是,是,是,不是,建筑与艺术学院,城乡规划,14,全日制,322
北京交通大学,不是,是,是,不是,在职专业学位中心,城乡规划,20,非全日制,260
北京交通大学,不是,是,是,不是,电子信息工程学院,新一代电子信息技术（含量子技术等）,20,全日制,274
北京交通大学,不是,是,是,不是,自动化与智能学院,新一代电子信息技术（含量子技术等）,9,全日制,260
北京交通大学,不是,是,是,不是,电子信息工程学院,通信工程（含宽带网络、移动通信等）,74,全日制,307
北京交通大学,不是,是,是,不是,在职专业学位中心,通信工程（含宽带网络、移动通信等）,20,非全日制,260
北京交通大学,不是,是,是,不是,威海校区,通信工程（含宽带网络、移动通信等）,60,全日制,276
北京交通大学,不是,是,是,不是,在职专业学位中心,计算机技术,45,非全日制,260
北京交通大学,不是,是,是,不是,计算机科学与技术学院,计算机技术,141,全日制,305
北京交通大学,不是,是,是,不是,软件学院,软件工程,90,全日制,301
北京交通大学,不是,是,是,不是,在职专业学位中心,软件工程,120,非全日制,260
北京交通大学,不是,是,是,不是,在职专业学位中心,软件工程,3,非全日制,260
北京交通大学,不是,是,是,不是,自动化与智能学院,控制工程,43,全日制,320
北京交通大学,不是,是,是,不是,物理科学与工程学院,光电信息工程,57,全日制,310
北京交通大学,不是,是,是,不是,电子信息工程学院,人工智能,20,全日制,267
北京交通大学,不是,是,是,不是,在职专业学位中心,人工智能,65,非全日制,260
北京交通大学,不是,是,是,不是,在职专业学位中心,人工智能,3,非全日制,260
北京交通大学,不是,是,是,不是,自动化与智能学院,人工智能,22,全日制,333
北京交通大学,不是,是,是,不是,计算机科学与技术学院,人工智能,43,全日制,300
北京交通大学,不是,是,是,不是,在职专业学位中心,大数据技术与工程,5,非全日制,260
北京交通大学,不是,是,是,不是,在职专业学位中心,网络与信息安全,20,非全日制,260
北京交通大学,不是,是,是,不是,在职专业学位中心,网络与信息安全,20,非全日制,260
北京交通大学,不是,是,是,不是,网络空间安全学院,网络与信息安全,27,全日制,264
北京交通大学,不是,是,是,不是,在职专业学位中心,机械,25,非全日制,260
北京交通大学,不是,是,是,不是,在职专业学位中心,机械,3,非全日制,260
北京交通大学,不是,是,是,不是,机械与电子控制工程学院,机械工程,91,全日制,334
北京交通大学,不是,是,是,不是,机械与电子控制工程学院,车辆工程,31,全日制,330
北京交通大学,不是,是,是,不是,机械与电子控制工程学院,智能制造技术,13,全日制,331
北京交通大学,不是,是,是,不是,机械与电子控制工程学院,材料工程,21,全日制,273
北京交通大学,不是,是,是,不是,物理科学与工程学院,材料工程,8,全日制,280
北京交通大学,不是,是,是,不是,环境学院,环境工程,29,全日制,260
北京交通大学,不是,是,是,不是,机械与电子控制工程学院,能源动力,27,全日制,330
北京交通大学,不是,是,是,不是,电气工程学院,电气工程,159,全日制,305
北京交通大学,不是,是,是,不是,在职专业学位中心,电气工程,25,非全日制,260
北京交通大学,不是,是,是,不是,在职专业学位中心,电气工程,3,非全日制,260
北京交通大学,不是,是,是,不是,土木建筑工程学院,土木工程,121,全日制,266
北京交通大学,不是,是,是,不是,在职专业学位中心,土木工程,20,非全日制,260
北京交通大学,不是,是,是,不是,交通运输学院,交通运输,129,全日制,339
北京交通大学,不是,是,是,不是,土木建筑工程学院,交通运输,37,全日制,263
北京交通大学,不是,是,是,不是,在职专业学位中心,交通运输,35,非全日制,260
北京交通大学,不是,是,是,不是,在职专业学位中心,交通运输,13,非全日制,260
北京交通大学,不是,是,是,不是,经济管理学院,公共管理学,5,全日制,333
北京交通大学,不是,是,是,不是,经济管理学院,工商管理,56,全日制,151
北京交通大学,不是,是,是,不是,经济管理学院,工商管理,180,非全日制,151
北京交通大学,不是,是,是,不是,经济管理学院,会计,30,全日制,231
北京交通大学,不是,是,是,不是,在职专业学位中心,会计,40,非全日制,194
北京交通大学,不是,是,是,不是,经济管理学院,工程管理,53,全日制,162
北京交通大学,不是,是,是,不是,经济管理学院,工程管理,110,非全日制,162
北京交通大学,不是,是,是,不是,经济管理学院,工业工程与管理,16,全日制,211
北京交通大学,不是,是,是,不是,经济管理学院,物流工程与管理,16,全日制,204
北京交通大学,不是,是,是,不是,交通运输学院,物流工程与管理,42,全日制,206
北京交通大学,不是,是,是,不是,威海校区,物流工程与管理,30,全日制,201
北京交通大学,不是,是,是,不是,经济管理学院,审计,51,全日制,211
北京交通大学,不是,是,是,不是,建筑与艺术学院,设计,22,全日制,365
北京交通大学,不是,是,是,不是,在职专业学位中心,设计,30,非全日制,351
北京交通大学,不是,是,是,不是,建筑与艺术学院,设计学,7,全日制,345
北京交通大学,不是,是,是,不是,交通运输学院,电子商务,7,全日制,333
中央财经大学,不是,是,是,不是,经济学院,理论经济学,10,全日制,349
中央财经大学,不是,是,是,不是,经济学院,应用经济学,10,全日制,349
中央财经大学,不是,是,是,不是,经济学院,理论经济学,10,全日制,349
中央财经大学,不是,是,是,不是,经济学院,应用经济学,10,全日制,349
中央财经大学,不是,是,是,不是,财政税务学院,财政学,28,全日制,336
中央财经大学,不是,是,是,不是,金融学院,金融学,31,全日制,330
中央财经大学,不是,是,是,不是,体育经济与管理学院,产业经济学,6,全日制,323
中央财经大学,不是,是,是,不是,信息学院,产业经济学,16,全日制,323
中央财经大学,不是,是,是,不是,国际经济与贸易学院,国际贸易学,13,全日制,323
中央财经大学,不是,是,是,不是,统计与数学学院,数量经济学,2,全日制,323
中央财经大学,不是,是,是,不是,金融学院,金融,322,全日制,339
中央财经大学,不是,是,是,不是,统计与数学学院,应用统计,46,全日制,342
中央财经大学,不是,是,是,不是,财政税务学院,税务,39,全日制,349
中央财经大学,不是,是,是,不是,国际经济与贸易学院,国际商务,39,全日制,337
中央财经大学,不是,是,是,不是,保险学院,保险,43,全日制,323
中央财经大学,不是,是,是,不是,财政税务学院,资产评估,45,全日制,329
中央财经大学,不是,是,是,不是,经济学院,数字经济,110,全日制,323
中央财经大学,不是,是,是,不是,社会与心理学院,社会学,10,全日制,323
中央财经大学,不是,是,是,不是,社会与心理学院,人口学,2,全日制,323
中央财经大学,不是,是,是,不是,马克思主义学院,马克思主义理论,18,全日制,341
中央财经大学,不是,是,是,不是,法学院,法律（非法学）,62,全日制,333
中央财经大学,不是,是,是,不是,法学院,法律（法学）,116,全日制,326
中央财经大学,不是,是,是,不是,社会与心理学院,社会工作,5,全日制,380
中央财经大学,不是,是,是,不是,社会与心理学院,心理学,13,全日制,341
中央财经大学,不是,是,是,不是,体育经济与管理学院,体育,5,全日制,332
中央财经大学,不是,是,是,不是,国际文化交流学院,国际中文教育,5,全日制,341
中央财经大学,不是,是,是,不是,社会与心理学院,应用心理,95,非全日制,341
中央财经大学,不是,是,是,不是,文化与传媒学院,中国语言文学,8,全日制,366
中央财经大学,不是,是,是,不是,外国语学院,翻译,10,全日制,351
中央财经大学,不是,是,是,不是,文化与传媒学院,新闻与传播,21,全日制,383
中央财经大学,不是,是,是,不是,信息学院,计算机技术,6,全日制,285
中央财经大学,不是,是,是,不是,信息学院,人工智能,14,全日制,285
中央财经大学,不是,是,是,不是,管理科学与工程学院,管理科学与工程,8,全日制,333
中央财经大学,不是,是,是,不是,商学院,企业管理,42,全日制,333
中央财经大学,不是,是,是,不是,商学院,技术经济及管理,8,全日制,333
中央财经大学,不是,是,是,不是,政府管理学院,行政管理,17,全日制,335
中央财经大学,不是,是,是,不是,政府管理学院,教育经济与管理,4,全日制,335
中央财经大学,不是,是,是,不是,保险学院,社会保障,4,全日制,333
中央财经大学,不是,是,是,不是,金融学院,工商管理,95,非全日制,151
中央财经大学,不是,是,是,不是,商学院,工商管理,70,全日制,151
中央财经大学,不是,是,是,不是,商学院,工商管理,422,非全日制,151
中央财经大学,不是,是,是,不是,政府管理学院,公共管理,71,全日制,164
中央财经大学,不是,是,是,不是,政府管理学院,公共管理,20,非全日制,164
中央财经大学,不是,是,是,不是,会计学院,会计,125,全日制,194
中央财经大学,不是,是,是,不是,会计学院,会计,104,非全日制,194
中央财经大学,不是,是,是,不是,管理科学与工程学院,工程管理,66,非全日制,162
中央财经大学,不是,是,是,不是,会计学院,审计,64,全日制,226
中央财经大学,不是,是,是,不是,文化与传媒学院,艺术学,6,全日制,351
中央财经大学,不是,是,是,不是,保险学院,保险学,11,全日制,323
中央财经大学,不是,是,是,不是,财政税务学院,税收学,24,全日制,333
中央财经大学,不是,是,是,不是,金融学院,金融工程,10,全日制,330
中央财经大学,不是,是,是,不是,管理科学与工程学院,投资学,17,全日制,323
中央财经大学,不是,是,是,不是,统计与数学学院,经济统计,2,全日制,274
中央财经大学,不是,是,是,不是,统计与数学学院,数理统计,2,全日制,274
中央财经大学,不是,是,是,不是,统计与数学学院,金融统计与风险管理,2,全日制,274
中央财经大学,不是,是,是,不是,统计与数学学院,应用统计,2,全日制,274
中央财经大学,不是,是,是,不是,管理科学与工程学院,工程与项目管理,8,全日制,333
中央财经大学,不是,是,是,不是,管理科学与工程学院,房地产经济与管理,8,全日制,333
中国石油大学（北京）,不是,是,是,不是,经济管理学院,金融学,5,全日制,323
中国石油大学（北京）,不是,是,是,不是,经济管理学院,产业经济学,8,全日制,323
中国石油大学（北京）,不是,是,是,不是,经济管理学院,金融,60,全日制,345
中国石油大学（北京）,不是,是,是,不是,克拉玛依校区,金融,10,全日制,323
中国石油大学（北京）,不是,是,是,不是,理学院,应用统计,22,全日制,323
中国石油大学（北京）,不是,是,是,不是,经济管理学院,金融学,5,全日制,323
中国石油大学（北京）,不是,是,是,不是,经济管理学院,产业经济学,8,全日制,323
中国石油大学（北京）,不是,是,是,不是,经济管理学院,金融,60,全日制,345
中国石油大学（北京）,不是,是,是,不是,克拉玛依校区,金融,10,全日制,323
中国石油大学（北京）,不是,是,是,不是,理学院,应用统计,22,全日制,323
中国石油大学（北京）,不是,是,是,不是,克拉玛依校区,应用统计,6,全日制,323
中国石油大学（北京）,不是,是,是,不是,马克思主义学院,马克思主义理论,26,全日制,357
中国石油大学（北京）,不是,是,是,不是,马克思主义学院,马克思主义理论,7,非全日制,357
中国石油大学（北京）,不是,是,是,不是,外国语学院,国际中文教育,30,全日制,341
中国石油大学（北京）,不是,是,是,不是,外国语学院,外国语言文学,13,全日制,351
中国石油大学（北京）,不是,是,是,不是,外国语学院,翻译,33,全日制,351
中国石油大学（北京）,不是,是,是,不是,外国语学院,翻译,3,非全日制,351
中国石油大学（北京）,不是,是,是,不是,克拉玛依校区,翻译,10,全日制,351
中国石油大学（北京）,不是,是,是,不是,理学院,数学,14,全日制,274
中国石油大学（北京）,不是,是,是,不是,理学院,物理学,15,全日制,274
中国石油大学（北京）,不是,是,是,不是,理学院,化学,24,全日制,274
中国石油大学（北京）,不是,是,是,不是,地球物理学院,地球物理学,12,全日制,274
中国石油大学（北京）,不是,是,是,不是,地球科学学院,地质学,53,全日制,281
中国石油大学（北京）,不是,是,是,不是,石油工程学院,力学,16,全日制,251
中国石油大学（北京）,不是,是,是,不是,机械与储运工程学院,机械工程,32,全日制,267
中国石油大学（北京）,不是,是,是,不是,新能源与材料学院,材料科学与工程,32,全日制,273
中国石油大学（北京）,不是,是,是,不是,机械与储运工程学院,动力工程及工程热物理,48,全日制,251
中国石油大学（北京）,不是,是,是,不是,人工智能学院,信息与通信工程,12,全日制,267
中国石油大学（北京）,不是,是,是,不是,人工智能学院,控制科学与工程,29,全日制,275
中国石油大学（北京）,不是,是,是,不是,人工智能学院,计算机科学与技术,38,全日制,276
中国石油大学（北京）,不是,是,是,不是,化学工程与环境学院,化学工程与技术,143,全日制,290
中国石油大学（北京）,不是,是,是,不是,理学院,化学工程与技术,25,全日制,260
中国石油大学（北京）,不是,是,是,不是,地球科学学院,地质资源与地质工程,103,全日制,259
中国石油大学（北京）,不是,是,是,不是,地球物理学院,地质资源与地质工程,73,全日制,254
中国石油大学（北京）,不是,是,是,不是,石油工程学院,石油与天然气工程,221,全日制,281
中国石油大学（北京）,不是,是,是,不是,机械与储运工程学院,石油与天然气工程,53,全日制,264
中国石油大学（北京）,不是,是,是,不是,安全与海洋工程学院,石油与天然气工程,27,全日制,260
中国石油大学（北京）,不是,是,是,不是,化学工程与环境学院,环境科学与工程,28,全日制,272
中国石油大学（北京）,不是,是,是,不是,安全与海洋工程学院,安全科学与工程,47,全日制,299
中国石油大学（北京）,不是,是,是,不是,人工智能学院,新一代电子信息技术（含量子技术等）,13,全日制,336
中国石油大学（北京）,不是,是,是,不是,人工智能学院,计算机技术,36,全日制,295
中国石油大学（北京）,不是,是,是,不是,克拉玛依校区,计算机技术,20,全日制,260
中国石油大学（北京）,不是,是,是,不是,人工智能学院,控制工程,27,全日制,303
中国石油大学（北京）,不是,是,是,不是,克拉玛依校区,控制工程,6,全日制,260
中国石油大学（北京）,不是,是,是,不是,人工智能学院,人工智能,30,全日制,260
中国石油大学（北京）,不是,是,是,不是,人工智能学院,人工智能,3,非全日制,260
中国石油大学（北京）,不是,是,是,不是,机械与储运工程学院,机械工程,45,全日制,324
中国石油大学（北京）,不是,是,是,不是,克拉玛依校区,机械工程,19,全日制,260
中国石油大学（北京）,不是,是,是,不是,新能源与材料学院,材料工程,32,全日制,324
中国石油大学（北京）,不是,是,是,不是,克拉玛依校区,材料工程,14,全日制,260
中国石油大学（北京）,不是,是,是,不是,化学工程与环境学院,化学工程,102,全日制,289
中国石油大学（北京）,不是,是,是,不是,化学工程与环境学院,化学工程,1,非全日制,289
中国石油大学（北京）,不是,是,是,不是,理学院,化学工程,38,全日制,280
中国石油大学（北京）,不是,是,是,不是,克拉玛依校区,化学工程,57,全日制,260
中国石油大学（北京）,不是,是,是,不是,克拉玛依校区,化学工程,2,非全日制,260
中国石油大学（北京）,不是,是,是,不是,化学工程与环境学院,环境工程,20,全日制,311
中国石油大学（北京）,不是,是,是,不是,化学工程与环境学院,环境工程,1,非全日制,311
中国石油大学（北京）,不是,是,是,不是,克拉玛依校区,环境工程,8,全日制,260
中国石油大学（北京）,不是,是,是,不是,克拉玛依校区,环境工程,4,非全日制,260
中国石油大学（北京）,不是,是,是,不是,安全与海洋工程学院,安全工程,46,全日制,320
中国石油大学（北京）,不是,是,是,不是,安全与海洋工程学院,安全工程,3,非全日制,320
中国石油大学（北京）,不是,是,是,不是,安全与海洋工程学院,安全工程,1,非全日制,320
中国石油大学（北京）,不是,是,是,不是,地球科学学院,地质工程,84,全日制,260
中国石油大学（北京）,不是,是,是,不是,地球科学学院,地质工程,4,非全日制,260
中国石油大学（北京）,不是,是,是,不是,地球科学学院,地质工程,1,非全日制,260
中国石油大学（北京）,不是,是,是,不是,地球物理学院,地质工程,32,全日制,260
中国石油大学（北京）,不是,是,是,不是,克拉玛依校区,地质工程,52,全日制,260
中国石油大学（北京）,不是,是,是,不是,克拉玛依校区,地质工程,4,非全日制,260
中国石油大学（北京）,不是,是,是,不是,克拉玛依校区,地质工程,6,非全日制,260
中国石油大学（北京）,不是,是,是,不是,石油工程学院,石油与天然气工程,179,全日制,269
中国石油大学（北京）,不是,是,是,不是,石油工程学院,石油与天然气工程,6,非全日制,269
中国石油大学（北京）,不是,是,是,不是,石油工程学院,石油与天然气工程,1,非全日制,269
中国石油大学（北京）,不是,是,是,不是,机械与储运工程学院,石油与天然气工程,48,全日制,287
中国石油大学（北京）,不是,是,是,不是,机械与储运工程学院,石油与天然气工程,2,非全日制,287
中国石油大学（北京）,不是,是,是,不是,机械与储运工程学院,石油与天然气工程,1,非全日制,287
中国石油大学（北京）,不是,是,是,不是,安全与海洋工程学院,石油与天然气工程,29,全日制,260
中国石油大学（北京）,不是,是,是,不是,安全与海洋工程学院,石油与天然气工程,3,非全日制,260
中国石油大学（北京）,不是,是,是,不是,克拉玛依校区,石油与天然气工程,82,全日制,260
中国石油大学（北京）,不是,是,是,不是,克拉玛依校区,石油与天然气工程,2,非全日制,260
中国石油大学（北京）,不是,是,是,不是,克拉玛依校区,石油与天然气工程,12,非全日制,260
中国石油大学（北京）,不是,是,是,不是,机械与储运工程学院,动力工程,50,全日制,260
中国石油大学（北京）,不是,是,是,不是,克拉玛依校区,动力工程,15,全日制,260
中国石油大学（北京）,不是,是,是,不是,克拉玛依校区,动力工程,2,非全日制,260
中国石油大学（北京）,不是,是,是,不是,新能源与材料学院,清洁能源技术,18,全日制,261
中国石油大学（北京）,不是,是,是,不是,新能源与材料学院,储能技术,13,全日制,263
中国石油大学（北京）,不是,是,是,不是,新能源与材料学院,储能技术,3,非全日制,263
中国石油大学（北京）,不是,是,是,不是,经济管理学院,管理科学与工程,25,全日制,333
中国石油大学（北京）,不是,是,是,不是,经济管理学院,管理科学与工程,1,非全日制,333
中国石油大学（北京）,不是,是,是,不是,经济管理学院,会计学,10,全日制,333
中国石油大学（北京）,不是,是,是,不是,经济管理学院,企业管理,7,全日制,333
中国石油大学（北京）,不是,是,是,不是,经济管理学院,技术经济及管理,5,全日制,333
中国石油大学（北京）,不是,是,是,不是,经济管理学院,工商管理,87,全日制,151
中国石油大学（北京）,不是,是,是,不是,经济管理学院,工商管理,102,非全日制,151
中国石油大学（北京）,不是,是,是,不是,克拉玛依校区,工商管理,11,非全日制,151
中国石油大学（北京）,不是,是,是,不是,经济管理学院,会计,35,全日制,194
中国石油大学（北京）,不是,是,是,不是,经济管理学院,会计,30,非全日制,194
中国石油大学（北京）,不是,是,是,不是,克拉玛依校区,会计,16,全日制,200
中国石油大学（北京）,不是,是,是,不是,地球科学学院,工程管理,2,非全日制,162
中国石油大学（北京）,不是,是,是,不是,石油工程学院,工程管理,19,非全日制,162
中国石油大学（北京）,不是,是,是,不是,化学工程与环境学院,工程管理,3,非全日制,162
中国石油大学（北京）,不是,是,是,不是,机械与储运工程学院,工程管理,6,非全日制,162
中国石油大学（北京）,不是,是,是,不是,地球物理学院,工程管理,5,非全日制,162
中国石油大学（北京）,不是,是,是,不是,理学院,工程管理,5,全日制,162
中国石油大学（北京）,不是,是,是,不是,理学院,工程管理,3,非全日制,162
中国石油大学（北京）,不是,是,是,不是,人工智能学院,工程管理,12,非全日制,162
中国石油大学（北京）,不是,是,是,不是,克拉玛依校区,工程管理,5,非全日制,162
中国石油大学（北京）,不是,是,是,不是,新能源与材料学院,新能源科学与工程,32,全日制,261
中国石油大学（北京）,不是,是,是,不是,经济管理学院,能源系统与碳管理,4,全日制,333
对外经济贸易大学,不是,是,是,不是,中国世界贸易组织研究院,世界经济,15,全日制,329
对外经济贸易大学,不是,是,是,不是,国际经济贸易学院,人口、资源与环境经济学,5,全日制,323
对外经济贸易大学,不是,是,是,不是,中国世界贸易组织研究院,世界经济,15,全日制,329
对外经济贸易大学,不是,是,是,不是,国际经济贸易学院,人口、资源与环境经济学,5,全日制,323
对外经济贸易大学,不是,是,是,不是,中国世界贸易组织研究院,国民经济学,21,全日制,329
对外经济贸易大学,不是,是,是,不是,国际经济贸易学院,财政学,7,全日制,355
对外经济贸易大学,不是,是,是,不是,国际经济贸易学院,金融学,30,全日制,335
对外经济贸易大学,不是,是,是,不是,保险学院,金融学,32,全日制,323
对外经济贸易大学,不是,是,是,不是,中国金融学院,金融学,10,全日制,335
对外经济贸易大学,不是,是,是,不是,国际经济贸易学院,产业经济学,8,全日制,350
对外经济贸易大学,不是,是,是,不是,国际经济贸易学院,国际贸易学,34,全日制,328
对外经济贸易大学,不是,是,是,不是,保险学院,劳动经济学,10,全日制,323
对外经济贸易大学,不是,是,是,不是,统计学院,统计学,9,全日制,330
对外经济贸易大学,不是,是,是,不是,国际经济贸易学院,金融,191,全日制,345
对外经济贸易大学,不是,是,是,不是,中国金融学院,金融,287,全日制,345
对外经济贸易大学,不是,是,是,不是,统计学院,应用统计,78,全日制,360
对外经济贸易大学,不是,是,是,不是,国际经济贸易学院,税务,40,全日制,340
对外经济贸易大学,不是,是,是,不是,国际经济贸易学院,国际商务,171,全日制,335
对外经济贸易大学,不是,是,是,不是,保险学院,保险,116,全日制,333
对外经济贸易大学,不是,是,是,不是,国际经济贸易学院,数字经济,30,非全日制,323
对外经济贸易大学,不是,是,是,不是,中国金融学院,数字经济,20,非全日制,323
对外经济贸易大学,不是,是,是,不是,法学院,法学理论,3,全日制,323
对外经济贸易大学,不是,是,是,不是,法学院,宪法学与行政法学,4,全日制,323
对外经济贸易大学,不是,是,是,不是,法学院,刑法学,3,全日制,329
对外经济贸易大学,不是,是,是,不是,法学院,民商法学,19,全日制,327
对外经济贸易大学,不是,是,是,不是,法学院,诉讼法学,4,全日制,323
对外经济贸易大学,不是,是,是,不是,法学院,经济法学,15,全日制,337
对外经济贸易大学,不是,是,是,不是,法学院,国际法学,34,全日制,329
对外经济贸易大学,不是,是,是,不是,国际关系学院,政治学理论,10,全日制,338
对外经济贸易大学,不是,是,是,不是,国际关系学院,国际关系,8,全日制,355
对外经济贸易大学,不是,是,是,不是,马克思主义学院,马克思主义基本原理,6,全日制,323
对外经济贸易大学,不是,是,是,不是,马克思主义学院,马克思主义中国化研究,7,全日制,323
对外经济贸易大学,不是,是,是,不是,马克思主义学院,思想政治教育,7,全日制,323
对外经济贸易大学,不是,是,是,不是,马克思主义学院,中国近现代史基本问题研究,6,全日制,323
对外经济贸易大学,不是,是,是,不是,法学院,法律（非法学）,45,全日制,326
对外经济贸易大学,不是,是,是,不是,法学院,法律（法学）,61,全日制,334
对外经济贸易大学,不是,是,是,不是,国际关系学院,国际事务,20,全日制,348
对外经济贸易大学,不是,是,是,不是,英语学院,英语语言文学,4,全日制,394
对外经济贸易大学,不是,是,是,不是,外语学院,俄语语言文学,5,全日制,385
对外经济贸易大学,不是,是,是,不是,外语学院,法语语言文学,6,全日制,385
对外经济贸易大学,不是,是,是,不是,外语学院,德语语言文学,7,全日制,371
对外经济贸易大学,不是,是,是,不是,外语学院,日语语言文学,4,全日制,385
对外经济贸易大学,不是,是,是,不是,外语学院,西班牙语语言文学,6,全日制,365
对外经济贸易大学,不是,是,是,不是,外语学院,阿拉伯语语言文学,6,全日制,369
对外经济贸易大学,不是,是,是,不是,外语学院,欧洲语言文学,3,全日制,365
对外经济贸易大学,不是,是,是,不是,外语学院,亚非语言文学,5,全日制,385
对外经济贸易大学,不是,是,是,不是,英语学院,外国语言学及应用语言学,20,全日制,392
对外经济贸易大学,不是,是,是,不是,英语学院,英语笔译,36,全日制,351
对外经济贸易大学,不是,是,是,不是,英语学院,英语口译,85,全日制,351
对外经济贸易大学,不是,是,是,不是,外语学院,俄语口译,11,全日制,351
对外经济贸易大学,不是,是,是,不是,外语学院,日语口译,33,全日制,371
对外经济贸易大学,不是,是,是,不是,外语学院,朝鲜语口译,32,全日制,361
对外经济贸易大学,不是,是,是,不是,统计学院,应用数学,9,全日制,274
对外经济贸易大学,不是,是,是,不是,统计学院,运筹学与控制论,6,全日制,274
对外经济贸易大学,不是,是,是,不是,统计学院,统计学,9,全日制,300
对外经济贸易大学,不是,是,是,不是,信息学院,管理科学与工程,28,全日制,359
对外经济贸易大学,不是,是,是,不是,国际商学院,企业管理,22,全日制,350
对外经济贸易大学,不是,是,是,不是,国际商学院,技术经济及管理,7,全日制,333
对外经济贸易大学,不是,是,是,不是,政府管理学院,行政管理,16,全日制,333
对外经济贸易大学,不是,是,是,不是,政府管理学院,社会保障,4,全日制,333
对外经济贸易大学,不是,是,是,不是,国际商学院,工商管理,180,非全日制,151
对外经济贸易大学,不是,是,是,不是,政府管理学院,公共管理,8,全日制,164
对外经济贸易大学,不是,是,是,不是,政府管理学院,公共管理,120,非全日制,164
对外经济贸易大学,不是,是,是,不是,国际商学院,会计,127,全日制,233
对外经济贸易大学,不是,是,是,不是,国际商学院,审计,40,非全日制,194
对外经济贸易大学,不是,是,是,不是,信息学院,智能科学与技术,28,全日制,280
对外经济贸易大学,不是,是,是,不是,中国金融学院,金融工程,15,全日制,348
对外经济贸易大学,不是,是,是,不是,国际经济贸易学院,运输经济与物流,8,全日制,323
对外经济贸易大学,不是,是,是,不是,国际经济贸易学院,能源与低碳经济学,3,全日制,323
对外经济贸易大学,不是,是,是,不是,国际关系学院,全球治理,8,全日制,338
对外经济贸易大学,不是,是,是,不是,国际发展合作学院,国际发展,15,全日制,323
对外经济贸易大学,不是,是,是,不是,政府管理学院,公共经济管理,6,全日制,333
对外经济贸易大学,不是,是,是,不是,政府管理学院,海关管理,9,全日制,333
对外经济贸易大学,不是,是,是,不是,政府管理学院,文化产业管理,5,全日制,333
对外经济贸易大学,不是,是,是,不是,保险学院,精算学,17,全日制,333
中国政法大学,不是,是,是,不是,商学院,理论经济学,7,全日制,323
中国政法大学,不是,是,是,不是,商学院,应用经济学,6,全日制,323
中国政法大学,不是,是,是,不是,商学院,金融,28,全日制,323
中国政法大学,不是,是,是,不是,商学院,金融,15,非全日制,323
中国政法大学,不是,是,是,不是,商学院,理论经济学,7,全日制,323
中国政法大学,不是,是,是,不是,商学院,应用经济学,6,全日制,323
中国政法大学,不是,是,是,不是,商学院,金融,28,全日制,323
中国政法大学,不是,是,是,不是,商学院,金融,15,非全日制,323
中国政法大学,不是,是,是,不是,商学院,国际商务,22,全日制,323
中国政法大学,不是,是,是,不是,商学院,国际商务,10,非全日制,323
中国政法大学,不是,是,是,不是,法学院,法学理论,9,全日制,360
中国政法大学,不是,是,是,不是,人文学院,法学理论,1,全日制,360
中国政法大学,不是,是,是,不是,法学院,法律史,7,全日制,360
中国政法大学,不是,是,是,不是,法学院,宪法学与行政法学,34,全日制,360
中国政法大学,不是,是,是,不是,中欧法学院,宪法学与行政法学,3,全日制,360
中国政法大学,不是,是,是,不是,刑事司法学院,刑法学,33,全日制,370
中国政法大学,不是,是,是,不是,刑事司法学院,刑法学,4,全日制,370
中国政法大学,不是,是,是,不是,中欧法学院,刑法学,4,全日制,360
中国政法大学,不是,是,是,不是,民商经济法学院,民商法学,41,全日制,360
中国政法大学,不是,是,是,不是,中欧法学院,民商法学,11,全日制,360
中国政法大学,不是,是,是,不是,民商经济法学院,诉讼法学,27,全日制,360
中国政法大学,不是,是,是,不是,民商经济法学院,诉讼法学,1,全日制,360
中国政法大学,不是,是,是,不是,刑事司法学院,诉讼法学,33,全日制,360
中国政法大学,不是,是,是,不是,中欧法学院,诉讼法学,3,全日制,360
中国政法大学,不是,是,是,不是,民商经济法学院,经济法学,27,全日制,360
中国政法大学,不是,是,是,不是,民商经济法学院,经济法学,1,全日制,360
中国政法大学,不是,是,是,不是,中欧法学院,经济法学,11,全日制,360
中国政法大学,不是,是,是,不是,民商经济法学院,环境与资源保护法学,9,全日制,360
中国政法大学,不是,是,是,不是,民商经济法学院,环境与资源保护法学,1,全日制,360
中国政法大学,不是,是,是,不是,国际法学院,国际法学,41,全日制,365
中国政法大学,不是,是,是,不是,中欧法学院,国际法学,8,全日制,360
中国政法大学,不是,是,是,不是,法学院,军事法学,2,全日制,360
中国政法大学,不是,是,是,不是,政治与公共管理学院,政治学,16,全日制,360
中国政法大学,不是,是,是,不是,社会学院,社会学,5,全日制,330
中国政法大学,不是,是,是,不是,纪检监察学院,纪检监察学,22,全日制,335
中国政法大学,不是,是,是,不是,证据科学研究院,法律（非法学）,19,全日制,335
中国政法大学,不是,是,是,不是,法学院,法律（法学）,29,全日制,340
中国政法大学,不是,是,是,不是,民商经济法学院,法律（法学）,24,全日制,340
中国政法大学,不是,是,是,不是,社会学院,社会工作,7,全日制,323
中国政法大学,不是,是,是,不是,社会学院,心理学,5,全日制,345
中国政法大学,不是,是,是,不是,人文学院,国际中文教育,5,全日制,341
中国政法大学,不是,是,是,不是,社会学院,应用心理,15,非全日制,341
中国政法大学,不是,是,是,不是,外国语学院,英语语言文学,3,全日制,351
中国政法大学,不是,是,是,不是,外国语学院,俄语语言文学,2,全日制,365
中国政法大学,不是,是,是,不是,外国语学院,法语语言文学,3,全日制,351
中国政法大学,不是,是,是,不是,外国语学院,德语语言文学,2,全日制,351
中国政法大学,不是,是,是,不是,外国语学院,外国语言学及应用语言学,2,全日制,351
中国政法大学,不是,是,是,不是,光明新闻传播学院,新闻传播学,9,全日制,365
中国政法大学,不是,是,是,不是,外国语学院,翻译,30,全日制,351
中国政法大学,不是,是,是,不是,光明新闻传播学院,新闻与传播,19,全日制,355
中国政法大学,不是,是,是,不是,人文学院,中国史,11,全日制,336
中国政法大学,不是,是,是,不是,商学院,工商管理学,9,全日制,333
中国政法大学,不是,是,是,不是,政治与公共管理学院,公共管理学,15,全日制,333
中国政法大学,不是,是,是,不是,商学院,工商管理,70,全日制,151
中国政法大学,不是,是,是,不是,商学院,工商管理,37,非全日制,151
中国政法大学,不是,是,是,不是,政治与公共管理学院,公共管理,100,非全日制,178
中国政法大学,不是,是,是,不是,商学院,审计,21,全日制,194
中国政法大学,不是,是,是,不是,商学院,审计,15,非全日制,194
中国政法大学,不是,是,是,不是,法学院,法与经济学,14,全日制,365
中国政法大学,不是,是,是,不是,法学院,法律职业伦理,4,全日制,360
中国政法大学,不是,是,是,不是,民商经济法学院,知识产权法学,11,全日制,360
中国政法大学,不是,是,是,不是,民商经济法学院,知识产权法学,1,全日制,360
中国政法大学,不是,是,是,不是,民商经济法学院,社会法学,2,全日制,375
中国政法大学,不是,是,是,不是,数据法治研究院,数据法学,5,全日制,360
中国政法大学,不是,是,是,不是,数据法治研究院,数据法学,1,全日制,360
中国政法大学,不是,是,是,不是,人文学院,法治文化,4,全日制,360
北京邮电大学,不是,是,是,不是,经济管理学院,应用经济学,14,全日制,334
北京邮电大学,不是,是,是,不是,经济管理学院,国际商务,23,全日制,323
北京邮电大学,不是,是,是,不是,人文学院,法学,10,全日制,347
北京邮电大学,不是,是,是,不是,马克思主义学院,马克思主义理论,32,全日制,331
北京邮电大学,不是,是,是,不是,人文学院,法律（非法学）,7,全日制,323
北京邮电大学,不是,是,是,不是,经济管理学院,应用经济学,14,全日制,334
北京邮电大学,不是,是,是,不是,经济管理学院,国际商务,23,全日制,323
北京邮电大学,不是,是,是,不是,人文学院,法学,10,全日制,347
北京邮电大学,不是,是,是,不是,马克思主义学院,马克思主义理论,32,全日制,331
北京邮电大学,不是,是,是,不是,人文学院,法律（非法学）,7,全日制,323
北京邮电大学,不是,是,是,不是,人文学院,教育学,7,全日制,341
北京邮电大学,不是,是,是,不是,人文学院,国际中文教育,13,全日制,346
北京邮电大学,不是,是,是,不是,人文学院,外国语言文学,22,全日制,351
北京邮电大学,不是,是,是,不是,数字媒体与设计艺术学院,新闻传播学,15,全日制,357
北京邮电大学,不是,是,是,不是,人文学院,翻译,17,全日制,365
北京邮电大学,不是,是,是,不是,数字媒体与设计艺术学院,新闻与传播,18,全日制,351
北京邮电大学,不是,是,是,不是,人文学院,教育技术学,10,全日制,274
北京邮电大学,不是,是,是,不是,智能工程与自动化学院,机械工程,38,全日制,310
北京邮电大学,不是,是,是,不是,电子工程学院,光学工程,16,全日制,295
北京邮电大学,不是,是,是,不是,电子工程学院,电子科学与技术,282,全日制,279
北京邮电大学,不是,是,是,不是,信息与通信工程学院,信息与通信工程,312,全日制,318
北京邮电大学,不是,是,是,不是,智能工程与自动化学院,控制科学与工程,45,全日制,313
北京邮电大学,不是,是,是,不是,计算机学院（国家示范性软件学院）,计算机科学与技术,237,全日制,331
北京邮电大学,不是,是,是,不是,计算机学院（国家示范性软件学院）,软件工程,36,全日制,320
北京邮电大学,不是,是,是,不是,网络空间安全学院,网络空间安全,124,全日制,324
北京邮电大学,不是,是,是,不是,电子工程学院,新一代电子信息技术（含量子技术等）,267,全日制,301
北京邮电大学,不是,是,是,不是,信息与通信工程学院,通信工程（含宽带网络、移动通信等）,314,全日制,302
北京邮电大学,不是,是,是,不是,集成电路学院,集成电路工程,68,全日制,288
北京邮电大学,不是,是,是,不是,计算机学院（国家示范性软件学院）,计算机技术,218,全日制,319
北京邮电大学,不是,是,是,不是,计算机学院（国家示范性软件学院）,软件工程,23,全日制,343
北京邮电大学,不是,是,是,不是,智能工程与自动化学院,控制工程,33,全日制,272
北京邮电大学,不是,是,是,不是,人工智能学院,人工智能,123,全日制,300
北京邮电大学,不是,是,是,不是,网络空间安全学院,网络与信息安全,103,全日制,303
北京邮电大学,不是,是,是,不是,智能工程与自动化学院,机械工程,46,全日制,363
北京邮电大学,不是,是,是,不是,经济管理学院,管理科学与工程,50,全日制,305
北京邮电大学,不是,是,是,不是,经济管理学院,工商管理学,29,全日制,334
北京邮电大学,不是,是,是,不是,经济管理学院,公共管理学,18,全日制,333
北京邮电大学,不是,是,是,不是,经济管理学院,工商管理,210,非全日制,151
北京邮电大学,不是,是,是,不是,经济管理学院,公共管理,40,非全日制,188
北京邮电大学,不是,是,是,不是,经济管理学院,会计,30,全日制,227
北京邮电大学,不是,是,是,不是,经济管理学院,工程管理,200,非全日制,163
北京邮电大学,不是,是,是,不是,数字媒体与设计艺术学院,设计,19,全日制,351
北京邮电大学,不是,是,是,不是,数字媒体与设计艺术学院,设计,28,非全日制,351
北京邮电大学,不是,是,是,不是,集成电路学院,集成电路科学与工程,39,全日制,271
北京邮电大学,不是,是,是,不是,数字媒体与设计艺术学院,设计学,15,全日制,329
北京邮电大学,不是,是,是,不是,网络空间安全学院,密码,15,全日制,300
北京邮电大学,不是,是,是,不是,智能工程与自动化学院,物流工程,8,全日制,278
北京邮电大学,不是,是,是,不是,数字媒体与设计艺术学院,数字媒体技术,18,全日制,340
北京工业大学,不是,是,是,不是,经济与管理学院,应用经济学,28,全日制,328
北京工业大学,不是,是,是,不是,经济与管理学院,金融,25,全日制,323
北京工业大学,不是,是,是,不是,数学统计学与力学学院,应用统计,32,全日制,375
北京工业大学,不是,是,是,不是,社会学院,社会学,24,全日制,323
北京工业大学,不是,是,是,不是,马克思主义学院,马克思主义理论,20,全日制,351
北京工业大学,不是,是,是,不是,经济与管理学院,应用经济学,28,全日制,328
北京工业大学,不是,是,是,不是,经济与管理学院,金融,25,全日制,323
北京工业大学,不是,是,是,不是,数学统计学与力学学院,应用统计,32,全日制,375
北京工业大学,不是,是,是,不是,社会学院,社会学,24,全日制,323
北京工业大学,不是,是,是,不是,马克思主义学院,马克思主义理论,20,全日制,351
北京工业大学,不是,是,是,不是,社会学院,社会工作,10,全日制,323
北京工业大学,不是,是,是,不是,社会学院,社会工作,25,非全日制,323
北京工业大学,不是,是,是,不是,经济与管理学院,知识产权,5,全日制,323
北京工业大学,不是,是,是,不是,经济与管理学院,知识产权,10,非全日制,323
北京工业大学,不是,是,是,不是,马克思主义学院,教育学,13,全日制,341
北京工业大学,不是,是,是,不是,马克思主义学院,教育管理,10,非全日制,341
北京工业大学,不是,是,是,不是,马克思主义学院,现代教育技术,5,全日制,341
北京工业大学,不是,是,是,不是,马克思主义学院,心理健康教育,14,全日制,341
北京工业大学,不是,是,是,不是,外国语学院,外国语言文学,12,全日制,351
北京工业大学,不是,是,是,不是,数学统计学与力学学院,数学,54,全日制,274
北京工业大学,不是,是,是,不是,物理与光电工程学院,物理学,48,全日制,274
北京工业大学,不是,是,是,不是,化学与生命科学学院,化学,31,全日制,317
北京工业大学,不是,是,是,不是,化学与生命科学学院,生物学,27,全日制,289
北京工业大学,不是,是,是,不是,数学统计学与力学学院,统计学,22,全日制,292
北京工业大学,不是,是,是,不是,数学统计学与力学学院,力学,28,全日制,271
北京工业大学,不是,是,是,不是,机械与能源工程学院,机械工程,84,全日制,271
北京工业大学,不是,是,是,不是,物理与光电工程学院,光学工程,53,全日制,260
北京工业大学,不是,是,是,不是,信息科学技术学院,仪器科学与技术,12,全日制,260
北京工业大学,不是,是,是,不是,材料科学与工程学院,材料科学与工程,122,全日制,272
北京工业大学,不是,是,是,不是,机械与能源工程学院,动力工程及工程热物理,29,全日制,253
北京工业大学,不是,是,是,不是,信息科学技术学院,电子科学与技术,58,全日制,260
北京工业大学,不是,是,是,不是,信息科学技术学院,信息与通信工程,31,全日制,318
北京工业大学,不是,是,是,不是,信息科学技术学院,控制科学与工程,82,全日制,310
北京工业大学,不是,是,是,不是,计算机学院,计算机科学与技术,65,全日制,313
北京工业大学,不是,是,是,不是,建筑与城市规划学院,建筑学,7,全日制,300
北京工业大学,不是,是,是,不是,建筑工程学院,土木工程,156,全日制,260
北京工业大学,不是,是,是,不是,建筑工程学院,水利工程,12,全日制,251
北京工业大学,不是,是,是,不是,材料科学与工程学院,化学工程与技术,29,全日制,260
北京工业大学,不是,是,是,不是,城市交通学院,交通运输工程,35,全日制,290
北京工业大学,不是,是,是,不是,环境科学与工程学院,环境科学与工程,48,全日制,296
北京工业大学,不是,是,是,不是,化学与生命科学学院,生物医学工程,13,全日制,270
北京工业大学,不是,是,是,不是,建筑与城市规划学院,城乡规划学,28,全日制,306
北京工业大学,不是,是,是,不是,计算机学院,软件工程,21,全日制,304
北京工业大学,不是,是,是,不是,计算机学院,网络空间安全,6,全日制,260
北京工业大学,不是,是,是,不是,建筑与城市规划学院,建筑,33,全日制,315
北京工业大学,不是,是,是,不是,建筑与城市规划学院,建筑,5,非全日制,315
北京工业大学,不是,是,是,不是,建筑与城市规划学院,城乡规划,17,全日制,270
北京工业大学,不是,是,是,不是,建筑与城市规划学院,城乡规划,5,非全日制,270
北京工业大学,不是,是,是,不是,信息科学技术学院,通信工程（含宽带网络、移动通信等）,52,全日制,340
北京工业大学,不是,是,是,不是,信息科学技术学院,集成电路工程,99,全日制,342
北京工业大学,不是,是,是,不是,计算机学院,计算机技术,109,全日制,331
北京工业大学,不是,是,是,不是,计算机学院,软件工程,104,全日制,325
北京工业大学,不是,是,是,不是,信息科学技术学院,控制工程,97,全日制,340
北京工业大学,不是,是,是,不是,信息科学技术学院,控制工程,5,非全日制,340
北京工业大学,不是,是,是,不是,信息科学技术学院,仪器仪表工程,12,全日制,289
北京工业大学,不是,是,是,不是,物理与光电工程学院,光电信息工程,63,全日制,260
北京工业大学,不是,是,是,不是,化学与生命科学学院,生物医学工程,38,全日制,300
北京工业大学,不是,是,是,不是,机械与能源工程学院,机械工程,165,全日制,295
北京工业大学,不是,是,是,不是,艺术设计学院,工业设计工程,15,全日制,358
北京工业大学,不是,是,是,不是,材料科学与工程学院,材料与化工,29,全日制,271
北京工业大学,不是,是,是,不是,材料科学与工程学院,材料工程,127,全日制,294
北京工业大学,不是,是,是,不是,环境科学与工程学院,环境工程,91,全日制,301
北京工业大学,不是,是,是,不是,机械与能源工程学院,能源动力,49,全日制,311
北京工业大学,不是,是,是,不是,建筑工程学院,土木水利,290,全日制,260
北京工业大学,不是,是,是,不是,化学与生命科学学院,生物与医药,10,全日制,260
北京工业大学,不是,是,是,不是,城市交通学院,交通运输,64,全日制,283
北京工业大学,不是,是,是,不是,经济与管理学院,管理科学与工程,29,全日制,333
北京工业大学,不是,是,是,不是,经济与管理学院,工商管理学,14,全日制,333
北京工业大学,不是,是,是,不是,经济与管理学院,工商管理,144,非全日制,155
北京工业大学,不是,是,是,不是,经济与管理学院,公共管理,50,非全日制,170
北京工业大学,不是,是,是,不是,社会学院,公共管理,31,非全日制,164
北京工业大学,不是,是,是,不是,经济与管理学院,会计,22,全日制,228
北京工业大学,不是,是,是,不是,艺术设计学院,美术与书法,12,全日制,351
北京工业大学,不是,是,是,不是,艺术设计学院,设计,25,全日制,367
北京工业大学,不是,是,是,不是,艺术设计学院,设计学,25,全日制,352
北京工业大学,不是,是,是,不是,经济与管理学院,资源环境与循环经济,4,全日制,323
北京工业大学,不是,是,是,不是,材料科学与工程学院,资源环境与循环经济,3,全日制,323
北京工业大学,不是,是,是,不是,材料科学与工程学院,资源环境与循环经济,8,全日制,260
北京化工大学,不是,是,是,不是,文法学院,法学,36,全日制,323
北京化工大学,不是,是,是,不是,马克思主义学院,马克思主义理论,31,全日制,323
北京化工大学,不是,是,是,不是,文法学院,法律（非法学）,27,全日制,323
北京化工大学,不是,是,是,不是,文法学院,法律（法学）,9,全日制,323
北京化工大学,不是,是,是,不是,数理学院,数学,22,全日制,274
北京化工大学,不是,是,是,不是,文法学院,法学,36,全日制,323
北京化工大学,不是,是,是,不是,马克思主义学院,马克思主义理论,31,全日制,323
北京化工大学,不是,是,是,不是,文法学院,法律（非法学）,27,全日制,323
北京化工大学,不是,是,是,不是,文法学院,法律（法学）,9,全日制,323
北京化工大学,不是,是,是,不是,数理学院,数学,22,全日制,274
北京化工大学,不是,是,是,不是,数理学院,物理学,25,全日制,274
北京化工大学,不是,是,是,不是,材料科学与工程学院,化学,26,全日制,320
北京化工大学,不是,是,是,不是,化学学院,化学,148,全日制,320
北京化工大学,不是,是,是,不是,软物质科学与工程高精尖创新中心,化学,6,全日制,274
北京化工大学,不是,是,是,不是,机电工程学院,工程力学,3,全日制,251
北京化工大学,不是,是,是,不是,机电工程学院,机械工程,42,全日制,290
北京化工大学,不是,是,是,不是,材料科学与工程学院,材料科学与工程,317,全日制,280
北京化工大学,不是,是,是,不是,软物质科学与工程高精尖创新中心,材料科学与工程,7,全日制,260
北京化工大学,不是,是,是,不是,机电工程学院,动力工程及工程热物理,51,全日制,251
北京化工大学,不是,是,是,不是,数理学院,电子科学与技术,13,全日制,260
北京化工大学,不是,是,是,不是,信息科学与技术学院,信息与通信工程,15,全日制,261
北京化工大学,不是,是,是,不是,信息科学与技术学院,控制科学与工程,66,全日制,314
北京化工大学,不是,是,是,不是,信息科学与技术学院,计算机科学与技术,36,全日制,286
北京化工大学,不是,是,是,不是,化学工程学院,化学工程与技术,208,全日制,300
北京化工大学,不是,是,是,不是,化学学院,化学工程与技术,20,全日制,270
北京化工大学,不是,是,是,不是,生命科学与技术学院,化学工程与技术,20,全日制,270
北京化工大学,不是,是,是,不是,软物质科学与工程高精尖创新中心,化学工程与技术,5,全日制,260
北京化工大学,不是,是,是,不是,化学工程学院,环境科学与工程,40,全日制,260
北京化工大学,不是,是,是,不是,生命科学与技术学院,生物医学工程,20,全日制,265
北京化工大学,不是,是,是,不是,生命科学与技术学院,生物工程,34,全日制,262
北京化工大学,不是,是,是,不是,软物质科学与工程高精尖创新中心,生物工程,3,全日制,260
北京化工大学,不是,是,是,不是,机电工程学院,安全科学与工程,10,全日制,260
北京化工大学,不是,是,是,不是,信息科学与技术学院,新一代电子信息技术（含量子技术等）,24,全日制,263
北京化工大学,不是,是,是,不是,信息科学与技术学院,计算机技术,30,全日制,284
北京化工大学,不是,是,是,不是,信息科学与技术学院,控制工程,55,全日制,325
北京化工大学,不是,是,是,不是,机电工程学院,机械,133,全日制,320
北京化工大学,不是,是,是,不是,机电工程学院,机械,3,非全日制,320
北京化工大学,不是,是,是,不是,机电工程学院,机械,2,非全日制,320
北京化工大学,不是,是,是,不是,艺术与设计系,工业设计工程,25,全日制,332
北京化工大学,不是,是,是,不是,艺术与设计系,工业设计工程,2,非全日制,332
北京化工大学,不是,是,是,不是,化学工程学院,材料与化工,152,全日制,300
北京化工大学,不是,是,是,不是,化学工程学院,材料与化工,2,非全日制,300
北京化工大学,不是,是,是,不是,化学工程学院,材料与化工,5,非全日制,300
北京化工大学,不是,是,是,不是,材料科学与工程学院,材料与化工,204,全日制,260
北京化工大学,不是,是,是,不是,材料科学与工程学院,材料与化工,3,非全日制,260
北京化工大学,不是,是,是,不是,材料科学与工程学院,材料与化工,5,非全日制,260
北京化工大学,不是,是,是,不是,化学学院,材料与化工,132,全日制,270
北京化工大学,不是,是,是,不是,化学学院,材料与化工,3,非全日制,270
北京化工大学,不是,是,是,不是,巴黎居里工程师学院,材料与化工,35,全日制,265
北京化工大学,不是,是,是,不是,软物质科学与工程高精尖创新中心,材料与化工,26,全日制,260
北京化工大学,不是,是,是,不是,化学工程学院,资源与环境,37,全日制,260
北京化工大学,不是,是,是,不是,化学工程学院,资源与环境,1,非全日制,260
北京化工大学,不是,是,是,不是,生命科学与技术学院,生物与医药,106,全日制,290
北京化工大学,不是,是,是,不是,生命科学与技术学院,生物与医药,1,非全日制,290
北京化工大学,不是,是,是,不是,软物质科学与工程高精尖创新中心,生物与医药,10,全日制,260
北京化工大学,不是,是,是,不是,生命科学与技术学院,药学,25,全日制,315
北京化工大学,不是,是,是,不是,经济管理学院,管理科学与工程,30,全日制,337
北京化工大学,不是,是,是,不是,经济管理学院,会计学,10,全日制,334
北京化工大学,不是,是,是,不是,经济管理学院,企业管理,10,全日制,333
北京化工大学,不是,是,是,不是,经济管理学院,技术经济及管理,10,全日制,333
北京化工大学,不是,是,是,不是,文法学院,公共管理学,33,全日制,333
北京化工大学,不是,是,是,不是,经管学院专硕中心,工商管理,100,非全日制,151
北京化工大学,不是,是,是,不是,文法学院,公共管理,32,全日制,168
北京化工大学,不是,是,是,不是,文法学院,公共管理,2,非全日制,168
北京外国语大学,不是,是,是,不是,国际商学院,金融学,0,全日制,323
北京外国语大学,不是,是,是,不是,国际商学院,国际贸易学,0,全日制,323
北京外国语大学,不是,是,是,不是,国际商学院,金融,25,全日制,323
北京外国语大学,不是,是,是,不是,国际商学院,国际商务,18,全日制,334
北京外国语大学,不是,是,是,不是,法学院,法学理论,0,全日制,323
北京外国语大学,不是,是,是,不是,国际商学院,金融学,0,全日制,323
北京外国语大学,不是,是,是,不是,国际商学院,国际贸易学,0,全日制,323
北京外国语大学,不是,是,是,不是,国际商学院,金融,25,全日制,323
北京外国语大学,不是,是,是,不是,国际商学院,国际商务,18,全日制,334
北京外国语大学,不是,是,是,不是,法学院,法学理论,0,全日制,323
北京外国语大学,不是,是,是,不是,法学院,宪法学与行政法学,0,全日制,323
北京外国语大学,不是,是,是,不是,法学院,刑法学,0,全日制,323
北京外国语大学,不是,是,是,不是,法学院,民商法学,0,全日制,323
北京外国语大学,不是,是,是,不是,法学院,国际法学,0,全日制,323
北京外国语大学,不是,是,是,不是,国际关系学院,政治学理论,0,全日制,323
北京外国语大学,不是,是,是,不是,国际关系学院,中外政治制度,0,全日制,323
北京外国语大学,不是,是,是,不是,国际关系学院,国际关系,0,全日制,323
北京外国语大学,不是,是,是,不是,国际关系学院,外交学,0,全日制,323
北京外国语大学,不是,是,是,不是,马克思主义学院,马克思主义基本原理,0,全日制,354
北京外国语大学,不是,是,是,不是,马克思主义学院,马克思主义中国化研究,2,全日制,354
北京外国语大学,不是,是,是,不是,马克思主义学院,思想政治教育,0,全日制,354
北京外国语大学,不是,是,是,不是,法学院,法律（非法学）,31,全日制,323
北京外国语大学,不是,是,是,不是,法学院,法律（法学）,34,全日制,323
北京外国语大学,不是,是,是,不是,人工智能与人类语言重点实验室,教育技术学,4,全日制,341
北京外国语大学,不是,是,是,不是,中国语言文学学院,国际中文教育,53,全日制,367
北京外国语大学,不是,是,是,不是,中国语言文学学院,文艺学,2,全日制,351
北京外国语大学,不是,是,是,不是,中国语言文学学院,语言学及应用语言学,3,全日制,351
北京外国语大学,不是,是,是,不是,中国语言文学学院,汉语言文字学,2,全日制,351
北京外国语大学,不是,是,是,不是,中国语言文学学院,中国古代文学,3,全日制,351
北京外国语大学,不是,是,是,不是,中国语言文学学院,中国现当代文学,2,全日制,376
北京外国语大学,不是,是,是,不是,中国语言文学学院,比较文学与世界文学,5,全日制,351
北京外国语大学,不是,是,是,不是,英语学院,英语语言文学,38,全日制,351
北京外国语大学,不是,是,是,不是,俄语学院,俄语语言文学,7,全日制,351
北京外国语大学,不是,是,是,不是,法语语言文化学院,法语语言文学,4,全日制,351
北京外国语大学,不是,是,是,不是,德语学院,德语语言文学,10,全日制,351
北京外国语大学,不是,是,是,不是,外国文学研究所,德语语言文学,0,全日制,351
北京外国语大学,不是,是,是,不是,日语学院、日本学研究中心,日语语言文学,24,全日制,351
北京外国语大学,不是,是,是,不是,西班牙语葡萄牙语学院,西班牙语语言文学,4,全日制,351
北京外国语大学,不是,是,是,不是,阿拉伯学院,阿拉伯语语言文学,4,全日制,351
北京外国语大学,不是,是,是,不是,西班牙语葡萄牙语学院,欧洲语言文学,0,全日制,351
北京外国语大学,不是,是,是,不是,欧洲语言文化学院,欧洲语言文学,11,全日制,351
北京外国语大学,不是,是,是,不是,亚洲学院,亚非语言文学,0,全日制,351
北京外国语大学,不是,是,是,不是,非洲学院,亚非语言文学,10,全日制,351
北京外国语大学,不是,是,是,不是,中国外语与教育研究中心,外国语言学及应用语言学,8,全日制,351
北京外国语大学,不是,是,是,不是,国际新闻与传播学院,新闻学,5,全日制,351
北京外国语大学,不是,是,是,不是,国际新闻与传播学院,传播学,3,全日制,351
北京外国语大学,不是,是,是,不是,英语学院,英语笔译,0,全日制,351
北京外国语大学,不是,是,是,不是,专用英语学院,英语笔译,45,全日制,364
北京外国语大学,不是,是,是,不是,英语学院,英语口译,26,全日制,361
北京外国语大学,不是,是,是,不是,高级翻译学院,英语口译,49,全日制,351
北京外国语大学,不是,是,是,不是,俄语学院,俄语口译,16,全日制,367
北京外国语大学,不是,是,是,不是,日语学院,日语口译,8,全日制,367
北京外国语大学,不是,是,是,不是,法语语言文化学院,法语口译,9,全日制,351
北京外国语大学,不是,是,是,不是,德语学院,德语笔译,3,全日制,351
北京外国语大学,不是,是,是,不是,德语学院,德语口译,5,全日制,351
北京外国语大学,不是,是,是,不是,亚洲学院,朝鲜语口译,1,全日制,351
北京外国语大学,不是,是,是,不是,西班牙语葡萄牙语学院,西班牙语笔译,0,全日制,351
北京外国语大学,不是,是,是,不是,西班牙语葡萄牙语学院,西班牙语口译,0,全日制,351
北京外国语大学,不是,是,是,不是,阿拉伯学院,阿拉伯语笔译,0,全日制,351
北京外国语大学,不是,是,是,不是,阿拉伯学院,阿拉伯语口译,0,全日制,351
北京外国语大学,不是,是,是,不是,欧洲语言文化学院,意大利语口译,5,全日制,351
北京外国语大学,不是,是,是,不是,国际新闻与传播学院,新闻与传播,58,全日制,351
北京外国语大学,不是,是,是,不是,历史学院,世界史,5,全日制,336
北京外国语大学,不是,是,是,不是,信息科学技术学院,管理科学与工程,5,全日制,333
北京外国语大学,不是,是,是,不是,国际商学院,会计学,0,全日制,333
北京外国语大学,不是,是,是,不是,国际商学院,企业管理,0,全日制,333
北京外国语大学,不是,是,是,不是,国际商学院,工商管理,50,全日制,151
北京外国语大学,不是,是,是,不是,国际商学院,会计,42,全日制,229
北京外国语大学,不是,是,是,不是,法学院,知识产权法,0,全日制,323
北京外国语大学,不是,是,是,不是,英语学院,翻译学,14,全日制,351
北京外国语大学,不是,是,是,不是,高级翻译学院,翻译学,0,全日制,371
北京外国语大学,不是,是,是,不是,国际中国文化研究院,比较文学与跨文化研究,10,全日制,351
北京外国语大学,不是,是,是,不是,国际商学院,金融工程与风险管理,0,全日制,333
北京外国语大学,不是,是,是,不是,国际商学院,数据科学与全球治理,0,全日制,333
中国地质大学（北京）,不是,是,是,不是,经济管理学院,应用经济学,28,全日制,323
中国地质大学（北京）,不是,是,是,不是,经济管理学院,金融,10,全日制,323
中国地质大学（北京）,不是,是,是,不是,经济管理学院,金融,9,非全日制,323
中国地质大学（北京）,不是,是,是,不是,数理学院,应用统计,18,全日制,323
中国地质大学（北京）,不是,是,是,不是,数理学院,应用统计,20,非全日制,323
中国地质大学（北京）,不是,是,是,不是,经济管理学院,应用经济学,28,全日制,323
中国地质大学（北京）,不是,是,是,不是,经济管理学院,金融,10,全日制,323
中国地质大学（北京）,不是,是,是,不是,经济管理学院,金融,9,非全日制,323
中国地质大学（北京）,不是,是,是,不是,数理学院,应用统计,18,全日制,323
中国地质大学（北京）,不是,是,是,不是,数理学院,应用统计,20,非全日制,323
中国地质大学（北京）,不是,是,是,不是,数理学院,应用统计,1,非全日制,323
中国地质大学（北京）,不是,是,是,不是,经济管理学院,法学,10,全日制,323
中国地质大学（北京）,不是,是,是,不是,马克思主义学院,马克思主义理论,30,全日制,323
中国地质大学（北京）,不是,是,是,不是,马克思主义学院,马克思主义理论,1,非全日制,323
中国地质大学（北京）,不是,是,是,不是,经济管理学院,法律（法学）,9,全日制,323
中国地质大学（北京）,不是,是,是,不是,经济管理学院,法律（法学）,5,非全日制,323
中国地质大学（北京）,不是,是,是,不是,自然文化研究院,教育学,16,全日制,341
中国地质大学（北京）,不是,是,是,不是,马克思主义学院,心理学,2,全日制,341
中国地质大学（北京）,不是,是,是,不是,马克思主义学院,心理学,1,非全日制,341
中国地质大学（北京）,不是,是,是,不是,体育部,体育学,5,全日制,315
中国地质大学（北京）,不是,是,是,不是,体育部,体育,10,全日制,315
中国地质大学（北京）,不是,是,是,不是,体育部,体育,15,非全日制,315
中国地质大学（北京）,不是,是,是,不是,体育部,体育,1,非全日制,315
中国地质大学（北京）,不是,是,是,不是,外国语学院,外国语言文学,10,全日制,351
中国地质大学（北京）,不是,是,是,不是,外国语学院,翻译,30,全日制,351
中国地质大学（北京）,不是,是,是,不是,数理学院,数学,16,全日制,294
中国地质大学（北京）,不是,是,是,不是,数理学院,物理学,12,全日制,294
中国地质大学（北京）,不是,是,是,不是,数理学院,化学,12,全日制,294
中国地质大学（北京）,不是,是,是,不是,地球科学与资源学院,地理学,16,全日制,305
中国地质大学（北京）,不是,是,是,不是,自然文化研究院,地理学,12,全日制,279
中国地质大学（北京）,不是,是,是,不是,水资源与环境学院,大气科学,5,全日制,279
中国地质大学（北京）,不是,是,是,不是,海洋学院,海洋科学,31,全日制,279
中国地质大学（北京）,不是,是,是,不是,地球物理与信息技术学院,地球物理学,31,全日制,279
中国地质大学（北京）,不是,是,是,不是,地球科学与资源学院,地质学,106,全日制,320
中国地质大学（北京）,不是,是,是,不是,水资源与环境学院,地质学,39,全日制,279
中国地质大学（北京）,不是,是,是,不是,珠宝学院,地质学,25,全日制,279
中国地质大学（北京）,不是,是,是,不是,科学研究院,地质学,15,全日制,279
中国地质大学（北京）,不是,是,是,不是,水资源与环境学院,生物学,5,全日制,279
中国地质大学（北京）,不是,是,是,不是,工程技术学院,机械工程,12,全日制,260
中国地质大学（北京）,不是,是,是,不是,材料科学与工程学院,材料科学与工程,40,全日制,260
中国地质大学（北京）,不是,是,是,不是,地球物理与信息技术学院,控制科学与工程,6,全日制,260
中国地质大学（北京）,不是,是,是,不是,工程技术学院,土木工程,28,全日制,260
中国地质大学（北京）,不是,是,是,不是,水资源与环境学院,水利工程,17,全日制,256
中国地质大学（北京）,不是,是,是,不是,土地科学技术学院,测绘科学与技术,27,全日制,265
中国地质大学（北京）,不是,是,是,不是,地球科学与资源学院,地质资源与地质工程,30,全日制,270
中国地质大学（北京）,不是,是,是,不是,水资源与环境学院,地质资源与地质工程,5,全日制,256
中国地质大学（北京）,不是,是,是,不是,工程技术学院,地质资源与地质工程,29,全日制,256
中国地质大学（北京）,不是,是,是,不是,能源学院,地质资源与地质工程,42,全日制,256
中国地质大学（北京）,不是,是,是,不是,地球物理与信息技术学院,地质资源与地质工程,31,全日制,256
中国地质大学（北京）,不是,是,是,不是,科学研究院,地质资源与地质工程,5,全日制,256
中国地质大学（北京）,不是,是,是,不是,能源学院,石油与天然气工程,21,全日制,260
中国地质大学（北京）,不是,是,是,不是,水资源与环境学院,环境科学与工程,19,全日制,260
中国地质大学（北京）,不是,是,是,不是,工程技术学院,安全科学与工程,12,全日制,260
中国地质大学（北京）,不是,是,是,不是,地球物理与信息技术学院,电子信息,31,全日制,340
中国地质大学（北京）,不是,是,是,不是,地球物理与信息技术学院,电子信息,3,非全日制,340
中国地质大学（北京）,不是,是,是,不是,数理学院,计算机技术,12,全日制,280
中国地质大学（北京）,不是,是,是,不是,工程技术学院,机械工程,23,全日制,320
中国地质大学（北京）,不是,是,是,不是,工程技术学院,机械工程,2,非全日制,320
中国地质大学（北京）,不是,是,是,不是,材料科学与工程学院,材料与化工,100,全日制,273
中国地质大学（北京）,不是,是,是,不是,珠宝学院,材料与化工,7,全日制,260
中国地质大学（北京）,不是,是,是,不是,数理学院,材料与化工,35,全日制,260
中国地质大学（北京）,不是,是,是,不是,珠宝学院,资源与环境,15,全日制,260
中国地质大学（北京）,不是,是,是,不是,海洋学院,资源与环境,51,全日制,260
中国地质大学（北京）,不是,是,是,不是,地球物理与信息技术学院,资源与环境,56,全日制,260
中国地质大学（北京）,不是,是,是,不是,地球物理与信息技术学院,资源与环境,3,非全日制,260
中国地质大学（北京）,不是,是,是,不是,地球物理与信息技术学院,资源与环境,1,非全日制,260
中国地质大学（北京）,不是,是,是,不是,科学研究院,资源与环境,20,全日制,260
中国地质大学（北京）,不是,是,是,不是,水资源与环境学院,环境工程,41,全日制,260
中国地质大学（北京）,不是,是,是,不是,水资源与环境学院,环境工程,2,非全日制,260
中国地质大学（北京）,不是,是,是,不是,水资源与环境学院,环境工程,1,非全日制,260
中国地质大学（北京）,不是,是,是,不是,工程技术学院,安全工程,21,全日制,260
中国地质大学（北京）,不是,是,是,不是,工程技术学院,安全工程,2,非全日制,260
中国地质大学（北京）,不是,是,是,不是,工程技术学院,安全工程,1,非全日制,260
中国地质大学（北京）,不是,是,是,不是,地球科学与资源学院,地质工程,152,全日制,260
中国地质大学（北京）,不是,是,是,不是,地球科学与资源学院,地质工程,10,非全日制,260
中国地质大学（北京）,不是,是,是,不是,地球科学与资源学院,地质工程,2,非全日制,260
中国地质大学（北京）,不是,是,是,不是,水资源与环境学院,地质工程,38,全日制,260
中国地质大学（北京）,不是,是,是,不是,水资源与环境学院,地质工程,5,非全日制,260
中国地质大学（北京）,不是,是,是,不是,水资源与环境学院,地质工程,1,非全日制,260
中国地质大学（北京）,不是,是,是,不是,工程技术学院,地质工程,41,全日制,260
中国地质大学（北京）,不是,是,是,不是,工程技术学院,地质工程,3,非全日制,260
中国地质大学（北京）,不是,是,是,不是,工程技术学院,地质工程,1,非全日制,260
中国地质大学（北京）,不是,是,是,不是,土地科学技术学院,地质工程,40,全日制,271
中国地质大学（北京）,不是,是,是,不是,土地科学技术学院,地质工程,3,非全日制,271
中国地质大学（北京）,不是,是,是,不是,土地科学技术学院,地质工程,1,非全日制,271
中国地质大学（北京）,不是,是,是,不是,土地科学技术学院,测绘工程,43,全日制,324
中国地质大学（北京）,不是,是,是,不是,土地科学技术学院,测绘工程,2,非全日制,324
中国地质大学（北京）,不是,是,是,不是,土地科学技术学院,测绘工程,1,非全日制,324
中国地质大学（北京）,不是,是,是,不是,工程技术学院,土木工程,38,全日制,260
中国地质大学（北京）,不是,是,是,不是,工程技术学院,土木工程,3,非全日制,260
中国地质大学（北京）,不是,是,是,不是,工程技术学院,土木工程,1,非全日制,260
中国地质大学（北京）,不是,是,是,不是,水资源与环境学院,水利工程,26,全日制,260
中国地质大学（北京）,不是,是,是,不是,水资源与环境学院,水利工程,3,非全日制,260
中国地质大学（北京）,不是,是,是,不是,经济管理学院,管理科学与工程,28,全日制,333
中国地质大学（北京）,不是,是,是,不是,经济管理学院,工商管理学,19,全日制,333
中国地质大学（北京）,不是,是,是,不是,经济管理学院,工商管理学,1,非全日制,333
中国地质大学（北京）,不是,是,是,不是,经济管理学院,公共管理学,12,全日制,333
中国地质大学（北京）,不是,是,是,不是,经济管理学院,公共管理学,1,非全日制,333
中国地质大学（北京）,不是,是,是,不是,土地科学技术学院,公共管理学,33,全日制,333
中国地质大学（北京）,不是,是,是,不是,经济管理学院,工商管理,28,全日制,151
中国地质大学（北京）,不是,是,是,不是,经济管理学院,工商管理,25,非全日制,151
中国地质大学（北京）,不是,是,是,不是,经济管理学院,公共管理,23,非全日制,164
中国地质大学（北京）,不是,是,是,不是,经济管理学院,会计,8,全日制,200
中国地质大学（北京）,不是,是,是,不是,经济管理学院,会计,23,非全日制,200
华北电力大学,不是,是,是,不是,经济与管理学院,应用经济学,10,全日制,323
华北电力大学,不是,是,是,不是,经济与管理学院,金融,40,全日制,341
华北电力大学,不是,是,是,不是,数理学院,应用统计,53,全日制,323
华北电力大学,不是,是,是,不是,数理学院,应用统计,10,非全日制,323
华北电力大学,不是,是,是,不是,人文与社会科学学院,法学,13,全日制,323
华北电力大学,不是,是,是,不是,经济与管理学院,应用经济学,10,全日制,323
华北电力大学,不是,是,是,不是,经济与管理学院,金融,40,全日制,341
华北电力大学,不是,是,是,不是,数理学院,应用统计,53,全日制,323
华北电力大学,不是,是,是,不是,数理学院,应用统计,10,非全日制,323
华北电力大学,不是,是,是,不是,人文与社会科学学院,法学,13,全日制,323
华北电力大学,不是,是,是,不是,马克思主义学院,马克思主义理论,25,全日制,349
华北电力大学,不是,是,是,不是,人文与社会科学学院,法律（非法学）,10,全日制,323
华北电力大学,不是,是,是,不是,人文与社会科学学院,法律（法学）,10,全日制,323
华北电力大学,不是,是,是,不是,人文与社会科学学院,法律（法学）,20,非全日制,323
华北电力大学,不是,是,是,不是,体育教学部,体育教学,5,全日制,304
华北电力大学,不是,是,是,不是,体育教学部,运动训练,5,全日制,304
华北电力大学,不是,是,是,不是,外国语学院,英语语言文学,4,全日制,351
华北电力大学,不是,是,是,不是,外国语学院,法语语言文学,2,全日制,351
华北电力大学,不是,是,是,不是,外国语学院,外国语言学及应用语言学,11,全日制,351
华北电力大学,不是,是,是,不是,外国语学院,英语笔译,27,全日制,351
华北电力大学,不是,是,是,不是,人文与社会科学学院,新闻与传播,12,全日制,351
华北电力大学,不是,是,是,不是,人文与社会科学学院,新闻与传播,20,非全日制,351
华北电力大学,不是,是,是,不是,数理学院,数学,28,全日制,274
华北电力大学,不是,是,是,不是,数理学院,物理学,19,全日制,274
华北电力大学,不是,是,是,不是,能源动力与机械工程学院,机械工程,14,全日制,301
华北电力大学,不是,是,是,不是,能源动力与机械工程学院,材料科学与工程,15,全日制,260
华北电力大学,不是,是,是,不是,能源电力创新研究院,材料科学与工程,5,全日制,260
华北电力大学,不是,是,是,不是,能源动力与机械工程学院,动力工程及工程热物理,62,全日制,290
华北电力大学,不是,是,是,不是,电气与电子工程学院,电气工程,217,全日制,305
华北电力大学,不是,是,是,不是,电气与电子工程学院,电子科学与技术,10,全日制,294
华北电力大学,不是,是,是,不是,电气与电子工程学院,信息与通信工程,28,全日制,323
华北电力大学,不是,是,是,不是,控制与计算机工程学院,控制科学与工程,67,全日制,296
华北电力大学,不是,是,是,不是,控制与计算机工程学院,计算机科学与技术,40,全日制,297
华北电力大学,不是,是,是,不是,水利与水电工程学院,土木工程,4,全日制,260
华北电力大学,不是,是,是,不是,能源动力与机械工程学院,供热、供燃气、通风及空调工程,8,全日制,260
华北电力大学,不是,是,是,不是,水利与水电工程学院,水利工程,44,全日制,251
华北电力大学,不是,是,是,不是,能源动力与机械工程学院,化学工程,8,全日制,260
华北电力大学,不是,是,是,不是,核科学与工程学院,核科学与技术,50,全日制,251
华北电力大学,不是,是,是,不是,环境科学与工程学院,环境科学与工程,39,全日制,260
华北电力大学,不是,是,是,不是,电气与电子工程学院,通信工程（含宽带网络、移动通信等）,50,全日制,260
华北电力大学,不是,是,是,不是,控制与计算机工程学院,计算机技术,35,全日制,320
华北电力大学,不是,是,是,不是,控制与计算机工程学院,软件工程,20,全日制,324
华北电力大学,不是,是,是,不是,控制与计算机工程学院,控制工程,126,全日制,316
华北电力大学,不是,是,是,不是,数理学院,光电信息工程,12,全日制,260
华北电力大学,不是,是,是,不是,控制与计算机工程学院,人工智能,55,非全日制,260
华北电力大学,不是,是,是,不是,控制与计算机工程学院,网络与信息安全,15,全日制,311
华北电力大学,不是,是,是,不是,能源动力与机械工程学院,机械工程,42,全日制,307
华北电力大学,不是,是,是,不是,能源动力与机械工程学院,材料工程,19,全日制,260
华北电力大学,不是,是,是,不是,新能源学院,材料工程,15,全日制,275
华北电力大学,不是,是,是,不是,能源电力创新研究院,材料工程,12,全日制,260
华北电力大学,不是,是,是,不是,环境科学与工程学院,环境工程,56,全日制,260
华北电力大学,不是,是,是,不是,环境科学与工程学院,环境工程,8,非全日制,260
华北电力大学,不是,是,是,不是,环境科学与工程学院,环境工程,2,非全日制,260
华北电力大学,不是,是,是,不是,电气与电子工程学院,电气工程,277,全日制,260
华北电力大学,不是,是,是,不是,电气与电子工程学院,电气工程,110,非全日制,260
华北电力大学,不是,是,是,不是,电气与电子工程学院,电气工程,2,非全日制,260
华北电力大学,不是,是,是,不是,能源动力与机械工程学院,动力工程,184,全日制,302
华北电力大学,不是,是,是,不是,能源电力创新研究院,动力工程,20,全日制,260
华北电力大学,不是,是,是,不是,核科学与工程学院,核能工程,66,全日制,260
华北电力大学,不是,是,是,不是,核科学与工程学院,核能工程,10,非全日制,260
华北电力大学,不是,是,是,不是,新能源学院,清洁能源技术,8,全日制,282
华北电力大学,不是,是,是,不是,新能源学院,清洁能源技术,8,非全日制,282
华北电力大学,不是,是,是,不是,新能源学院,清洁能源技术,2,非全日制,282
华北电力大学,不是,是,是,不是,能源动力与机械工程学院,储能技术,15,全日制,318
华北电力大学,不是,是,是,不是,能源电力创新研究院,储能技术,15,全日制,260
华北电力大学,不是,是,是,不是,水利与水电工程学院,土木工程,4,全日制,260
华北电力大学,不是,是,是,不是,水利与水电工程学院,土木工程,3,非全日制,260
华北电力大学,不是,是,是,不是,水利与水电工程学院,水利工程,22,全日制,280
华北电力大学,不是,是,是,不是,水利与水电工程学院,水利工程,7,非全日制,280
华北电力大学,不是,是,是,不是,水利与水电工程学院,水利工程,2,非全日制,280
华北电力大学,不是,是,是,不是,经济与管理学院,管理科学与工程,37,全日制,349
华北电力大学,不是,是,是,不是,经济与管理学院,工商管理学,58,全日制,339
华北电力大学,不是,是,是,不是,人文与社会科学学院,公共管理学,13,全日制,355
华北电力大学,不是,是,是,不是,经济与管理学院,工商管理,300,非全日制,151
华北电力大学,不是,是,是,不是,人文与社会科学学院,公共管理,22,全日制,164
华北电力大学,不是,是,是,不是,人文与社会科学学院,公共管理,30,非全日制,164
华北电力大学,不是,是,是,不是,经济与管理学院,会计,32,全日制,225
华北电力大学,不是,是,是,不是,经济与管理学院,会计,50,非全日制,225
华北电力大学,不是,是,是,不是,能源动力与机械工程学院,工业工程与管理,11,非全日制,162
华北电力大学,不是,是,是,不是,经济与管理学院,工业工程与管理,118,全日制,207
华北电力大学,不是,是,是,不是,经济与管理学院,工业工程与管理,100,非全日制,207
华北电力大学,不是,是,是,不是,经济与管理学院,物流工程与管理,35,全日制,162
华北电力大学,不是,是,是,不是,控制与计算机工程学院,智能科学与技术,26,全日制,266
华北电力大学,不是,是,是,不是,能源动力与机械工程学院,储能科学与工程,17,全日制,251
华北电力大学,不是,是,是,不是,能源电力创新研究院,储能科学与工程,4,全日制,251
华北电力大学,不是,是,是,不是,能源电力创新研究院,氢能科学与工程,9,全日制,251
华北电力大学,不是,是,是,不是,新能源学院,可再生能源与清洁能源,50,全日制,276
中国矿业大学（北京）,不是,是,是,不是,马克思主义学院,马克思主义基本原理,10,全日制,341
中国矿业大学（北京）,不是,是,是,不是,马克思主义学院,马克思主义中国化研究,12,全日制,337
中国矿业大学（北京）,不是,是,是,不是,马克思主义学院,思想政治教育,21,全日制,338
中国矿业大学（北京）,不是,是,是,不是,马克思主义学院,中国近现代史基本问题研究,8,全日制,367
中国矿业大学（北京）,不是,是,是,不是,文法学院,法律（非法学）,24,非全日制,323
中国矿业大学（北京）,不是,是,是,不是,马克思主义学院,马克思主义基本原理,10,全日制,341
中国矿业大学（北京）,不是,是,是,不是,马克思主义学院,马克思主义中国化研究,12,全日制,337
中国矿业大学（北京）,不是,是,是,不是,马克思主义学院,思想政治教育,21,全日制,338
中国矿业大学（北京）,不是,是,是,不是,马克思主义学院,中国近现代史基本问题研究,8,全日制,367
中国矿业大学（北京）,不是,是,是,不是,文法学院,法律（非法学）,24,非全日制,323
中国矿业大学（北京）,不是,是,是,不是,文法学院,法律（法学）,42,全日制,323
中国矿业大学（北京）,不是,是,是,不是,体育教研部,运动训练,19,全日制,304
中国矿业大学（北京）,不是,是,是,不是,体育教研部,运动训练,16,非全日制,304
中国矿业大学（北京）,不是,是,是,不是,文法学院,外国语言文学,14,全日制,351
中国矿业大学（北京）,不是,是,是,不是,文法学院,英语笔译,37,全日制,351
中国矿业大学（北京）,不是,是,是,不是,文法学院,英语笔译,23,非全日制,351
中国矿业大学（北京）,不是,是,是,不是,理学院,数学,45,全日制,302
中国矿业大学（北京）,不是,是,是,不是,理学院,物理学,4,全日制,274
中国矿业大学（北京）,不是,是,是,不是,地球科学与测绘工程学院,固体地球物理学,5,全日制,274
中国矿业大学（北京）,不是,是,是,不是,地球科学与测绘工程学院,地质学,15,全日制,274
中国矿业大学（北京）,不是,是,是,不是,力学与土木工程学院,力学,36,全日制,254
中国矿业大学（北京）,不是,是,是,不是,机械与电气工程学院,机械工程,52,全日制,260
中国矿业大学（北京）,不是,是,是,不是,化学与环境工程学院,材料科学与工程,8,全日制,260
中国矿业大学（北京）,不是,是,是,不是,机械与电气工程学院,电气工程,22,全日制,260
中国矿业大学（北京）,不是,是,是,不是,人工智能学院,控制科学与工程,14,全日制,260
中国矿业大学（北京）,不是,是,是,不是,人工智能学院,计算机科学与技术,32,全日制,304
中国矿业大学（北京）,不是,是,是,不是,力学与土木工程学院,土木工程,80,全日制,260
中国矿业大学（北京）,不是,是,是,不是,地球科学与测绘工程学院,测绘科学与技术,41,全日制,265
中国矿业大学（北京）,不是,是,是,不是,化学与环境工程学院,化学工程与技术,45,全日制,260
中国矿业大学（北京）,不是,是,是,不是,地球科学与测绘工程学院,地质资源与地质工程,64,全日制,251
中国矿业大学（北京）,不是,是,是,不是,能源与矿业学院,采矿工程,60,全日制,251
中国矿业大学（北京）,不是,是,是,不是,化学与环境工程学院,矿物加工工程,28,全日制,251
中国矿业大学（北京）,不是,是,是,不是,化学与环境工程学院,环境科学与工程,35,全日制,260
中国矿业大学（北京）,不是,是,是,不是,力学与土木工程学院,城乡规划学,7,全日制,327
中国矿业大学（北京）,不是,是,是,不是,应急管理与安全工程学院,安全科学与工程,62,全日制,313
中国矿业大学（北京）,不是,是,是,不是,力学与土木工程学院,建筑,20,全日制,325
中国矿业大学（北京）,不是,是,是,不是,人工智能学院,计算机技术,36,全日制,260
中国矿业大学（北京）,不是,是,是,不是,人工智能学院,控制工程,6,全日制,260
中国矿业大学（北京）,不是,是,是,不是,机械与电气工程学院,机械工程,83,全日制,260
中国矿业大学（北京）,不是,是,是,不是,化学与环境工程学院,材料工程,12,全日制,260
中国矿业大学（北京）,不是,是,是,不是,化学与环境工程学院,化学工程,67,全日制,260
中国矿业大学（北京）,不是,是,是,不是,化学与环境工程学院,化学工程,4,非全日制,260
中国矿业大学（北京）,不是,是,是,不是,化学与环境工程学院,环境工程,50,全日制,260
中国矿业大学（北京）,不是,是,是,不是,化学与环境工程学院,环境工程,4,非全日制,260
中国矿业大学（北京）,不是,是,是,不是,应急管理与安全工程学院,安全工程,127,全日制,311
中国矿业大学（北京）,不是,是,是,不是,应急管理与安全工程学院,安全工程,8,非全日制,311
中国矿业大学（北京）,不是,是,是,不是,地球科学与测绘工程学院,地质工程,107,全日制,260
中国矿业大学（北京）,不是,是,是,不是,地球科学与测绘工程学院,地质工程,4,非全日制,260
中国矿业大学（北京）,不是,是,是,不是,地球科学与测绘工程学院,测绘工程,52,全日制,280
中国矿业大学（北京）,不是,是,是,不是,地球科学与测绘工程学院,测绘工程,4,非全日制,280
中国矿业大学（北京）,不是,是,是,不是,能源与矿业学院,矿业工程,107,全日制,260
中国矿业大学（北京）,不是,是,是,不是,能源与矿业学院,矿业工程,8,非全日制,260
中国矿业大学（北京）,不是,是,是,不是,化学与环境工程学院,矿业工程,54,全日制,260
中国矿业大学（北京）,不是,是,是,不是,化学与环境工程学院,矿业工程,4,非全日制,260
中国矿业大学（北京）,不是,是,是,不是,机械与电气工程学院,电气工程,34,全日制,260
中国矿业大学（北京）,不是,是,是,不是,力学与土木工程学院,土木工程,145,全日制,296
中国矿业大学（北京）,不是,是,是,不是,管理学院,管理科学与工程,40,全日制,333
中国矿业大学（北京）,不是,是,是,不是,管理学院,会计学,23,全日制,333
中国矿业大学（北京）,不是,是,是,不是,管理学院,企业管理,20,全日制,333
中国矿业大学（北京）,不是,是,是,不是,管理学院,技术经济及管理,10,全日制,333
中国矿业大学（北京）,不是,是,是,不是,文法学院,公共管理学,28,全日制,333
中国矿业大学（北京）,不是,是,是,不是,地球科学与测绘工程学院,土地资源管理,6,全日制,333
中国矿业大学（北京）,不是,是,是,不是,MBA中心（管理学院）,工商管理,47,全日制,151
中国矿业大学（北京）,不是,是,是,不是,MBA中心（管理学院）,工商管理,120,非全日制,151
中国矿业大学（北京）,不是,是,是,不是,MPA中心（文法学院）,公共管理,140,非全日制,164
中国矿业大学（北京）,不是,是,是,不是,MBA中心（管理学院）,会计,30,全日制,194
中国矿业大学（北京）,不是,是,是,不是,MBA中心（管理学院）,会计,30,非全日制,194
中国矿业大学（北京）,不是,是,是,不是,MBA中心（管理学院）,工程管理,15,全日制,162
中国矿业大学（北京）,不是,是,是,不是,MBA中心（管理学院）,工程管理,30,非全日制,162
北京中医药大学,不是,是,是,不是,马克思主义学院,马克思主义理论,18,全日制,323
北京中医药大学,不是,是,是,不是,国学院,国际中文教育,7,全日制,344
北京中医药大学,不是,是,是,不是,人文学院,翻译,3,全日制,351
北京中医药大学,不是,是,是,不是,中医学院,中医基础理论,14,全日制,293
北京中医药大学,不是,是,是,不是,中医学院,中医临床基础,31,全日制,293
北京中医药大学,不是,是,是,不是,马克思主义学院,马克思主义理论,18,全日制,323
北京中医药大学,不是,是,是,不是,国学院,国际中文教育,7,全日制,344
北京中医药大学,不是,是,是,不是,人文学院,翻译,3,全日制,351
北京中医药大学,不是,是,是,不是,中医学院,中医基础理论,14,全日制,293
北京中医药大学,不是,是,是,不是,中医学院,中医临床基础,31,全日制,293
北京中医药大学,不是,是,是,不是,中医学院,中医医史文献,6,全日制,293
北京中医药大学,不是,是,是,不是,国学院,中医医史文献,8,全日制,293
北京中医药大学,不是,是,是,不是,中医学院,方剂学,4,全日制,293
北京中医药大学,不是,是,是,不是,中医学院,中医诊断学,8,全日制,293
北京中医药大学,不是,是,是,不是,临床医学院（东直门医院）,中医内科学,13,全日制,293
北京中医药大学,不是,是,是,不是,临床医学院（第三附属医院）,中医内科学,4,全日制,293
北京中医药大学,不是,是,是,不是,临床医学院（东直门医院）,中医外科学,1,全日制,293
北京中医药大学,不是,是,是,不是,临床医学院（深圳医院）,中医骨伤科学,1,全日制,293
北京中医药大学,不是,是,是,不是,针灸推拿学院,针灸推拿学,45,全日制,293
北京中医药大学,不是,是,是,不是,中医学院,民族医学（含：藏医学、蒙医学等）,5,全日制,293
北京中医药大学,不是,是,是,不是,中医学院,中西医结合基础,23,全日制,296
北京中医药大学,不是,是,是,不是,生命科学学院,中西医结合基础,24,全日制,296
北京中医药大学,不是,是,是,不是,临床医学院（深圳医院）,中西医结合基础,3,全日制,296
北京中医药大学,不是,是,是,不是,临床医学院（东直门医院）,中西医结合临床,21,全日制,296
北京中医药大学,不是,是,是,不是,临床医学院（东方医院）,中西医结合临床,5,全日制,296
北京中医药大学,不是,是,是,不是,临床医学院（第三附属医院）,中西医结合临床,1,全日制,296
北京中医药大学,不是,是,是,不是,临床医学院（深圳医院）,中西医结合临床,1,全日制,296
北京中医药大学,不是,是,是,不是,中药学院,药学,8,全日制,293
北京中医药大学,不是,是,是,不是,生命科学学院,药学,28,全日制,293
北京中医药大学,不是,是,是,不是,中药学院,中药学,158,全日制,320
北京中医药大学,不是,是,是,不是,临床医学院（西苑医院）,中药学,1,全日制,320
北京中医药大学,不是,是,是,不是,护理学院,护理学,17,全日制,313
北京中医药大学,不是,是,是,不是,护理学院,护理,8,全日制,295
北京中医药大学,不是,是,是,不是,中药学院,中药,20,全日制,298
北京中医药大学,不是,是,是,不是,临床医学院（东直门医院）,中医内科学,70,全日制,347
北京中医药大学,不是,是,是,不是,临床医学院（东方医院）,中医内科学,34,全日制,347
北京中医药大学,不是,是,是,不是,临床医学院（第三附属医院）,中医内科学,24,全日制,347
北京中医药大学,不是,是,是,不是,临床医学院（中日友好医院）,中医内科学,9,全日制,347
北京中医药大学,不是,是,是,不是,临床医学院（广安门医院）,中医内科学,20,全日制,347
北京中医药大学,不是,是,是,不是,临床医学院（西苑医院）,中医内科学,8,全日制,347
北京中医药大学,不是,是,是,不是,临床医学院（北京中医医院）,中医内科学,10,全日制,347
北京中医药大学,不是,是,是,不是,临床医学院（望京医院）,中医内科学,4,全日制,347
北京中医药大学,不是,是,是,不是,临床医学院（房山医院）,中医内科学,2,全日制,347
北京中医药大学,不是,是,是,不是,临床医学院（东直门医院）,中医外科学,15,全日制,347
北京中医药大学,不是,是,是,不是,临床医学院（东方医院）,中医外科学,9,全日制,347
北京中医药大学,不是,是,是,不是,临床医学院（第三附属医院）,中医外科学,4,全日制,347
北京中医药大学,不是,是,是,不是,临床医学院（中日友好医院）,中医外科学,1,全日制,347
北京中医药大学,不是,是,是,不是,临床医学院（广安门医院）,中医外科学,4,全日制,347
北京中医药大学,不是,是,是,不是,临床医学院（西苑医院）,中医外科学,3,全日制,347
北京中医药大学,不是,是,是,不是,临床医学院（北京中医医院）,中医外科学,8,全日制,347
北京中医药大学,不是,是,是,不是,临床医学院（东直门医院）,中医骨伤科学,6,全日制,347
北京中医药大学,不是,是,是,不是,临床医学院（第三附属医院）,中医骨伤科学,8,全日制,347
北京中医药大学,不是,是,是,不是,临床医学院（西苑医院）,中医骨伤科学,1,全日制,347
北京中医药大学,不是,是,是,不是,临床医学院（北京中医医院）,中医骨伤科学,1,全日制,347
北京中医药大学,不是,是,是,不是,临床医学院（望京医院）,中医骨伤科学,4,全日制,347
北京中医药大学,不是,是,是,不是,临床医学院（东直门医院）,中医妇科学,5,全日制,347
北京中医药大学,不是,是,是,不是,临床医学院（东方医院）,中医妇科学,4,全日制,347
北京中医药大学,不是,是,是,不是,临床医学院（广安门医院）,中医妇科学,2,全日制,347
北京中医药大学,不是,是,是,不是,临床医学院（西苑医院）,中医妇科学,1,全日制,347
北京中医药大学,不是,是,是,不是,临床医学院（北京中医医院）,中医妇科学,2,全日制,347
北京中医药大学,不是,是,是,不是,临床医学院（东直门医院）,中医儿科学,6,全日制,347
北京中医药大学,不是,是,是,不是,临床医学院（东方医院）,中医儿科学,4,全日制,347
北京中医药大学,不是,是,是,不是,临床医学院（第三附属医院）,中医儿科学,1,全日制,347
北京中医药大学,不是,是,是,不是,临床医学院（西苑医院）,中医儿科学,1,全日制,347
北京中医药大学,不是,是,是,不是,临床医学院（北京中医医院）,中医五官科学,3,全日制,347
北京中医药大学,不是,是,是,不是,临床医学院（东直门医院）,针灸推拿学,9,全日制,347
北京中医药大学,不是,是,是,不是,临床医学院（东方医院）,针灸推拿学,6,全日制,347
北京中医药大学,不是,是,是,不是,临床医学院（第三附属医院）,针灸推拿学,6,全日制,347
北京中医药大学,不是,是,是,不是,临床医学院（广安门医院）,针灸推拿学,2,全日制,347
北京中医药大学,不是,是,是,不是,临床医学院（西苑医院）,针灸推拿学,2,全日制,347
北京中医药大学,不是,是,是,不是,临床医学院（北京中医医院）,针灸推拿学,8,全日制,347
北京中医药大学,不是,是,是,不是,临床医学院（望京医院）,针灸推拿学,1,全日制,347
北京中医药大学,不是,是,是,不是,临床医学院（东直门医院）,中西医结合临床,70,全日制,347
北京中医药大学,不是,是,是,不是,临床医学院（东方医院）,中西医结合临床,38,全日制,347
北京中医药大学,不是,是,是,不是,临床医学院（第三附属医院）,中西医结合临床,16,全日制,347
北京中医药大学,不是,是,是,不是,临床医学院（中日友好医院）,中西医结合临床,8,全日制,347
北京中医药大学,不是,是,是,不是,临床医学院（广安门医院）,中西医结合临床,17,全日制,347
北京中医药大学,不是,是,是,不是,临床医学院（西苑医院）,中西医结合临床,13,全日制,347
北京中医药大学,不是,是,是,不是,临床医学院（北京中医医院）,中西医结合临床,5,全日制,347
北京中医药大学,不是,是,是,不是,临床医学院（望京医院）,中西医结合临床,3,全日制,347
北京中医药大学,不是,是,是,不是,临床医学院（房山医院）,中西医结合临床,1,全日制,347
北京中医药大学,不是,是,是,不是,临床医学院（第三附属医院）,全科医学（中医，不授博士学位）,4,全日制,347
北京中医药大学,不是,是,是,不是,临床医学院（东直门医院）,针灸,5,全日制,318
北京中医药大学,不是,是,是,不是,临床医学院（东方医院）,针灸,4,全日制,318
北京中医药大学,不是,是,是,不是,管理学院,公共管理学,65,全日制,335
北京中医药大学,不是,是,是,不是,管理学院,公共管理,15,非全日制,164
北京中医药大学,不是,是,是,不是,中医学院,中医体质学,16,全日制,293
北京中医药大学,不是,是,是,不是,中医学院,中医临床药学,7,全日制,293
北京中医药大学,不是,是,是,不是,中医学院,中医养生康复学,9,全日制,293
北京中医药大学,不是,是,是,不是,人文学院,医药卫生法学,15,全日制,293
北京中医药大学,不是,是,是,不是,人文学院,中医药外语,12,全日制,293
北京中医药大学,不是,是,是,不是,国学院,中医文化学,10,全日制,293
北京中医药大学,不是,是,是,不是,中医学院,中西医结合循证医学,10,全日制,296
北京中医药大学,不是,是,是,不是,中医学院,中西医结合药理学,21,全日制,296
北京中医药大学,不是,是,是,不是,生命科学学院,中西医结合药理学,3,全日制,296
北京林业大学,不是,是,是,不是,马克思主义学院,哲学,7,全日制,321
北京林业大学,不是,是,是,不是,经济管理学院,应用经济学,21,全日制,323
北京林业大学,不是,是,是,不是,经济管理学院,金融,15,全日制,323
北京林业大学,不是,是,是,不是,经济管理学院,金融,15,非全日制,323
北京林业大学,不是,是,是,不是,经济管理学院,应用统计,39,全日制,338
北京林业大学,不是,是,是,不是,马克思主义学院,哲学,7,全日制,321
北京林业大学,不是,是,是,不是,经济管理学院,应用经济学,21,全日制,323
北京林业大学,不是,是,是,不是,经济管理学院,金融,15,全日制,323
北京林业大学,不是,是,是,不是,经济管理学院,金融,15,非全日制,323
北京林业大学,不是,是,是,不是,经济管理学院,应用统计,39,全日制,338
北京林业大学,不是,是,是,不是,经济管理学院,国际商务,36,全日制,357
北京林业大学,不是,是,是,不是,人文学院,法学,9,全日制,323
北京林业大学,不是,是,是,不是,马克思主义学院,马克思主义理论,11,全日制,323
北京林业大学,不是,是,是,不是,人文学院,心理学,12,全日制,341
北京林业大学,不是,是,是,不是,人文学院,应用心理,32,全日制,372
北京林业大学,不是,是,是,不是,人文学院,应用心理,20,非全日制,372
北京林业大学,不是,是,是,不是,外语学院,外国语言文学,9,全日制,351
北京林业大学,不是,是,是,不是,外语学院,英语笔译,36,全日制,352
北京林业大学,不是,是,是,不是,理学院,数学,8,全日制,274
北京林业大学,不是,是,是,不是,水土保持学院,自然地理学,8,全日制,274
北京林业大学,不是,是,是,不是,水土保持学院,人文地理学,4,全日制,274
北京林业大学,不是,是,是,不是,林学院,地图学与地理信息系统,6,全日制,280
北京林业大学,不是,是,是,不是,水土保持学院,地图学与地理信息系统,6,全日制,307
北京林业大学,不是,是,是,不是,生物科学与技术学院,植物学,16,全日制,290
北京林业大学,不是,是,是,不是,生物科学与技术学院,动物学,5,全日制,274
北京林业大学,不是,是,是,不是,生物科学与技术学院,微生物学,8,全日制,285
北京林业大学,不是,是,是,不是,生物科学与技术学院,遗传学,10,全日制,274
北京林业大学,不是,是,是,不是,生物科学与技术学院,细胞生物学,8,全日制,288
北京林业大学,不是,是,是,不是,生物科学与技术学院,生物化学与分子生物学,10,全日制,274
北京林业大学,不是,是,是,不是,理学院,生物物理学,8,全日制,274
北京林业大学,不是,是,是,不是,工学院,机械工程,20,全日制,260
北京林业大学,不是,是,是,不是,信息学院,计算机科学与技术,27,全日制,271
北京林业大学,不是,是,是,不是,园林学院,建筑学,8,全日制,340
北京林业大学,不是,是,是,不是,水土保持学院,土木工程,8,全日制,260
北京林业大学,不是,是,是,不是,材料学院,木材科学与技术,32,全日制,260
北京林业大学,不是,是,是,不是,材料学院,林产化学加工工程,20,全日制,260
北京林业大学,不是,是,是,不是,环境科学与工程学院,环境科学与工程,37,全日制,270
北京林业大学,不是,是,是,不是,生物科学与技术学院,食品科学与工程,19,全日制,275
北京林业大学,不是,是,是,不是,园林学院,城乡规划学,27,全日制,332
北京林业大学,不是,是,是,不是,园林学院,城乡规划,11,全日制,320
北京林业大学,不是,是,是,不是,工学院,电子信息,46,全日制,260
北京林业大学,不是,是,是,不是,信息学院,电子信息,88,全日制,318
北京林业大学,不是,是,是,不是,信息学院,电子信息,10,非全日制,318
北京林业大学,不是,是,是,不是,理学院,电子信息,5,全日制,260
北京林业大学,不是,是,是,不是,工学院,机械,48,全日制,260
北京林业大学,不是,是,是,不是,材料学院,材料与化工,71,全日制,260
北京林业大学,不是,是,是,不是,材料学院,材料与化工,5,非全日制,260
北京林业大学,不是,是,是,不是,理学院,材料与化工,5,全日制,260
北京林业大学,不是,是,是,不是,环境科学与工程学院,资源与环境,94,全日制,295
北京林业大学,不是,是,是,不是,水土保持学院,土木水利,19,全日制,260
北京林业大学,不是,是,是,不是,生物科学与技术学院,生物与医药,12,全日制,260
北京林业大学,不是,是,是,不是,园林学院,风景园林,2,全日制,337
北京林业大学,不是,是,是,不是,林学院,土壤学,10,全日制,245
北京林业大学,不是,是,是,不是,生物科学与技术学院,林木遗传育种,34,全日制,245
北京林业大学,不是,是,是,不是,生物科学与技术学院,林木遗传育种,1,全日制,245
北京林业大学,不是,是,是,不是,林学院,森林培育,28,全日制,245
北京林业大学,不是,是,是,不是,林学院,森林培育,1,全日制,245
北京林业大学,不是,是,是,不是,林学院,森林保护学,27,全日制,245
北京林业大学,不是,是,是,不是,林学院,森林保护学,1,全日制,245
北京林业大学,不是,是,是,不是,林学院,森林经理学,22,全日制,306
北京林业大学,不是,是,是,不是,林学院,森林经理学,1,全日制,306
北京林业大学,不是,是,是,不是,园林学院,园林植物与观赏园艺,45,全日制,312
北京林业大学,不是,是,是,不是,园林学院,园林植物与观赏园艺,1,全日制,312
北京林业大学,不是,是,是,不是,草业与草原学院,草学,21,全日制,245
北京林业大学,不是,是,是,不是,草业与草原学院,农艺与种业,48,全日制,245
北京林业大学,不是,是,是,不是,林学院,农业工程与信息技术,15,全日制,245
北京林业大学,不是,是,是,不是,林学院,农业工程与信息技术,5,非全日制,245
北京林业大学,不是,是,是,不是,信息学院,农业工程与信息技术,14,全日制,254
北京林业大学,不是,是,是,不是,经济管理学院,农村发展,24,全日制,331
北京林业大学,不是,是,是,不是,林学院,林业,125,全日制,245
北京林业大学,不是,是,是,不是,林学院,林业,1,全日制,245
北京林业大学,不是,是,是,不是,林学院,林业,5,非全日制,245
北京林业大学,不是,是,是,不是,林学院,林业,1,非全日制,245
北京林业大学,不是,是,是,不是,生物科学与技术学院,林业,19,全日制,245
北京林业大学,不是,是,是,不是,生物科学与技术学院,林业,1,全日制,245
北京林业大学,不是,是,是,不是,水土保持学院,林业,116,全日制,265
北京林业大学,不是,是,是,不是,水土保持学院,林业,1,全日制,265
北京林业大学,不是,是,是,不是,经济管理学院,工商管理学,21,全日制,343
北京林业大学,不是,是,是,不是,园林学院,旅游管理,8,全日制,333
北京林业大学,不是,是,是,不是,经济管理学院,农林经济管理,16,全日制,333
北京林业大学,不是,是,是,不是,经济管理学院,工商管理,100,非全日制,151
北京林业大学,不是,是,是,不是,马克思主义学院,公共管理,60,非全日制,164
北京林业大学,不是,是,是,不是,经济管理学院,会计,28,全日制,225
北京林业大学,不是,是,是,不是,经济管理学院,会计,20,非全日制,225
北京林业大学,不是,是,是,不是,艺术设计学院,美术与书法,11,全日制,351
北京林业大学,不是,是,是,不是,艺术设计学院,设计,59,全日制,358
北京林业大学,不是,是,是,不是,艺术设计学院,设计学,16,全日制,287
北京林业大学,不是,是,是,不是,生物科学与技术学院,计算生物学与生物信息学,10,全日制,274
北京林业大学,不是,是,是,不是,工学院,林业装备与信息化,32,全日制,260
北京林业大学,不是,是,是,不是,工学院,林业电气化与自动化,20,全日制,260
北京林业大学,不是,是,是,不是,材料学院,生物质能源与材料,19,全日制,260
北京林业大学,不是,是,是,不是,林学院,城市林业,28,全日制,287
北京林业大学,不是,是,是,不是,林学院,城市林业,1,全日制,287
北京林业大学,不是,是,是,不是,林学院,森林学,22,全日制,245
北京林业大学,不是,是,是,不是,林学院,森林学,1,全日制,245
北京林业大学,不是,是,是,不是,马克思主义学院,生态文明建设,3,全日制,333
北京林业大学,不是,是,是,不是,艺术设计学院,动画艺术学,16,全日制,276
中国传媒大学,不是,是,是,不是,经济与管理学院,应用经济学,10,全日制,323
中国传媒大学,不是,是,是,不是,经济与管理学院,国际商务,8,全日制,323
中国传媒大学,不是,是,是,不是,政府与公共事务学院,政治学,11,全日制,323
中国传媒大学,不是,是,是,不是,马克思主义学院,马克思主义基本原理,4,全日制,323
中国传媒大学,不是,是,是,不是,马克思主义学院,马克思主义中国化研究,3,全日制,323
中国传媒大学,不是,是,是,不是,经济与管理学院,应用经济学,10,全日制,323
中国传媒大学,不是,是,是,不是,经济与管理学院,国际商务,8,全日制,323
中国传媒大学,不是,是,是,不是,政府与公共事务学院,政治学,11,全日制,323
中国传媒大学,不是,是,是,不是,马克思主义学院,马克思主义基本原理,4,全日制,323
中国传媒大学,不是,是,是,不是,马克思主义学院,马克思主义中国化研究,3,全日制,323
中国传媒大学,不是,是,是,不是,马克思主义学院,思想政治教育,10,全日制,323
中国传媒大学,不是,是,是,不是,马克思主义学院,中国近现代史基本问题研究,3,全日制,323
中国传媒大学,不是,是,是,不是,文化产业管理学院,法律（法学）,8,全日制,323
中国传媒大学,不是,是,是,不是,人文学院,国际中文教育,27,全日制,341
中国传媒大学,不是,是,是,不是,人文学院,文艺学,11,全日制,351
中国传媒大学,不是,是,是,不是,人文学院,语言学及应用语言学,14,全日制,351
中国传媒大学,不是,是,是,不是,人文学院,汉语言文字学,3,全日制,351
中国传媒大学,不是,是,是,不是,人文学院,中国古代文学,7,全日制,351
中国传媒大学,不是,是,是,不是,人文学院,中国现当代文学,12,全日制,351
中国传媒大学,不是,是,是,不是,人文学院,比较文学与世界文学,3,全日制,351
中国传媒大学,不是,是,是,不是,外国语言文化学院,英语语言文学,6,全日制,351
中国传媒大学,不是,是,是,不是,外国语言文化学院,俄语语言文学,3,全日制,351
中国传媒大学,不是,是,是,不是,外国语言文化学院,外国语言学及应用语言学,7,全日制,351
中国传媒大学,不是,是,是,不是,新闻学院,新闻学,18,全日制,351
中国传媒大学,不是,是,是,不是,新闻学院,传播学,17,全日制,351
中国传媒大学,不是,是,是,不是,国际传媒教育学院,传播学,4,全日制,351
中国传媒大学,不是,是,是,不是,外国语言文化学院,英语笔译,36,全日制,351
中国传媒大学,不是,是,是,不是,文化产业管理学院,新闻与传播,38,全日制,351
中国传媒大学,不是,是,是,不是,媒体融合与传播国家重点实验室,新闻与传播,58,全日制,351
中国传媒大学,不是,是,是,不是,电视学院,新闻与传播,70,全日制,351
中国传媒大学,不是,是,是,不是,新闻学院,新闻与传播,55,全日制,351
中国传媒大学,不是,是,是,不是,国际传媒教育学院,新闻与传播,10,全日制,351
中国传媒大学,不是,是,是,不是,电视学院,出版,20,全日制,351
中国传媒大学,不是,是,是,不是,外国语言文化学院,区域国别学,14,全日制,351
中国传媒大学,不是,是,是,不是,媒体融合与传播国家重点实验室,区域国别学,7,全日制,351
中国传媒大学,不是,是,是,不是,数据科学与智能媒体学院,数学,8,全日制,274
中国传媒大学,不是,是,是,不是,信息与通信工程学院,电子科学与技术,20,全日制,260
中国传媒大学,不是,是,是,不是,信息与通信工程学院,信息与通信工程,121,全日制,260
中国传媒大学,不是,是,是,不是,数据科学与智能媒体学院,信息与通信工程,6,全日制,260
中国传媒大学,不是,是,是,不是,媒体融合与传播国家重点实验室,信息与通信工程,3,全日制,260
中国传媒大学,不是,是,是,不是,计算机与网络空间安全学院,计算机科学与技术,24,全日制,260
中国传媒大学,不是,是,是,不是,计算机与网络空间安全学院,网络空间安全,17,全日制,260
中国传媒大学,不是,是,是,不是,信息与通信工程学院,新一代电子信息技术（含量子技术等）,7,全日制,260
中国传媒大学,不是,是,是,不是,计算机与网络空间安全学院,计算机技术,8,全日制,260
中国传媒大学,不是,是,是,不是,信息与通信工程学院,人工智能,28,全日制,260
中国传媒大学,不是,是,是,不是,计算机与网络空间安全学院,大数据技术与工程,12,全日制,260
中国传媒大学,不是,是,是,不是,数据科学与智能媒体学院,大数据技术与工程,9,全日制,260
中国传媒大学,不是,是,是,不是,媒体融合与传播国家重点实验室,大数据技术与工程,20,全日制,260
中国传媒大学,不是,是,是,不是,计算机与网络空间安全学院,网络与信息安全,12,全日制,260
中国传媒大学,不是,是,是,不是,动画与数字艺术学院,设计学,6,全日制,260
中国传媒大学,不是,是,是,不是,经济与管理学院,管理科学与工程,16,全日制,333
中国传媒大学,不是,是,是,不是,政府与公共事务学院,公共管理学,5,全日制,333
中国传媒大学,不是,是,是,不是,经济与管理学院,工商管理,165,非全日制,151
中国传媒大学,不是,是,是,不是,政府与公共事务学院,公共管理,40,全日制,164
中国传媒大学,不是,是,是,不是,政府与公共事务学院,公共管理,40,非全日制,164
中国传媒大学,不是,是,是,不是,经济与管理学院,会计,90,全日制,194
中国传媒大学,不是,是,是,不是,戏剧影视学院,艺术学,60,全日制,351
中国传媒大学,不是,是,是,不是,播音主持艺术学院,艺术学,7,全日制,351
中国传媒大学,不是,是,是,不是,动画与数字艺术学院,艺术学,14,全日制,351
中国传媒大学,不是,是,是,不是,艺术研究院,艺术学,32,全日制,351
中国传媒大学,不是,是,是,不是,音乐与录音艺术学院,音乐,45,全日制,351
中国传媒大学,不是,是,是,不是,戏剧影视学院,戏剧与影视,102,全日制,351
中国传媒大学,不是,是,是,不是,播音主持艺术学院,戏剧与影视,56,全日制,351
中国传媒大学,不是,是,是,不是,播音主持艺术学院,戏剧与影视,5,非全日制,351
中国传媒大学,不是,是,是,不是,动画与数字艺术学院,戏剧与影视,23,全日制,351
中国传媒大学,不是,是,是,不是,电视学院,戏剧与影视,25,全日制,351
中国传媒大学,不是,是,是,不是,人文学院,戏剧与影视,15,全日制,351
中国传媒大学,不是,是,是,不是,戏剧影视学院,美术与书法,20,全日制,351
中国传媒大学,不是,是,是,不是,戏剧影视学院,设计,7,全日制,351
中国传媒大学,不是,是,是,不是,动画与数字艺术学院,设计,39,全日制,351
中国传媒大学,不是,是,是,不是,动画与数字艺术学院,设计学,14,全日制,351
中国传媒大学,不是,是,是,不是,海南国际学院,设计学,6,全日制,351
中国传媒大学,不是,是,是,不是,电视学院,国际新闻学,40,全日制,351
中国传媒大学,不是,是,是,不是,海南国际学院,新媒体,6,全日制,351
中国传媒大学,不是,是,是,不是,媒体融合与传播国家重点实验室,新媒体,4,全日制,351
中国传媒大学,不是,是,是,不是,经济与管理学院,传媒经济学,8,全日制,351
中国传媒大学,不是,是,是,不是,数据科学与智能媒体学院,信息传播学,6,全日制,260
中国传媒大学,不是,是,是,不是,媒体融合与传播国家重点实验室,互联网信息,19,全日制,260
中国传媒大学,不是,是,是,不是,媒体融合与传播国家重点实验室,互联网信息,14,全日制,351
中国传媒大学,不是,是,是,不是,媒体融合与传播国家重点实验室,国际传播学,40,全日制,351
中国传媒大学,不是,是,是,不是,文化产业管理学院,文化发展与传播,25,全日制,351
首都师范大学,不是,不是,是,不是,政法学院,马克思主义哲学,7,全日制,321
首都师范大学,不是,不是,是,不是,政法学院,中国哲学,7,全日制,321
首都师范大学,不是,不是,是,不是,政法学院,外国哲学,8,全日制,321
首都师范大学,不是,不是,是,不是,政法学院,逻辑学,2,全日制,321
首都师范大学,不是,不是,是,不是,政法学院,伦理学,4,全日制,321
首都师范大学,不是,不是,是,不是,政法学院,马克思主义哲学,7,全日制,321
首都师范大学,不是,不是,是,不是,政法学院,中国哲学,7,全日制,321
首都师范大学,不是,不是,是,不是,政法学院,外国哲学,8,全日制,321
首都师范大学,不是,不是,是,不是,政法学院,逻辑学,2,全日制,321
首都师范大学,不是,不是,是,不是,政法学院,伦理学,4,全日制,321
首都师范大学,不是,不是,是,不是,政法学院,美学,2,全日制,321
首都师范大学,不是,不是,是,不是,政法学院,宗教学,2,全日制,321
首都师范大学,不是,不是,是,不是,政法学院,科学技术哲学,3,全日制,321
首都师范大学,不是,不是,是,不是,数学科学学院,应用统计,19,全日制,323
首都师范大学,不是,不是,是,不是,管理学院,国际商务,30,全日制,323
首都师范大学,不是,不是,是,不是,政法学院,法学理论,2,全日制,323
首都师范大学,不是,不是,是,不是,政法学院,宪法学与行政法学,8,全日制,323
首都师范大学,不是,不是,是,不是,政法学院,刑法学,4,全日制,323
首都师范大学,不是,不是,是,不是,政法学院,民商法学,6,全日制,323
首都师范大学,不是,不是,是,不是,马克思主义学院,马克思主义基本原理,14,全日制,323
首都师范大学,不是,不是,是,不是,马克思主义学院,马克思主义发展史,6,全日制,323
首都师范大学,不是,不是,是,不是,马克思主义学院,马克思主义中国化研究,16,全日制,337
首都师范大学,不是,不是,是,不是,马克思主义学院,国外马克思主义研究,11,全日制,323
首都师范大学,不是,不是,是,不是,马克思主义学院,思想政治教育,32,全日制,339
首都师范大学,不是,不是,是,不是,马克思主义学院,中国近现代史基本问题研究,6,全日制,335
首都师范大学,不是,不是,是,不是,政法学院,法律（非法学）,17,全日制,323
首都师范大学,不是,不是,是,不是,政法学院,法律（法学）,10,全日制,323
首都师范大学,不是,不是,是,不是,政法学院,社会工作,27,全日制,323
首都师范大学,不是,不是,是,不是,教育学院,教育学原理,23,全日制,341
首都师范大学,不是,不是,是,不是,教育学院,课程与教学论,12,全日制,341
首都师范大学,不是,不是,是,不是,教师教育学院,课程与教学论,10,全日制,341
首都师范大学,不是,不是,是,不是,信息工程学院,课程与教学论,3,全日制,341
首都师范大学,不是,不是,是,不是,教育学院,比较教育学,6,全日制,341
首都师范大学,不是,不是,是,不是,学前教育学院,学前教育学,16,全日制,341
首都师范大学,不是,不是,是,不是,教育学院,高等教育学,4,全日制,341
首都师范大学,不是,不是,是,不是,心理学院,心理学,36,全日制,341
首都师范大学,不是,不是,是,不是,教育学院,教育管理,5,非全日制,351
首都师范大学,不是,不是,是,不是,教育学院,教育管理,5,非全日制,351
首都师范大学,不是,不是,是,不是,教师教育学院,学科教学（思政）,39,全日制,341
首都师范大学,不是,不是,是,不是,教师教育学院,学科教学（语文）,54,全日制,341
首都师范大学,不是,不是,是,不是,教师教育学院,学科教学（数学）,44,全日制,341
首都师范大学,不是,不是,是,不是,教师教育学院,学科教学（物理）,24,全日制,341
首都师范大学,不是,不是,是,不是,教师教育学院,学科教学（化学）,25,全日制,341
首都师范大学,不是,不是,是,不是,教师教育学院,学科教学（生物）,24,全日制,341
首都师范大学,不是,不是,是,不是,教师教育学院,学科教学（英语）,36,全日制,371
首都师范大学,不是,不是,是,不是,教师教育学院,学科教学（历史）,25,全日制,341
首都师范大学,不是,不是,是,不是,教师教育学院,学科教学（地理）,19,全日制,362
首都师范大学,不是,不是,是,不是,教师教育学院,学科教学（音乐）,6,全日制,341
首都师范大学,不是,不是,是,不是,教师教育学院,学科教学（体育）,6,全日制,341
首都师范大学,不是,不是,是,不是,教师教育学院,学科教学（美术）,6,全日制,350
首都师范大学,不是,不是,是,不是,教育学院,现代教育技术,4,非全日制,348
首都师范大学,不是,不是,是,不是,教师教育学院,现代教育技术,10,全日制,348
首都师范大学,不是,不是,是,不是,初等教育学院,小学教育,131,全日制,341
首都师范大学,不是,不是,是,不是,教师教育学院,心理健康教育,14,全日制,341
首都师范大学,不是,不是,是,不是,初等教育学院,科学与技术教育,10,全日制,341
首都师范大学,不是,不是,是,不是,学前教育学院,学前教育,58,全日制,341
首都师范大学,不是,不是,是,不是,学前教育学院,学前教育,5,非全日制,341
首都师范大学,不是,不是,是,不是,文学院,国际中文教育,58,全日制,341
首都师范大学,不是,不是,是,不是,心理学院,应用心理,82,全日制,341
首都师范大学,不是,不是,是,不是,文学院,文艺学,23,全日制,360
首都师范大学,不是,不是,是,不是,文学院,语言学及应用语言学,9,全日制,351
首都师范大学,不是,不是,是,不是,文学院,汉语言文字学,10,全日制,351
首都师范大学,不是,不是,是,不是,文学院,中国古典文献学,6,全日制,351
首都师范大学,不是,不是,是,不是,文学院,中国古代文学,28,全日制,359
首都师范大学,不是,不是,是,不是,中国诗歌研究中心,中国古代文学,3,全日制,351
首都师范大学,不是,不是,是,不是,文学院,中国现当代文学,17,全日制,351
首都师范大学,不是,不是,是,不是,中国诗歌研究中心,中国现当代文学,2,全日制,351
首都师范大学,不是,不是,是,不是,文学院,中国少数民族语言文学,2,全日制,351
首都师范大学,不是,不是,是,不是,文学院,比较文学与世界文学,8,全日制,351
首都师范大学,不是,不是,是,不是,外国语学院,英语语言文学,13,全日制,378
首都师范大学,不是,不是,是,不是,外国语学院,俄语语言文学,14,全日制,351
首都师范大学,不是,不是,是,不是,外国语学院,法语语言文学,5,全日制,351
首都师范大学,不是,不是,是,不是,外国语学院,德语语言文学,6,全日制,351
首都师范大学,不是,不是,是,不是,外国语学院,日语语言文学,7,全日制,351
首都师范大学,不是,不是,是,不是,外国语学院,西班牙语语言文学,5,全日制,351
首都师范大学,不是,不是,是,不是,外国语学院,外国语言学及应用语言学,10,全日制,351
首都师范大学,不是,不是,是,不是,外国语学院,英语笔译,34,全日制,351
首都师范大学,不是,不是,是,不是,外国语学院,日语笔译,4,全日制,351
首都师范大学,不是,不是,是,不是,外国语学院,日语口译,4,全日制,351
首都师范大学,不是,不是,是,不是,历史学院,考古学,30,全日制,336
首都师范大学,不是,不是,是,不是,历史学院,中国史,46,全日制,336
首都师范大学,不是,不是,是,不是,历史学院,世界史,40,全日制,336
首都师范大学,不是,不是,是,不是,历史学院,博物馆,9,全日制,336
首都师范大学,不是,不是,是,不是,数学科学学院,数学,117,全日制,274
首都师范大学,不是,不是,是,不是,物理系,理论物理,8,全日制,274
首都师范大学,不是,不是,是,不是,物理系,原子与分子物理,5,全日制,274
首都师范大学,不是,不是,是,不是,物理系,凝聚态物理,18,全日制,274
首都师范大学,不是,不是,是,不是,物理系,光学,19,全日制,274
首都师范大学,不是,不是,是,不是,化学系,化学,59,全日制,274
首都师范大学,不是,不是,是,不是,资源环境与旅游学院,自然地理学,19,全日制,306
首都师范大学,不是,不是,是,不是,资源环境与旅游学院,人文地理学,18,全日制,323
首都师范大学,不是,不是,是,不是,城市环境过程和数字模拟国家重点实验室培育基地,地图学与地理信息系统,65,全日制,274
首都师范大学,不是,不是,是,不是,生命科学学院,植物学,31,全日制,274
首都师范大学,不是,不是,是,不是,生命科学学院,动物学,17,全日制,274
首都师范大学,不是,不是,是,不是,生命科学学院,微生物学,10,全日制,294
首都师范大学,不是,不是,是,不是,生命科学学院,遗传学,9,全日制,274
首都师范大学,不是,不是,是,不是,生命科学学院,细胞生物学,21,全日制,297
首都师范大学,不是,不是,是,不是,生命科学学院,生物化学与分子生物学,12,全日制,274
首都师范大学,不是,不是,是,不是,物理系,科学技术史,5,全日制,274
首都师范大学,不是,不是,是,不是,生命科学学院,生态学,13,全日制,274
首都师范大学,不是,不是,是,不是,数学科学学院,统计学,10,全日制,274
首都师范大学,不是,不是,是,不是,教育学院,教育技术学,21,全日制,274
首都师范大学,不是,不是,是,不是,信息工程学院,通信与信息系统,6,全日制,260
首都师范大学,不是,不是,是,不是,信息工程学院,计算机软件与理论,2,全日制,260
首都师范大学,不是,不是,是,不是,信息工程学院,计算机应用技术,10,全日制,260
首都师范大学,不是,不是,是,不是,资源环境与旅游学院,环境科学与工程,9,全日制,260
首都师范大学,不是,不是,是,不是,信息工程学院,软件工程,20,全日制,260
首都师范大学,不是,不是,是,不是,信息工程学院,计算机技术,40,全日制,302
首都师范大学,不是,不是,是,不是,物理系,光电信息工程,25,全日制,260
首都师范大学,不是,不是,是,不是,化学系,材料工程,58,全日制,260
首都师范大学,不是,不是,是,不是,资源环境与旅游学院,环境工程,33,全日制,260
首都师范大学,不是,不是,是,不是,城市环境过程和数字模拟国家重点实验室培育基地,测绘工程,20,全日制,260
首都师范大学,不是,不是,是,不是,城市环境过程和数字模拟国家重点实验室培育基地,水利工程,22,全日制,260
首都师范大学,不是,不是,是,不是,资源环境与旅游学院,旅游管理,10,全日制,333
首都师范大学,不是,不是,是,不是,管理学院,行政管理,11,全日制,333
首都师范大学,不是,不是,是,不是,教育学院,教育经济与管理,11,全日制,333
首都师范大学,不是,不是,是,不是,管理学院,社会保障,5,全日制,333
首都师范大学,不是,不是,是,不是,管理学院,公共管理,50,非全日制,164
首都师范大学,不是,不是,是,不是,资源环境与旅游学院,旅游管理,12,全日制,158
首都师范大学,不是,不是,是,不是,音乐学院,艺术学,29,全日制,351
首都师范大学,不是,不是,是,不是,美术学院,艺术学,31,全日制,353
首都师范大学,不是,不是,是,不是,中国书法文化研究院,艺术学,19,全日制,361
首都师范大学,不是,不是,是,不是,艺术与美育研究院,艺术学,9,全日制,351
首都师范大学,不是,不是,是,不是,音乐学院,音乐,53,全日制,358
首都师范大学,不是,不是,是,不是,音乐学院,舞蹈,14,全日制,374
首都师范大学,不是,不是,是,不是,美术学院,美术与书法,45,全日制,351
首都师范大学,不是,不是,是,不是,中国书法文化研究院,美术与书法,45,全日制,351
首都师范大学,不是,不是,是,不是,美术学院,设计,20,全日制,351
首都师范大学,不是,不是,是,不是,美术学院,设计学,6,全日制,351
首都师范大学,不是,不是,是,不是,管理学院,国家安全学,12,全日制,266
首都师范大学,不是,不是,是,不是,历史学院,文物,25,全日制,275
首都师范大学,不是,不是,是,不是,马克思主义学院,党的建设,7,全日制,323
首都师范大学,不是,不是,是,不是,教育学院,跨文化教育,3,全日制,341
首都师范大学,不是,不是,是,不是,初等教育学院,初等教育学,7,全日制,341
首都师范大学,不是,不是,是,不是,初等教育学院,少年儿童组织与思想意识教育,2,全日制,341
首都师范大学,不是,不是,是,不是,初等教育学院,学校心理学,4,全日制,341
首都师范大学,不是,不是,是,不是,文学院,语文教育,2,全日制,351
首都师范大学,不是,不是,是,不是,文学院,文化产业,8,全日制,351
首都师范大学,不是,不是,是,不是,文学院,戏剧影视文学,6,全日制,351
首都师范大学,不是,不是,是,不是,生命科学学院,生物信息学,6,全日制,274
首都师范大学,不是,不是,是,不是,信息工程学院,人工智能,10,全日制,260
中央民族大学,是,是,是,不是,哲学与宗教学学院,哲学,40,全日制,322
中央民族大学,是,是,是,不是,经济学院,理论经济学,27,全日制,324
中央民族大学,是,是,是,不是,经济学院,应用经济学,28,全日制,342
中央民族大学,是,是,是,不是,经济学院,金融,95,全日制,352
中央民族大学,是,是,是,不是,理学院,应用统计,68,全日制,369
中央民族大学,是,是,是,不是,哲学与宗教学学院,哲学,40,全日制,322
中央民族大学,是,是,是,不是,经济学院,理论经济学,27,全日制,324
中央民族大学,是,是,是,不是,经济学院,应用经济学,28,全日制,342
中央民族大学,是,是,是,不是,经济学院,金融,95,全日制,352
中央民族大学,是,是,是,不是,理学院,应用统计,68,全日制,369
中央民族大学,是,是,是,不是,经济学院,税务,30,全日制,333
中央民族大学,是,是,是,不是,经济学院,国际商务,45,全日制,329
中央民族大学,是,是,是,不是,经济学院,数字经济,20,全日制,330
中央民族大学,是,是,是,不是,法学院,法学,45,全日制,336
中央民族大学,是,是,是,不是,民族学与社会学学院,社会学,28,全日制,378
中央民族大学,是,是,是,不是,民族学与社会学学院,人口学,5,全日制,342
中央民族大学,是,是,是,不是,民族学与社会学学院,人类学,20,全日制,325
中央民族大学,是,是,是,不是,民族学与社会学学院,民俗学,5,全日制,336
中央民族大学,是,是,是,不是,民族学与社会学学院,民族学,50,全日制,347
中央民族大学,是,是,是,不是,马克思主义学院,马克思主义理论,34,全日制,328
中央民族大学,是,是,是,不是,法学院,法律（非法学）,100,全日制,328
中央民族大学,是,是,是,不是,法学院,法律（法学）,115,全日制,323
中央民族大学,是,是,是,不是,民族学与社会学学院,社会工作,42,全日制,340
中央民族大学,是,是,是,不是,教育学院,教育学,25,全日制,347
中央民族大学,是,是,是,不是,教育学院,学科教学（语文）,120,全日制,348
中央民族大学,是,是,是,不是,理学院,学科教学（数学）,45,全日制,341
中央民族大学,是,是,是,不是,理学院,学科教学（物理）,15,全日制,345
中央民族大学,是,是,是,不是,外国语学院,学科教学（英语）,30,全日制,342
中央民族大学,是,是,是,不是,历史文化学院,学科教学（历史）,15,全日制,354
中央民族大学,是,是,是,不是,音乐学院,学科教学（音乐）,4,全日制,343
中央民族大学,是,是,是,不是,美术学院,学科教学（美术）,8,全日制,341
中央民族大学,是,是,是,不是,教育学院,小学教育,20,全日制,351
中央民族大学,是,是,是,不是,教育学院,心理健康教育,20,全日制,345
中央民族大学,是,是,是,不是,体育学院,体育教学,24,全日制,315
中央民族大学,是,是,是,不是,体育学院,运动训练,32,全日制,305
中央民族大学,是,是,是,不是,国际教育学院,国际中文教育,48,全日制,341
中央民族大学,是,是,是,不是,文学院,文艺学,8,全日制,375
中央民族大学,是,是,是,不是,中国少数民族语言文学学院,语言学及应用语言学,15,全日制,386
中央民族大学,是,是,是,不是,文学院,汉语言文字学,7,全日制,378
中央民族大学,是,是,是,不是,中国少数民族语言文学学院,中国古典文献学,12,全日制,359
中央民族大学,是,是,是,不是,文学院,中国古代文学,10,全日制,359
中央民族大学,是,是,是,不是,文学院,中国现当代文学,10,全日制,358
中央民族大学,是,是,是,不是,中国少数民族语言文学学院,中国少数民族语言文学,45,全日制,351
中央民族大学,是,是,是,不是,中国少数民族语言文学学院,比较文学与世界文学,8,全日制,359
中央民族大学,是,是,是,不是,外国语学院,英语语言文学,7,全日制,351
中央民族大学,是,是,是,不是,外国语学院,俄语语言文学,5,全日制,364
中央民族大学,是,是,是,不是,外国语学院,日语语言文学,3,全日制,398
中央民族大学,是,是,是,不是,新闻与传播学院,新闻传播学,26,全日制,362
中央民族大学,是,是,是,不是,外国语学院,英语笔译,48,全日制,354
中央民族大学,是,是,是,不是,新闻与传播学院,新闻与传播,165,全日制,374
中央民族大学,是,是,是,不是,新闻与传播学院,新闻与传播,2,全日制,374
中央民族大学,是,是,是,不是,民族学与社会学学院,考古学,10,全日制,343
中央民族大学,是,是,是,不是,历史文化学院,中国史,39,全日制,342
中央民族大学,是,是,是,不是,历史文化学院,世界史,6,全日制,336
中央民族大学,是,是,是,不是,历史文化学院,博物馆,20,全日制,370
中央民族大学,是,是,是,不是,理学院,数学,17,全日制,278
中央民族大学,是,是,是,不是,生命与环境科学学院,生物学,39,全日制,274
中央民族大学,是,是,是,不是,生命与环境科学学院,生态学,26,全日制,294
中央民族大学,是,是,是,不是,理学院,统计学,16,全日制,277
中央民族大学,是,是,是,不是,理学院,光学工程,17,全日制,260
中央民族大学,是,是,是,不是,信息工程学院,计算机科学与技术,29,全日制,276
中央民族大学,是,是,是,不是,生命与环境科学学院,环境科学与工程,25,全日制,260
中央民族大学,是,是,是,不是,信息工程学院,软件工程,29,全日制,299
中央民族大学,是,是,是,不是,理学院,电子信息,62,全日制,274
中央民族大学,是,是,是,不是,信息工程学院,电子信息,120,全日制,264
中央民族大学,是,是,是,不是,生命与环境科学学院,环境工程,30,全日制,263
中央民族大学,是,是,是,不是,药学院,中药学,30,全日制,301
中央民族大学,是,是,是,不是,药学院,中药,20,全日制,298
中央民族大学,是,是,是,不是,药学院,中药,14,全日制,298
中央民族大学,是,是,是,不是,管理学院,工商管理学,20,全日制,342
中央民族大学,是,是,是,不是,管理学院,公共管理学,20,全日制,366
中央民族大学,是,是,是,不是,管理学院,公共管理学,4,全日制,366
中央民族大学,是,是,是,不是,管理学院,工商管理,100,非全日制,151
中央民族大学,是,是,是,不是,管理学院,公共管理,40,非全日制,164
中央民族大学,是,是,是,不是,管理学院,会计,60,全日制,219
中央民族大学,是,是,是,不是,管理学院,旅游管理,24,全日制,176
中央民族大学,是,是,是,不是,音乐学院,艺术学,10,全日制,360
中央民族大学,是,是,是,不是,舞蹈学院,艺术学,10,全日制,352
中央民族大学,是,是,是,不是,美术学院,艺术学,10,全日制,372
中央民族大学,是,是,是,不是,音乐学院,音乐,39,全日制,352
中央民族大学,是,是,是,不是,舞蹈学院,舞蹈,41,全日制,351
中央民族大学,是,是,是,不是,新闻与传播学院,戏剧与影视,25,非全日制,365
中央民族大学,是,是,是,不是,美术学院,美术与书法,31,全日制,367
中央民族大学,是,是,是,不是,美术学院,设计,25,全日制,354
外交学院,不是,不是,是,不是,国际经济学院,政治经济学,5,全日制,323
外交学院,不是,不是,是,不是,国际经济学院,西方经济学,5,全日制,323
外交学院,不是,不是,是,不是,国际经济学院,世界经济,15,全日制,323
外交学院,不是,不是,是,不是,国际经济学院,金融,30,全日制,323
外交学院,不是,不是,是,不是,国际法系,刑法学,2,全日制,323
外交学院,不是,不是,是,不是,国际经济学院,政治经济学,5,全日制,323
外交学院,不是,不是,是,不是,国际经济学院,西方经济学,5,全日制,323
外交学院,不是,不是,是,不是,国际经济学院,世界经济,15,全日制,323
外交学院,不是,不是,是,不是,国际经济学院,金融,30,全日制,323
外交学院,不是,不是,是,不是,国际法系,刑法学,2,全日制,323
外交学院,不是,不是,是,不是,国际法系,民商法学,2,全日制,323
外交学院,不是,不是,是,不是,国际法系,经济法学,2,全日制,323
外交学院,不是,不是,是,不是,国际法系,国际法学,20,全日制,323
外交学院,不是,不是,是,不是,外交学与外事管理系,政治学理论,6,全日制,323
外交学院,不是,不是,是,不是,马克思主义学院,科学社会主义与国际共产主义运动,9,全日制,323
外交学院,不是,不是,是,不是,外交学与外事管理系,国际政治,17,全日制,323
外交学院,不是,不是,是,不是,国际关系研究所,国际关系,55,全日制,323
外交学院,不是,不是,是,不是,外交学与外事管理系,外交学,37,全日制,350
外交学院,不是,不是,是,不是,国际法系,法律（法学）,32,全日制,323
外交学院,不是,不是,是,不是,外交学与外事管理系,国际事务,15,非全日制,323
外交学院,不是,不是,是,不是,国际关系研究所,国际事务,15,非全日制,323
外交学院,不是,不是,是,不是,亚洲研究所（国家安全学院）,国家安全学,15,全日制,323
外交学院,不是,不是,是,不是,英语系,英语语言文学,11,全日制,351
外交学院,不是,不是,是,不是,外语系,法语语言文学,14,全日制,351
外交学院,不是,不是,是,不是,外语系,日语语言文学,10,全日制,372
外交学院,不是,不是,是,不是,英语系,外国语言学及应用语言学,11,全日制,351
外交学院,不是,不是,是,不是,英语系,英语口译,56,全日制,351
外交学院,不是,不是,是,不是,外语系,日语口译,10,全日制,366
外交学院,不是,不是,是,不是,国际关系研究所,国际安全,15,全日制,323
外交学院,不是,不是,是,不是,外交学与外事管理系,国际组织与全球治理,9,全日制,323
首都经济贸易大学,不是,不是,不是,是,劳动经济学院,人口、资源与环境经济学,10,全日制,323
首都经济贸易大学,不是,不是,不是,是,劳动经济学院,人口、资源与环境经济学,10,全日制,323
首都经济贸易大学,不是,不是,不是,是,城市经济与公共管理学院,区域经济学,20,全日制,323
首都经济贸易大学,不是,不是,不是,是,财政税务学院,财政学,17,全日制,323
首都经济贸易大学,不是,不是,不是,是,金融学院,金融学,33,全日制,323
首都经济贸易大学,不是,不是,不是,是,国际经济管理学院,数量经济学,20,全日制,323
首都经济贸易大学,不是,不是,不是,是,金融学院,金融,113,全日制,323
首都经济贸易大学,不是,不是,不是,是,财政税务学院,税务,90,全日制,323
首都经济贸易大学,不是,不是,不是,是,经济学院,国际商务,140,全日制,330
首都经济贸易大学,不是,不是,不是,是,金融学院,保险,42,全日制,323
首都经济贸易大学,不是,不是,不是,是,财政税务学院,资产评估,72,全日制,323
首都经济贸易大学,不是,不是,不是,是,经济学院,数字经济,25,全日制,323
首都经济贸易大学,不是,不是,不是,是,金融学院,数字经济,25,全日制,323
首都经济贸易大学,不是,不是,不是,是,马克思主义学院,马克思主义理论,23,全日制,323
首都经济贸易大学,不是,不是,不是,是,法学院,法律（非法学）,35,全日制,323
首都经济贸易大学,不是,不是,不是,是,法学院,法律（法学）,18,全日制,323
首都经济贸易大学,不是,不是,不是,是,劳动经济学院,社会工作,42,全日制,323
首都经济贸易大学,不是,不是,不是,是,外国语学院,外国语言文学,12,全日制,351
首都经济贸易大学,不是,不是,不是,是,文化与传播学院,新闻传播学,10,全日制,351
首都经济贸易大学,不是,不是,不是,是,外国语学院,英语笔译,40,全日制,351
首都经济贸易大学,不是,不是,不是,是,外国语学院,英语口译,28,全日制,351
首都经济贸易大学,不是,不是,不是,是,文化与传播学院,新闻与传播,20,全日制,351
首都经济贸易大学,不是,不是,不是,是,管理工程学院,安全科学与工程,13,全日制,260
首都经济贸易大学,不是,不是,不是,是,管理工程学院,管理科学与工程,33,全日制,333
首都经济贸易大学,不是,不是,不是,是,会计学院,会计学,57,全日制,333
首都经济贸易大学,不是,不是,不是,是,城市经济与公共管理学院,公共管理学,38,全日制,333
首都经济贸易大学,不是,不是,不是,是,劳动经济学院,社会保障,25,全日制,333
首都经济贸易大学,不是,不是,不是,是,工商管理学院,工商管理,165,全日制,151
首都经济贸易大学,不是,不是,不是,是,工商管理学院,工商管理,105,非全日制,151
首都经济贸易大学,不是,不是,不是,是,城市经济与公共管理学院,公共管理,18,全日制,164
首都经济贸易大学,不是,不是,不是,是,城市经济与公共管理学院,公共管理,35,非全日制,164
首都经济贸易大学,不是,不是,不是,是,会计学院,会计,135,全日制,210
首都经济贸易大学,不是,不是,不是,是,会计学院,审计,73,全日制,207
北京语言大学,不是,不是,不是,是,商学院,应用经济学,4,全日制,323
北京语言大学,不是,不是,不是,是,商学院,金融,50,全日制,323
北京语言大学,不是,不是,不是,是,商学院,国际商务,33,全日制,323
北京语言大学,不是,不是,不是,是,商学院,数字经济,33,全日制,323
北京语言大学,不是,不是,不是,是,商学院,应用经济学,4,全日制,323
北京语言大学,不是,不是,不是,是,商学院,金融,50,全日制,323
北京语言大学,不是,不是,不是,是,商学院,国际商务,33,全日制,323
北京语言大学,不是,不是,不是,是,商学院,数字经济,33,全日制,323
北京语言大学,不是,不是,不是,是,马克思主义学院,马克思主义理论,5,全日制,323
北京语言大学,不是,不是,不是,是,教师教育学院,教育学原理,1,全日制,341
北京语言大学,不是,不是,不是,是,教师教育学院,课程与教学论,4,全日制,341
北京语言大学,不是,不是,不是,是,045300国际中文教育,国际中文教育,15,全日制,361
北京语言大学,不是,不是,不是,是,文学院,文艺学,2,全日制,351
北京语言大学,不是,不是,不是,是,050102语言学及应用语言学,语言学及应用语言学,27,全日制,370
北京语言大学,不是,不是,不是,是,050103汉语言文字学,汉语言文字学,11,全日制,360
北京语言大学,不是,不是,不是,是,文学院,中国古典文献学,1,全日制,351
北京语言大学,不是,不是,不是,是,文学院,中国古代文学,10,全日制,360
北京语言大学,不是,不是,不是,是,文学院,中国现当代文学,9,全日制,372
北京语言大学,不是,不是,不是,是,文学院,比较文学与世界文学,4,全日制,383
北京语言大学,不是,不是,不是,是,050211外国语言学及应用语言学,外国语言学及应用语言学,24,全日制,351
北京语言大学,不是,不是,不是,是,文学院,中国史,2,全日制,336
北京语言大学,不是,不是,不是,是,文学院,博物馆,50,全日制,336
北京语言大学,不是,不是,不是,是,信息科学学院,计算机科学与技术,15,全日制,260
北京语言大学,不是,不是,不是,是,商学院,会计,4,全日制,194
北京语言大学,不是,不是,不是,是,信息科学学院,图书情报,4,全日制,209
北京语言大学,不是,不是,不是,是,艺术学院,艺术学,9,全日制,351
北京语言大学,不是,不是,不是,是,艺术学院,音乐,33,全日制,351
北京语言大学,不是,不是,不是,是,国际学生教育政策与评价研究院,教育评价与治理,2,全日制,341
北京语言大学,不是,不是,不是,是,文学院,文献语言学,2,全日制,358
北京语言大学,不是,不是,不是,是,信息科学学院,语言智能与技术,1,全日制,351
北京语言大学,不是,不是,不是,是,汉学与中国学学院,世界汉学与中国学,8,全日制,351
北京建筑大学,不是,不是,不是,是,理学院,应用统计,2,全日制,323
北京建筑大学,不是,不是,不是,是,马克思主义学院,马克思主义理论,27,全日制,323
北京建筑大学,不是,不是,不是,是,人文与社会科学学院,法律（非法学）,15,全日制,323
北京建筑大学,不是,不是,不是,是,人文与社会科学学院,社会工作,18,全日制,323
北京建筑大学,不是,不是,不是,是,理学院,数学,28,全日制,274
北京建筑大学,不是,不是,不是,是,理学院,应用统计,2,全日制,323
北京建筑大学,不是,不是,不是,是,马克思主义学院,马克思主义理论,27,全日制,323
北京建筑大学,不是,不是,不是,是,人文与社会科学学院,法律（非法学）,15,全日制,323
北京建筑大学,不是,不是,不是,是,人文与社会科学学院,社会工作,18,全日制,323
北京建筑大学,不是,不是,不是,是,理学院,数学,28,全日制,274
北京建筑大学,不是,不是,不是,是,机电与车辆工程学院,机械工程,30,全日制,260
北京建筑大学,不是,不是,不是,是,建筑与城市规划学院,建筑学,10,全日制,312
北京建筑大学,不是,不是,不是,是,环境与能源工程学院,建筑技术科学,5,全日制,260
北京建筑大学,不是,不是,不是,是,土木与交通工程学院,岩土工程,5,全日制,260
北京建筑大学,不是,不是,不是,是,土木与交通工程学院,结构工程,16,全日制,260
北京建筑大学,不是,不是,不是,是,环境与能源工程学院,市政工程,12,全日制,260
北京建筑大学,不是,不是,不是,是,环境与能源工程学院,供热、供燃气、通风及空调工程,20,全日制,260
北京建筑大学,不是,不是,不是,是,土木与交通工程学院,桥梁与隧道工程,3,全日制,260
北京建筑大学,不是,不是,不是,是,土木与交通工程学院,道路与铁道工程,7,全日制,260
北京建筑大学,不是,不是,不是,是,土木与交通工程学院,交通运输规划与管理,3,全日制,260
北京建筑大学,不是,不是,不是,是,机电与车辆工程学院,载运工具运用工程,4,全日制,260
北京建筑大学,不是,不是,不是,是,环境与能源工程学院,环境科学,12,全日制,260
北京建筑大学,不是,不是,不是,是,环境与能源工程学院,环境工程,25,全日制,260
北京建筑大学,不是,不是,不是,是,建筑与城市规划学院,城乡规划学,26,全日制,292
北京建筑大学,不是,不是,不是,是,建筑与城市规划学院,建筑,2,全日制,263
北京建筑大学,不是,不是,不是,是,建筑与城市规划学院,城乡规划,22,全日制,262
北京建筑大学,不是,不是,不是,是,机电与车辆工程学院,机械工程,2,全日制,260
北京建筑大学,不是,不是,不是,是,机电与车辆工程学院,车辆工程,27,全日制,260
北京建筑大学,不是,不是,不是,是,机电与车辆工程学院,智能制造技术,4,全日制,260
北京建筑大学,不是,不是,不是,是,机电与车辆工程学院,机器人工程,12,全日制,260
北京建筑大学,不是,不是,不是,是,环境与能源工程学院,环境工程,57,全日制,260
北京建筑大学,不是,不是,不是,是,测绘与城市空间信息学院,测绘工程,5,全日制,260
北京建筑大学,不是,不是,不是,是,土木与交通工程学院,土木工程,3,全日制,260
北京建筑大学,不是,不是,不是,是,环境与能源工程学院,市政工程（含给排水等）,25,全日制,260
北京建筑大学,不是,不是,不是,是,环境与能源工程学院,人工环境工程（含供热、通风及空调等）,61,全日制,260
北京建筑大学,不是,不是,不是,是,建筑与城市规划学院,风景园林,28,全日制,295
北京建筑大学,不是,不是,不是,是,城市经济与管理学院,管理科学与工程,33,全日制,333
北京建筑大学,不是,不是,不是,是,城市经济与管理学院,工商管理学,17,全日制,333
北京建筑大学,不是,不是,不是,是,城市经济与管理学院,工商管理,49,非全日制,151
北京建筑大学,不是,不是,不是,是,城市经济与管理学院,工程管理,3,全日制,162
北京建筑大学,不是,不是,不是,是,城市经济与管理学院,工程管理,20,非全日制,162
北京建筑大学,不是,不是,不是,是,机电与车辆工程学院,工业工程与管理,27,非全日制,162
北京建筑大学,不是,不是,不是,是,建筑与城市规划学院,设计学,16,全日制,357
北京工商大学,不是,不是,不是,是,经济学院,理论经济学,16,全日制,323
北京工商大学,不是,不是,不是,是,经济学院,应用经济学,74,全日制,323
北京工商大学,不是,不是,不是,是,经济学院,金融,71,全日制,323
北京工商大学,不是,不是,不是,是,数学与统计学院,应用统计,51,全日制,323
北京工商大学,不是,不是,不是,是,经济学院,税务,24,全日制,323
北京工商大学,不是,不是,不是,是,经济学院,理论经济学,16,全日制,323
北京工商大学,不是,不是,不是,是,经济学院,应用经济学,74,全日制,323
北京工商大学,不是,不是,不是,是,经济学院,金融,71,全日制,323
北京工商大学,不是,不是,不是,是,数学与统计学院,应用统计,51,全日制,323
北京工商大学,不是,不是,不是,是,经济学院,税务,24,全日制,323
北京工商大学,不是,不是,不是,是,经济学院,国际商务,31,全日制,323
北京工商大学,不是,不是,不是,是,经济学院,保险,40,全日制,323
北京工商大学,不是,不是,不是,是,经济学院,资产评估,32,全日制,323
北京工商大学,不是,不是,不是,是,经济学院,数字经济,20,全日制,323
北京工商大学,不是,不是,不是,是,数学与统计学院,统计学,5,全日制,323
北京工商大学,不是,不是,不是,是,法学院,民商法学,25,全日制,323
北京工商大学,不是,不是,不是,是,法学院,诉讼法学,25,全日制,323
北京工商大学,不是,不是,不是,是,法学院,经济法学,25,全日制,323
北京工商大学,不是,不是,不是,是,法学院,国际法学,25,全日制,323
北京工商大学,不是,不是,不是,是,马克思主义学院,马克思主义理论,17,全日制,323
北京工商大学,不是,不是,不是,是,法学院,法律（非法学）,42,全日制,323
北京工商大学,不是,不是,不是,是,法学院,法律（法学）,32,全日制,323
北京工商大学,不是,不是,不是,是,语言与传播学院,新闻传播学,13,全日制,351
北京工商大学,不是,不是,不是,是,语言与传播学院,翻译,25,全日制,351
北京工商大学,不是,不是,不是,是,语言与传播学院,新闻与传播,54,全日制,365
北京工商大学,不是,不是,不是,是,数学与统计学院,数学,10,全日制,274
北京工商大学,不是,不是,不是,是,轻工科学与工程学院,化学,5,全日制,274
北京工商大学,不是,不是,不是,是,计算机与人工智能学院,系统科学,9,全日制,274
北京工商大学,不是,不是,不是,是,数学与统计学院,统计学,10,全日制,274
北京工商大学,不是,不是,不是,是,计算机与人工智能学院,材料物理与化学,7,全日制,274
北京工商大学,不是,不是,不是,是,计算机与人工智能学院,机械工程,13,全日制,260
北京工商大学,不是,不是,不是,是,轻工科学与工程学院,材料科学与工程,13,全日制,260
北京工商大学,不是,不是,不是,是,计算机与人工智能学院,控制科学与工程,17,全日制,260
北京工商大学,不是,不是,不是,是,计算机与人工智能学院,计算机科学与技术,15,全日制,260
北京工商大学,不是,不是,不是,是,轻工科学与工程学院,化学工艺,3,全日制,260
北京工商大学,不是,不是,不是,是,轻工科学与工程学院,生物化工,5,全日制,260
北京工商大学,不是,不是,不是,是,轻工科学与工程学院,应用化学,2,全日制,260
北京工商大学,不是,不是,不是,是,轻工科学与工程学院,轻工技术与工程,19,全日制,260
北京工商大学,不是,不是,不是,是,轻工科学与工程学院,环境科学与工程,19,全日制,260
北京工商大学,不是,不是,不是,是,食品与健康学院,食品科学与工程,65,全日制,260
北京工商大学,不是,不是,不是,是,计算机与人工智能学院,计算机技术,44,全日制,316
北京工商大学,不是,不是,不是,是,计算机与人工智能学院,控制工程,44,全日制,260
北京工商大学,不是,不是,不是,是,计算机与人工智能学院,人工智能,7,全日制,260
北京工商大学,不是,不是,不是,是,计算机与人工智能学院,大数据技术与工程,10,全日制,306
北京工商大学,不是,不是,不是,是,计算机与人工智能学院,网络与信息安全,10,全日制,271
北京工商大学,不是,不是,不是,是,计算机与人工智能学院,机械工程,31,全日制,260
北京工商大学,不是,不是,不是,是,计算机与人工智能学院,智能制造技术,7,全日制,260
北京工商大学,不是,不是,不是,是,轻工科学与工程学院,材料工程,45,全日制,260
北京工商大学,不是,不是,不是,是,轻工科学与工程学院,化学工程,19,全日制,260
北京工商大学,不是,不是,不是,是,轻工科学与工程学院,轻化工程（含皮革、纸张、织物加工等）,65,全日制,260
北京工商大学,不是,不是,不是,是,轻工科学与工程学院,资源与环境,31,全日制,260
北京工商大学,不是,不是,不是,是,轻工科学与工程学院,生物技术与工程,34,全日制,260
北京工商大学,不是,不是,不是,是,食品与健康学院,食品工程,152,全日制,260
北京工商大学,不是,不是,不是,是,计算机与人工智能学院,管理科学与工程,11,全日制,260
北京工商大学,不是,不是,不是,是,食品与健康学院,食品与营养,30,全日制,245
北京工商大学,不是,不是,不是,是,商学院,管理科学与工程,13,全日制,333
北京工商大学,不是,不是,不是,是,商学院,会计学,40,全日制,333
北京工商大学,不是,不是,不是,是,商学院,企业管理,40,全日制,333
北京工商大学,不是,不是,不是,是,商学院,旅游管理,7,全日制,333
北京工商大学,不是,不是,不是,是,商学院,工商管理,90,全日制,151
北京工商大学,不是,不是,不是,是,商学院,工商管理,36,非全日制,151
北京工商大学,不是,不是,不是,是,商学院,会计,75,全日制,213
北京工商大学,不是,不是,不是,是,商学院,旅游管理,4,非全日制,151
北京工商大学,不是,不是,不是,是,计算机与人工智能学院,工业工程与管理,23,全日制,162
北京工商大学,不是,不是,不是,是,商学院,物流工程与管理,30,全日制,193
北京工商大学,不是,不是,不是,是,商学院,审计,23,非全日制,194
北京工商大学,不是,不是,不是,是,设计与艺术学院,设计,16,全日制,362
北京工商大学,不是,不是,不是,是,语言与传播学院,国际法商英语,3,全日制,323
北京工商大学,不是,不是,不是,是,轻工科学与工程学院,化妆品科学与技术,14,全日制,260
北京工商大学,不是,不是,不是,是,商学院,财务管理,22,全日制,333
北方工业大学,不是,不是,不是,是,经济管理学院,应用经济学,13,全日制,323
北方工业大学,不是,不是,不是,是,文法学院,法学,36,全日制,323
北方工业大学,不是,不是,不是,是,马克思主义学院,马克思主义理论,27,全日制,323
北方工业大学,不是,不是,不是,是,文法学院,法律（非法学）,14,全日制,323
北方工业大学,不是,不是,不是,是,文法学院,法律（法学）,44,全日制,323
北方工业大学,不是,不是,不是,是,经济管理学院,应用经济学,13,全日制,323
北方工业大学,不是,不是,不是,是,文法学院,法学,36,全日制,323
北方工业大学,不是,不是,不是,是,马克思主义学院,马克思主义理论,27,全日制,323
北方工业大学,不是,不是,不是,是,文法学院,法律（非法学）,14,全日制,323
北方工业大学,不是,不是,不是,是,文法学院,法律（法学）,44,全日制,323
北方工业大学,不是,不是,不是,是,文法学院,外国语言文学,14,全日制,351
北方工业大学,不是,不是,不是,是,理学院,数学,26,全日制,274
北方工业大学,不是,不是,不是,是,理学院,统计学,17,全日制,274
北方工业大学,不是,不是,不是,是,机械与材料工程学院,机械工程,31,全日制,260
北方工业大学,不是,不是,不是,是,机械与材料工程学院,材料科学与工程,15,全日制,260
北方工业大学,不是,不是,不是,是,电气与控制工程学院（无人机学院）,电气工程,22,全日制,260
北方工业大学,不是,不是,不是,是,人工智能与计算机学院,电子科学与技术,13,全日制,260
北方工业大学,不是,不是,不是,是,人工智能与计算机学院,信息与通信工程,28,全日制,260
北方工业大学,不是,不是,不是,是,电气与控制工程学院（无人机学院）,控制科学与工程,37,全日制,260
北方工业大学,不是,不是,不是,是,人工智能与计算机学院,计算机科学与技术,39,全日制,260
北方工业大学,不是,不是,不是,是,建筑与艺术学院,建筑学,37,全日制,260
北方工业大学,不是,不是,不是,是,土木工程学院,土木工程,29,全日制,260
北方工业大学,不是,不是,不是,是,人工智能与计算机学院,网络空间安全,12,全日制,260
北方工业大学,不是,不是,不是,是,建筑与艺术学院,建筑,45,全日制,260
北方工业大学,不是,不是,不是,是,人工智能与计算机学院,通信工程（含宽带网络、移动通信等）,62,全日制,260
北方工业大学,不是,不是,不是,是,集成电路学院,集成电路工程,24,全日制,260
北方工业大学,不是,不是,不是,是,人工智能与计算机学院,计算机技术,87,全日制,260
北方工业大学,不是,不是,不是,是,电气与控制工程学院（无人机学院）,控制工程,60,全日制,260
北方工业大学,不是,不是,不是,是,人工智能与计算机学院,人工智能,26,全日制,260
北方工业大学,不是,不是,不是,是,人工智能与计算机学院,大数据技术与工程,14,全日制,260
北方工业大学,不是,不是,不是,是,机械与材料工程学院,机械工程,57,全日制,260
北方工业大学,不是,不是,不是,是,机械与材料工程学院,工业设计工程,20,全日制,260
北方工业大学,不是,不是,不是,是,机械与材料工程学院,材料工程,46,全日制,260
北方工业大学,不是,不是,不是,是,电气与控制工程学院（无人机学院）,电气工程,47,全日制,260
北方工业大学,不是,不是,不是,是,储能科学与工程学院,储能技术,28,全日制,260
北方工业大学,不是,不是,不是,是,土木工程学院,土木工程,81,全日制,260
北方工业大学,不是,不是,不是,是,土木工程学院,人工环境工程（含供热、通风及空调等）,16,全日制,260
北方工业大学,不是,不是,不是,是,电气与控制工程学院（无人机学院）,轨道交通运输,10,全日制,260
北方工业大学,不是,不是,不是,是,电气与控制工程学院（无人机学院）,道路交通运输,27,全日制,260
北方工业大学,不是,不是,不是,是,经济管理学院,会计学,12,全日制,333
北方工业大学,不是,不是,不是,是,经济管理学院,企业管理,18,全日制,333
北方工业大学,不是,不是,不是,是,经济管理学院,工商管理,50,全日制,151
北方工业大学,不是,不是,不是,是,经济管理学院,工商管理,57,非全日制,151
北方工业大学,不是,不是,不是,是,经济管理学院,会计,40,全日制,194
北方工业大学,不是,不是,不是,是,建筑与艺术学院,设计学,12,全日制,266
北京电子科技学院,不是,不是,不是,是,不区分院系,网络空间安全,29,全日制,261
北京电子科技学院,不是,不是,不是,是,不区分院系,新一代电子信息技术（含量子技术等）,12,全日制,270
北京电子科技学院,不是,不是,不是,是,不区分院系,通信工程（含宽带网络、移动通信等）,13,全日制,268
北京电子科技学院,不是,不是,不是,是,不区分院系,计算机技术,11,全日制,270
北京电子科技学院,不是,不是,不是,是,不区分院系,公共管理,38,非全日制,169
北京电子科技学院,不是,不是,不是,是,不区分院系,网络空间安全,29,全日制,261
北京电子科技学院,不是,不是,不是,是,不区分院系,新一代电子信息技术（含量子技术等）,12,全日制,270
北京电子科技学院,不是,不是,不是,是,不区分院系,通信工程（含宽带网络、移动通信等）,13,全日制,268
北京电子科技学院,不是,不是,不是,是,不区分院系,计算机技术,11,全日制,270
北京电子科技学院,不是,不是,不是,是,不区分院系,公共管理,38,非全日制,169
北京信息科技大学,不是,不是,不是,是,商学院,应用经济学,10,全日制,323
北京信息科技大学,不是,不是,不是,是,马克思主义学院,马克思主义理论,18,全日制,323
北京信息科技大学,不是,不是,不是,是,外国语学院,翻译,16,全日制,351
北京信息科技大学,不是,不是,不是,是,理学院,数学,21,全日制,274
北京信息科技大学,不是,不是,不是,是,商学院,应用经济学,10,全日制,323
北京信息科技大学,不是,不是,不是,是,马克思主义学院,马克思主义理论,18,全日制,323
北京信息科技大学,不是,不是,不是,是,外国语学院,翻译,16,全日制,351
北京信息科技大学,不是,不是,不是,是,理学院,数学,21,全日制,274
北京信息科技大学,不是,不是,不是,是,机电工程学院,机械工程,32,全日制,260
北京信息科技大学,不是,不是,不是,是,仪器科学与光电工程学院,光学工程,11,全日制,260
北京信息科技大学,不是,不是,不是,是,仪器科学与光电工程学院,仪器科学与技术,44,全日制,260
北京信息科技大学,不是,不是,不是,是,理学院,电子科学与技术,21,全日制,260
北京信息科技大学,不是,不是,不是,是,信息与通信工程学院,信息与通信工程,26,全日制,260
北京信息科技大学,不是,不是,不是,是,计算机学院,计算机科学与技术,30,全日制,260
北京信息科技大学,不是,不是,不是,是,计算机学院,网络空间安全,18,全日制,260
北京信息科技大学,不是,不是,不是,是,仪器科学与光电工程学院,新一代电子信息技术（含量子技术等）,169,全日制,260
北京信息科技大学,不是,不是,不是,是,信息与通信工程学院,新一代电子信息技术（含量子技术等）,11,全日制,260
北京信息科技大学,不是,不是,不是,是,信息与通信工程学院,通信工程（含宽带网络、移动通信等）,50,全日制,260
北京信息科技大学,不是,不是,不是,是,理学院,集成电路工程,14,全日制,260
北京信息科技大学,不是,不是,不是,是,计算机学院,计算机技术,92,全日制,260
北京信息科技大学,不是,不是,不是,是,计算机学院,人工智能,10,全日制,260
北京信息科技大学,不是,不是,不是,是,信息与通信工程学院,人工智能,24,全日制,260
北京信息科技大学,不是,不是,不是,是,管理科学与工程学院,大数据技术与工程,62,全日制,260
北京信息科技大学,不是,不是,不是,是,计算机学院,网络与信息安全,22,全日制,260
北京信息科技大学,不是,不是,不是,是,机电工程学院,机械工程,74,全日制,260
北京信息科技大学,不是,不是,不是,是,机电工程学院,车辆工程,14,全日制,260
北京信息科技大学,不是,不是,不是,是,机电工程学院,工业设计工程,4,全日制,260
北京信息科技大学,不是,不是,不是,是,机电工程学院,机器人工程,28,全日制,260
北京信息科技大学,不是,不是,不是,是,管理科学与工程学院,管理科学与工程,20,全日制,260
北京信息科技大学,不是,不是,不是,是,管理科学与工程学院,管理科学与工程,13,全日制,333
北京信息科技大学,不是,不是,不是,是,商学院,工商管理学,10,全日制,333
北京信息科技大学,不是,不是,不是,是,商学院,工商管理,20,全日制,151
北京信息科技大学,不是,不是,不是,是,商学院,工商管理,58,非全日制,151
北京信息科技大学,不是,不是,不是,是,商学院,会计,32,全日制,194
北京信息科技大学,不是,不是,不是,是,商学院,会计,20,非全日制,194
北京信息科技大学,不是,不是,不是,是,管理科学与工程学院,工程管理,8,非全日制,162
北京信息科技大学,不是,不是,不是,是,管理科学与工程学院,工业工程与管理,15,全日制,162
北京信息科技大学,不是,不是,不是,是,仪器科学与光电工程学院,智能科学与技术,3,全日制,266
北京信息科技大学,不是,不是,不是,是,计算机学院,智能科学与技术,4,全日制,266
北京信息科技大学,不是,不是,不是,是,理学院,智能科学与技术,5,全日制,266
中国人民公安大学,不是,不是,是,不是,不区分院系,法学理论,3,全日制,323
中国人民公安大学,不是,不是,是,不是,不区分院系,宪法学与行政法学,9,全日制,323
中国人民公安大学,不是,不是,是,不是,不区分院系,刑法学,12,全日制,323
中国人民公安大学,不是,不是,是,不是,不区分院系,民商法学,3,全日制,323
中国人民公安大学,不是,不是,是,不是,不区分院系,诉讼法学,15,全日制,323
中国人民公安大学,不是,不是,是,不是,不区分院系,法学理论,3,全日制,323
中国人民公安大学,不是,不是,是,不是,不区分院系,宪法学与行政法学,9,全日制,323
中国人民公安大学,不是,不是,是,不是,不区分院系,刑法学,12,全日制,323
中国人民公安大学,不是,不是,是,不是,不区分院系,民商法学,3,全日制,323
中国人民公安大学,不是,不是,是,不是,不区分院系,诉讼法学,15,全日制,323
中国人民公安大学,不是,不是,是,不是,不区分院系,国际法学,3,全日制,323
中国人民公安大学,不是,不是,是,不是,不区分院系,法律（非法学）,70,全日制,323
中国人民公安大学,不是,不是,是,不是,不区分院系,法律（法学）,40,全日制,323
中国人民公安大学,不是,不是,是,不是,不区分院系,警务,372,全日制,351
中国人民公安大学,不是,不是,是,不是,不区分院系,警务,48,非全日制,351
中国人民公安大学,不是,不是,是,不是,不区分院系,人工智能,25,全日制,260
中国人民公安大学,不是,不是,是,不是,不区分院系,大数据技术与工程,25,全日制,279
中国人民公安大学,不是,不是,是,不是,不区分院系,公共管理,60,全日制,169
中国人民公安大学,不是,不是,是,不是,不区分院系,国家安全学,10,全日制,352
中国人民公安大学,不是,不是,是,不是,不区分院系,治安学,66,全日制,333
中国人民公安大学,不是,不是,是,不是,不区分院系,侦查学,77,全日制,323
中国人民公安大学,不是,不是,是,不是,不区分院系,犯罪学,37,全日制,323
中国人民公安大学,不是,不是,是,不是,不区分院系,公安管理学,36,全日制,323
中国人民公安大学,不是,不是,是,不是,不区分院系,公安党建与思政,18,全日制,323
中国人民公安大学,不是,不是,是,不是,不区分院系,刑事科学技术,49,全日制,331
国际关系学院,不是,不是,不是,是,不区分院系,政治经济学,5,全日制,323
国际关系学院,不是,不是,不是,是,不区分院系,西方经济学,5,全日制,323
国际关系学院,不是,不是,不是,是,不区分院系,世界经济,5,全日制,363
国际关系学院,不是,不是,不是,是,不区分院系,政治学理论,15,全日制,340
国际关系学院,不是,不是,不是,是,不区分院系,国际政治,18,全日制,329
国际关系学院,不是,不是,不是,是,不区分院系,政治经济学,5,全日制,323
国际关系学院,不是,不是,不是,是,不区分院系,西方经济学,5,全日制,323
国际关系学院,不是,不是,不是,是,不区分院系,世界经济,5,全日制,363
国际关系学院,不是,不是,不是,是,不区分院系,政治学理论,15,全日制,340
国际关系学院,不是,不是,不是,是,不区分院系,国际政治,18,全日制,329
国际关系学院,不是,不是,不是,是,不区分院系,国际关系,30,全日制,354
国际关系学院,不是,不是,不是,是,不区分院系,法律（非法学）,20,全日制,329
国际关系学院,不是,不是,不是,是,不区分院系,法律（法学）,25,全日制,326
国际关系学院,不是,不是,不是,是,不区分院系,警务,60,全日制,323
国际关系学院,不是,不是,不是,是,不区分院系,英语语言文学,5,全日制,351
国际关系学院,不是,不是,不是,是,不区分院系,法语语言文学,5,全日制,392
国际关系学院,不是,不是,不是,是,不区分院系,日语语言文学,5,全日制,351
国际关系学院,不是,不是,不是,是,不区分院系,英语笔译,15,全日制,355
国际关系学院,不是,不是,不是,是,不区分院系,英语口译,15,全日制,357
国际关系学院,不是,不是,不是,是,不区分院系,网络空间安全,15,全日制,274
国际关系学院,不是,不是,不是,是,不区分院系,大数据技术与工程,30,全日制,261
国际关系学院,不是,不是,不是,是,不区分院系,国家安全学,32,全日制,293
国际关系学院,不是,不是,不是,是,不区分院系,国家安全学,4,全日制,293
北京体育大学,不是,是,是,不是,不区分院系,马克思主义基本原理,5,全日制,323
北京体育大学,不是,是,是,不是,不区分院系,马克思主义中国化研究,5,全日制,323
北京体育大学,不是,是,是,不是,不区分院系,思想政治教育,8,全日制,323
北京体育大学,不是,是,是,不是,不区分院系,中国近现代史基本问题研究,5,全日制,323
北京体育大学,不是,是,是,不是,不区分院系,马克思主义基本原理,5,全日制,323
北京体育大学,不是,是,是,不是,不区分院系,马克思主义中国化研究,5,全日制,323
北京体育大学,不是,是,是,不是,不区分院系,思想政治教育,8,全日制,323
北京体育大学,不是,是,是,不是,不区分院系,中国近现代史基本问题研究,5,全日制,323
北京体育大学,不是,是,是,不是,不区分院系,基础心理学,10,全日制,341
北京体育大学,不是,是,是,不是,不区分院系,应用心理学,20,全日制,341
北京体育大学,不是,是,是,不是,不区分院系,体育人文社会学,70,全日制,304
北京体育大学,不是,是,是,不是,不区分院系,运动人体科学,100,全日制,304
北京体育大学,不是,是,是,不是,不区分院系,体育教育训练学,140,全日制,304
北京体育大学,不是,是,是,不是,不区分院系,体育教育训练学,15,全日制,304
北京体育大学,不是,是,是,不是,不区分院系,民族传统体育学,20,全日制,304
北京体育大学,不是,是,是,不是,不区分院系,民族传统体育学,5,全日制,304
北京体育大学,不是,是,是,不是,不区分院系,体育教学,170,全日制,304
北京体育大学,不是,是,是,不是,不区分院系,运动训练,260,全日制,304
北京体育大学,不是,是,是,不是,不区分院系,竞赛组织,5,全日制,304
北京体育大学,不是,是,是,不是,不区分院系,社会体育指导,15,全日制,304
北京体育大学,不是,是,是,不是,不区分院系,国际中文教育,10,全日制,341
北京体育大学,不是,是,是,不是,不区分院系,应用心理,10,全日制,341
北京体育大学,不是,是,是,不是,不区分院系,新闻学,10,全日制,351
北京体育大学,不是,是,是,不是,不区分院系,传播学,10,全日制,351
北京体育大学,不是,是,是,不是,不区分院系,新闻与传播,50,全日制,351
北京体育大学,不是,是,是,不是,不区分院系,人工智能,10,全日制,260
北京体育大学,不是,是,是,不是,不区分院系,大数据技术与工程,10,全日制,260
北京体育大学,不是,是,是,不是,不区分院系,公共管理学,15,全日制,333
北京第二外国语学院,不是,不是,不是,是,文化与传播学院,马克思主义哲学,2,全日制,321
北京第二外国语学院,不是,不是,不是,是,文化与传播学院,外国哲学,2,全日制,321
北京第二外国语学院,不是,不是,不是,是,文化与传播学院,美学,4,全日制,321
北京第二外国语学院,不是,不是,不是,是,经济学院,金融学,4,全日制,323
北京第二外国语学院,不是,不是,不是,是,经济学院,产业经济学,3,全日制,323
北京第二外国语学院,不是,不是,不是,是,文化与传播学院,马克思主义哲学,2,全日制,321
北京第二外国语学院,不是,不是,不是,是,文化与传播学院,外国哲学,2,全日制,321
北京第二外国语学院,不是,不是,不是,是,文化与传播学院,美学,4,全日制,321
北京第二外国语学院,不是,不是,不是,是,经济学院,金融学,4,全日制,323
北京第二外国语学院,不是,不是,不是,是,经济学院,产业经济学,3,全日制,323
北京第二外国语学院,不是,不是,不是,是,经济学院,国际贸易学,3,全日制,323
北京第二外国语学院,不是,不是,不是,是,经济学院,金融,25,全日制,323
北京第二外国语学院,不是,不是,不是,是,经济学院,国际商务,37,全日制,323
北京第二外国语学院,不是,不是,不是,是,文化与传播学院,文艺学,3,全日制,351
北京第二外国语学院,不是,不是,不是,是,文化与传播学院,语言学及应用语言学,2,全日制,351
北京第二外国语学院,不是,不是,不是,是,文化与传播学院,汉语言文字学,2,全日制,351
北京第二外国语学院,不是,不是,不是,是,文化与传播学院,中国古代文学,4,全日制,351
北京第二外国语学院,不是,不是,不是,是,文化与传播学院,中国现当代文学,4,全日制,351
北京第二外国语学院,不是,不是,不是,是,文化与传播学院,比较文学与世界文学,5,全日制,351
北京第二外国语学院,不是,不是,不是,是,英语学院,英语语言文学,25,全日制,351
北京第二外国语学院,不是,不是,不是,是,欧洲学院,俄语语言文学,11,全日制,351
北京第二外国语学院,不是,不是,不是,是,欧洲学院,法语语言文学,4,全日制,351
北京第二外国语学院,不是,不是,不是,是,欧洲学院,德语语言文学,3,全日制,351
北京第二外国语学院,不是,不是,不是,是,日语学院,日语语言文学,29,全日制,351
北京第二外国语学院,不是,不是,不是,是,欧洲学院,西班牙语语言文学,5,全日制,351
北京第二外国语学院,不是,不是,不是,是,中东学院,阿拉伯语语言文学,12,全日制,351
北京第二外国语学院,不是,不是,不是,是,亚洲学院,亚非语言文学,4,全日制,351
北京第二外国语学院,不是,不是,不是,是,英语学院,外国语言学及应用语言学,46,全日制,351
北京第二外国语学院,不是,不是,不是,是,高级翻译学院,英语笔译,56,全日制,351
北京第二外国语学院,不是,不是,不是,是,高级翻译学院,英语口译,20,全日制,351
北京第二外国语学院,不是,不是,不是,是,欧洲学院,俄语口译,7,全日制,351
北京第二外国语学院,不是,不是,不是,是,日语学院,日语笔译,13,全日制,351
北京第二外国语学院,不是,不是,不是,是,日语学院,日语口译,19,全日制,351
北京第二外国语学院,不是,不是,不是,是,欧洲学院,德语口译,2,全日制,351
北京第二外国语学院,不是,不是,不是,是,亚洲学院,朝鲜语口译,7,全日制,351
北京第二外国语学院,不是,不是,不是,是,中东学院,阿拉伯语笔译,5,全日制,351
北京第二外国语学院,不是,不是,不是,是,中东学院,阿拉伯语口译,6,全日制,351
北京第二外国语学院,不是,不是,不是,是,商学院,会计学,16,全日制,333
北京第二外国语学院,不是,不是,不是,是,商学院,企业管理,5,全日制,333
北京第二外国语学院,不是,不是,不是,是,旅游科学学院,旅游管理,48,全日制,333
北京第二外国语学院,不是,不是,不是,是,商学院,工商管理,70,非全日制,151
北京第二外国语学院,不是,不是,不是,是,商学院,会计,78,全日制,198
北京第二外国语学院,不是,不是,不是,是,商学院,会计,22,非全日制,198
北京第二外国语学院,不是,不是,不是,是,旅游科学学院,旅游管理,42,非全日制,151
北京第二外国语学院,不是,不是,不是,是,旅游科学学院,饭店管理,12,全日制,333
北京第二外国语学院,不是,不是,不是,是,旅游科学学院,会展管理,5,全日制,333
北京农学院,不是,不是,不是,是,经济管理学院,国际商务,12,全日制,323
北京农学院,不是,不是,不是,是,文法与城乡发展学院,社会工作,17,全日制,323
北京农学院,不是,不是,不是,是,食品科学与工程学院,食品科学与工程,18,全日制,260
北京农学院,不是,不是,不是,是,生物与资源环境学院,生物工程,13,全日制,260
北京农学院,不是,不是,不是,是,生物与资源环境学院,生物与医药,28,全日制,260
北京农学院,不是,不是,不是,是,经济管理学院,国际商务,12,全日制,323
北京农学院,不是,不是,不是,是,文法与城乡发展学院,社会工作,17,全日制,323
北京农学院,不是,不是,不是,是,食品科学与工程学院,食品科学与工程,18,全日制,260
北京农学院,不是,不是,不是,是,生物与资源环境学院,生物工程,13,全日制,260
北京农学院,不是,不是,不是,是,生物与资源环境学院,生物与医药,28,全日制,260
北京农学院,不是,不是,不是,是,生物与资源环境学院,生物与医药,15,非全日制,260
北京农学院,不是,不是,不是,是,园林学院,风景园林,29,全日制,260
北京农学院,不是,不是,不是,是,植物科学技术学院,作物学,7,全日制,245
北京农学院,不是,不是,不是,是,植物科学技术学院,园艺学,32,全日制,245
北京农学院,不是,不是,不是,是,生物与资源环境学院,植物保护,11,全日制,245
北京农学院,不是,不是,不是,是,园林学院,林学,21,全日制,245
北京农学院,不是,不是,不是,是,植物科学技术学院,农艺与种业,55,全日制,245
北京农学院,不是,不是,不是,是,植物科学技术学院,农艺与种业,6,非全日制,245
北京农学院,不是,不是,不是,是,生物与资源环境学院,资源利用与植物保护,38,全日制,245
北京农学院,不是,不是,不是,是,食品科学与工程学院,食品加工与安全,38,全日制,245
北京农学院,不是,不是,不是,是,食品科学与工程学院,食品加工与安全,7,非全日制,245
北京农学院,不是,不是,不是,是,智能科学与工程学院,农业工程与信息技术,31,全日制,245
北京农学院,不是,不是,不是,是,智能科学与工程学院,农业工程与信息技术,6,非全日制,245
北京农学院,不是,不是,不是,是,经济管理学院,农业管理,44,全日制,245
北京农学院,不是,不是,不是,是,经济管理学院,农业管理,20,非全日制,245
北京农学院,不是,不是,不是,是,文法与城乡发展学院,农村发展,29,全日制,245
北京农学院,不是,不是,不是,是,文法与城乡发展学院,农村发展,28,非全日制,245
北京农学院,不是,不是,不是,是,园林学院,林业,23,全日制,245
北京农学院,不是,不是,不是,是,经济管理学院,工商管理学,6,全日制,333
北京农学院,不是,不是,不是,是,经济管理学院,农林经济管理,8,全日制,333
北京印刷学院,不是,不是,不是,是,经济管理学院,新闻传播学,15,全日制,351
北京印刷学院,不是,不是,不是,是,新闻传播学院,新闻传播学,22,全日制,351
北京印刷学院,不是,不是,不是,是,出版学院,新闻传播学,14,全日制,351
北京印刷学院,不是,不是,不是,是,新闻传播学院,新闻与传播,68,全日制,351
北京印刷学院,不是,不是,不是,是,出版学院,出版,82,全日制,351
北京印刷学院,不是,不是,不是,是,经济管理学院,新闻传播学,15,全日制,351
北京印刷学院,不是,不是,不是,是,新闻传播学院,新闻传播学,22,全日制,351
北京印刷学院,不是,不是,不是,是,出版学院,新闻传播学,14,全日制,351
北京印刷学院,不是,不是,不是,是,新闻传播学院,新闻与传播,68,全日制,351
北京印刷学院,不是,不是,不是,是,出版学院,出版,82,全日制,351
北京印刷学院,不是,不是,不是,是,印刷与包装工程学院,科学技术史,5,全日制,274
北京印刷学院,不是,不是,不是,是,机电工程学院,机械工程,33,全日制,260
北京印刷学院,不是,不是,不是,是,印刷与包装工程学院,材料科学与工程,30,全日制,260
北京印刷学院,不是,不是,不是,是,信息工程学院,信息与通信工程,24,全日制,260
北京印刷学院,不是,不是,不是,是,印刷与包装工程学院,轻工技术与工程,38,全日制,260
北京印刷学院,不是,不是,不是,是,信息工程学院,网络空间安全,10,全日制,260
北京印刷学院,不是,不是,不是,是,信息工程学院,电子信息,28,全日制,260
北京印刷学院,不是,不是,不是,是,机电工程学院,机械,49,全日制,260
北京印刷学院,不是,不是,不是,是,印刷与包装工程学院,材料与化工,32,全日制,260
北京印刷学院,不是,不是,不是,是,经济管理学院,会计,60,全日制,194
北京印刷学院,不是,不是,不是,是,设计艺术学院,艺术学,5,全日制,351
北京印刷学院,不是,不是,不是,是,新媒体学院,艺术学,3,全日制,351
北京印刷学院,不是,不是,不是,是,设计艺术学院,美术与书法,20,全日制,351
北京印刷学院,不是,不是,不是,是,新媒体学院,美术与书法,9,全日制,351
北京印刷学院,不是,不是,不是,是,设计艺术学院,设计,84,全日制,351
北京石油化工学院,不是,不是,不是,是,机械工程学院,机械工程,35,全日制,260
北京石油化工学院,不是,不是,不是,是,新材料与化工学院,材料科学与工程,16,全日制,260
北京石油化工学院,不是,不是,不是,是,信息工程学院,控制科学与工程,16,全日制,260
北京石油化工学院,不是,不是,不是,是,人工智能研究院,控制科学与工程,11,全日制,260
北京石油化工学院,不是,不是,不是,是,新材料与化工学院,化学工程与技术,15,全日制,260
北京石油化工学院,不是,不是,不是,是,机械工程学院,机械工程,35,全日制,260
北京石油化工学院,不是,不是,不是,是,新材料与化工学院,材料科学与工程,16,全日制,260
北京石油化工学院,不是,不是,不是,是,信息工程学院,控制科学与工程,16,全日制,260
北京石油化工学院,不是,不是,不是,是,人工智能研究院,控制科学与工程,11,全日制,260
北京石油化工学院,不是,不是,不是,是,新材料与化工学院,化学工程与技术,15,全日制,260
北京石油化工学院,不是,不是,不是,是,机械工程学院,环境科学与工程,15,全日制,260
北京石油化工学院,不是,不是,不是,是,信息工程学院,电子信息,41,全日制,260
北京石油化工学院,不是,不是,不是,是,人工智能研究院,电子信息,18,全日制,260
北京石油化工学院,不是,不是,不是,是,机械工程学院,机械,52,全日制,260
北京石油化工学院,不是,不是,不是,是,新材料与化工学院,材料与化工,58,全日制,260
北京石油化工学院,不是,不是,不是,是,机械工程学院,环境工程,30,全日制,260
北京石油化工学院,不是,不是,不是,是,安全工程学院,安全工程,36,全日制,260
北京石油化工学院,不是,不是,不是,是,机械工程学院,能源动力,43,全日制,260
北京石油化工学院,不是,不是,不是,是,新材料与化工学院,生物与医药,50,全日制,260
北京石油化工学院,不是,不是,不是,是,经济管理学院,工商管理学,5,全日制,333
北京联合大学,不是,不是,不是,是,商务学院,金融,17,全日制,323
北京联合大学,不是,不是,不是,是,商务学院,国际商务,8,全日制,323
北京联合大学,不是,不是,不是,是,商务学院,数字经济,8,全日制,323
北京联合大学,不是,不是,不是,是,应用文理学院,政治学,4,全日制,323
北京联合大学,不是,不是,不是,是,马克思主义学院,马克思主义理论,24,全日制,323
北京联合大学,不是,不是,不是,是,商务学院,金融,17,全日制,323
北京联合大学,不是,不是,不是,是,商务学院,国际商务,8,全日制,323
北京联合大学,不是,不是,不是,是,商务学院,数字经济,8,全日制,323
北京联合大学,不是,不是,不是,是,应用文理学院,政治学,4,全日制,323
北京联合大学,不是,不是,不是,是,马克思主义学院,马克思主义理论,24,全日制,323
北京联合大学,不是,不是,不是,是,应用文理学院,法律（非法学）,10,全日制,323
北京联合大学,不是,不是,不是,是,应用文理学院,法律（法学）,9,全日制,323
北京联合大学,不是,不是,不是,是,师范学院,学科教学（语文）,8,全日制,341
北京联合大学,不是,不是,不是,是,师范学院,学科教学（体育）,2,全日制,341
北京联合大学,不是,不是,不是,是,师范学院,小学教育,13,全日制,341
北京联合大学,不是,不是,不是,是,师范学院,心理健康教育,5,全日制,341
北京联合大学,不是,不是,不是,是,师范学院,科学与技术教育,2,全日制,341
北京联合大学,不是,不是,不是,是,师范学院,学前教育,2,全日制,341
北京联合大学,不是,不是,不是,是,特殊教育学院,特殊教育,6,全日制,341
北京联合大学,不是,不是,不是,是,应用科技学院,职业技术教育,19,全日制,341
北京联合大学,不是,不是,不是,是,应用文理学院,新闻与传播,18,全日制,351
北京联合大学,不是,不是,不是,是,应用文理学院,考古学,11,全日制,336
北京联合大学,不是,不是,不是,是,应用文理学院,中国史,9,全日制,336
北京联合大学,不是,不是,不是,是,应用文理学院,博物馆,11,全日制,336
北京联合大学,不是,不是,不是,是,应用文理学院,地理学,25,全日制,274
北京联合大学,不是,不是,不是,是,智慧城市学院,计算机科学与技术,23,全日制,260
北京联合大学,不是,不是,不是,是,生物化学工程学院,环境科学与工程,2,全日制,260
北京联合大学,不是,不是,不是,是,生物化学工程学院,食品科学与工程,18,全日制,260
北京联合大学,不是,不是,不是,是,机器人学院/人工智能学院,软件工程,37,全日制,260
北京联合大学,不是,不是,不是,是,智慧城市学院,电子信息,20,全日制,260
北京联合大学,不是,不是,不是,是,生物化学工程学院,土木水利,8,全日制,260
北京联合大学,不是,不是,不是,是,城市轨道交通与物流学院,交通运输,8,全日制,260
北京联合大学,不是,不是,不是,是,特殊教育学院,中医,5,全日制,293
北京联合大学,不是,不是,不是,是,旅游学院,工商管理学,2,全日制,333
北京联合大学,不是,不是,不是,是,管理学院,工商管理学,6,全日制,333
北京联合大学,不是,不是,不是,是,管理学院,工商管理,19,全日制,151
北京联合大学,不是,不是,不是,是,管理学院,会计,39,全日制,194
北京联合大学,不是,不是,不是,是,旅游学院,旅游管理,24,全日制,151
北京联合大学,不是,不是,不是,是,应用文理学院,图书情报,19,全日制,193
北京联合大学,不是,不是,不是,是,艺术学院,戏剧与影视,6,全日制,351
北京物资学院,不是,不是,不是,是,经济学院,理论经济学,10,全日制,323
北京物资学院,不是,不是,不是,是,经济学院,应用经济学,26,全日制,323
北京物资学院,不是,不是,不是,是,经济学院,金融,96,全日制,323
北京物资学院,不是,不是,不是,是,经济学院,国际商务,27,全日制,323
北京物资学院,不是,不是,不是,是,经济学院,理论经济学,10,全日制,323
北京物资学院,不是,不是,不是,是,经济学院,应用经济学,26,全日制,323
北京物资学院,不是,不是,不是,是,经济学院,金融,96,全日制,323
北京物资学院,不是,不是,不是,是,经济学院,国际商务,27,全日制,323
北京物资学院,不是,不是,不是,是,马克思主义学院,马克思主义理论,18,全日制,323
北京物资学院,不是,不是,不是,是,法学院,法律（非法学）,11,全日制,323
北京物资学院,不是,不是,不是,是,法学院,法律（法学）,14,全日制,323
北京物资学院,不是,不是,不是,是,外国语言与文化学院,英语笔译,6,全日制,351
北京物资学院,不是,不是,不是,是,信息学院,计算机科学与技术,41,全日制,260
北京物资学院,不是,不是,不是,是,物流学院,交通运输,20,全日制,260
北京物资学院,不是,不是,不是,是,信息学院,管理科学与工程,18,全日制,260
北京物资学院,不是,不是,不是,是,物流学院,管理科学与工程,10,全日制,333
北京物资学院,不是,不是,不是,是,会计学院,会计学,10,全日制,333
北京物资学院,不是,不是,不是,是,商学院,工商管理,40,全日制,151
首都体育学院,不是,不是,不是,是,不区分院系,心理学,6,全日制,341
首都体育学院,不是,不是,不是,是,不区分院系,体育人文社会学,20,全日制,304
首都体育学院,不是,不是,不是,是,不区分院系,运动人体科学,15,全日制,304
首都体育学院,不是,不是,不是,是,不区分院系,体育教育训练学,33,全日制,304
首都体育学院,不是,不是,不是,是,不区分院系,民族传统体育学,9,全日制,304
首都体育学院,不是,不是,不是,是,不区分院系,心理学,6,全日制,341
首都体育学院,不是,不是,不是,是,不区分院系,体育人文社会学,20,全日制,304
首都体育学院,不是,不是,不是,是,不区分院系,运动人体科学,15,全日制,304
首都体育学院,不是,不是,不是,是,不区分院系,体育教育训练学,33,全日制,304
首都体育学院,不是,不是,不是,是,不区分院系,民族传统体育学,9,全日制,304
首都体育学院,不是,不是,不是,是,不区分院系,体育教学,94,全日制,322
首都体育学院,不是,不是,不是,是,不区分院系,运动训练,68,全日制,304
首都体育学院,不是,不是,不是,是,不区分院系,竞赛组织,12,全日制,304
首都体育学院,不是,不是,不是,是,不区分院系,社会体育指导,33,全日制,304
首都体育学院,不是,不是,不是,是,不区分院系,新闻与传播,32,全日制,351
中国劳动关系学院,不是,不是,不是,是,法学院,法律（法学）,40,全日制,323
中国劳动关系学院,不是,不是,不是,是,社会工作学院,社会工作,40,全日制,323
中国劳动关系学院,不是,不是,不是,是,文化传播学院,新闻与传播,40,全日制,351
中国劳动关系学院,不是,不是,不是,是,安全工程学院,资源与环境,30,全日制,260
中国劳动关系学院,不是,不是,不是,是,公共管理学院,公共管理学,20,全日制,333
中国劳动关系学院,不是,不是,不是,是,法学院,法律（法学）,40,全日制,323
中国劳动关系学院,不是,不是,不是,是,社会工作学院,社会工作,40,全日制,323
中国劳动关系学院,不是,不是,不是,是,文化传播学院,新闻与传播,40,全日制,351
中国劳动关系学院,不是,不是,不是,是,安全工程学院,资源与环境,30,全日制,260
中国劳动关系学院,不是,不是,不是,是,公共管理学院,公共管理学,20,全日制,333
中国社会科学院大学,不是,不是,不是,是,哲学院,马克思主义哲学,5,全日制,321
中国社会科学院大学,不是,不是,不是,是,哲学院,中国哲学,7,全日制,321
中国社会科学院大学,不是,不是,不是,是,哲学院,外国哲学,5,全日制,321
中国社会科学院大学,不是,不是,不是,是,哲学院,逻辑学,2,全日制,321
中国社会科学院大学,不是,不是,不是,是,哲学院,伦理学,2,全日制,321
中国社会科学院大学,不是,不是,不是,是,哲学院,马克思主义哲学,5,全日制,321
中国社会科学院大学,不是,不是,不是,是,哲学院,中国哲学,7,全日制,321
中国社会科学院大学,不是,不是,不是,是,哲学院,外国哲学,5,全日制,321
中国社会科学院大学,不是,不是,不是,是,哲学院,逻辑学,2,全日制,321
中国社会科学院大学,不是,不是,不是,是,哲学院,伦理学,2,全日制,321
中国社会科学院大学,不是,不是,不是,是,哲学院,美学,2,全日制,321
中国社会科学院大学,不是,不是,不是,是,哲学院,宗教学,5,全日制,321
中国社会科学院大学,不是,不是,不是,是,哲学院,科学技术哲学,2,全日制,321
中国社会科学院大学,不是,不是,不是,是,经济学院,政治经济学,3,全日制,323
中国社会科学院大学,不是,不是,不是,是,经济学院,经济思想史,2,全日制,323
中国社会科学院大学,不是,不是,不是,是,经济学院,经济史,4,全日制,323
中国社会科学院大学,不是,不是,不是,是,经济学院,西方经济学,10,全日制,323
中国社会科学院大学,不是,不是,不是,是,经济学院,世界经济,3,全日制,323
中国社会科学院大学,不是,不是,不是,是,国际政治经济学院,世界经济,15,全日制,323
中国社会科学院大学,不是,不是,不是,是,应用经济学院,人口、资源与环境经济学,1,全日制,323
中国社会科学院大学,不是,不是,不是,是,经济学院,国民经济学,8,全日制,323
中国社会科学院大学,不是,不是,不是,是,应用经济学院,区域经济学,7,全日制,323
中国社会科学院大学,不是,不是,不是,是,应用经济学院,财政学,4,全日制,323
中国社会科学院大学,不是,不是,不是,是,应用经济学院,金融学,12,全日制,323
中国社会科学院大学,不是,不是,不是,是,应用经济学院,产业经济学,10,全日制,323
中国社会科学院大学,不是,不是,不是,是,应用经济学院,国际贸易学,3,全日制,323
中国社会科学院大学,不是,不是,不是,是,应用经济学院,劳动经济学,5,全日制,323
中国社会科学院大学,不是,不是,不是,是,经济学院,统计学,3,全日制,323
中国社会科学院大学,不是,不是,不是,是,应用经济学院,数量经济学,7,全日制,323
中国社会科学院大学,不是,不是,不是,是,应用经济学院,金融,100,全日制,355
中国社会科学院大学,不是,不是,不是,是,应用经济学院,税务,50,全日制,353
中国社会科学院大学,不是,不是,不是,是,经济学院,数字经济,80,全日制,323
中国社会科学院大学,不是,不是,不是,是,法学院,法学理论,2,全日制,327
中国社会科学院大学,不是,不是,不是,是,法学院,法律史,2,全日制,360
中国社会科学院大学,不是,不是,不是,是,法学院,宪法学与行政法学,4,全日制,323
中国社会科学院大学,不是,不是,不是,是,法学院,刑法学,5,全日制,353
中国社会科学院大学,不是,不是,不是,是,法学院,民商法学,4,全日制,327
中国社会科学院大学,不是,不是,不是,是,法学院,诉讼法学,4,全日制,355
中国社会科学院大学,不是,不是,不是,是,法学院,经济法学,3,全日制,362
中国社会科学院大学,不是,不是,不是,是,法学院,国际法学,9,全日制,341
中国社会科学院大学,不是,不是,不是,是,政府管理学院,政治学,11,全日制,335
中国社会科学院大学,不是,不是,不是,是,马克思主义学院,科学社会主义与国际共产主义运动,3,全日制,381
中国社会科学院大学,不是,不是,不是,是,国际政治经济学院,国际政治,12,全日制,323
中国社会科学院大学,不是,不是,不是,是,国际政治经济学院,国际关系,11,全日制,323
中国社会科学院大学,不是,不是,不是,是,社会与民族学院,社会学,17,全日制,368
中国社会科学院大学,不是,不是,不是,是,应用经济学院,人口学,2,全日制,323
中国社会科学院大学,不是,不是,不是,是,社会与民族学院,民俗学,1,全日制,323
中国社会科学院大学,不是,不是,不是,是,社会与民族学院,民族学,5,全日制,323
中国社会科学院大学,不是,不是,不是,是,马克思主义学院,马克思主义基本原理,2,全日制,381
中国社会科学院大学,不是,不是,不是,是,马克思主义学院,马克思主义发展史,2,全日制,381
中国社会科学院大学,不是,不是,不是,是,马克思主义学院,马克思主义中国化研究,3,全日制,381
中国社会科学院大学,不是,不是,不是,是,马克思主义学院,国外马克思主义研究,2,全日制,381
中国社会科学院大学,不是,不是,不是,是,马克思主义学院,思想政治教育,5,全日制,381
中国社会科学院大学,不是,不是,不是,是,法学院,法律（非法学）,175,全日制,323
中国社会科学院大学,不是,不是,不是,是,法学院,法律（法学）,30,全日制,323
中国社会科学院大学,不是,不是,不是,是,社会与民族学院,社会工作,55,全日制,333
中国社会科学院大学,不是,不是,不是,是,国际教育学院,国际中文教育,30,全日制,341
中国社会科学院大学,不是,不是,不是,是,文学院,文艺学,6,全日制,351
中国社会科学院大学,不是,不是,不是,是,文学院,语言学及应用语言学,7,全日制,351
中国社会科学院大学,不是,不是,不是,是,文学院,汉语言文字学,3,全日制,351
中国社会科学院大学,不是,不是,不是,是,文学院,中国古典文献学,4,全日制,351
中国社会科学院大学,不是,不是,不是,是,文学院,中国古代文学,5,全日制,351
中国社会科学院大学,不是,不是,不是,是,文学院,中国现当代文学,4,全日制,351
中国社会科学院大学,不是,不是,不是,是,文学院,中国少数民族语言文学,4,全日制,351
中国社会科学院大学,不是,不是,不是,是,文学院,比较文学与世界文学,1,全日制,351
中国社会科学院大学,不是,不是,不是,是,外国语学院,英语语言文学,2,全日制,351
中国社会科学院大学,不是,不是,不是,是,外国语学院,俄语语言文学,2,全日制,351
中国社会科学院大学,不是,不是,不是,是,外国语学院,德语语言文学,1,全日制,351
中国社会科学院大学,不是,不是,不是,是,外国语学院,日语语言文学,1,全日制,351
中国社会科学院大学,不是,不是,不是,是,新闻传播学院,新闻学,12,全日制,355
中国社会科学院大学,不是,不是,不是,是,新闻传播学院,传播学,13,全日制,355
中国社会科学院大学,不是,不是,不是,是,外国语学院,翻译,45,全日制,351
中国社会科学院大学,不是,不是,不是,是,新闻传播学院,新闻与传播,35,全日制,351
中国社会科学院大学,不是,不是,不是,是,历史学院,考古学,12,全日制,336
中国社会科学院大学,不是,不是,不是,是,历史学院,中国史,30,全日制,336
中国社会科学院大学,不是,不是,不是,是,历史学院,世界史,9,全日制,337
中国社会科学院大学,不是,不是,不是,是,历史学院,博物馆,20,全日制,361
中国社会科学院大学,不是,不是,不是,是,商学院,会计学,1,全日制,333
中国社会科学院大学,不是,不是,不是,是,商学院,企业管理,3,全日制,333
中国社会科学院大学,不是,不是,不是,是,商学院,旅游管理,5,全日制,333
中国社会科学院大学,不是,不是,不是,是,商学院,技术经济及管理,6,全日制,333
中国社会科学院大学,不是,不是,不是,是,应用经济学院,农业经济管理,5,全日制,333
中国社会科学院大学,不是,不是,不是,是,政府管理学院,公共管理学,13,全日制,340
中国社会科学院大学,不是,不是,不是,是,商学院,工商管理,40,全日制,151
中国社会科学院大学,不是,不是,不是,是,商学院,工商管理,40,非全日制,151
中国社会科学院大学,不是,不是,不是,是,政府管理学院,公共管理,120,非全日制,179
中国社会科学院大学,不是,不是,不是,是,商学院,会计,40,全日制,194
中国社会科学院大学,不是,不是,不是,是,历史学院,文物,45,全日制,266
中国社会科学院大学,不是,不是,不是,是,经济学院,发展经济学,6,全日制,323
中国社会科学院大学,不是,不是,不是,是,经济学院,数字经济学,2,全日制,323
中国社会科学院大学,不是,不是,不是,是,经济学院,中国特色社会主义政治经济学,2,全日制,323
中国社会科学院大学,不是,不是,不是,是,应用经济学院,可持续发展经济学,5,全日制,323
中国社会科学院大学,不是,不是,不是,是,应用经济学院,城市经济学,2,全日制,323
中国社会科学院大学,不是,不是,不是,是,应用经济学院,气候变化经济学,2,全日制,323
中国社会科学院大学,不是,不是,不是,是,法学院,知识产权法学,2,全日制,351
中国社会科学院大学,不是,不是,不是,是,法学院,社会法学,1,全日制,368
中国社会科学院大学,不是,不是,不是,是,法学院,网络与信息法学,2,全日制,323
中国社会科学院大学,不是,不是,不是,是,社会与民族学院,社会政策,1,全日制,323
中国社会科学院大学,不是,不是,不是,是,社会与民族学院,社会治理,3,全日制,323
中国社会科学院大学,不是,不是,不是,是,文学院,中国民间文学,1,全日制,351
中国社会科学院大学,不是,不是,不是,是,马克思主义学院,文学阐释学,6,全日制,371
中国社会科学院大学,不是,不是,不是,是,文学院,媒体语言学,1,全日制,351
中国社会科学院大学,不是,不是,不是,是,外国语学院,国别与区域研究,2,全日制,351
中国社会科学院大学,不是,不是,不是,是,外国语学院,比较文学与跨文化研究,2,全日制,351
中国社会科学院大学,不是,不是,不是,是,历史学院,中国当代史,5,全日制,336
中国社会科学院大学,不是,不是,不是,是,历史学院,中国边疆史地,5,全日制,339
中国社会科学院大学,不是,不是,不是,是,商学院,人力资源管理,5,全日制,333
中国社会科学院大学,不是,不是,不是,是,马克思主义学院,中国学,2,全日制,381
中国社会科学院大学,不是,不是,不是,是,历史学院,方志学,2,全日制,347
中国农业科学院,不是,不是,不是,不是,环发所,大气科学,3,全日制,274
中国农业科学院,不是,不是,不是,不是,油料所,微生物学,1,全日制,274
中国农业科学院,不是,不是,不是,不是,水稻所,微生物学,1,全日制,274
中国农业科学院,不是,不是,不是,不是,饲料所,微生物学,2,全日制,274
中国农业科学院,不是,不是,不是,不是,资源区划所,微生物学,3,全日制,274
中国农业科学院,不是,不是,不是,不是,环发所,大气科学,3,全日制,274
中国农业科学院,不是,不是,不是,不是,油料所,微生物学,1,全日制,274
中国农业科学院,不是,不是,不是,不是,水稻所,微生物学,1,全日制,274
中国农业科学院,不是,不是,不是,不是,饲料所,微生物学,2,全日制,274
中国农业科学院,不是,不是,不是,不是,资源区划所,微生物学,3,全日制,274
中国农业科学院,不是,不是,不是,不是,生物所,微生物学,4,全日制,274
中国农业科学院,不是,不是,不是,不是,沼科所,微生物学,1,全日制,274
中国农业科学院,不是,不是,不是,不是,研究生院,微生物学,1,全日制,274
中国农业科学院,不是,不是,不是,不是,作物科学所,生物化学与分子生物学,3,全日制,274
中国农业科学院,不是,不是,不是,不是,棉花所,生物化学与分子生物学,4,全日制,274
中国农业科学院,不是,不是,不是,不是,油料所,生物化学与分子生物学,2,全日制,274
中国农业科学院,不是,不是,不是,不是,植保所,生物化学与分子生物学,1,全日制,274
中国农业科学院,不是,不是,不是,不是,水稻所,生物化学与分子生物学,1,全日制,274
中国农业科学院,不是,不是,不是,不是,饲料所,生物化学与分子生物学,2,全日制,274
中国农业科学院,不是,不是,不是,不是,畜牧兽医所,生物化学与分子生物学,5,全日制,274
中国农业科学院,不是,不是,不是,不是,生物所,生物化学与分子生物学,23,全日制,274
中国农业科学院,不是,不是,不是,不是,农产品加工所,生物化学与分子生物学,2,全日制,274
中国农业科学院,不是,不是,不是,不是,沼科所,生物化学与分子生物学,1,全日制,274
中国农业科学院,不是,不是,不是,不是,环发所,生物物理学,1,全日制,274
中国农业科学院,不是,不是,不是,不是,农产品加工所,生物物理学,1,全日制,274
中国农业科学院,不是,不是,不是,不是,资源区划所,生态学,3,全日制,274
中国农业科学院,不是,不是,不是,不是,环发所,生态学,3,全日制,274
中国农业科学院,不是,不是,不是,不是,环保所,生态学,1,全日制,274
中国农业科学院,不是,不是,不是,不是,环发所,气象,6,全日制,274
中国农业科学院,不是,不是,不是,不是,南京农机化所,农业机械化工程,9,全日制,251
中国农业科学院,不是,不是,不是,不是,灌溉所,农业水土工程,12,全日制,251
中国农业科学院,不是,不是,不是,不是,环发所,农业生物环境与能源工程,3,全日制,251
中国农业科学院,不是,不是,不是,不是,都市农业所,农业生物环境与能源工程,1,全日制,251
中国农业科学院,不是,不是,不是,不是,资源区划所,环境科学,2,全日制,260
中国农业科学院,不是,不是,不是,不是,环保所,环境科学,2,全日制,260
中国农业科学院,不是,不是,不是,不是,环发所,环境工程,2,全日制,260
中国农业科学院,不是,不是,不是,不是,沼科所,环境工程,1,全日制,260
中国农业科学院,不是,不是,不是,不是,环保所,环境工程,2,全日制,260
中国农业科学院,不是,不是,不是,不是,油料所,食品科学,1,全日制,260
中国农业科学院,不是,不是,不是,不是,水稻所,食品科学,1,全日制,260
中国农业科学院,不是,不是,不是,不是,畜牧兽医所,食品科学,2,全日制,260
中国农业科学院,不是,不是,不是,不是,质量标准所,食品科学,5,全日制,260
中国农业科学院,不是,不是,不是,不是,农产品加工所,食品科学,3,全日制,260
中国农业科学院,不是,不是,不是,不是,蜜蜂所,食品科学,1,全日制,260
中国农业科学院,不是,不是,不是,不是,烟草所,食品科学,4,全日制,260
中国农业科学院,不是,不是,不是,不是,食物营养所,食品科学,1,全日制,260
中国农业科学院,不是,不是,不是,不是,农产品加工所,粮食、油脂及植物蛋白工程,3,全日制,260
中国农业科学院,不是,不是,不是,不是,油料所,农产品加工及贮藏工程,1,全日制,260
中国农业科学院,不是,不是,不是,不是,麻类所,农产品加工及贮藏工程,2,全日制,260
中国农业科学院,不是,不是,不是,不是,农产品加工所,农产品加工及贮藏工程,2,全日制,260
中国农业科学院,不是,不是,不是,不是,资源区划所,环境工程,3,全日制,260
中国农业科学院,不是,不是,不是,不是,环发所,环境工程,4,全日制,260
中国农业科学院,不是,不是,不是,不是,环发所,环境工程,1,非全日制,260
中国农业科学院,不是,不是,不是,不是,沼科所,环境工程,9,全日制,260
中国农业科学院,不是,不是,不是,不是,环保所,环境工程,26,全日制,260
中国农业科学院,不是,不是,不是,不是,麻类所,食品工程,4,全日制,260
中国农业科学院,不是,不是,不是,不是,农产品加工所,食品工程,14,全日制,260
中国农业科学院,不是,不是,不是,不是,农产品加工所,食品工程,1,非全日制,260
中国农业科学院,不是,不是,不是,不是,作物科学所,作物栽培学与耕作学,2,全日制,245
中国农业科学院,不是,不是,不是,不是,棉花所,作物栽培学与耕作学,3,全日制,245
中国农业科学院,不是,不是,不是,不是,油料所,作物栽培学与耕作学,1,全日制,245
中国农业科学院,不是,不是,不是,不是,水稻所,作物栽培学与耕作学,3,全日制,245
中国农业科学院,不是,不是,不是,不是,烟草所,作物栽培学与耕作学,3,全日制,245
中国农业科学院,不是,不是,不是,不是,作物科学所,作物遗传育种,3,全日制,245
中国农业科学院,不是,不是,不是,不是,棉花所,作物遗传育种,5,全日制,245
中国农业科学院,不是,不是,不是,不是,油料所,作物遗传育种,1,全日制,245
中国农业科学院,不是,不是,不是,不是,水稻所,作物遗传育种,3,全日制,245
中国农业科学院,不是,不是,不是,不是,烟草所,作物遗传育种,3,全日制,245
中国农业科学院,不是,不是,不是,不是,郑州果树所,果树学,1,全日制,245
中国农业科学院,不是,不是,不是,不是,特产所,果树学,2,全日制,245
中国农业科学院,不是,不是,不是,不是,果树所,果树学,2,全日制,245
中国农业科学院,不是,不是,不是,不是,蔬菜花卉所,蔬菜学,9,全日制,245
中国农业科学院,不是,不是,不是,不是,郑州果树所,蔬菜学,1,全日制,245
中国农业科学院,不是,不是,不是,不是,茶叶所,茶学,3,全日制,245
中国农业科学院,不是,不是,不是,不是,资源区划所,土壤学,4,全日制,245
中国农业科学院,不是,不是,不是,不是,环发所,土壤学,1,全日制,245
中国农业科学院,不是,不是,不是,不是,油料所,植物营养学,1,全日制,245
中国农业科学院,不是,不是,不是,不是,资源区划所,植物营养学,5,全日制,245
中国农业科学院,不是,不是,不是,不是,棉花所,植物病理学,1,全日制,245
中国农业科学院,不是,不是,不是,不是,油料所,植物病理学,1,全日制,245
中国农业科学院,不是,不是,不是,不是,植保所,植物病理学,4,全日制,245
中国农业科学院,不是,不是,不是,不是,水稻所,植物病理学,1,全日制,245
中国农业科学院,不是,不是,不是,不是,蔬菜花卉所,植物病理学,2,全日制,245
中国农业科学院,不是,不是,不是,不是,烟草所,植物病理学,2,全日制,245
中国农业科学院,不是,不是,不是,不是,棉花所,农业昆虫与害虫防治,1,全日制,245
中国农业科学院,不是,不是,不是,不是,植保所,农业昆虫与害虫防治,5,全日制,245
中国农业科学院,不是,不是,不是,不是,水稻所,农业昆虫与害虫防治,1,全日制,245
中国农业科学院,不是,不是,不是,不是,蔬菜花卉所,农业昆虫与害虫防治,2,全日制,245
中国农业科学院,不是,不是,不是,不是,烟草所,农业昆虫与害虫防治,1,全日制,245
中国农业科学院,不是,不是,不是,不是,果树所,农业昆虫与害虫防治,1,全日制,245
中国农业科学院,不是,不是,不是,不是,植保所,农药学,3,全日制,245
中国农业科学院,不是,不是,不是,不是,兰州牧药所,动物遗传育种与繁殖,1,全日制,245
中国农业科学院,不是,不是,不是,不是,畜牧兽医所,动物遗传育种与繁殖,8,全日制,245
中国农业科学院,不是,不是,不是,不是,基因组所,动物遗传育种与繁殖,2,全日制,245
中国农业科学院,不是,不是,不是,不是,饲料所,动物营养与饲料科学,7,全日制,245
中国农业科学院,不是,不是,不是,不是,畜牧兽医所,动物营养与饲料科学,4,全日制,245
中国农业科学院,不是,不是,不是,不是,蜜蜂所,特种经济动物饲养,1,全日制,245
中国农业科学院,不是,不是,不是,不是,特产所,特种经济动物饲养,3,全日制,245
中国农业科学院,不是,不是,不是,不是,兰州牧药所,基础兽医学,1,全日制,245
中国农业科学院,不是,不是,不是,不是,哈尔滨兽医所,基础兽医学,1,全日制,245
中国农业科学院,不是,不是,不是,不是,上海兽医所,预防兽医学,6,全日制,245
中国农业科学院,不是,不是,不是,不是,畜牧兽医所,预防兽医学,1,全日制,245
中国农业科学院,不是,不是,不是,不是,特产所,预防兽医学,6,全日制,245
中国农业科学院,不是,不是,不是,不是,哈尔滨兽医所,预防兽医学,19,全日制,245
中国农业科学院,不是,不是,不是,不是,兰州兽医所,预防兽医学,4,全日制,245
中国农业科学院,不是,不是,不是,不是,兰州牧药所,临床兽医学,1,全日制,245
中国农业科学院,不是,不是,不是,不是,兰州牧药所,草学,2,全日制,245
中国农业科学院,不是,不是,不是,不是,畜牧兽医所,草学,1,全日制,245
中国农业科学院,不是,不是,不是,不是,草原所,草学,2,全日制,245
中国农业科学院,不是,不是,不是,不是,作物科学所,农艺与种业,40,全日制,245
中国农业科学院,不是,不是,不是,不是,作物科学所,农艺与种业,1,非全日制,245
中国农业科学院,不是,不是,不是,不是,棉花所,农艺与种业,31,全日制,245
中国农业科学院,不是,不是,不是,不是,油料所,农艺与种业,11,全日制,245
中国农业科学院,不是,不是,不是,不是,麻类所,农艺与种业,11,全日制,245
中国农业科学院,不是,不是,不是,不是,兰州牧药所,农艺与种业,1,全日制,245
中国农业科学院,不是,不是,不是,不是,水稻所,农艺与种业,24,全日制,245
中国农业科学院,不是,不是,不是,不是,资源区划所,农艺与种业,4,全日制,245
中国农业科学院,不是,不是,不是,不是,蔬菜花卉所,农艺与种业,36,全日制,245
中国农业科学院,不是,不是,不是,不是,蔬菜花卉所,农艺与种业,1,非全日制,245
中国农业科学院,不是,不是,不是,不是,畜牧兽医所,农艺与种业,1,全日制,245
中国农业科学院,不是,不是,不是,不是,茶叶所,农艺与种业,12,全日制,245
中国农业科学院,不是,不是,不是,不是,茶叶所,农艺与种业,1,非全日制,245
中国农业科学院,不是,不是,不是,不是,生物所,农艺与种业,18,全日制,245
中国农业科学院,不是,不是,不是,不是,郑州果树所,农艺与种业,13,全日制,245
中国农业科学院,不是,不是,不是,不是,基因组所,农艺与种业,6,全日制,245
中国农业科学院,不是,不是,不是,不是,都市农业所,农艺与种业,3,全日制,245
中国农业科学院,不是,不是,不是,不是,烟草所,农艺与种业,13,全日制,245
中国农业科学院,不是,不是,不是,不是,烟草所,农艺与种业,1,非全日制,245
中国农业科学院,不是,不是,不是,不是,特产所,农艺与种业,9,全日制,245
中国农业科学院,不是,不是,不是,不是,果树所,农艺与种业,15,全日制,245
中国农业科学院,不是,不是,不是,不是,草原所,农艺与种业,14,全日制,245
中国农业科学院,不是,不是,不是,不是,热科院,农艺与种业,7,全日制,245
中国农业科学院,不是,不是,不是,不是,棉花所,资源利用与植物保护,2,全日制,245
中国农业科学院,不是,不是,不是,不是,油料所,资源利用与植物保护,3,全日制,245
中国农业科学院,不是,不是,不是,不是,麻类所,资源利用与植物保护,1,全日制,245
中国农业科学院,不是,不是,不是,不是,植保所,资源利用与植物保护,40,全日制,245
中国农业科学院,不是,不是,不是,不是,植保所,资源利用与植物保护,3,非全日制,245
中国农业科学院,不是,不是,不是,不是,水稻所,资源利用与植物保护,3,全日制,245
中国农业科学院,不是,不是,不是,不是,资源区划所,资源利用与植物保护,16,全日制,245
中国农业科学院,不是,不是,不是,不是,资源区划所,资源利用与植物保护,3,非全日制,245
中国农业科学院,不是,不是,不是,不是,环发所,资源利用与植物保护,22,全日制,245
中国农业科学院,不是,不是,不是,不是,蔬菜花卉所,资源利用与植物保护,10,全日制,245
中国农业科学院,不是,不是,不是,不是,蔬菜花卉所,资源利用与植物保护,1,非全日制,245
中国农业科学院,不是,不是,不是,不是,郑州果树所,资源利用与植物保护,3,全日制,245
中国农业科学院,不是,不是,不是,不是,基因组所,资源利用与植物保护,1,全日制,245
中国农业科学院,不是,不是,不是,不是,沼科所,资源利用与植物保护,5,全日制,245
中国农业科学院,不是,不是,不是,不是,烟草所,资源利用与植物保护,6,全日制,245
中国农业科学院,不是,不是,不是,不是,果树所,资源利用与植物保护,1,全日制,245
中国农业科学院,不是,不是,不是,不是,草原所,资源利用与植物保护,2,全日制,245
中国农业科学院,不是,不是,不是,不是,热科院,资源利用与植物保护,5,全日制,245
中国农业科学院,不是,不是,不是,不是,环保所,资源利用与植物保护,1,全日制,245
中国农业科学院,不是,不是,不是,不是,麻类所,畜牧,1,全日制,245
中国农业科学院,不是,不是,不是,不是,兰州牧药所,畜牧,5,全日制,245
中国农业科学院,不是,不是,不是,不是,饲料所,畜牧,7,全日制,245
中国农业科学院,不是,不是,不是,不是,饲料所,畜牧,4,非全日制,245
中国农业科学院,不是,不是,不是,不是,畜牧兽医所,畜牧,14,全日制,245
中国农业科学院,不是,不是,不是,不是,蜜蜂所,畜牧,7,全日制,245
中国农业科学院,不是,不是,不是,不是,蜜蜂所,畜牧,1,非全日制,245
中国农业科学院,不是,不是,不是,不是,基因组所,畜牧,2,全日制,245
中国农业科学院,不是,不是,不是,不是,特产所,畜牧,6,全日制,245
中国农业科学院,不是,不是,不是,不是,麻类所,农业工程与信息技术,1,全日制,245
中国农业科学院,不是,不是,不是,不是,资源区划所,农业工程与信息技术,5,全日制,245
中国农业科学院,不是,不是,不是,不是,环发所,农业工程与信息技术,2,全日制,245
中国农业科学院,不是,不是,不是,不是,环发所,农业工程与信息技术,1,非全日制,245
中国农业科学院,不是,不是,不是,不是,农业信息所,农业工程与信息技术,10,全日制,245
中国农业科学院,不是,不是,不是,不是,灌溉所,农业工程与信息技术,8,全日制,245
中国农业科学院,不是,不是,不是,不是,都市农业所,农业工程与信息技术,5,全日制,245
中国农业科学院,不是,不是,不是,不是,南京农机化所,农业工程与信息技术,18,全日制,245
中国农业科学院,不是,不是,不是,不是,水稻所,农业管理,1,全日制,245
中国农业科学院,不是,不是,不是,不是,农经所,农业管理,10,全日制,245
中国农业科学院,不是,不是,不是,不是,农经所,农业管理,2,非全日制,245
中国农业科学院,不是,不是,不是,不是,茶叶所,农业管理,2,全日制,245
中国农业科学院,不是,不是,不是,不是,农业信息所,农业管理,5,全日制,245
中国农业科学院,不是,不是,不是,不是,农产品加工所,农业管理,1,全日制,245
中国农业科学院,不是,不是,不是,不是,南京农机化所,农业管理,1,全日制,245
中国农业科学院,不是,不是,不是,不是,食物营养所,农业管理,4,全日制,245
中国农业科学院,不是,不是,不是,不是,资源区划所,农村发展,4,全日制,245
中国农业科学院,不是,不是,不是,不是,资源区划所,农村发展,1,非全日制,245
中国农业科学院,不是,不是,不是,不是,农经所,农村发展,9,全日制,245
中国农业科学院,不是,不是,不是,不是,农经所,农村发展,2,非全日制,245
中国农业科学院,不是,不是,不是,不是,兰州牧药所,兽医,11,全日制,245
中国农业科学院,不是,不是,不是,不是,饲料所,兽医,1,全日制,245
中国农业科学院,不是,不是,不是,不是,上海兽医所,兽医,28,全日制,245
中国农业科学院,不是,不是,不是,不是,畜牧兽医所,兽医,8,全日制,245
中国农业科学院,不是,不是,不是,不是,特产所,兽医,4,全日制,245
中国农业科学院,不是,不是,不是,不是,哈尔滨兽医所,兽医,45,全日制,245
中国农业科学院,不是,不是,不是,不是,兰州兽医所,兽医,34,全日制,245
中国农业科学院,不是,不是,不是,不是,油料所,食品与营养,7,全日制,245
中国农业科学院,不是,不是,不是,不是,水稻所,食品与营养,1,全日制,245
中国农业科学院,不是,不是,不是,不是,饲料所,食品与营养,1,全日制,245
中国农业科学院,不是,不是,不是,不是,畜牧兽医所,食品与营养,2,全日制,245
中国农业科学院,不是,不是,不是,不是,质量标准所,食品与营养,21,全日制,245
中国农业科学院,不是,不是,不是,不是,农产品加工所,食品与营养,14,全日制,245
中国农业科学院,不是,不是,不是,不是,农产品加工所,食品与营养,3,非全日制,245
中国农业科学院,不是,不是,不是,不是,蜜蜂所,食品与营养,8,全日制,245
中国农业科学院,不是,不是,不是,不是,蜜蜂所,食品与营养,2,非全日制,245
中国农业科学院,不是,不是,不是,不是,郑州果树所,食品与营养,4,全日制,245
中国农业科学院,不是,不是,不是,不是,烟草所,食品与营养,4,全日制,245
中国农业科学院,不是,不是,不是,不是,食物营养所,食品与营养,3,全日制,245
中国农业科学院,不是,不是,不是,不是,热科院,食品与营养,3,全日制,245
中国农业科学院,不是,不是,不是,不是,作物科学所,管理科学与工程,1,全日制,333
中国农业科学院,不是,不是,不是,不是,农业信息所,管理科学与工程,11,全日制,333
中国农业科学院,不是,不是,不是,不是,水稻所,农业经济管理,1,全日制,333
中国农业科学院,不是,不是,不是,不是,资源区划所,农业经济管理,2,全日制,333
中国农业科学院,不是,不是,不是,不是,农经所,农业经济管理,3,全日制,333
中国农业科学院,不是,不是,不是,不是,生物所,农业经济管理,1,全日制,333
中国农业科学院,不是,不是,不是,不是,农业信息所,农业经济管理,5,全日制,333
中国农业科学院,不是,不是,不是,不是,沼科所,农业经济管理,1,全日制,333
中国农业科学院,不是,不是,不是,不是,南京农机化所,农业经济管理,1,全日制,333
中国农业科学院,不是,不是,不是,不是,食物营养所,农业经济管理,1,全日制,333
中国农业科学院,不是,不是,不是,不是,农业信息所,图书情报,6,全日制,191
中国农业科学院,不是,不是,不是,不是,作物科学所,生物信息学,1,全日制,274
中国农业科学院,不是,不是,不是,不是,作物科学所,作物种质资源学,3,全日制,245
中国农业科学院,不是,不是,不是,不是,棉花所,作物种质资源学,1,全日制,245
中国农业科学院,不是,不是,不是,不是,油料所,作物种质资源学,1,全日制,245
中国农业科学院,不是,不是,不是,不是,水稻所,作物种质资源学,1,全日制,245
中国农业科学院,不是,不是,不是,不是,蔬菜花卉所,观赏园艺,2,全日制,245
中国农业科学院,不是,不是,不是,不是,资源区划所,农业遥感,6,全日制,245
中国农业科学院,不是,不是,不是,不是,环发所,农业水资源与环境,3,全日制,245
中国农业科学院,不是,不是,不是,不是,植保所,杂草学,2,全日制,245
中国农业科学院,不是,不是,不是,不是,水稻所,杂草学,1,全日制,245
中国农业科学院,不是,不是,不是,不是,植保所,入侵生物学,2,全日制,245
中国农业科学院,不是,不是,不是,不是,植保所,转基因生物安全学,1,全日制,245
中国农业科学院,不是,不是,不是,不是,植保所,生物防治学,3,全日制,245
中国农业科学院,不是,不是,不是,不是,饲料所,兽药学,1,全日制,245
中国农业科学院,不是,不是,不是,不是,上海兽医所,兽药学,1,全日制,245
中国农业科学院,不是,不是,不是,不是,兰州牧药所,中兽医学,1,全日制,245
中国农业科学院,不是,不是,不是,不是,资源区划所,区域发展,2,全日制,333
北京电影学院,不是,不是,不是,是,文学系,艺术学,10,全日制,351
北京电影学院,不是,不是,不是,是,中国电影音乐研究院,艺术学,1,全日制,351
北京电影学院,不是,不是,不是,是,声音学院,艺术学,2,全日制,351
北京电影学院,不是,不是,不是,是,美术学院,艺术学,5,全日制,351
北京电影学院,不是,不是,不是,是,文学系,艺术学,10,全日制,351
北京电影学院,不是,不是,不是,是,中国电影音乐研究院,艺术学,1,全日制,351
北京电影学院,不是,不是,不是,是,声音学院,艺术学,2,全日制,351
北京电影学院,不是,不是,不是,是,美术学院,艺术学,5,全日制,351
北京电影学院,不是,不是,不是,是,中国电影高新技术研究院,艺术学,12,全日制,351
北京电影学院,不是,不是,不是,是,电影学系,艺术学,13,全日制,351
北京电影学院,不是,不是,不是,是,中国电影文化研究院,艺术学,15,全日制,351
北京电影学院,不是,不是,不是,是,人文学部,艺术学,2,全日制,351
北京电影学院,不是,不是,不是,是,数字媒体学院,艺术学,2,全日制,351
北京电影学院,不是,不是,不是,是,文学系,戏剧与影视,26,全日制,351
北京电影学院,不是,不是,不是,是,导演系,戏剧与影视,20,全日制,351
北京电影学院,不是,不是,不是,是,表演学院,戏剧与影视,16,全日制,351
北京电影学院,不是,不是,不是,是,摄影系,戏剧与影视,17,全日制,351
北京电影学院,不是,不是,不是,是,声音学院,戏剧与影视,23,全日制,351
北京电影学院,不是,不是,不是,是,美术学院,戏剧与影视,17,全日制,351
北京电影学院,不是,不是,不是,是,管理学院,戏剧与影视,16,全日制,351
北京电影学院,不是,不是,不是,是,动画学院,戏剧与影视,18,全日制,351
北京电影学院,不是,不是,不是,是,美术学院,美术与书法,8,全日制,360
北京电影学院,不是,不是,不是,是,动画学院,美术与书法,6,全日制,351
北京电影学院,不是,不是,不是,是,数字媒体学院,美术与书法,16,全日制,351
中央戏剧学院,不是,不是,是,不是,表演系,艺术学,6,全日制,351
中央戏剧学院,不是,不是,是,不是,导演系,艺术学,1,全日制,351
中央戏剧学院,不是,不是,是,不是,舞台美术系,艺术学,2,全日制,351
中央戏剧学院,不是,不是,是,不是,戏剧文学系,艺术学,13,全日制,351
中央戏剧学院,不是,不是,是,不是,音乐剧系,艺术学,1,全日制,351
中央戏剧学院,不是,不是,是,不是,表演系,艺术学,6,全日制,351
中央戏剧学院,不是,不是,是,不是,导演系,艺术学,1,全日制,351
中央戏剧学院,不是,不是,是,不是,舞台美术系,艺术学,2,全日制,351
中央戏剧学院,不是,不是,是,不是,戏剧文学系,艺术学,13,全日制,351
中央戏剧学院,不是,不是,是,不是,音乐剧系,艺术学,1,全日制,351
中央戏剧学院,不是,不是,是,不是,戏剧学系,艺术学,25,全日制,351
中央戏剧学院,不是,不是,是,不是,戏剧教育系,艺术学,5,全日制,351
中央戏剧学院,不是,不是,是,不是,戏剧管理系,艺术学,3,全日制,351
中央戏剧学院,不是,不是,是,不是,电影电视系,艺术学,2,全日制,351
中央戏剧学院,不是,不是,是,不是,人文学部,艺术学,3,全日制,351
中央戏剧学院,不是,不是,是,不是,数字戏剧系,艺术学,2,全日制,351
中央戏剧学院,不是,不是,是,不是,表演系,戏剧与影视,23,全日制,351
中央戏剧学院,不是,不是,是,不是,导演系,戏剧与影视,10,全日制,351
中央戏剧学院,不是,不是,是,不是,舞台美术系,戏剧与影视,46,全日制,351
中央戏剧学院,不是,不是,是,不是,戏剧文学系,戏剧与影视,13,全日制,351
中央戏剧学院,不是,不是,是,不是,音乐剧系,戏剧与影视,15,全日制,351
中央戏剧学院,不是,不是,是,不是,歌剧系,戏剧与影视,12,全日制,351
中央戏剧学院,不是,不是,是,不是,舞剧系,戏剧与影视,12,全日制,351
中央戏剧学院,不是,不是,是,不是,戏剧教育系,戏剧与影视,10,全日制,351
中央戏剧学院,不是,不是,是,不是,戏剧管理系,戏剧与影视,12,全日制,351
中央戏剧学院,不是,不是,是,不是,电影电视系,戏剧与影视,71,全日制,351
中央戏剧学院,不是,不是,是,不是,实验剧团,戏剧与影视,5,全日制,351
中央戏剧学院,不是,不是,是,不是,数字戏剧系,戏剧与影视,12,全日制,351
中央戏剧学院,不是,不是,是,不是,中国文旅演出研究中心,戏剧与影视,5,全日制,351
中央美术学院,不是,不是,是,不是,建筑学院,建筑学,34,全日制,260
中央美术学院,不是,不是,是,不是,建筑学院,建筑,5,全日制,260
中央美术学院,不是,不是,是,不是,建筑学院,风景园林,4,全日制,260
中央美术学院,不是,不是,是,不是,人文学院,艺术学,23,全日制,370
中央美术学院,不是,不是,是,不是,艺术管理与教育学院,艺术学,17,全日制,352
中央美术学院,不是,不是,是,不是,建筑学院,建筑学,34,全日制,260
中央美术学院,不是,不是,是,不是,建筑学院,建筑,5,全日制,260
中央美术学院,不是,不是,是,不是,建筑学院,风景园林,4,全日制,260
中央美术学院,不是,不是,是,不是,人文学院,艺术学,23,全日制,370
中央美术学院,不是,不是,是,不是,艺术管理与教育学院,艺术学,17,全日制,352
中央美术学院,不是,不是,是,不是,美育研究院,艺术学,3,全日制,388
中央美术学院,不是,不是,是,不是,中国画学院,美术与书法,17,全日制,351
中央美术学院,不是,不是,是,不是,造型学科基础部,美术与书法,8,全日制,351
中央美术学院,不是,不是,是,不是,油画系,美术与书法,17,全日制,351
中央美术学院,不是,不是,是,不是,版画系,美术与书法,16,全日制,351
中央美术学院,不是,不是,是,不是,雕塑系,美术与书法,21,全日制,351
中央美术学院,不是,不是,是,不是,壁画系,美术与书法,9,全日制,351
中央美术学院,不是,不是,是,不是,设计学院,美术与书法,1,全日制,351
中央美术学院,不是,不是,是,不是,艺术管理与教育学院,美术与书法,0,全日制,352
中央美术学院,不是,不是,是,不是,修复学院,美术与书法,5,全日制,351
中央美术学院,不是,不是,是,不是,实验艺术与科技艺术学院,美术与书法,20,全日制,351
中央美术学院,不是,不是,是,不是,书法学院,美术与书法,4,全日制,351
中央美术学院,不是,不是,是,不是,设计学院,设计,35,全日制,351
中央美术学院,不是,不是,是,不是,城市设计学院,设计,26,全日制,351
中央美术学院,不是,不是,是,不是,设计学院,设计学,7,全日制,266
北京服装学院,不是,不是,不是,是,时尚传播学院,新闻与传播,10,全日制,351
北京服装学院,不是,不是,不是,是,民族服饰博物馆,博物馆,10,全日制,336
北京服装学院,不是,不是,不是,是,材料设计与工程学院,材料科学与工程,47,全日制,260
北京服装学院,不是,不是,不是,是,时尚传播学院,新闻与传播,10,全日制,351
北京服装学院,不是,不是,不是,是,民族服饰博物馆,博物馆,10,全日制,336
北京服装学院,不是,不是,不是,是,材料设计与工程学院,材料科学与工程,47,全日制,260
北京服装学院,不是,不是,不是,是,材料设计与工程学院,纺织材料与纺织品设计,7,全日制,260
北京服装学院,不是,不是,不是,是,材料设计与工程学院,纺织化学与染整工程,14,全日制,260
北京服装学院,不是,不是,不是,是,服装艺术与工程学院,服装设计与工程,20,全日制,260
北京服装学院,不是,不是,不是,是,服饰艺术与工程学院,机械,6,全日制,260
北京服装学院,不是,不是,不是,是,艺术设计学院,机械,5,全日制,260
北京服装学院,不是,不是,不是,是,美术学院,艺术学,28,全日制,351
北京服装学院,不是,不是,不是,是,时尚传播学院,美术与书法,4,全日制,372
北京服装学院,不是,不是,不是,是,美术学院,美术与书法,32,全日制,351
北京服装学院,不是,不是,不是,是,服装艺术与工程学院,设计,61,全日制,351
北京服装学院,不是,不是,不是,是,服饰艺术与工程学院,设计,41,全日制,351
北京服装学院,不是,不是,不是,是,材料设计与工程学院,设计,10,全日制,351
北京服装学院,不是,不是,不是,是,艺术设计学院,设计,52,全日制,351
北京服装学院,不是,不是,不是,是,时尚传播学院,设计,6,全日制,372
北京服装学院,不是,不是,不是,是,服装艺术与工程学院,设计学,22,全日制,266
北京服装学院,不是,不是,不是,是,服饰艺术与工程学院,设计学,6,全日制,266
北京服装学院,不是,不是,不是,是,材料设计与工程学院,设计学,2,全日制,266
北京服装学院,不是,不是,不是,是,艺术设计学院,设计学,4,全日制,266
北京服装学院,不是,不是,不是,是,时尚传播学院,设计学,8,全日制,329
解放军医学院,不是,不是,不是,是,不区分院系,生物医学工程,7,全日制,260
解放军医学院,不是,不是,不是,是,不区分院系,内科学,36,全日制,293
解放军医学院,不是,不是,不是,是,不区分院系,儿科学,1,全日制,293
解放军医学院,不是,不是,不是,是,不区分院系,老年医学,11,全日制,293
解放军医学院,不是,不是,不是,是,不区分院系,神经病学,6,全日制,293
解放军医学院,不是,不是,不是,是,不区分院系,生物医学工程,7,全日制,260
解放军医学院,不是,不是,不是,是,不区分院系,内科学,36,全日制,293
解放军医学院,不是,不是,不是,是,不区分院系,儿科学,1,全日制,293
解放军医学院,不是,不是,不是,是,不区分院系,老年医学,11,全日制,293
解放军医学院,不是,不是,不是,是,不区分院系,神经病学,6,全日制,293
解放军医学院,不是,不是,不是,是,不区分院系,精神病与精神卫生学,1,全日制,293
解放军医学院,不是,不是,不是,是,不区分院系,皮肤病与性病学,1,全日制,293
解放军医学院,不是,不是,不是,是,不区分院系,影像医学与核医学,10,全日制,293
解放军医学院,不是,不是,不是,是,不区分院系,临床检验诊断学,6,全日制,293
解放军医学院,不是,不是,不是,是,不区分院系,外科学,44,全日制,293
解放军医学院,不是,不是,不是,是,不区分院系,妇产科学,3,全日制,293
解放军医学院,不是,不是,不是,是,不区分院系,眼科学,3,全日制,293
解放军医学院,不是,不是,不是,是,不区分院系,耳鼻咽喉科学,7,全日制,293
解放军医学院,不是,不是,不是,是,不区分院系,肿瘤学,9,全日制,293
解放军医学院,不是,不是,不是,是,不区分院系,康复医学与理疗学,4,全日制,293
解放军医学院,不是,不是,不是,是,不区分院系,运动医学,1,全日制,293
解放军医学院,不是,不是,不是,是,不区分院系,麻醉学,4,全日制,293
解放军医学院,不是,不是,不是,是,不区分院系,急诊医学,1,全日制,293
解放军医学院,不是,不是,不是,是,不区分院系,口腔临床医学,7,全日制,293
解放军医学院,不是,不是,不是,是,不区分院系,流行病与卫生统计学,7,全日制,293
解放军医学院,不是,不是,不是,是,不区分院系,营养与食品卫生学,1,全日制,293
解放军医学院,不是,不是,不是,是,不区分院系,军事预防医学,3,全日制,293
解放军医学院,不是,不是,不是,是,不区分院系,中西医结合基础,2,全日制,293
解放军医学院,不是,不是,不是,是,不区分院系,中西医结合临床,4,全日制,293
解放军医学院,不是,不是,不是,是,不区分院系,护理学,4,全日制,293
解放军医学院,不是,不是,不是,是,不区分院系,内科学,41,全日制,293
解放军医学院,不是,不是,不是,是,不区分院系,儿科学,3,全日制,293
解放军医学院,不是,不是,不是,是,不区分院系,老年医学,7,全日制,293
解放军医学院,不是,不是,不是,是,不区分院系,神经病学,7,全日制,293
解放军医学院,不是,不是,不是,是,不区分院系,皮肤病与性病学,3,全日制,293
解放军医学院,不是,不是,不是,是,不区分院系,急诊医学,3,全日制,293
解放军医学院,不是,不是,不是,是,不区分院系,重症医学,3,全日制,293
解放军医学院,不是,不是,不是,是,不区分院系,全科医学,3,全日制,293
解放军医学院,不是,不是,不是,是,不区分院系,康复医学与理疗学,5,全日制,293
解放军医学院,不是,不是,不是,是,不区分院系,外科学,34,全日制,293
解放军医学院,不是,不是,不是,是,不区分院系,儿外科学,2,全日制,293
解放军医学院,不是,不是,不是,是,不区分院系,骨科学,20,全日制,293
解放军医学院,不是,不是,不是,是,不区分院系,运动医学,2,全日制,293
解放军医学院,不是,不是,不是,是,不区分院系,妇产科学,5,全日制,293
解放军医学院,不是,不是,不是,是,不区分院系,眼科学,4,全日制,293
解放军医学院,不是,不是,不是,是,不区分院系,耳鼻咽喉科学,7,全日制,293
解放军医学院,不是,不是,不是,是,不区分院系,麻醉学,5,全日制,293
解放军医学院,不是,不是,不是,是,不区分院系,临床病理,2,全日制,293
解放军医学院,不是,不是,不是,是,不区分院系,临床检验诊断学,4,全日制,293
解放军医学院,不是,不是,不是,是,不区分院系,肿瘤学,9,全日制,293
解放军医学院,不是,不是,不是,是,不区分院系,放射肿瘤学,2,全日制,293
解放军医学院,不是,不是,不是,是,不区分院系,放射影像学,7,全日制,293
解放军医学院,不是,不是,不是,是,不区分院系,超声医学,7,全日制,293
解放军医学院,不是,不是,不是,是,不区分院系,核医学,2,全日制,293
解放军医学院,不是,不是,不是,是,不区分院系,口腔医学,9,全日制,293
解放军医学院,不是,不是,不是,是,不区分院系,护理,6,全日制,293
解放军医学院,不是,不是,不是,是,不区分院系,药学,4,全日制,293
解放军医学院,不是,不是,不是,是,不区分院系,中医,10,全日制,293
解放军医学院,不是,不是,不是,是,不区分院系,军事后勤学,1,全日制,260
中国艺术研究院,不是,不是,不是,不是,不区分院系,艺术学,100,全日制,351
中国艺术研究院,不是,不是,不是,不是,不区分院系,戏剧与影视,16,全日制,351
中国艺术研究院,不是,不是,不是,不是,不区分院系,戏剧与影视,16,非全日制,351
中国艺术研究院,不是,不是,不是,不是,不区分院系,戏曲与曲艺,3,全日制,351
中国艺术研究院,不是,不是,不是,不是,不区分院系,戏曲与曲艺,3,非全日制,351
中国艺术研究院,不是,不是,不是,不是,不区分院系,艺术学,100,全日制,351
中国艺术研究院,不是,不是,不是,不是,不区分院系,戏剧与影视,16,全日制,351
中国艺术研究院,不是,不是,不是,不是,不区分院系,戏剧与影视,16,非全日制,351
中国艺术研究院,不是,不是,不是,不是,不区分院系,戏曲与曲艺,3,全日制,351
中国艺术研究院,不是,不是,不是,不是,不区分院系,戏曲与曲艺,3,非全日制,351
中国艺术研究院,不是,不是,不是,不是,不区分院系,美术与书法,72,全日制,359
中国艺术研究院,不是,不是,不是,不是,不区分院系,美术与书法,72,非全日制,359
中国艺术研究院,不是,不是,不是,不是,不区分院系,设计,8,全日制,351
中国艺术研究院,不是,不是,不是,不是,不区分院系,设计,8,非全日制,351
中国艺术研究院,不是,不是,不是,不是,不区分院系,设计学,10,全日制,300
中国空间技术研究院（航天五院）,不是,不是,不是,不是,不区分院系,光学工程,6,全日制,310
中国空间技术研究院（航天五院）,不是,不是,不是,不是,不区分院系,仪器科学与技术,4,全日制,310
中国空间技术研究院（航天五院）,不是,不是,不是,不是,不区分院系,电子科学与技术,23,全日制,260
中国空间技术研究院（航天五院）,不是,不是,不是,不是,不区分院系,信息与通信工程,23,全日制,310
中国空间技术研究院（航天五院）,不是,不是,不是,不是,不区分院系,控制科学与工程,10,全日制,330
中国空间技术研究院（航天五院）,不是,不是,不是,不是,不区分院系,光学工程,6,全日制,310
中国空间技术研究院（航天五院）,不是,不是,不是,不是,不区分院系,仪器科学与技术,4,全日制,310
中国空间技术研究院（航天五院）,不是,不是,不是,不是,不区分院系,电子科学与技术,23,全日制,260
中国空间技术研究院（航天五院）,不是,不是,不是,不是,不区分院系,信息与通信工程,23,全日制,310
中国空间技术研究院（航天五院）,不是,不是,不是,不是,不区分院系,控制科学与工程,10,全日制,330
中国空间技术研究院（航天五院）,不是,不是,不是,不是,不区分院系,计算机科学与技术,5,全日制,310
中国空间技术研究院（航天五院）,不是,不是,不是,不是,不区分院系,航空宇航科学与技术,20,全日制,330
中国空间技术研究院（航天五院）,不是,不是,不是,不是,不区分院系,软件工程,7,全日制,310
中国空间技术研究院（航天五院）,不是,不是,不是,不是,不区分院系,宇航材料工程,2,全日制,310
中央音乐学院,不是,是,是,不是,作曲系,艺术学,4,全日制,351
中央音乐学院,不是,是,是,不是,音乐学系,艺术学,8,全日制,351
中央音乐学院,不是,是,是,不是,音乐教育学院,艺术学,3,全日制,351
中央音乐学院,不是,是,是,不是,音乐人工智能与音乐信息科技系,艺术学,1,全日制,351
中央音乐学院,不是,是,是,不是,作曲系,音乐,4,全日制,351
中央音乐学院,不是,是,是,不是,作曲系,艺术学,4,全日制,351
中央音乐学院,不是,是,是,不是,音乐学系,艺术学,8,全日制,351
中央音乐学院,不是,是,是,不是,音乐教育学院,艺术学,3,全日制,351
中央音乐学院,不是,是,是,不是,音乐人工智能与音乐信息科技系,艺术学,1,全日制,351
中央音乐学院,不是,是,是,不是,作曲系,音乐,4,全日制,351
中央音乐学院,不是,是,是,不是,音乐学系,音乐,4,全日制,351
中央音乐学院,不是,是,是,不是,音乐教育学院,音乐,5,全日制,351
中央音乐学院,不是,是,是,不是,音乐人工智能与音乐信息科技系,音乐,9,全日制,351
中央音乐学院,不是,是,是,不是,指挥系,音乐,3,全日制,351
中央音乐学院,不是,是,是,不是,民乐系,音乐,22,全日制,351
中国财政科学研究院,不是,不是,不是,不是,不区分院系,财政学,35,全日制,328
中国财政科学研究院,不是,不是,不是,不是,不区分院系,税务,25,全日制,323
中国财政科学研究院,不是,不是,不是,不是,不区分院系,会计学,20,全日制,335
中国财政科学研究院,不是,不是,不是,不是,不区分院系,会计,37,全日制,225
中国财政科学研究院,不是,不是,不是,不是,不区分院系,审计,35,全日制,221
中国财政科学研究院,不是,不是,不是,不是,不区分院系,财政学,35,全日制,328
中国财政科学研究院,不是,不是,不是,不是,不区分院系,税务,25,全日制,323
中国财政科学研究院,不是,不是,不是,不是,不区分院系,会计学,20,全日制,335
中国财政科学研究院,不是,不是,不是,不是,不区分院系,会计,37,全日制,225
中国财政科学研究院,不是,不是,不是,不是,不区分院系,审计,35,全日制,221
中国青年政治学院,不是,不是,不是,是,马克思主义学院,马克思主义哲学,6,全日制,321
中国青年政治学院,不是,不是,不是,是,马克思主义学院,中国哲学,5,全日制,321
中国青年政治学院,不是,不是,不是,是,马克思主义学院,外国哲学,5,全日制,321
中国青年政治学院,不是,不是,不是,是,马克思主义学院,马克思主义基本原理,14,全日制,328
中国青年政治学院,不是,不是,不是,是,马克思主义学院,马克思主义中国化研究,14,全日制,329
中国疾病预防控制中心,不是,不是,不是,不是,性病艾滋病预防控制中心,免疫学,2,全日制,293
中国疾病预防控制中心,不是,不是,不是,不是,病毒病预防控制所,免疫学,8,全日制,293
中国疾病预防控制中心,不是,不是,不是,不是,传染病预防控制所,病原生物学,11,全日制,293
中国疾病预防控制中心,不是,不是,不是,不是,寄生虫病预防控制所,病原生物学,9,全日制,293
中国疾病预防控制中心,不是,不是,不是,不是,性病艾滋病预防控制中心,病原生物学,2,全日制,293
中国疾病预防控制中心,不是,不是,不是,不是,性病艾滋病预防控制中心,免疫学,2,全日制,293
中国疾病预防控制中心,不是,不是,不是,不是,病毒病预防控制所,免疫学,8,全日制,293
中国疾病预防控制中心,不是,不是,不是,不是,传染病预防控制所,病原生物学,11,全日制,293
中国疾病预防控制中心,不是,不是,不是,不是,寄生虫病预防控制所,病原生物学,9,全日制,293
中国疾病预防控制中心,不是,不是,不是,不是,性病艾滋病预防控制中心,病原生物学,2,全日制,293
中国音乐学院,不是,不是,是,不是,教育学院,学科教学（音乐）,11,全日制,341
中国音乐学院,不是,不是,是,不是,作曲系,艺术学,7,全日制,351
中国音乐学院,不是,不是,是,不是,教育学院,艺术学,11,全日制,351
中国音乐学院,不是,不是,是,不是,艺术管理系,艺术学,2,全日制,351
中国音乐学院,不是,不是,是,不是,音乐学系,艺术学,17,全日制,351
中国铁道科学研究院,不是,不是,不是,不是,不分院系所,机械设计及理论,1,全日制,300
中国铁道科学研究院,不是,不是,不是,不是,不分院系所,岩土工程,2,全日制,300
北京国家会计学院,不是,不是,不是,不是,不区分院系,金融,35,全日制,323
北京国家会计学院,不是,不是,不是,不是,不区分院系,税务,35,全日制,323
北京国家会计学院,不是,不是,不是,不是,不区分院系,税务,35,非全日制,323
北京国家会计学院,不是,不是,不是,不是,不区分院系,会计,45,全日制,224
北京国家会计学院,不是,不是,不是,不是,不区分院系,审计,40,全日制,210
中国原子能科学研究院,不是,不是,不是,不是,不区分院系,应用数学,3,全日制,274
中国原子能科学研究院,不是,不是,不是,不是,不区分院系,理论物理,3,全日制,274
中国原子能科学研究院,不是,不是,不是,不是,不区分院系,粒子物理与原子核物理,52,全日制,274
中国原子能科学研究院,不是,不是,不是,不是,不区分院系,等离子体物理,4,全日制,274
中国原子能科学研究院,不是,不是,不是,不是,不区分院系,凝聚态物理,14,全日制,274
北京舞蹈学院,不是,不是,不是,是,不区分院系,艺术学,34,全日制,351
北京舞蹈学院,不是,不是,不是,是,不区分院系,舞蹈,90,全日制,351
北京舞蹈学院,不是,不是,不是,是,不区分院系,舞蹈,2,非全日制,351
北京舞蹈学院,不是,不是,不是,是,不区分院系,戏剧与影视,19,全日制,351
中国中医科学院,不是,不是,不是,不是,研究生院,中医基础理论,11,全日制,320
中国中医科学院,不是,不是,不是,不是,研究生院,中医医史文献,13,全日制,320
中国中医科学院,不是,不是,不是,不是,研究生院,中医诊断学,3,全日制,320
中国中医科学院,不是,不是,不是,不是,研究生院,中医内科学,10,全日制,320
中国中医科学院,不是,不是,不是,不是,研究生院,中医儿科学,1,全日制,320
中国中医科学院,不是,不是,不是,不是,研究生院,中医基础理论,11,全日制,320
中国中医科学院,不是,不是,不是,不是,研究生院,中医医史文献,13,全日制,320
中国中医科学院,不是,不是,不是,不是,研究生院,中医诊断学,3,全日制,320
中国中医科学院,不是,不是,不是,不是,研究生院,中医内科学,10,全日制,320
中国中医科学院,不是,不是,不是,不是,研究生院,中医儿科学,1,全日制,320
中国电影艺术研究中心,不是,不是,不是,不是,不区分院系,艺术学,20,全日制,353
中国电影艺术研究中心,不是,不是,不是,不是,不区分院系,戏剧与影视,20,全日制,354
中国戏曲学院,不是,不是,不是,是,表演系,艺术学,2,全日制,351
中国戏曲学院,不是,不是,不是,是,导演系,艺术学,2,全日制,351
中国戏曲学院,不是,不是,不是,是,音乐系,艺术学,4,全日制,351
中国戏曲学院,不是,不是,不是,是,戏曲文学系,艺术学,6,全日制,351
中国戏曲学院,不是,不是,不是,是,舞台美术系,艺术学,7,全日制,351
北京城市学院,不是,不是,不是,是,MSW教育发展中心,社会工作,65,非全日制,323
北京城市学院,不是,不是,不是,是,公共管理学部,社会工作,25,全日制,323
北京城市学院,不是,不是,不是,是,电子信息硕士教育发展中心,计算机技术,20,全日制,260
北京城市学院,不是,不是,不是,是,电子信息硕士教育发展中心,软件工程,20,全日制,260
北京城市学院,不是,不是,不是,是,MCMM教育发展中心,中药,35,全日制,293
中共北京市委党校,不是,不是,不是,不是,哲学与文化教研部,马克思主义哲学,3,全日制,321
中共北京市委党校,不是,不是,不是,不是,哲学与文化教研部,中国哲学,2,全日制,321
中共北京市委党校,不是,不是,不是,不是,哲学与文化教研部,外国哲学,2,全日制,321
中共北京市委党校,不是,不是,不是,不是,经济学教研部,应用经济学,8,全日制,323
中共北京市委党校,不是,不是,不是,不是,政治学教研部,政治学理论,3,全日制,323
中国气象科学研究院,不是,不是,不是,不是,不区分院系,自然地理学,3,全日制,274
中国气象科学研究院,不是,不是,不是,不是,不区分院系,大气科学,68,全日制,305
中国气象科学研究院,不是,不是,不是,不是,不区分院系,物理海洋学,3,全日制,274
中国气象科学研究院,不是,不是,不是,不是,不区分院系,气象,5,全日制,317
中国气象科学研究院,不是,不是,不是,不是,不区分院系,环境科学与工程,3,全日制,274
华北计算机系统工程研究所,不是,不是,不是,不是,不区分院系,计算机科学与技术,18,全日制,285
华北计算机系统工程研究所,不是,不是,不是,不是,不区分院系,软件工程,2,全日制,285
中国环境科学研究院,不是,不是,不是,不是,不区分院系,人口、资源与环境经济学,6,全日制,330
中国环境科学研究院,不是,不是,不是,不是,不区分院系,大气物理学与大气环境,16,全日制,280
中国环境科学研究院,不是,不是,不是,不是,不区分院系,生物学,10,全日制,280
中国环境科学研究院,不是,不是,不是,不是,不区分院系,生态学,20,全日制,280
中国环境科学研究院,不是,不是,不是,不是,不区分院系,环境科学,24,全日制,280
中国石油勘探开发研究院,不是,不是,不是,不是,不区分院系,机械设计及理论,0,全日制,270
中国石油勘探开发研究院,不是,不是,不是,不是,不区分院系,矿产普查与勘探,3,全日制,270
中国石油勘探开发研究院,不是,不是,不是,不是,不区分院系,地球探测与信息技术,2,全日制,270
中国石油勘探开发研究院,不是,不是,不是,不是,不区分院系,油气井工程,0,全日制,270
中国工程物理研究院,不是,不是,不是,不是,北京应用物理与计算数学研究所,基础数学,1,全日制,290
中国工程物理研究院,不是,不是,不是,不是,北京应用物理与计算数学研究所,计算数学,1,全日制,290
中国工程物理研究院,不是,不是,不是,不是,北京计算科学研究中心,计算数学,0,全日制,290
中国工程物理研究院,不是,不是,不是,不是,研究生院北京本部,应用数学,0,全日制,290
中国工程物理研究院,不是,不是,不是,不是,北京应用物理与计算数学研究所,应用数学,1,全日制,290
中国工程物理研究院,不是,不是,不是,不是,北京应用物理与计算数学研究所,基础数学,1,全日制,290
中国工程物理研究院,不是,不是,不是,不是,北京应用物理与计算数学研究所,计算数学,1,全日制,290
中国工程物理研究院,不是,不是,不是,不是,北京计算科学研究中心,计算数学,0,全日制,290
中国工程物理研究院,不是,不是,不是,不是,研究生院北京本部,应用数学,0,全日制,290
中国工程物理研究院,不是,不是,不是,不是,北京应用物理与计算数学研究所,应用数学,1,全日制,290
中国工程物理研究院,不是,不是,不是,不是,北京计算科学研究中心,应用数学,0,全日制,290
中国工程物理研究院,不是,不是,不是,不是,研究生院北京本部,理论物理,0,全日制,290
中国工程物理研究院,不是,不是,不是,不是,北京应用物理与计算数学研究所,理论物理,0,全日制,290
中国工程物理研究院,不是,不是,不是,不是,北京计算科学研究中心,理论物理,0,全日制,290
中国工程物理研究院,不是,不是,不是,不是,研究生院北京本部,粒子物理与原子核物理,0,全日制,290
中国工程物理研究院,不是,不是,不是,不是,北京应用物理与计算数学研究所,粒子物理与原子核物理,0,全日制,290
中国工程物理研究院,不是,不是,不是,不是,北京计算科学研究中心,粒子物理与原子核物理,0,全日制,290
中国工程物理研究院,不是,不是,不是,不是,研究生院北京本部,原子与分子物理,0,全日制,290
中国工程物理研究院,不是,不是,不是,不是,北京应用物理与计算数学研究所,原子与分子物理,0,全日制,290
中国工程物理研究院,不是,不是,不是,不是,研究生院北京本部,等离子体物理,0,全日制,290
中国工程物理研究院,不是,不是,不是,不是,激光聚变研究中心,等离子体物理,1,全日制,290
中国工程物理研究院,不是,不是,不是,不是,北京应用物理与计算数学研究所,等离子体物理,0,全日制,290
中国工程物理研究院,不是,不是,不是,不是,上海激光等离子体研究所,等离子体物理,2,全日制,290
中国工程物理研究院,不是,不是,不是,不是,北京计算科学研究中心,等离子体物理,0,全日制,290
中国工程物理研究院,不是,不是,不是,不是,研究生院北京本部,凝聚态物理,0,全日制,290
中国运载火箭技术研究院,不是,不是,不是,不是,18所,机械工程,5,全日制,305
中国运载火箭技术研究院,不是,不是,不是,不是,102所,仪器科学与技术,4,全日制,325
中国运载火箭技术研究院,不是,不是,不是,不是,13所,仪器科学与技术,6,全日制,315
中国运载火箭技术研究院,不是,不是,不是,不是,704所,仪器科学与技术,16,全日制,315
中国运载火箭技术研究院,不是,不是,不是,不是,703所,材料科学与工程,6,全日制,260
中国运载火箭技术研究院,不是,不是,不是,不是,18所,机械工程,5,全日制,305
中国运载火箭技术研究院,不是,不是,不是,不是,102所,仪器科学与技术,4,全日制,325
中国运载火箭技术研究院,不是,不是,不是,不是,13所,仪器科学与技术,6,全日制,315
中国运载火箭技术研究院,不是,不是,不是,不是,704所,仪器科学与技术,16,全日制,315
中国运载火箭技术研究院,不是,不是,不是,不是,703所,材料科学与工程,6,全日制,260
中日友好临床医学研究所,不是,不是,不是,不是,不区分院系,内科学,15,全日制,293
中日友好临床医学研究所,不是,不是,不是,不是,不区分院系,临床检验诊断学,3,全日制,293
中日友好临床医学研究所,不是,不是,不是,不是,不区分院系,外科学,10,全日制,293
中日友好临床医学研究所,不是,不是,不是,不是,不区分院系,中西医结合基础,6,全日制,293
国际贸易经济合作研究院,不是,不是,不是,不是,不区分院系,应用经济学,10,全日制,323
国际贸易经济合作研究院,不是,不是,不是,不是,不区分院系,金融,6,全日制,323
国际贸易经济合作研究院,不是,不是,不是,不是,不区分院系,国际商务,60,全日制,323
国际贸易经济合作研究院,不是,不是,不是,不是,不区分院系,农林经济管理,4,全日制,333
国际贸易经济合作研究院,不是,不是,不是,不是,不区分院系,工商管理,70,全日制,151
中国林业科学研究院,不是,不是,不是,不是,林业所,植物学,2,全日制,274
中国林业科学研究院,不是,不是,不是,不是,高原所,植物学,3,全日制,274
中国林业科学研究院,不是,不是,不是,不是,国际竹藤中心,遗传学,1,全日制,274
中国林业科学研究院,不是,不是,不是,不是,林业所,生物化学与分子生物学,2,全日制,274
中国林业科学研究院,不是,不是,不是,不是,热林所,生物化学与分子生物学,1,全日制,274
中国林业科学研究院,不是,不是,不是,不是,林业所,植物学,2,全日制,274
中国林业科学研究院,不是,不是,不是,不是,高原所,植物学,3,全日制,274
中国林业科学研究院,不是,不是,不是,不是,国际竹藤中心,遗传学,1,全日制,274
中国林业科学研究院,不是,不是,不是,不是,林业所,生物化学与分子生物学,2,全日制,274
中国林业科学研究院,不是,不是,不是,不是,热林所,生物化学与分子生物学,1,全日制,274
中国林业科学研究院,不是,不是,不是,不是,高原所,生物化学与分子生物学,1,全日制,274
中国林业科学研究院,不是,不是,不是,不是,林业所,生态学,3,全日制,274
中国林业科学研究院,不是,不是,不是,不是,亚林所,生态学,2,全日制,274
中国林业科学研究院,不是,不是,不是,不是,热林所,生态学,3,全日制,274
中国林业科学研究院,不是,不是,不是,不是,森环森保所,生态学,3,全日制,274
中国林业科学研究院,不是,不是,不是,不是,国际竹藤中心,生态学,2,全日制,274
中国林业科学研究院,不是,不是,不是,不是,热林中心,生态学,1,全日制,274
中国林业科学研究院,不是,不是,不是,不是,高原所,生态学,2,全日制,274
中国林业科学研究院,不是,不是,不是,不是,生态所,生态学,8,全日制,274
中国林业科学研究院,不是,不是,不是,不是,林化所,轻工技术与工程,7,全日制,260
中国林业科学研究院,不是,不是,不是,不是,木工所,木材科学与技术,14,全日制,260
中国林业科学研究院,不是,不是,不是,不是,竹子中心,木材科学与技术,2,全日制,260
中国林业科学研究院,不是,不是,不是,不是,国际竹藤中心,木材科学与技术,12,全日制,260
中国林业科学研究院,不是,不是,不是,不是,林化所,林产化学加工工程,5,全日制,260
中国林业科学研究院,不是,不是,不是,不是,国际竹藤中心,林产化学加工工程,3,全日制,260
中国水利水电科学研究院,不是,不是,不是,不是,不区分院系,岩土工程,3,全日制,260
中国水利水电科学研究院,不是,不是,不是,不是,不区分院系,水文学及水资源,11,全日制,251
中国水利水电科学研究院,不是,不是,不是,不是,不区分院系,水力学及河流动力学,5,全日制,251
中国水利水电科学研究院,不是,不是,不是,不是,不区分院系,水工结构工程,7,全日制,251
中国水利水电科学研究院,不是,不是,不是,不是,不区分院系,水利水电工程,7,全日制,251
中国机械科学研究总院,不是,不是,不是,不是,不区分院系,机械制造及其自动化,10,全日制,260
中国机械科学研究总院,不是,不是,不是,不是,不区分院系,机械设计及理论,10,全日制,260
中国机械科学研究总院,不是,不是,不是,不是,不区分院系,材料科学与工程,9,全日制,260
中国机械科学研究总院,不是,不是,不是,不是,不区分院系,机械,13,全日制,260
中国机械科学研究总院,不是,不是,不是,不是,不区分院系,智能制造工程,1,全日制,260
中国电力科学研究院,不是,不是,不是,不是,不区分院系,电气工程,--,全日制,300
中国电力科学研究院,不是,不是,不是,不是,不区分院系,计算机应用技术,--,全日制,260
中国建筑设计研究院,不是,不是,不是,不是,不区分院系,建筑学,1,全日制,300
中国地震局地球物理研究所,不是,不是,不是,不是,不区分院系,固体地球物理学,7,全日制,274
中国地震局地球物理研究所,不是,不是,不是,不是,不区分院系,空间物理学,0,全日制,274
中国地震局地球物理研究所,不是,不是,不是,不是,不区分院系,岩土工程,1,全日制,260
中国地震局地球物理研究所,不是,不是,不是,不是,不区分院系,结构工程,1,全日制,260
中国地震局地球物理研究所,不是,不是,不是,不是,不区分院系,防灾减灾工程及防护工程,1,全日制,260
中国建筑科学研究院,不是,不是,不是,不是,不区分院系,建筑技术科学,7,全日制,260
中国建筑科学研究院,不是,不是,不是,不是,不区分院系,土木工程,20,全日制,260
中国建筑科学研究院,不是,不是,不是,不是,不区分院系,土木水利,15,全日制,260
中国地质科学院,不是,不是,不是,不是,不区分院系,化学,--,全日制,274
中国地质科学院,不是,不是,不是,不是,不区分院系,地质学,--,全日制,274
中国地质科学院,不是,不是,不是,不是,不区分院系,地质资源与地质工程,--,全日制,251
中国地质科学院,不是,不是,不是,不是,不区分院系,矿物加工工程,--,全日制,251
中冶集团建筑研究总院,不是,不是,不是,不是,不区分院系,土木工程,6,全日制,260
中冶集团建筑研究总院,不是,不是,不是,不是,不区分院系,环境科学与工程,4,全日制,260
中国地震局地质研究所,不是,不是,不是,不是,不区分院系,固体地球物理学,7,全日制,274
中国地震局地质研究所,不是,不是,不是,不是,不区分院系,矿物学、岩石学、矿床学,1,全日制,274
中国地震局地质研究所,不是,不是,不是,不是,不区分院系,地球化学,0,全日制,274
中国地震局地质研究所,不是,不是,不是,不是,不区分院系,构造地质学,7,全日制,274
中国地震局地质研究所,不是,不是,不是,不是,不区分院系,第四纪地质学,0,全日制,274
中国石化石油化工科学研究院,不是,不是,不是,不是,不区分院系,化学工程,10,全日制,260
中国石化石油化工科学研究院,不是,不是,不是,不是,不区分院系,化学工艺,22,全日制,260
中国石化石油化工科学研究院,不是,不是,不是,不是,不区分院系,应用化学,19,全日制,260
中国石化石油化工科学研究院,不是,不是,不是,不是,不区分院系,工业催化,11,全日制,260
中国地震局地震预测研究所,不是,不是,不是,不是,不区分院系,地球物理学,20,全日制,274
中国地震局地震预测研究所,不是,不是,不是,不是,不区分院系,构造地质学,10,全日制,274
中国地震局地震预测研究所,不是,不是,不是,不是,不区分院系,资源与环境,5,全日制,260
中国城市规划设计研究院,不是,不是,不是,不是,不区分院系,城乡规划学,15,全日制,310
交通运输部公路科学研究所,不是,不是,不是,不是,不区分院系,土木工程,7,全日制,268
交通运输部公路科学研究所,不是,不是,不是,不是,不区分院系,交通运输工程,13,全日制,268
交通运输部公路科学研究所,不是,不是,不是,不是,不区分院系,交通运输,10,全日制,268
中国航天科工集团第二研究院,不是,不是,不是,不是,207所,电子科学与技术,1,全日制,305
中国航天科工集团第二研究院,不是,不是,不是,不是,23所,电子科学与技术,3,全日制,305
中国航天科工集团第二研究院,不是,不是,不是,不是,207所,信息与通信工程,1,全日制,305
中国航天科工集团第二研究院,不是,不是,不是,不是,203所,信息与通信工程,1,全日制,305
中国航天科工集团第二研究院,不是,不是,不是,不是,25所,信息与通信工程,4,全日制,305
中国航天科工集团第二研究院,不是,不是,不是,不是,207所,电子科学与技术,1,全日制,305
中国航天科工集团第二研究院,不是,不是,不是,不是,23所,电子科学与技术,3,全日制,305
中国航天科工集团第二研究院,不是,不是,不是,不是,207所,信息与通信工程,1,全日制,305
中国航天科工集团第二研究院,不是,不是,不是,不是,203所,信息与通信工程,1,全日制,305
中国航天科工集团第二研究院,不是,不是,不是,不是,25所,信息与通信工程,4,全日制,305
北京有色金属研究总院（有研科技集团有限公司）,不是,不是,不是,不是,国家有色金属复合材料工程技术研究中心,材料科学与工程,3,全日制,260
北京有色金属研究总院（有研科技集团有限公司）,不是,不是,不是,不是,国家有色金属新能源材料与制品工程技术研究中心,材料科学与工程,3,全日制,260
北京有色金属研究总院（有研科技集团有限公司）,不是,不是,不是,不是,稀土国家工程研究中心,材料科学与工程,4,全日制,260
北京有色金属研究总院（有研科技集团有限公司）,不是,不是,不是,不是,集成电路关键材料国家工程研究中心,材料科学与工程,7,全日制,260
北京有色金属研究总院（有研科技集团有限公司）,不是,不是,不是,不是,国家动力电池创新中心,材料科学与工程,7,全日制,260
北京有色金属研究总院（有研科技集团有限公司）,不是,不是,不是,不是,国家有色金属复合材料工程技术研究中心,材料科学与工程,3,全日制,260
北京有色金属研究总院（有研科技集团有限公司）,不是,不是,不是,不是,国家有色金属新能源材料与制品工程技术研究中心,材料科学与工程,3,全日制,260
北京有色金属研究总院（有研科技集团有限公司）,不是,不是,不是,不是,稀土国家工程研究中心,材料科学与工程,4,全日制,260
北京有色金属研究总院（有研科技集团有限公司）,不是,不是,不是,不是,集成电路关键材料国家工程研究中心,材料科学与工程,7,全日制,260
北京有色金属研究总院（有研科技集团有限公司）,不是,不是,不是,不是,国家动力电池创新中心,材料科学与工程,7,全日制,260
北京航空材料研究院,不是,不是,不是,不是,不区分院系,固体力学,1,全日制,285
北京航空材料研究院,不是,不是,不是,不是,不区分院系,材料科学与工程,13,全日制,285
应急管理部国家自然灾害防治研究院,不是,不是,不是,不是,不区分院系,地球物理学,22,全日制,294
应急管理部国家自然灾害防治研究院,不是,不是,不是,不是,不区分院系,地质学,23,全日制,294
应急管理部国家自然灾害防治研究院,不是,不是,不是,不是,不区分院系,资源与环境,10,全日制,280
北京化工研究院,不是,不是,不是,不是,不区分院系,材料科学与工程,8,全日制,272
北京化工研究院,不是,不是,不是,不是,不区分院系,化学工程与技术,7,全日制,272
钢铁研究总院,不是,不是,不是,不是,不区分院系,化学,3,全日制,274
钢铁研究总院,不是,不是,不是,不是,不区分院系,材料科学与工程,22,全日制,260
钢铁研究总院,不是,不是,不是,不是,不区分院系,冶金工程,5,全日制,251
北京矿冶研究总院,不是,不是,不是,不是,不区分院系,机械工程,3,全日制,260
北京矿冶研究总院,不是,不是,不是,不是,不区分院系,材料科学与工程,3,全日制,260
北京矿冶研究总院,不是,不是,不是,不是,不区分院系,冶金工程,3,全日制,251
北京矿冶研究总院,不是,不是,不是,不是,不区分院系,采矿工程,3,全日制,251
北京矿冶研究总院,不是,不是,不是,不是,不区分院系,矿物加工工程,3,全日制,251
中国科学院半导体研究所,不是,不是,不是,不是,不区分院系,凝聚态物理,3,全日制,293
中国科学院半导体研究所,不是,不是,不是,不是,不区分院系,光学工程,1,全日制,266
中国科学院半导体研究所,不是,不是,不是,不是,不区分院系,材料物理与化学,2,全日制,300
中国科学院半导体研究所,不是,不是,不是,不是,不区分院系,物理电子学,1,全日制,266
中国科学院半导体研究所,不是,不是,不是,不是,不区分院系,电路与系统,1,全日制,266
北京机电研究所,不是,不是,不是,不是,不区分院系,材料加工工程,11,全日制,260
中国计量科学研究院,不是,不是,不是,不是,不区分院系,化学,13,全日制,274
中国计量科学研究院,不是,不是,不是,不是,不区分院系,仪器科学与技术,56,全日制,274
中国计量科学研究院,不是,不是,不是,不是,不区分院系,电子信息,5,全日制,274
中国计量科学研究院,不是,不是,不是,不是,不区分院系,生物与医药,6,全日制,274
核工业北京地质研究院,不是,不是,不是,不是,不区分院系,矿产普查与勘探,5,全日制,260
核工业北京地质研究院,不是,不是,不是,不是,不区分院系,地球探测与信息技术,3,全日制,260
核工业北京地质研究院,不是,不是,不是,不是,不区分院系,地质工程,6,全日制,260
核工业北京地质研究院,不是,不是,不是,不是,不区分院系,资源与环境,5,全日制,260
冶金自动化研究设计院,不是,不是,不是,不是,不区分院系,电气工程,6,全日制,260
冶金自动化研究设计院,不是,不是,不是,不是,不区分院系,控制科学与工程,15,全日制,260
冶金自动化研究设计院,不是,不是,不是,不是,不区分院系,电子信息,5,全日制,260
中国航天科工集团第三研究院,不是,不是,不是,不是,第三总体设计部,通信与信息系统,2,全日制,305
中国航天科工集团第三研究院,不是,不是,不是,不是,第三〇二研究所,通信与信息系统,1,全日制,305
中国航天科工集团第三研究院,不是,不是,不是,不是,第三十五研究所,通信与信息系统,3,全日制,305
中国航天科工集团第三研究院,不是,不是,不是,不是,第三〇四研究所,通信与信息系统,2,全日制,305
中国航天科工集团第三研究院,不是,不是,不是,不是,第三十三研究所,信号与信息处理,4,全日制,305
中国航天科工集团第三研究院,不是,不是,不是,不是,第三总体设计部,通信与信息系统,2,全日制,305
中国航天科工集团第三研究院,不是,不是,不是,不是,第三〇二研究所,通信与信息系统,1,全日制,305
中国航天科工集团第三研究院,不是,不是,不是,不是,第三十五研究所,通信与信息系统,3,全日制,305
中国航天科工集团第三研究院,不是,不是,不是,不是,第三〇四研究所,通信与信息系统,2,全日制,305
中国航天科工集团第三研究院,不是,不是,不是,不是,第三十三研究所,信号与信息处理,4,全日制,305
中国科学院植物研究所,不是,不是,不是,不是,不区分院系,植物学,12,全日制,310
中国科学院植物研究所,不是,不是,不是,不是,不区分院系,发育生物学,12,全日制,310
中国科学院植物研究所,不是,不是,不是,不是,不区分院系,细胞生物学,3,全日制,310
中国科学院植物研究所,不是,不是,不是,不是,不区分院系,生态学,14,全日制,310
中国科学院植物研究所,不是,不是,不是,不是,不区分院系,生物与医药,7,全日制,260
中国农业机械化科学研究院,不是,不是,不是,不是,不区分院系,机械设计及理论,5,全日制,260
中国农业机械化科学研究院,不是,不是,不是,不是,不区分院系,农业机械化工程,3,全日制,251
中国农业机械化科学研究院,不是,不是,不是,不是,不区分院系,农产品加工及贮藏工程,1,全日制,260
中国农业机械化科学研究院,不是,不是,不是,不是,不区分院系,机械工程,2,全日制,260
中国农业机械化科学研究院,不是,不是,不是,不是,不区分院系,农机装备工程,3,全日制,260
北京机械工业自动化研究所,不是,不是,不是,不是,不区分院系,控制理论与控制工程,8,全日制,285
北京机械工业自动化研究所,不是,不是,不是,不是,不区分院系,计算机应用技术,5,全日制,285
中国科学院电工研究所,不是,不是,不是,不是,不区分院系,电机与电器,1,全日制,339
中国科学院电工研究所,不是,不是,不是,不是,不区分院系,电力系统及其自动化,2,全日制,339
中国科学院电工研究所,不是,不是,不是,不是,不区分院系,高电压与绝缘技术,1,全日制,339
中国科学院电工研究所,不是,不是,不是,不是,不区分院系,电力电子与电力传动,1,全日制,339
中国科学院电工研究所,不是,不是,不是,不是,不区分院系,电工理论与新技术,1,全日制,339
北京长城计量测试技术研究所,不是,不是,不是,不是,不区分院系,仪器科学与技术,5,全日制,260
北京长城计量测试技术研究所,不是,不是,不是,不是,不区分院系,控制理论与控制工程,4,全日制,260
北京长城计量测试技术研究所,不是,不是,不是,不是,不区分院系,检测技术与自动化装置,2,全日制,260
中国测绘科学研究院,不是,不是,不是,不是,不区分院系,大地测量学与测量工程,7,全日制,260
中国测绘科学研究院,不是,不是,不是,不是,不区分院系,摄影测量与遥感,10,全日制,260
中国测绘科学研究院,不是,不是,不是,不是,不区分院系,地图制图学与地理信息工程,16,全日制,260
北京市生态环境保护科学研究院,不是,不是,不是,不是,北京市生态环境保护科学研究院,环境工程,5,全日制,260
国家纳米科学中心,不是,不是,不是,不是,不区分院系,材料工程,6,全日制,260
国家纳米科学中心,不是,不是,不是,不是,不区分院系,生物技术与工程,2,全日制,260
中国科学院高能物理研究所,不是,不是,不是,不是,不区分院系,粒子物理与原子核物理,7,全日制,321
中国科学院高能物理研究所,不是,不是,不是,不是,不区分院系,凝聚态物理,2,全日制,321
中国科学院高能物理研究所,不是,不是,不是,不是,不区分院系,光学,1,全日制,321
中国科学院高能物理研究所,不是,不是,不是,不是,不区分院系,无机化学,2,全日制,274
中国科学院高能物理研究所,不是,不是,不是,不是,不区分院系,计算机应用技术,1,全日制,260
中国科学院软件研究所,不是,不是,不是,不是,不区分院系,计算机科学与技术,5,全日制,274
中国科学院软件研究所,不是,不是,不是,不是,不区分院系,软件工程,9,全日制,274
中国科学院软件研究所,不是,不是,不是,不是,不区分院系,网络空间安全,1,全日制,274
中国科学院软件研究所,不是,不是,不是,不是,不区分院系,软件工程,11,全日制,260
北京市市政工程研究院,不是,不是,不是,不是,不区分院系,市政工程,3,全日制,260
中国科学院物理研究所,不是,不是,不是,不是,不区分院系,理论物理,1,全日制,316
中国科学院物理研究所,不是,不是,不是,不是,不区分院系,等离子体物理,1,全日制,316
中国科学院物理研究所,不是,不是,不是,不是,不区分院系,凝聚态物理,2,全日制,316
中国科学院物理研究所,不是,不是,不是,不是,不区分院系,光学,1,全日制,316
中国科学院物理研究所,不是,不是,不是,不是,不区分院系,材料物理与化学,2,全日制,311
中国北方车辆研究所,不是,不是,不是,不是,不区分院系,车辆工程,13,全日制,300
中国科学院国家天文台,不是,不是,不是,不是,不区分院系,天体物理,7,全日制,310
中国科学院国家天文台,不是,不是,不是,不是,不区分院系,天体测量与天体力学,1,全日制,310
中国科学院国家天文台,不是,不是,不是,不是,不区分院系,天文技术与方法,15,全日制,310
中国电子科技集团公司电子科学研究院,不是,不是,不是,不是,中国电波传播研究所,无线电物理,7,全日制,280
中国电子科技集团公司电子科学研究院,不是,不是,不是,不是,华北光电技术研究所,物理电子学,3,全日制,280
中国电子科技集团公司电子科学研究院,不是,不是,不是,不是,北京真空电子技术研究所,物理电子学,3,全日制,280
中国电子科技集团公司电子科学研究院,不是,不是,不是,不是,中国电科芯片技术研究院,物理电子学,0,全日制,280
中国电子科技集团公司电子科学研究院,不是,不是,不是,不是,天津电源研究所,物理电子学,4,全日制,280
中国电子科技集团公司电子科学研究院,不是,不是,不是,不是,中国电波传播研究所,无线电物理,7,全日制,280
中国电子科技集团公司电子科学研究院,不是,不是,不是,不是,华北光电技术研究所,物理电子学,3,全日制,280
中国电子科技集团公司电子科学研究院,不是,不是,不是,不是,北京真空电子技术研究所,物理电子学,3,全日制,280
中国电子科技集团公司电子科学研究院,不是,不是,不是,不是,中国电科芯片技术研究院,物理电子学,0,全日制,280
中国电子科技集团公司电子科学研究院,不是,不是,不是,不是,天津电源研究所,物理电子学,4,全日制,280
中国电子科技集团公司电子科学研究院,不是,不是,不是,不是,中国电科产业基础研究院,微电子学与固体电子学,19,全日制,280
中国电子科技集团公司电子科学研究院,不是,不是,不是,不是,华东计算技术研究所,微电子学与固体电子学,4,全日制,280
中国电子科技集团公司电子科学研究院,不是,不是,不是,不是,中国电子科技集团公司第五十五研究所,微电子学与固体电子学,22,全日制,280
中国电子科技集团公司电子科学研究院,不是,不是,不是,不是,中国电科芯片技术研究院,微电子学与固体电子学,0,全日制,280
中国电子科技集团公司电子科学研究院,不是,不是,不是,不是,中国电子科技集团公司第二十九研究所,微电子学与固体电子学,6,全日制,280
中国电子科技集团公司电子科学研究院,不是,不是,不是,不是,长沙半导体工艺设备研究所,微电子学与固体电子学,1,全日制,280
中国电子科技集团公司电子科学研究院,不是,不是,不是,不是,中国电子科技集团公司第五十八研究所,微电子学与固体电子学,7,全日制,280
中国电子科技集团公司电子科学研究院,不是,不是,不是,不是,南京电子技术研究所,微电子学与固体电子学,7,全日制,280
中国电子科技集团公司电子科学研究院,不是,不是,不是,不是,中国电波传播研究所,电磁场与微波技术,7,全日制,280
中国电子科技集团公司电子科学研究院,不是,不是,不是,不是,中国电子科技集团公司第五十四研究所,电磁场与微波技术,8,全日制,280
中国科学院自然科学史研究所,不是,不是,不是,不是,不区分院系,科学技术哲学,0,全日制,321
中国科学院自然科学史研究所,不是,不是,不是,不是,不区分院系,科学技术史,4,全日制,340
中国航空研究院（625所）,不是,不是,不是,不是,不区分院系,材料科学与工程,6,全日制,285
中国航空研究院（625所）,不是,不是,不是,不是,不区分院系,航空宇航制造工程,6,全日制,285
中国科学院国家空间科学中心,不是,不是,不是,不是,不区分院系,天体物理,0,全日制,275
中国科学院国家空间科学中心,不是,不是,不是,不是,不区分院系,空间物理学,3,全日制,275
中国科学院国家空间科学中心,不是,不是,不是,不是,不区分院系,电磁场与微波技术,3,全日制,270
中国科学院国家空间科学中心,不是,不是,不是,不是,不区分院系,计算机应用技术,3,全日制,260
中国科学院国家空间科学中心,不是,不是,不是,不是,不区分院系,飞行器设计,0,全日制,260
中国科学院心理研究所,不是,不是,不是,不是,不区分院系,基础心理学,1,全日制,341
中国科学院心理研究所,不是,不是,不是,不是,不区分院系,发展与教育心理学,0,全日制,341
中国科学院心理研究所,不是,不是,不是,不是,不区分院系,应用心理学,1,全日制,341
中国科学院心理研究所,不是,不是,不是,不是,不区分院系,应用心理,3,全日制,341
中国科学院心理研究所,不是,不是,不是,不是,不区分院系,应用心理,30,非全日制,341
中国科学院过程工程研究所,不是,不是,不是,不是,不区分院系,材料科学与工程,1,全日制,306
中国科学院过程工程研究所,不是,不是,不是,不是,不区分院系,化学工程与技术,10,全日制,306
中国科学院过程工程研究所,不是,不是,不是,不是,不区分院系,环境科学与工程,1,全日制,306
中国科学院微电子研究所,不是,不是,不是,不是,不区分院系,新一代电子信息技术（含量子技术等）,1,全日制,334
中国科学院微电子研究所,不是,不是,不是,不是,不区分院系,集成电路工程,1,全日制,314
中国科学院微电子研究所,不是,不是,不是,不是,不区分院系,集成电路科学与工程,1,全日制,330
中国科学院生态环境研究中心,不是,不是,不是,不是,不区分院系,分析化学,1,全日制,274
中国科学院生态环境研究中心,不是,不是,不是,不是,不区分院系,有机化学,1,全日制,274
中国科学院生态环境研究中心,不是,不是,不是,不是,不区分院系,生态学,9,全日制,274
中国科学院生态环境研究中心,不是,不是,不是,不是,不区分院系,环境科学,22,全日制,270
中国科学院生态环境研究中心,不是,不是,不是,不是,不区分院系,环境工程,14,全日制,270
中国科学院文献情报中心,不是,不是,不是,不是,不区分院系,图书馆学,1,全日制,333
中国科学院文献情报中心,不是,不是,不是,不是,不区分院系,情报学,3,全日制,333
中国科学院自动化研究所,不是,不是,不是,不是,不区分院系,控制理论与控制工程,2,全日制,350
中国科学院自动化研究所,不是,不是,不是,不是,不区分院系,模式识别与智能系统,1,全日制,350
中国科学院自动化研究所,不是,不是,不是,不是,不区分院系,计算机应用技术,1,全日制,350
中国科学院自动化研究所,不是,不是,不是,不是,不区分院系,人工智能,5,全日制,335
中国科学院自动化研究所,不是,不是,不是,不是,不区分院系,社会计算,1,全日制,350
中国科学院化学研究所,不是,不是,不是,不是,不区分院系,分析化学,1,全日制,320
中国科学院化学研究所,不是,不是,不是,不是,不区分院系,有机化学,5,全日制,320
中国科学院化学研究所,不是,不是,不是,不是,不区分院系,物理化学,10,全日制,320
中国科学院化学研究所,不是,不是,不是,不是,不区分院系,高分子化学与物理,6,全日制,320
中国科学院化学研究所,不是,不是,不是,不是,不区分院系,材料学,1,全日制,310
中国科学院大气物理研究所,不是,不是,不是,不是,不区分院系,大气科学,14,全日制,303
中国科学院大气物理研究所,不是,不是,不是,不是,不区分院系,海洋科学,1,全日制,274
中国科学院大气物理研究所,不是,不是,不是,不是,不区分院系,环境科学与工程,1,全日制,324
中国科学院大气物理研究所,不是,不是,不是,不是,不区分院系,资源与环境,4,全日制,260
中国科学院数学与系统科学研究院,不是,不是,不是,不是,不区分院系,金融学,0,全日制,323
中国科学院数学与系统科学研究院,不是,不是,不是,不是,不区分院系,数量经济学,0,全日制,323
中国科学院数学与系统科学研究院,不是,不是,不是,不是,不区分院系,应用统计,1,全日制,339
中国科学院数学与系统科学研究院,不是,不是,不是,不是,不区分院系,基础数学,3,全日制,311
中国科学院数学与系统科学研究院,不是,不是,不是,不是,不区分院系,计算数学,3,全日制,311
北京航空精密机械研究所,不是,不是,不是,不是,不区分院系,仪器科学与技术,6,全日制,260
核工业第二研究设计院（中国核电工程有限公司）,不是,不是,不是,不是,不区分院系,核能科学与工程,6,全日制,251
电信科学技术研究院,不是,不是,不是,不是,电信院（北京）,电子科学与技术,10,全日制,306
电信科学技术研究院,不是,不是,不是,不是,电信院（北京）,信息与通信工程,57,全日制,306
国家海洋环境预报研究中心,不是,不是,不是,不是,不区分院系,气象学,6,全日制,274
国家海洋环境预报研究中心,不是,不是,不是,不是,不区分院系,物理海洋学,11,全日制,274
中国科学院工程热物理研究所,不是,不是,不是,不是,不区分院系,工程热物理,1,全日制,310
中国科学院工程热物理研究所,不是,不是,不是,不是,不区分院系,热能工程,1,全日制,310
中国科学院工程热物理研究所,不是,不是,不是,不是,不区分院系,动力机械及工程,1,全日制,310
中国科学院工程热物理研究所,不是,不是,不是,不是,不区分院系,飞行器设计,1,全日制,310
中国科学院工程热物理研究所,不是,不是,不是,不是,不区分院系,航空宇航推进理论与工程,2,全日制,310
中国人民解放军军事科学院,不是,不是,不是,不是,直属单位六,微生物学,5,全日制,274
中国人民解放军军事科学院,不是,不是,不是,不是,直属单位六,遗传学,4,全日制,274
中国人民解放军军事科学院,不是,不是,不是,不是,直属单位六,细胞生物学,5,全日制,274
中国人民解放军军事科学院,不是,不是,不是,不是,直属单位六,生物化学与分子生物学,4,全日制,274
中国人民解放军军事科学院,不是,不是,不是,不是,直属单位四,系统理论,5,全日制,274
中国人民解放军军事科学院,不是,不是,不是,不是,直属单位六,微生物学,5,全日制,274
中国人民解放军军事科学院,不是,不是,不是,不是,直属单位六,遗传学,4,全日制,274
中国人民解放军军事科学院,不是,不是,不是,不是,直属单位六,细胞生物学,5,全日制,274
中国人民解放军军事科学院,不是,不是,不是,不是,直属单位六,生物化学与分子生物学,4,全日制,274
中国人民解放军军事科学院,不是,不是,不是,不是,直属单位四,系统理论,5,全日制,274
中国人民解放军军事科学院,不是,不是,不是,不是,直属单位四,系统分析与集成,5,全日制,274
中国人民解放军军事科学院,不是,不是,不是,不是,直属单位十,固体力学,5,全日制,251
中国人民解放军军事科学院,不是,不是,不是,不是,直属单位十,流体力学,7,全日制,251
中国人民解放军军事科学院,不是,不是,不是,不是,直属单位十,工程力学,5,全日制,251
中国人民解放军军事科学院,不是,不是,不是,不是,直属单位十,电路与系统,5,全日制,260
中国人民解放军军事科学院,不是,不是,不是,不是,直属单位四,电路与系统,5,全日制,260
中国人民解放军军事科学院,不是,不是,不是,不是,直属单位四,电磁场与微波技术,5,全日制,260
中国人民解放军军事科学院,不是,不是,不是,不是,直属单位四,通信与信息系统,10,全日制,260
中国人民解放军军事科学院,不是,不是,不是,不是,直属单位四,信号与信息处理,5,全日制,260
中国人民解放军军事科学院,不是,不是,不是,不是,直属单位五,系统工程,5,全日制,260
中国人民解放军军事科学院,不是,不是,不是,不是,直属单位五,模式识别与智能系统,5,全日制,260
中国人民解放军军事科学院,不是,不是,不是,不是,直属单位九,导航、制导与控制,5,全日制,260
中国人民解放军军事科学院,不是,不是,不是,不是,直属单位五,导航、制导与控制,5,全日制,260
中国人民解放军军事科学院,不是,不是,不是,不是,直属单位九,计算机系统结构,5,全日制,260
中国人民解放军军事科学院,不是,不是,不是,不是,直属单位五,计算机系统结构,10,全日制,260
中国人民解放军军事科学院,不是,不是,不是,不是,直属单位十二,计算机系统结构,5,全日制,260
中国人民解放军军事科学院,不是,不是,不是,不是,直属单位九,计算机软件与理论,5,全日制,260
中国人民解放军军事科学院,不是,不是,不是,不是,直属单位五,计算机软件与理论,5,全日制,260
中国科学院遗传与发育生物学研究所,不是,不是,不是,不是,不区分院系,神经生物学,4,全日制,302
中国科学院遗传与发育生物学研究所,不是,不是,不是,不是,不区分院系,遗传学,13,全日制,302
中国科学院遗传与发育生物学研究所,不是,不是,不是,不是,不区分院系,发育生物学,6,全日制,302
中国科学院遗传与发育生物学研究所,不是,不是,不是,不是,不区分院系,细胞生物学,3,全日制,302
中国科学院地质与地球物理研究所,不是,不是,不是,不是,不区分院系,海洋地质,1,全日制,300
中国科学院地质与地球物理研究所,不是,不是,不是,不是,不区分院系,固体地球物理学,8,全日制,290
中国科学院地质与地球物理研究所,不是,不是,不是,不是,不区分院系,空间物理学,3,全日制,275
中国科学院地质与地球物理研究所,不是,不是,不是,不是,不区分院系,矿物学、岩石学、矿床学,6,全日制,300
中国科学院地质与地球物理研究所,不是,不是,不是,不是,不区分院系,地球化学,2,全日制,300
中国科学院北京力学研究所,不是,不是,不是,不是,不区分院系,一般力学与力学基础,0,全日制,293
中国科学院北京力学研究所,不是,不是,不是,不是,不区分院系,固体力学,1,全日制,293
中国科学院北京力学研究所,不是,不是,不是,不是,不区分院系,流体力学,1,全日制,293
中国科学院北京力学研究所,不是,不是,不是,不是,不区分院系,工程力学,0,全日制,293
中国科学院北京力学研究所,不是,不是,不是,不是,不区分院系,材料工程,2,全日制,293
中国科学院杭州高等研究院,不是,不是,不是,不是,不区分院系,物理电子学,10,全日制,260
中国科学院杭州高等研究院,不是,不是,不是,不是,不区分院系,计算机技术,10,全日制,335
中国科学院杭州高等研究院,不是,不是,不是,不是,不区分院系,光电信息工程,39,全日制,285
中国科学院理论物理研究所,不是,不是,不是,不是,不区分院系,理论物理,2,全日制,367
中国科学院理论物理研究所,不是,不是,不是,不是,不区分院系,软件工程,2,全日制,260
国家体育总局体育科学研究所,不是,不是,不是,不是,不区分院系,体育人文社会学,5,全日制,304
国家体育总局体育科学研究所,不是,不是,不是,不是,不区分院系,运动人体科学,8,全日制,306
国家体育总局体育科学研究所,不是,不是,不是,不是,不区分院系,体育教育训练学,2,全日制,334
国家体育总局体育科学研究所,不是,不是,不是,不是,不区分院系,体育,30,全日制,304
中国科学院计算技术研究所,不是,不是,不是,不是,不区分院系,计算机科学与技术,28,全日制,340
中国科学院计算技术研究所,不是,不是,不是,不是,不区分院系,网络空间安全,1,全日制,310
核工业北京化工冶金研究院,不是,不是,不是,不是,不区分院系,核燃料循环与材料,6,全日制,251
北京市科学技术研究院城市安全与环境科学研究所,不是,不是,不是,不是,不区分院系,环境科学与工程,4,全日制,260
北京市科学技术研究院城市安全与环境科学研究所,不是,不是,不是,不是,不区分院系,安全科学与工程,5,全日制,260
北京市科学技术研究院城市安全与环境科学研究所,不是,不是,不是,不是,不区分院系,资源与环境,5,全日制,260
军事航天部队航天工程大学,不是,不是,不是,是,不区分院系,系统科学,2,全日制,274
军事航天部队航天工程大学,不是,不是,不是,是,不区分院系,光学工程,5,全日制,260
军事航天部队航天工程大学,不是,不是,不是,是,不区分院系,信息与通信工程,29,全日制,260
军事航天部队航天工程大学,不是,不是,不是,是,不区分院系,控制科学与工程,5,全日制,260
军事航天部队航天工程大学,不是,不是,不是,是,不区分院系,航空宇航科学与技术,52,全日制,251
军事航天部队航天工程大学,不是,不是,不是,是,不区分院系,系统科学,2,全日制,274
军事航天部队航天工程大学,不是,不是,不是,是,不区分院系,光学工程,5,全日制,260
军事航天部队航天工程大学,不是,不是,不是,是,不区分院系,信息与通信工程,29,全日制,260
军事航天部队航天工程大学,不是,不是,不是,是,不区分院系,控制科学与工程,5,全日制,260
军事航天部队航天工程大学,不是,不是,不是,是,不区分院系,航空宇航科学与技术,52,全日制,251
中国科学院理化技术研究所,不是,不是,不是,不是,不区分院系,光学,2,全日制,274
中国科学院理化技术研究所,不是,不是,不是,不是,不区分院系,化学,6,全日制,320
中国科学院理化技术研究所,不是,不是,不是,不是,不区分院系,材料学,5,全日制,300
中国科学院理化技术研究所,不是,不是,不是,不是,不区分院系,动力工程及工程热物理,7,全日制,251
中国人民解放军国防大学,不是,不是,不是,是,国家安全学院,马克思主义哲学,1,全日制,321
中国人民解放军国防大学,不是,不是,不是,是,政治学院,马克思主义哲学,1,全日制,321
中国人民解放军国防大学,不是,不是,不是,是,军事管理学院,国防经济,1,全日制,323
中国人民解放军国防大学,不是,不是,不是,是,政治学院,法学,1,全日制,323
中国人民解放军国防大学,不是,不是,不是,是,政治学院,政治学,1,全日制,323
中国人民解放军国防大学,不是,不是,不是,是,国家安全学院,马克思主义哲学,1,全日制,321
中国人民解放军国防大学,不是,不是,不是,是,政治学院,马克思主义哲学,1,全日制,321
中国人民解放军国防大学,不是,不是,不是,是,军事管理学院,国防经济,1,全日制,323
中国人民解放军国防大学,不是,不是,不是,是,政治学院,法学,1,全日制,323
中国人民解放军国防大学,不是,不是,不是,是,政治学院,政治学,1,全日制,323
中国人民解放军国防大学,不是,不是,不是,是,军事管理学院,中共党史,1,全日制,323
中国人民解放军国防大学,不是,不是,不是,是,国家安全学院,马克思主义理论,1,全日制,323
中国人民解放军国防大学,不是,不是,不是,是,政治学院,马克思主义理论,1,全日制,323
中国人民解放军国防大学,不是,不是,不是,是,政治学院,法律（非法学）,1,全日制,323
中国人民解放军国防大学,不是,不是,不是,是,政治学院,法律（非法学）,2,非全日制,323
中国人民解放军国防大学,不是,不是,不是,是,政治学院,应用心理,1,全日制,341
中国人民解放军国防大学,不是,不是,不是,是,政治学院,应用心理,2,非全日制,341
中国人民解放军国防大学,不是,不是,不是,是,军事文化学院,中国语言文学,1,全日制,351
中国科学院计算机网络信息中心,不是,不是,不是,不是,不区分院系,计算机系统结构,4,全日制,264
中国科学院计算机网络信息中心,不是,不是,不是,不是,不区分院系,计算机软件与理论,2,全日制,264
中国科学院计算机网络信息中心,不是,不是,不是,不是,不区分院系,计算机应用技术,3,全日制,264
中国科学院计算机网络信息中心,不是,不是,不是,不是,不区分院系,网络空间安全,1,全日制,264
中国科学院计算机网络信息中心,不是,不是,不是,不是,不区分院系,计算机技术,14,全日制,334
中国舰船研究院,不是,不是,不是,不是,724所,信号与信息处理,12,全日制,260
中国舰船研究院,不是,不是,不是,不是,7院,船舶与海洋结构物设计制造,6,全日制,251
中国舰船研究院,不是,不是,不是,不是,710所,武器系统与运用工程,2,全日制,251
中国科学院生物物理研究所,不是,不是,不是,不是,不区分院系,神经生物学,1,全日制,327
中国科学院生物物理研究所,不是,不是,不是,不是,不区分院系,细胞生物学,1,全日制,327
中国科学院生物物理研究所,不是,不是,不是,不是,不区分院系,生物化学与分子生物学,1,全日制,327
中国科学院生物物理研究所,不是,不是,不是,不是,不区分院系,生物物理学,1,全日制,327
中国科学院生物物理研究所,不是,不是,不是,不是,不区分院系,生物与医药,16,全日制,260
中国科学院青藏高原研究所,不是,不是,不是,不是,不区分院系,考古学,1,全日制,340
中国科学院青藏高原研究所,不是,不是,不是,不是,不区分院系,自然地理学,8,全日制,295
中国科学院青藏高原研究所,不是,不是,不是,不是,不区分院系,地图学与地理信息系统,3,全日制,295
中国科学院青藏高原研究所,不是,不是,不是,不是,不区分院系,大气物理学与大气环境,1,全日制,295
中国科学院青藏高原研究所,不是,不是,不是,不是,不区分院系,固体地球物理学,1,全日制,295
首都儿科研究所,不是,不是,不是,不是,不区分院系,儿科学,25,全日制,293
首都儿科研究所,不是,不是,不是,不是,不区分院系,影像医学与核医学,1,全日制,293
首都儿科研究所,不是,不是,不是,不是,不区分院系,耳鼻咽喉科学,3,全日制,293
首都儿科研究所,不是,不是,不是,不是,不区分院系,儿科学,5,全日制,293
中国科学院科技战略咨询研究院,不是,不是,不是,不是,不区分院系,管理科学与工程,1,全日制,333
中国科学院科技战略咨询研究院,不是,不是,不是,不是,不区分院系,公共管理学,1,全日制,333
中国科学院科技战略咨询研究院,不是,不是,不是,不是,不区分院系,情报学,1,全日制,333
中国建筑材料科学研究院,不是,不是,不是,不是,不区分院系,材料科学与工程,11,全日制,260
中国建筑材料科学研究院,不是,不是,不是,不是,不区分院系,材料工程,5,全日制,260
中国制浆造纸研究院,不是,不是,不是,不是,不区分院系,制浆造纸工程,5,全日制,260
中国制浆造纸研究院,不是,不是,不是,不是,不区分院系,材料与化工,6,全日制,260
中国科学院北京基因组研究所（国家生物信息中心）,不是,不是,不是,不是,不区分院系,生物信息学,8,全日制,282
中国科学院北京基因组研究所（国家生物信息中心）,不是,不是,不是,不是,不区分院系,精准医学,1,全日制,293
中国科学院北京基因组研究所（国家生物信息中心）,不是,不是,不是,不是,不区分院系,基因组学,4,全日制,282
北京市结核病胸部肿瘤研究所,不是,不是,不是,不是,不区分院系,免疫学,6,全日制,300
北京市结核病胸部肿瘤研究所,不是,不是,不是,不是,不区分院系,病理学与病理生理学,1,全日制,300
北京市结核病胸部肿瘤研究所,不是,不是,不是,不是,不区分院系,内科学,2,全日制,305
北京市结核病胸部肿瘤研究所,不是,不是,不是,不是,不区分院系,精神病与精神卫生学,1,全日制,305
北京市结核病胸部肿瘤研究所,不是,不是,不是,不是,不区分院系,临床检验诊断学,1,全日制,305
煤炭科学研究总院,不是,不是,不是,不是,机械系,机械设计及理论,8,全日制,260
煤炭科学研究总院,不是,不是,不是,不是,土木系,岩土工程,2,全日制,260
煤炭科学研究总院,不是,不是,不是,不是,土木系,结构工程,1,全日制,260
煤炭科学研究总院,不是,不是,不是,不是,土木系,桥梁与隧道工程,1,全日制,260
煤炭科学研究总院,不是,不是,不是,不是,综合利用系,化学工程,2,全日制,260
卫生部北京老年医学研究所,不是,不是,不是,不是,不分院系所,老年医学,20,全日制,293
中国航天空气动力技术研究院,不是,不是,不是,不是,不区分院系,力学,3,全日制,251
中国航天空气动力技术研究院,不是,不是,不是,不是,不区分院系,航空宇航科学与技术,2,全日制,251
北京市心肺血管疾病研究所,不是,不是,不是,不是,不区分院系,内科学,7,全日制,330
北京市心肺血管疾病研究所,不是,不是,不是,不是,不区分院系,外科学,3,全日制,330
中国科学院动物研究所,不是,不是,不是,不是,不区分院系,动物学,1,全日制,300
中国科学院动物研究所,不是,不是,不是,不是,不区分院系,发育生物学,0,全日制,300
中国科学院动物研究所,不是,不是,不是,不是,不区分院系,生态学,2,全日制,300
中国科学院动物研究所,不是,不是,不是,不是,不区分院系,人体解剖与组织胚胎学,0,全日制,300
中国科学院声学研究所,不是,不是,不是,不是,不区分院系,声学,6,全日制,305
中国科学院声学研究所,不是,不是,不是,不是,不区分院系,信号与信息处理,5,全日制,270
中国科学院声学研究所,不是,不是,不是,不是,不区分院系,地球探测与信息技术,1,全日制,320
中国科学院古脊椎动物与古人类研究所,不是,不是,不是,不是,不区分院系,考古学,0,全日制,336
中国科学院古脊椎动物与古人类研究所,不是,不是,不是,不是,不区分院系,古生物学与地层学,0,全日制,310
中国科学院古脊椎动物与古人类研究所,不是,不是,不是,不是,不区分院系,科学技术史,0,全日制,274
中国科学院古脊椎动物与古人类研究所,不是,不是,不是,不是,不区分院系,地球生物学,1,全日制,310
中国航空规划设计研究总院有限公司,不是,不是,不是,不是,不区分院系,结构工程,1,全日制,300
北京市科学技术研究院资源环境研究所,不是,不是,不是,不是,环境工程研究中心,环境工程,3,全日制,260
北京市科学技术研究院资源环境研究所,不是,不是,不是,不是,环境工程研究中心,资源与环境,6,全日制,260
北京橡胶工业研究设计院,不是,不是,不是,不是,不分院系所,材料学,6,全日制,260
北京市创伤骨科研究所,不是,不是,不是,不是,不区分院系,外科学,10,全日制,295
长江商学院,不是,不是,不是,是,不区分院系,工商管理,227,非全日制,151
中国科学院地理科学与资源研究所,不是,不是,不是,不是,不区分院系,自然地理学,1,全日制,280
中国科学院地理科学与资源研究所,不是,不是,不是,不是,不区分院系,人文地理学,1,全日制,310
中国科学院地理科学与资源研究所,不是,不是,不是,不是,不区分院系,地图学与地理信息系统,1,全日制,310
中国科学院地理科学与资源研究所,不是,不是,不是,不是,不区分院系,气象学,1,全日制,274
中国科学院信息工程研究所,不是,不是,不是,不是,不区分院系,通信与信息系统,2,全日制,275
中国科学院信息工程研究所,不是,不是,不是,不是,不区分院系,信号与信息处理,2,全日制,275
中国科学院信息工程研究所,不是,不是,不是,不是,不区分院系,计算机系统结构,3,全日制,275
中国科学院信息工程研究所,不是,不是,不是,不是,不区分院系,计算机软件与理论,2,全日制,275
中国科学院信息工程研究所,不是,不是,不是,不是,不区分院系,计算机应用技术,6,全日制,275
中国科学院微生物研究所,不是,不是,不是,不是,不区分院系,微生物学,1,全日制,300
中国科学院微生物研究所,不是,不是,不是,不是,不区分院系,遗传学,3,全日制,300
中国科学院微生物研究所,不是,不是,不是,不是,不区分院系,生物化学与分子生物学,1,全日制,300
中国科学院微生物研究所,不是,不是,不是,不是,不区分院系,免疫学,1,全日制,300
中国科学院微生物研究所,不是,不是,不是,不是,不区分院系,病原生物学,1,全日制,300
中国科学院空间应用工程与技术中心,不是,不是,不是,不是,不区分院系,计算机应用技术,2,全日制,260
中国科学院空间应用工程与技术中心,不是,不是,不是,不是,不区分院系,飞行器设计,2,全日制,251
中国科学院空间应用工程与技术中心,不是,不是,不是,不是,不区分院系,新一代电子信息技术（含量子技术等）,1,全日制,260
中国科学院空间应用工程与技术中心,不是,不是,不是,不是,不区分院系,计算机技术,1,全日制,260
天津大学,是,是,是,不是,管理与经济学部,应用经济学,2,全日制,330
天津大学,是,是,是,不是,管理与经济学部,金融,45,全日制,330
天津大学,是,是,是,不是,管理与经济学部,金融,1,全日制,330
天津大学,是,是,是,不是,法学院,法学,7,全日制,323
天津大学,是,是,是,不是,马克思主义学院,马克思主义基本原理,13,全日制,323
天津大学,是,是,是,不是,管理与经济学部,应用经济学,2,全日制,330
天津大学,是,是,是,不是,管理与经济学部,金融,45,全日制,330
天津大学,是,是,是,不是,管理与经济学部,金融,1,全日制,330
天津大学,是,是,是,不是,法学院,法学,7,全日制,323
天津大学,是,是,是,不是,马克思主义学院,马克思主义基本原理,13,全日制,323
天津大学,是,是,是,不是,马克思主义学院,马克思主义中国化研究,15,全日制,323
天津大学,是,是,是,不是,马克思主义学院,国外马克思主义研究,6,全日制,323
天津大学,是,是,是,不是,马克思主义学院,思想政治教育,10,全日制,323
天津大学,是,是,是,不是,马克思主义学院,中国近现代史基本问题研究,9,全日制,323
天津大学,是,是,是,不是,法学院,法律（非法学）,11,全日制,323
天津大学,是,是,是,不是,专业学位教育中心,法律（非法学）,15,非全日制,323
天津大学,是,是,是,不是,法学院,法律（法学）,11,全日制,323
天津大学,是,是,是,不是,专业学位教育中心,法律（法学）,15,非全日制,323
天津大学,是,是,是,不是,教育学院,教育学,42,全日制,355
天津大学,是,是,是,不是,教育学院,心理学,12,全日制,355
天津大学,是,是,是,不是,教育学院,体育学,4,全日制,355
天津大学,是,是,是,不是,教育学院,教育管理,2,全日制,355
天津大学,是,是,是,不是,教育学院,现代教育技术,15,全日制,355
天津大学,是,是,是,不是,教育学院,职业技术教育,4,全日制,355
天津大学,是,是,是,不是,国际教育学院,国际中文教育,16,全日制,355
天津大学,是,是,是,不是,教育学院,应用心理,16,全日制,355
天津大学,是,是,是,不是,教育学院,应用心理,2,全日制,355
天津大学,是,是,是,不是,人文艺术学院,中国语言文学,13,全日制,365
天津大学,是,是,是,不是,外国语学院,外国语言文学,4,全日制,365
天津大学,是,是,是,不是,新媒体与传播学院,新闻传播学,2,全日制,365
天津大学,是,是,是,不是,专业学位教育中心,翻译,38,非全日制,365
天津大学,是,是,是,不是,外国语学院,翻译,63,全日制,365
天津大学,是,是,是,不是,新媒体与传播学院,新闻与传播,20,全日制,365
天津大学,是,是,是,不是,专业学位教育中心,新闻与传播,30,非全日制,365
天津大学,是,是,是,不是,数学学院,数学,26,全日制,305
天津大学,是,是,是,不是,理学院,物理学,22,全日制,305
天津大学,是,是,是,不是,天津纳米颗粒与纳米系统国际研究中心,物理学,1,全日制,305
天津大学,是,是,是,不是,理学院,化学,38,全日制,305
天津大学,是,是,是,不是,分子聚集态科学研究院,化学,8,全日制,305
天津大学,是,是,是,不是,天津大学福州国际联合学院,化学,21,全日制,305
天津大学,是,是,是,不是,天津纳米颗粒与纳米系统国际研究中心,化学,1,全日制,305
天津大学,是,是,是,不是,地球系统科学学院,地理学,11,全日制,305
天津大学,是,是,是,不是,海洋科学与技术学院,海洋科学,11,全日制,305
天津大学,是,是,是,不是,生命科学学院,生物学,25,全日制,305
天津大学,是,是,是,不是,环境科学与工程学院,遗传学,2,全日制,305
南开大学,是,是,是,不是,哲学院,哲学,9,全日制,355
南开大学,是,是,是,不是,经济学院,理论经济学,8,全日制,330
南开大学,是,是,是,不是,经济学院,应用经济学,45,全日制,330
南开大学,是,是,是,不是,金融学院,应用经济学,8,全日制,330
南开大学,是,是,是,不是,金融学院,金融,26,全日制,365
南开大学,是,是,是,不是,哲学院,哲学,9,全日制,355
南开大学,是,是,是,不是,经济学院,理论经济学,8,全日制,330
南开大学,是,是,是,不是,经济学院,应用经济学,45,全日制,330
南开大学,是,是,是,不是,金融学院,应用经济学,8,全日制,330
南开大学,是,是,是,不是,金融学院,金融,26,全日制,365
南开大学,是,是,是,不是,经济学院,税务,21,全日制,365
南开大学,是,是,是,不是,经济学院,国际商务,50,全日制,365
南开大学,是,是,是,不是,经济学院,数字经济,15,非全日制,323
南开大学,是,是,是,不是,法学院,法学,9,全日制,330
南开大学,是,是,是,不是,马克思主义学院,政治学,12,全日制,330
南开大学,是,是,是,不是,周恩来政府管理学院,政治学,37,全日制,330
南开大学,是,是,是,不是,社会学院,社会学,3,全日制,330
南开大学,是,是,是,不是,马克思主义学院,马克思主义理论,56,全日制,330
南开大学,是,是,是,不是,法学院,法律（非法学）,14,全日制,330
南开大学,是,是,是,不是,法学院,法律（法学）,5,全日制,330
南开大学,是,是,是,不是,社会学院,社会工作,20,全日制,330
南开大学,是,是,是,不是,汉语言文化学院,国际中文教育,11,全日制,345
南开大学,是,是,是,不是,社会学院,应用心理,49,非全日制,380
南开大学,是,是,是,不是,文学院,中国语言文学,8,全日制,355
天津医科大学,不是,是,是,不是,马克思主义学院,马克思主义理论,7,全日制,336
天津医科大学,不是,是,是,不是,基础医学院,应用心理,8,全日制,341
天津医科大学,不是,是,是,不是,基础医学院,生物学,48,全日制,274
天津医科大学,不是,是,是,不是,生物医学工程与技术学院,生物医学工程,16,全日制,260
天津医科大学,不是,是,是,不是,生物医学工程与技术学院,电子信息,13,全日制,260
天津医科大学,不是,是,是,不是,马克思主义学院,马克思主义理论,7,全日制,336
天津医科大学,不是,是,是,不是,基础医学院,应用心理,8,全日制,341
天津医科大学,不是,是,是,不是,基础医学院,生物学,48,全日制,274
天津医科大学,不是,是,是,不是,生物医学工程与技术学院,生物医学工程,16,全日制,260
天津医科大学,不是,是,是,不是,生物医学工程与技术学院,电子信息,13,全日制,260
天津医科大学,不是,是,是,不是,基础医学院,人体解剖与组织胚胎学,4,全日制,300
天津医科大学,不是,是,是,不是,基础医学院,免疫学,14,全日制,314
天津医科大学,不是,是,是,不是,基础医学院,病原生物学,6,全日制,300
天津医科大学,不是,是,是,不是,基础医学院,病理学与病理生理学,17,全日制,300
天津医科大学,不是,是,是,不是,临床医学部,内科学,72,全日制,300
天津医科大学,不是,是,是,不是,细胞生态海河实验室,内科学,10,全日制,300
天津医科大学,不是,是,是,不是,临床医学部,儿科学,4,全日制,300
天津医科大学,不是,是,是,不是,临床医学部,老年医学,5,全日制,300
天津医科大学,不是,是,是,不是,临床医学部,神经病学,24,全日制,300
天津医科大学,不是,是,是,不是,基础医学院,精神病与精神卫生学,6,全日制,300
河北工业大学,不是,是,是,不是,经济管理学院,应用经济学,29,全日制,323
河北工业大学,不是,是,是,不是,经济管理学院,金融,49,全日制,323
河北工业大学,不是,是,是,不是,理学院,应用统计,23,全日制,323
河北工业大学,不是,是,是,不是,理学院,应用统计,10,非全日制,323
河北工业大学,不是,是,是,不是,经济管理学院,应用经济学,29,全日制,323
河北工业大学,不是,是,是,不是,经济管理学院,金融,49,全日制,323
河北工业大学,不是,是,是,不是,理学院,应用统计,23,全日制,323
河北工业大学,不是,是,是,不是,理学院,应用统计,10,非全日制,323
河北工业大学,不是,是,是,不是,马克思主义学院,马克思主义理论,63,全日制,323
河北工业大学,不是,是,是,不是,人文与法律学院,法律（非法学）,19,全日制,323
河北工业大学,不是,是,是,不是,人文与法律学院,法律（法学）,19,全日制,323
河北工业大学,不是,是,是,不是,外国语学院,英语笔译,33,全日制,351
河北工业大学,不是,是,是,不是,外国语学院,日语笔译,5,全日制,351
河北工业大学,不是,是,是,不是,理学院,数学,27,全日制,274
河北工业大学,不是,是,是,不是,理学院,物理学,26,全日制,274
河北工业大学,不是,是,是,不是,化工学院,化学,44,全日制,274
河北工业大学,不是,是,是,不是,生命科学与健康工程学院,生物学,21,全日制,274
天津工业大学,不是,不是,是,不是,经济与管理学院,应用经济学,13,全日制,323
天津工业大学,不是,不是,是,不是,经济与管理学院,金融,27,全日制,323
天津工业大学,不是,不是,是,不是,法学院,法学,17,全日制,323
天津工业大学,不是,不是,是,不是,马克思主义学院,马克思主义理论,27,全日制,323
天津工业大学,不是,不是,是,不是,经济与管理学院,应用经济学,13,全日制,323
天津工业大学,不是,不是,是,不是,经济与管理学院,金融,27,全日制,323
天津工业大学,不是,不是,是,不是,法学院,法学,17,全日制,323
天津工业大学,不是,不是,是,不是,马克思主义学院,马克思主义理论,27,全日制,323
天津工业大学,不是,不是,是,不是,法学院,法律（非法学）,20,全日制,323
天津工业大学,不是,不是,是,不是,法学院,法律（法学）,24,全日制,323
天津工业大学,不是,不是,是,不是,人文学院,外国语言文学,13,全日制,351
天津工业大学,不是,不是,是,不是,人文学院,英语笔译,14,全日制,351
天津工业大学,不是,不是,是,不是,数学科学学院,数学,31,全日制,274
天津工业大学,不是,不是,是,不是,物理科学与技术学院,物理学,21,全日制,274
天津工业大学,不是,不是,是,不是,化学学院,化学,24,全日制,274
天津工业大学,不是,不是,是,不是,数学科学学院,统计学,10,全日制,274
天津工业大学,不是,不是,是,不是,机械工程学院,机械工程,24,全日制,260
天津工业大学,不是,不是,是,不是,物理科学与技术学院,光学工程,11,全日制,260
天津师范大学,不是,不是,不是,是,经济学院,金融,50,全日制,323
天津师范大学,不是,不是,不是,是,法学院,宪法学与行政法学,3,全日制,323
天津师范大学,不是,不是,不是,是,法学院,刑法学,3,全日制,323
天津师范大学,不是,不是,不是,是,经济学院,金融,50,全日制,323
天津师范大学,不是,不是,不是,是,法学院,宪法学与行政法学,3,全日制,323
天津师范大学,不是,不是,不是,是,法学院,刑法学,3,全日制,323
天津师范大学,不是,不是,不是,是,法学院,民商法学,5,全日制,323
天津师范大学,不是,不是,不是,是,法学院,诉讼法学,3,全日制,323
天津师范大学,不是,不是,不是,是,法学院,经济法学,5,全日制,323
天津师范大学,不是,不是,不是,是,政治与行政学院,政治学理论,14,全日制,323
天津师范大学,不是,不是,不是,是,政治与行政学院,中外政治制度,6,全日制,323
天津师范大学,不是,不是,不是,是,政治与行政学院,科学社会主义与国际共产主义运动,7,全日制,323
天津师范大学,不是,不是,不是,是,政治与行政学院,中共党史,13,全日制,323
天津师范大学,不是,不是,不是,是,政治与行政学院,国际政治,7,全日制,323
天津师范大学,不是,不是,不是,是,马克思主义学院,马克思主义基本原理,19,全日制,323
天津师范大学,不是,不是,不是,是,马克思主义学院,马克思主义发展史,10,全日制,323
天津师范大学,不是,不是,不是,是,马克思主义学院,马克思主义中国化研究,31,全日制,323
天津师范大学,不是,不是,不是,是,马克思主义学院,国外马克思主义研究,6,全日制,323
天津师范大学,不是,不是,不是,是,马克思主义学院,思想政治教育,16,全日制,323
天津师范大学,不是,不是,不是,是,马克思主义学院,中国近现代史基本问题研究,4,全日制,323
天津师范大学,不是,不是,不是,是,法学院,法律（非法学）,55,全日制,323
天津师范大学,不是,不是,不是,是,法学院,法律（法学）,55,全日制,323
天津师范大学,不是,不是,不是,是,政治与行政学院,社会工作,23,全日制,323
天津师范大学,不是,不是,不是,是,教育学部,教育学原理,8,全日制,341
天津师范大学,不是,不是,不是,是,教育学部,课程与教学论,11,全日制,341
天津师范大学,不是,不是,不是,是,教育学部,教育史,4,全日制,341
天津师范大学,不是,不是,不是,是,教育学部,比较教育学,5,全日制,341
天津师范大学,不是,不是,不是,是,教育学部,学前教育学,4,全日制,341
天津师范大学,不是,不是,不是,是,心理学部,基础心理学,16,全日制,341
天津师范大学,不是,不是,不是,是,心理学部,发展与教育心理学,18,全日制,341
天津师范大学,不是,不是,不是,是,心理学部,应用心理学,16,全日制,341
天津科技大学,不是,不是,不是,是,马克思主义学院,马克思主义理论,24,全日制,323
天津科技大学,不是,不是,不是,是,文法学院,国际中文教育,8,全日制,341
天津科技大学,不是,不是,不是,是,外国语学院,外国语言文学,19,全日制,351
天津科技大学,不是,不是,不是,是,理学院,化学,18,全日制,274
天津科技大学,不是,不是,不是,是,海洋与环境学院,海洋科学,40,全日制,274
天津科技大学,不是,不是,不是,是,马克思主义学院,马克思主义理论,24,全日制,323
天津科技大学,不是,不是,不是,是,文法学院,国际中文教育,8,全日制,341
天津科技大学,不是,不是,不是,是,外国语学院,外国语言文学,19,全日制,351
天津科技大学,不是,不是,不是,是,理学院,化学,18,全日制,274
天津科技大学,不是,不是,不是,是,海洋与环境学院,海洋科学,40,全日制,274
天津科技大学,不是,不是,不是,是,生物工程学院,药学,20,全日制,274
天津科技大学,不是,不是,不是,是,机械工程学院,机械工程,33,全日制,260
天津科技大学,不是,不是,不是,是,电子信息与自动化学院,仪器科学与技术,12,全日制,260
天津科技大学,不是,不是,不是,是,化工与材料学院,材料科学与工程,14,全日制,260
天津科技大学,不是,不是,不是,是,电子信息与自动化学院,控制科学与工程,13,全日制,260
天津中医药大学,不是,不是,是,不是,文化与健康传播学院,国际中文教育,7,全日制,341
天津中医药大学,不是,不是,是,不是,管理学院,应用心理,12,全日制,341
天津中医药大学,不是,不是,是,不是,中药制药工程学院,生物与医药,28,全日制,260
天津中医药大学,不是,不是,是,不是,文化与健康传播学院,国际中文教育,7,全日制,341
天津中医药大学,不是,不是,是,不是,管理学院,应用心理,12,全日制,341
天津中医药大学,不是,不是,是,不是,中药制药工程学院,生物与医药,28,全日制,260
天津中医药大学,不是,不是,是,不是,中医学院,中医基础理论,9,全日制,315
天津中医药大学,不是,不是,是,不是,中医学院,中医临床基础,6,全日制,324
天津中医药大学,不是,不是,是,不是,中医学院,中医医史文献,8,全日制,293
天津中医药大学,不是,不是,是,不是,中医学院与中医药研究院,方剂学,4,全日制,293
天津理工大学,不是,不是,不是,是,社会发展学院,社会学,10,全日制,323
天津理工大学,不是,不是,不是,是,马克思主义学院,马克思主义理论,25,全日制,323
天津理工大学,不是,不是,不是,是,社会发展学院,社会工作,24,全日制,323
天津理工大学,不是,不是,不是,是,社会发展学院,社会工作,11,非全日制,323
天津理工大学,不是,不是,不是,是,语言文化学院,国际中文教育,11,全日制,341
天津理工大学,不是,不是,不是,是,社会发展学院,社会学,10,全日制,323
天津理工大学,不是,不是,不是,是,马克思主义学院,马克思主义理论,25,全日制,323
天津理工大学,不是,不是,不是,是,社会发展学院,社会工作,24,全日制,323
天津理工大学,不是,不是,不是,是,社会发展学院,社会工作,11,非全日制,323
天津理工大学,不是,不是,不是,是,语言文化学院,国际中文教育,11,全日制,341
天津理工大学,不是,不是,不是,是,语言文化学院,外国语言文学,10,全日制,351
天津理工大学,不是,不是,不是,是,语言文化学院,英语笔译,14,全日制,386
天津理工大学,不是,不是,不是,是,理学院,数学,16,全日制,274
天津理工大学,不是,不是,不是,是,理学院,物理学,30,全日制,274
天津理工大学,不是,不是,不是,是,化学化工学院,化学,30,全日制,274
天津理工大学,不是,不是,不是,是,机械工程学院,机械工程,17,全日制,260
天津理工大学,不是,不是,不是,是,材料科学与工程学院,材料科学与工程,25,全日制,260
天津理工大学,不是,不是,不是,是,新能源材料与低碳技术研究院,材料科学与工程,13,全日制,260
天津理工大学,不是,不是,不是,是,功能晶体研究院,材料科学与工程,11,全日制,260
天津理工大学,不是,不是,不是,是,电气工程与自动化学院,电气工程,23,全日制,260
天津财经大学,不是,不是,不是,是,经济学院,理论经济学,30,全日制,323
天津财经大学,不是,不是,不是,是,统计学院,国民经济学,6,全日制,323
天津财经大学,不是,不是,不是,是,商学院,区域经济学,15,全日制,323
天津财经大学,不是,不是,不是,是,财税与公共管理学院,财政学,16,全日制,323
天津财经大学,不是,不是,不是,是,金融学院,金融学,38,全日制,323
天津财经大学,不是,不是,不是,是,经济学院,理论经济学,30,全日制,323
天津财经大学,不是,不是,不是,是,统计学院,国民经济学,6,全日制,323
天津财经大学,不是,不是,不是,是,商学院,区域经济学,15,全日制,323
天津财经大学,不是,不是,不是,是,财税与公共管理学院,财政学,16,全日制,323
天津财经大学,不是,不是,不是,是,金融学院,金融学,38,全日制,323
天津财经大学,不是,不是,不是,是,商学院,产业经济学,19,全日制,323
天津财经大学,不是,不是,不是,是,经济学院,国际贸易学,17,全日制,323
天津财经大学,不是,不是,不是,是,经济学院,劳动经济学,2,全日制,323
天津财经大学,不是,不是,不是,是,统计学院,统计学,33,全日制,323
天津财经大学,不是,不是,不是,是,统计学院,数量经济学,3,全日制,323
中国民航大学,不是,不是,不是,是,经济与管理学院,国际商务,10,全日制,323
中国民航大学,不是,不是,不是,是,法学院,法学,19,全日制,323
中国民航大学,不是,不是,不是,是,马克思主义学院,马克思主义理论,10,全日制,323
中国民航大学,不是,不是,不是,是,法学院,法律（法学）,5,全日制,323
中国民航大学,不是,不是,不是,是,外国语学院,外国语言文学,10,全日制,351
中国民航大学,不是,不是,不是,是,经济与管理学院,国际商务,10,全日制,323
中国民航大学,不是,不是,不是,是,法学院,法学,19,全日制,323
中国民航大学,不是,不是,不是,是,马克思主义学院,马克思主义理论,10,全日制,323
中国民航大学,不是,不是,不是,是,法学院,法律（法学）,5,全日制,323
中国民航大学,不是,不是,不是,是,外国语学院,外国语言文学,10,全日制,351
天津城建大学,不是,不是,不是,是,经济与管理学院,应用经济学,25,全日制,323
天津城建大学,不是,不是,不是,是,外国语学院,国际中文教育,14,全日制,341
天津城建大学,不是,不是,不是,是,材料科学与工程学院,材料科学与工程,16,全日制,260
天津城建大学,不是,不是,不是,是,控制与机械工程学院,控制科学与工程,24,全日制,260
天津城建大学,不是,不是,不是,是,经济与管理学院,应用经济学,25,全日制,323
天津城建大学,不是,不是,不是,是,外国语学院,国际中文教育,14,全日制,341
天津城建大学,不是,不是,不是,是,材料科学与工程学院,材料科学与工程,16,全日制,260
天津城建大学,不是,不是,不是,是,控制与机械工程学院,控制科学与工程,24,全日制,260
天津职业技术师范大学,不是,不是,不是,是,经济与管理学院,金融,21,全日制,323
天津职业技术师范大学,不是,不是,不是,是,职业教育学院,教育学,32,全日制,341
天津职业技术师范大学,不是,不是,不是,是,职业教育学院,心理学,11,全日制,341
天津职业技术师范大学,不是,不是,不是,是,职业教育学院,教育管理,10,全日制,341
天津职业技术师范大学,不是,不是,不是,是,职业教育学院,教育管理,4,非全日制,341
天津职业技术师范大学,不是,不是,不是,是,经济与管理学院,金融,21,全日制,323
天津职业技术师范大学,不是,不是,不是,是,职业教育学院,教育学,32,全日制,341
天津职业技术师范大学,不是,不是,不是,是,职业教育学院,心理学,11,全日制,341
天津职业技术师范大学,不是,不是,不是,是,职业教育学院,教育管理,10,全日制,341
天津职业技术师范大学,不是,不是,不是,是,职业教育学院,教育管理,4,非全日制,341
天津农学院,不是,不是,不是,是,基础科学学院,化学,20,全日制,274
天津农学院,不是,不是,不是,是,工程技术学院,农业工程,10,全日制,251
天津农学院,不是,不是,不是,是,计算机与信息工程学院,农业工程,6,全日制,251
天津农学院,不是,不是,不是,是,水利工程学院,农业工程,10,全日制,251
天津农学院,不是,不是,不是,是,食品科学与生物工程学院,食品科学与工程,3,全日制,260
天津农学院,不是,不是,不是,是,基础科学学院,化学,20,全日制,274
天津农学院,不是,不是,不是,是,工程技术学院,农业工程,10,全日制,251
天津农学院,不是,不是,不是,是,计算机与信息工程学院,农业工程,6,全日制,251
天津农学院,不是,不是,不是,是,水利工程学院,农业工程,10,全日制,251
天津农学院,不是,不是,不是,是,食品科学与生物工程学院,食品科学与工程,3,全日制,260
天津外国语大学,不是,不是,不是,是,国际商学院,理论经济学,10,全日制,323
天津外国语大学,不是,不是,不是,是,国际商学院,金融,23,全日制,323
天津外国语大学,不是,不是,不是,是,国际商学院,国际商务,14,全日制,323
天津外国语大学,不是,不是,不是,是,国际关系学院,政治学理论,3,全日制,323
天津外国语大学,不是,不是,不是,是,国际商学院,理论经济学,10,全日制,323
天津外国语大学,不是,不是,不是,是,国际商学院,金融,23,全日制,323
天津外国语大学,不是,不是,不是,是,国际商学院,国际商务,14,全日制,323
天津外国语大学,不是,不是,不是,是,国际关系学院,政治学理论,3,全日制,323
天津外国语大学,不是,不是,不是,是,国际关系学院,国际政治,4,全日制,323
天津外国语大学,不是,不是,不是,是,国际关系学院,外交学,6,全日制,323
天津外国语大学,不是,不是,不是,是,国际关系学院,法律（非法学）,9,全日制,323
天津外国语大学,不是,不是,不是,是,英语学院,学科教学（英语）,12,全日制,383
天津外国语大学,不是,不是,不是,是,国际传媒学院,现代教育技术,13,全日制,341
天津商业大学,不是,不是,不是,是,经济学院,政治经济学,7,全日制,323
天津商业大学,不是,不是,不是,是,经济学院,世界经济,1,全日制,323
天津商业大学,不是,不是,不是,是,经济学院,人口、资源与环境经济学,1,全日制,323
天津商业大学,不是,不是,不是,是,经济学院,财政学,3,全日制,323
天津商业大学,不是,不是,不是,是,经济学院,金融学,12,全日制,323
天津商业大学,不是,不是,不是,是,经济学院,政治经济学,7,全日制,323
天津商业大学,不是,不是,不是,是,经济学院,世界经济,1,全日制,323
天津商业大学,不是,不是,不是,是,经济学院,人口、资源与环境经济学,1,全日制,323
天津商业大学,不是,不是,不是,是,经济学院,财政学,3,全日制,323
天津商业大学,不是,不是,不是,是,经济学院,金融学,12,全日制,323
天津商业大学,不是,不是,不是,是,经济学院,产业经济学,7,全日制,323
天津商业大学,不是,不是,不是,是,经济学院,国际贸易学,5,全日制,323
天津商业大学,不是,不是,不是,是,经济学院,数量经济学,1,全日制,323
天津商业大学,不是,不是,不是,是,经济学院,金融,30,全日制,323
天津商业大学,不是,不是,不是,是,理学院,应用统计,23,全日制,323
天津体育学院,不是,不是,不是,是,教育与心理学院,高等教育学,5,全日制,341
天津体育学院,不是,不是,不是,是,教育与心理学院,特殊教育学,5,全日制,341
天津体育学院,不是,不是,不是,是,教育与心理学院,教育技术学,5,全日制,341
天津体育学院,不是,不是,不是,是,社会体育学院,体育人文社会学,16,全日制,304
天津中德应用技术大学,不是,不是,不是,是,智能制造学院,电子信息,19,全日制,260
天津中德应用技术大学,不是,不是,不是,是,机械工程学院,机械,18,全日制,260
天津美术学院,不是,不是,不是,是,艺术与人文学院,艺术学,29,全日制,351
天津美术学院,不是,不是,不是,是,中国画学院,美术与书法,54,全日制,351
天津美术学院,不是,不是,不是,是,实验艺术学院,美术与书法,33,全日制,351
天津美术学院,不是,不是,不是,是,影视与传媒艺术学院,美术与书法,18,全日制,351
天津美术学院,不是,不是,不是,是,造型艺术学院,美术与书法,71,全日制,351
天津音乐学院,不是,不是,不是,是,不区分院系,艺术学,22,全日制,351
天津音乐学院,不是,不是,不是,是,不区分院系,音乐,142,全日制,351
天津音乐学院,不是,不是,不是,是,不区分院系,舞蹈,8,全日制,351
天津音乐学院,不是,不是,不是,是,不区分院系,戏剧与影视,5,全日制,351
国家海洋技术中心,不是,不是,不是,不是,不区分院系,港口、海岸及近海工程,7,全日制,251
国家海洋技术中心,不是,不是,不是,不是,不区分院系,资源与环境,5,全日制,260
航天科工集团三院8358所,不是,不是,不是,不是,8358所,光学工程,8,全日制,305
航天科工集团三院8357所,不是,不是,不是,不是,不区分院系,通信与信息系统,2,全日制,305
航天科工集团三院8357所,不是,不是,不是,不是,不区分院系,导航、制导与控制,3,全日制,305
天津航海仪器研究所,不是,不是,不是,不是,科研,导航、制导与控制,4,全日制,260
中国科学院天津工业生物技术研究所,不是,不是,不是,不是,不区分院系,微生物学,1,全日制,310
中国科学院天津工业生物技术研究所,不是,不是,不是,不是,不区分院系,生物化学与分子生物学,0,全日制,310
中国科学院天津工业生物技术研究所,不是,不是,不是,不是,不区分院系,生物化工,0,全日制,310
中国科学院天津工业生物技术研究所,不是,不是,不是,不是,不区分院系,材料与化工,0,全日制,310
中国科学院天津工业生物技术研究所,不是,不是,不是,不是,不区分院系,生物与医药,1,全日制,310
核工业理化工程研究院,不是,不是,不是,不是,不区分院系,核燃料循环与材料,11,全日制,251
山西大学,不是,不是,是,不是,哲学学院,马克思主义哲学,18,全日制,331
山西大学,不是,不是,是,不是,哲学学院,中国哲学,8,全日制,321
山西大学,不是,不是,是,不是,哲学学院,外国哲学,24,全日制,338
山西大学,不是,不是,是,不是,哲学学院,逻辑学,4,全日制,321
山西大学,不是,不是,是,不是,哲学学院,伦理学,6,全日制,321
山西大学,不是,不是,是,不是,哲学学院,马克思主义哲学,18,全日制,331
山西大学,不是,不是,是,不是,哲学学院,中国哲学,8,全日制,321
山西大学,不是,不是,是,不是,哲学学院,外国哲学,24,全日制,338
山西大学,不是,不是,是,不是,哲学学院,逻辑学,4,全日制,321
山西大学,不是,不是,是,不是,哲学学院,伦理学,6,全日制,321
山西大学,不是,不是,是,不是,哲学学院,宗教学,3,全日制,321
山西大学,不是,不是,是,不是,科学技术哲学研究中心,科学技术哲学,32,全日制,321
山西大学,不是,不是,是,不是,哲学学院,应用伦理,10,非全日制,321
山西大学,不是,不是,是,不是,经济与管理学院,理论经济学,30,全日制,323
山西大学,不是,不是,是,不是,数学与统计学院,应用统计,45,全日制,323
山西大学,不是,不是,是,不是,经济与管理学院,数字经济,30,全日制,323
山西大学,不是,不是,是,不是,法学院,法学理论,7,全日制,323
山西大学,不是,不是,是,不是,法学院,宪法学与行政法学,2,全日制,323
山西大学,不是,不是,是,不是,法学院,刑法学,11,全日制,323
山西大学,不是,不是,是,不是,法学院,民商法学,16,全日制,323
山西大学,不是,不是,是,不是,法学院,经济法学,9,全日制,330
山西大学,不是,不是,是,不是,政治与公共管理学院,政治学,52,全日制,323
山西大学,不是,不是,是,不是,马克思主义学院,马克思主义理论,50,全日制,338
山西大学,不是,不是,是,不是,法学院,法律（非法学）,52,全日制,327
山西大学,不是,不是,是,不是,法学院,法律（非法学）,13,非全日制,327
山西大学,不是,不是,是,不是,法学院,法律（法学）,52,全日制,323
山西大学,不是,不是,是,不是,法学院,法律（法学）,13,非全日制,323
山西大学,不是,不是,是,不是,政治与公共管理学院,社会工作,25,全日制,332
山西大学,不是,不是,是,不是,教育科学学院,教育学原理,11,全日制,341
山西大学,不是,不是,是,不是,教育科学学院,课程与教学论,5,全日制,341
山西大学,不是,不是,是,不是,教育科学学院,教育史,3,全日制,341
山西大学,不是,不是,是,不是,教育科学学院,高等教育学,8,全日制,341
山西大学,不是,不是,是,不是,继续教育学院,成人教育学,5,全日制,341
山西大学,不是,不是,是,不是,继续教育学院,职业技术教育学,5,全日制,341
山西大学,不是,不是,是,不是,体育学院,体育人文社会学,12,全日制,304
山西大学,不是,不是,是,不是,体育学院,运动人体科学,12,全日制,304
山西大学,不是,不是,是,不是,体育学院,体育教育训练学,16,全日制,304
山西大学,不是,不是,是,不是,体育学院,民族传统体育学,6,全日制,304
山西大学,不是,不是,是,不是,教育科学学院,教育管理,12,全日制,341
山西大学,不是,不是,是,不是,教育科学学院,小学教育,38,全日制,341
山西大学,不是,不是,是,不是,教育科学学院,小学教育,38,非全日制,341
山西大学,不是,不是,是,不是,教育科学学院,小学教育,1,非全日制,341
太原理工大学,不是,是,是,不是,数学学院,应用统计,12,全日制,330
太原理工大学,不是,是,是,不是,马克思主义学院,马克思主义理论,36,全日制,323
太原理工大学,不是,是,是,不是,体育与健康工程学院,体育学,6,全日制,315
太原理工大学,不是,是,是,不是,体育与健康工程学院,体育教学,11,全日制,305
太原理工大学,不是,是,是,不是,体育与健康工程学院,运动训练,8,全日制,305
太原理工大学,不是,是,是,不是,数学学院,应用统计,12,全日制,330
太原理工大学,不是,是,是,不是,马克思主义学院,马克思主义理论,36,全日制,323
太原理工大学,不是,是,是,不是,体育与健康工程学院,体育学,6,全日制,315
太原理工大学,不是,是,是,不是,体育与健康工程学院,体育教学,11,全日制,305
太原理工大学,不是,是,是,不是,体育与健康工程学院,运动训练,8,全日制,305
太原理工大学,不是,是,是,不是,体育与健康工程学院,社会体育指导,2,全日制,305
太原理工大学,不是,是,是,不是,文法与外语学院,外国语言文学,10,全日制,351
太原理工大学,不是,是,是,不是,文法与外语学院,英语笔译,21,全日制,355
太原理工大学,不是,是,是,不是,文法与外语学院,日语笔译,1,全日制,355
太原理工大学,不是,是,是,不是,数学学院,数学,48,全日制,275
太原理工大学,不是,是,是,不是,物理与光电工程学院、新型传感器与智能控制教育部重点实验室,物理学,28,全日制,300
太原理工大学,不是,是,是,不是,化学与化工学院、省部共建煤基能源清洁高效利用国家重点实验室,化学,50,全日制,280
太原理工大学,不是,是,是,不是,航空航天学院,力学,47,全日制,251
太原理工大学,不是,是,是,不是,矿业工程学院、原位改性采矿教育部重点实验室,力学,4,全日制,251
太原理工大学,不是,是,是,不是,机械工程学院,机械工程,40,全日制,260
太原理工大学,不是,是,是,不是,物理与光电工程学院、新型传感器与智能控制教育部重点实验室,光学工程,28,全日制,260
太原理工大学,不是,是,是,不是,物理与光电工程学院、新型传感器与智能控制教育部重点实验室,仪器科学与技术,2,全日制,270
太原理工大学,不是,是,是,不是,材料科学与工程学院、新材料界面科学与工程教育部重点实验室,材料科学与工程,92,全日制,260
太原理工大学,不是,是,是,不是,材料科学与工程学院、新材料界面科学与工程教育部重点实验室,冶金工程,5,全日制,251
太原理工大学,不是,是,是,不是,化学与化工学院、省部共建煤基能源清洁高效利用国家重点实验室,动力工程及工程热物理,4,全日制,251
太原理工大学,不是,是,是,不是,集成电路学院,电子科学与技术,19,全日制,260
太原理工大学,不是,是,是,不是,电子信息工程学院,信息与通信工程,17,全日制,275
山西医科大学,不是,不是,不是,是,马克思主义学院,马克思主义理论,18,全日制,323
山西医科大学,不是,不是,不是,是,人文社会科学学院,社会工作,20,全日制,323
山西医科大学,不是,不是,不是,是,人文社会科学学院,社会工作,3,非全日制,323
山西医科大学,不是,不是,不是,是,人文社会科学学院,心理学,4,全日制,341
山西医科大学,不是,不是,不是,是,人文社会科学学院,应用心理,15,全日制,341
山西医科大学,不是,不是,不是,是,马克思主义学院,马克思主义理论,18,全日制,323
山西医科大学,不是,不是,不是,是,人文社会科学学院,社会工作,20,全日制,323
山西医科大学,不是,不是,不是,是,人文社会科学学院,社会工作,3,非全日制,323
山西医科大学,不是,不是,不是,是,人文社会科学学院,心理学,4,全日制,341
山西医科大学,不是,不是,不是,是,人文社会科学学院,应用心理,15,全日制,341
山西医科大学,不是,不是,不是,是,基础医学院,基础医学,4,全日制,274
山西医科大学,不是,不是,不是,是,基础医学院,基础医学,146,全日制,293
山西医科大学,不是,不是,不是,是,附属肿瘤医院,基础医学,5,全日制,293
山西医科大学,不是,不是,不是,是,临床医学院,内科学,40,全日制,293
山西医科大学,不是,不是,不是,是,临床医学院,儿科学,6,全日制,293
山西医科大学,不是,不是,不是,是,临床医学院,老年医学,2,全日制,293
山西医科大学,不是,不是,不是,是,临床医学院,神经病学,8,全日制,293
山西医科大学,不是,不是,不是,是,临床医学院,精神病与精神卫生学,5,全日制,293
中北大学,不是,不是,不是,是,经济与管理学院,国际商务,10,全日制,323
中北大学,不是,不是,不是,是,马克思主义学院,思想政治教育,35,全日制,326
中北大学,不是,不是,不是,是,体育学院,体育学,7,全日制,304
中北大学,不是,不是,不是,是,体育学院,体育,15,全日制,304
中北大学,不是,不是,不是,是,体育学院,体育,10,非全日制,304
中北大学,不是,不是,不是,是,经济与管理学院,国际商务,10,全日制,323
中北大学,不是,不是,不是,是,马克思主义学院,思想政治教育,35,全日制,326
中北大学,不是,不是,不是,是,体育学院,体育学,7,全日制,304
中北大学,不是,不是,不是,是,体育学院,体育,15,全日制,304
中北大学,不是,不是,不是,是,体育学院,体育,10,非全日制,304
中北大学,不是,不是,不是,是,人文社会科学学院,英语语言文学,15,全日制,376
中北大学,不是,不是,不是,是,数学学院,数学,56,全日制,274
中北大学,不是,不是,不是,是,半导体与物理学院,物理学,15,全日制,274
中北大学,不是,不是,不是,是,化学与化工学院,化学,29,全日制,274
中北大学,不是,不是,不是,是,数学学院,统计学,6,全日制,274
中北大学,不是,不是,不是,是,航空宇航学院,力学,13,全日制,251
中北大学,不是,不是,不是,是,机电工程学院,机械工程,9,全日制,260
中北大学,不是,不是,不是,是,机械工程学院,机械工程,43,全日制,260
中北大学,不是,不是,不是,是,信息与通信工程学院,光学工程,16,全日制,260
中北大学,不是,不是,不是,是,仪器与电子学院,仪器科学与技术,103,全日制,260
中北大学,不是,不是,不是,是,电气与控制工程学院,仪器科学与技术,3,全日制,260
中北大学,不是,不是,不是,是,半导体与物理学院,仪器科学与技术,5,全日制,260
中北大学,不是,不是,不是,是,材料科学与工程学院,材料科学与工程,72,全日制,260
中北大学,不是,不是,不是,是,能源与动力工程学院,动力工程及工程热物理,17,全日制,251
中北大学,不是,不是,不是,是,仪器与电子学院,电子科学与技术,29,全日制,260
中北大学,不是,不是,不是,是,半导体与物理学院,电子科学与技术,22,全日制,260
中北大学,不是,不是,不是,是,信息与通信工程学院,信息与通信工程,18,全日制,260
中北大学,不是,不是,不是,是,电气与控制工程学院,控制科学与工程,29,全日制,260
中北大学,不是,不是,不是,是,计算机科学与技术学院（大数据学院）,计算机科学与技术,7,全日制,270
中北大学,不是,不是,不是,是,化学与化工学院,化学工程与技术,19,全日制,260
中北大学,不是,不是,不是,是,航空宇航学院,航空宇航科学与技术,10,全日制,269
中北大学,不是,不是,不是,是,机电工程学院,兵器科学与技术,58,全日制,251
中北大学,不是,不是,不是,是,环境与安全工程学院,兵器科学与技术,19,全日制,251
中北大学,不是,不是,不是,是,环境与安全工程学院,环境科学与工程,14,全日制,260
中北大学,不是,不是,不是,是,信息与通信工程学院,生物医学工程,5,全日制,260
山西农业大学,不是,不是,不是,是,马克思主义学院,思想政治教育,24,全日制,323
山西农业大学,不是,不是,不是,是,生命科学学院,生物学,46,全日制,274
山西农业大学,不是,不是,不是,是,基础部,生物学,13,全日制,274
山西农业大学,不是,不是,不是,是,马克思主义学院,思想政治教育,24,全日制,323
山西农业大学,不是,不是,不是,是,生命科学学院,生物学,46,全日制,274
山西农业大学,不是,不是,不是,是,基础部,生物学,13,全日制,274
山西师范大学,不是,不是,不是,是,马克思主义学院,哲学,12,全日制,321
山西师范大学,不是,不是,不是,是,经济与管理学院,应用经济学,11,全日制,323
山西师范大学,不是,不是,不是,是,经济与管理学院,数字经济,8,全日制,323
山西师范大学,不是,不是,不是,是,社会学与法学学院,社会学,21,全日制,323
山西师范大学,不是,不是,不是,是,文学院,民俗学,8,全日制,323
山西师范大学,不是,不是,不是,是,马克思主义学院,哲学,12,全日制,321
山西师范大学,不是,不是,不是,是,经济与管理学院,应用经济学,11,全日制,323
山西师范大学,不是,不是,不是,是,经济与管理学院,数字经济,8,全日制,323
山西师范大学,不是,不是,不是,是,社会学与法学学院,社会学,21,全日制,323
山西师范大学,不是,不是,不是,是,文学院,民俗学,8,全日制,323
山西师范大学,不是,不是,不是,是,马克思主义学院,马克思主义理论,55,全日制,354
山西师范大学,不是,不是,不是,是,社会学与法学学院,社会工作,12,全日制,323
山西师范大学,不是,不是,不是,是,教育科学学院,教育学,31,全日制,341
山西师范大学,不是,不是,不是,是,体育学院,体育学,32,全日制,304
山西师范大学,不是,不是,不是,是,教育科学学院,教育管理,12,全日制,341
山西师范大学,不是,不是,不是,是,教育科学学院,教育管理,15,非全日制,341
山西财经大学,不是,不是,不是,是,经济学院,理论经济学,32,全日制,323
山西财经大学,不是,不是,不是,是,财政与公共经济学院,国民经济学,5,全日制,323
山西财经大学,不是,不是,不是,是,资源型经济转型发展研究院,区域经济学,12,全日制,323
山西财经大学,不是,不是,不是,是,财政与公共经济学院,财政学,20,全日制,323
山西财经大学,不是,不是,不是,是,金融学院,金融学,50,全日制,323
山西财经大学,不是,不是,不是,是,经济学院,理论经济学,32,全日制,323
山西财经大学,不是,不是,不是,是,财政与公共经济学院,国民经济学,5,全日制,323
山西财经大学,不是,不是,不是,是,资源型经济转型发展研究院,区域经济学,12,全日制,323
山西财经大学,不是,不是,不是,是,财政与公共经济学院,财政学,20,全日制,323
山西财经大学,不是,不是,不是,是,金融学院,金融学,50,全日制,323
山西财经大学,不是,不是,不是,是,国际贸易学院,产业经济学,14,全日制,323
山西财经大学,不是,不是,不是,是,国际贸易学院,国际贸易学,15,全日制,323
山西财经大学,不是,不是,不是,是,财政与公共经济学院,数量经济学,6,全日制,323
山西财经大学,不是,不是,不是,是,金融学院,金融,70,全日制,323
山西财经大学,不是,不是,不是,是,统计学院,应用统计,90,全日制,323
太原科技大学,不是,不是,不是,是,经济与管理学院,理论经济学,17,全日制,323
太原科技大学,不是,不是,不是,是,法学院,法学,14,全日制,323
太原科技大学,不是,不是,不是,是,马克思主义学院,马克思主义理论,33,全日制,323
太原科技大学,不是,不是,不是,是,马克思主义学院,中共党史党建学,19,全日制,323
太原科技大学,不是,不是,不是,是,法学院,法律（法学）,24,全日制,323
太原科技大学,不是,不是,不是,是,经济与管理学院,理论经济学,17,全日制,323
太原科技大学,不是,不是,不是,是,法学院,法学,14,全日制,323
太原科技大学,不是,不是,不是,是,马克思主义学院,马克思主义理论,33,全日制,323
太原科技大学,不是,不是,不是,是,马克思主义学院,中共党史党建学,19,全日制,323
太原科技大学,不是,不是,不是,是,法学院,法律（法学）,24,全日制,323
太原科技大学,不是,不是,不是,是,人文社科学院,社会工作,30,全日制,323
太原科技大学,不是,不是,不是,是,应用科学学院,数学,24,全日制,274
太原科技大学,不是,不是,不是,是,化学工程与技术学院,化学,14,全日制,274
太原科技大学,不是,不是,不是,是,应用科学学院,力学,21,全日制,251
太原科技大学,不是,不是,不是,是,机械工程学院,机械工程,63,全日制,260
太原师范学院,不是,不是,不是,是,经济与管理学院,保险,10,全日制,323
太原师范学院,不是,不是,不是,是,教育学院,教育学原理,6,全日制,341
太原师范学院,不是,不是,不是,是,教育学院,课程与教学论,6,全日制,341
太原师范学院,不是,不是,不是,是,教育学院,学前教育学,6,全日制,341
太原师范学院,不是,不是,不是,是,教育学院,教育管理,18,非全日制,341
太原师范学院,不是,不是,不是,是,经济与管理学院,保险,10,全日制,323
太原师范学院,不是,不是,不是,是,教育学院,教育学原理,6,全日制,341
太原师范学院,不是,不是,不是,是,教育学院,课程与教学论,6,全日制,341
太原师范学院,不是,不是,不是,是,教育学院,学前教育学,6,全日制,341
太原师范学院,不是,不是,不是,是,教育学院,教育管理,18,非全日制,341
太原师范学院,不是,不是,不是,是,马克思主义学院,学科教学（思政）,20,全日制,341
太原师范学院,不是,不是,不是,是,文学院,学科教学（语文）,28,全日制,341
太原师范学院,不是,不是,不是,是,数学与统计学院,学科教学（数学）,32,全日制,341
太原师范学院,不是,不是,不是,是,物理系,学科教学（物理）,10,全日制,341
太原师范学院,不是,不是,不是,是,化学与材料学院,学科教学（化学）,10,全日制,341
山西中医药大学,不是,不是,不是,是,基础医学院,中医基础理论,32,全日制,293
山西中医药大学,不是,不是,不是,是,基础医学院,中医临床基础,6,全日制,314
山西中医药大学,不是,不是,不是,是,基础医学院,中医临床基础,2,非全日制,314
山西中医药大学,不是,不是,不是,是,基础医学院,中医医史文献,7,全日制,293
山西中医药大学,不是,不是,不是,是,基础医学院,方剂学,10,全日制,293
山西中医药大学,不是,不是,不是,是,基础医学院,中医基础理论,32,全日制,293
山西中医药大学,不是,不是,不是,是,基础医学院,中医临床基础,6,全日制,314
山西中医药大学,不是,不是,不是,是,基础医学院,中医临床基础,2,非全日制,314
山西中医药大学,不是,不是,不是,是,基础医学院,中医医史文献,7,全日制,293
山西中医药大学,不是,不是,不是,是,基础医学院,方剂学,10,全日制,293
山西大同大学,不是,不是,不是,是,数学与统计学院,应用统计,10,全日制,323
山西大同大学,不是,不是,不是,是,教育科学与技术学院,现代教育技术,8,全日制,341
山西大同大学,不是,不是,不是,是,教育科学与技术学院,小学教育,12,全日制,341
山西大同大学,不是,不是,不是,是,体育学院,体育教学,8,全日制,304
山西大同大学,不是,不是,不是,是,体育学院,运动训练,8,全日制,304
山西大同大学,不是,不是,不是,是,数学与统计学院,应用统计,10,全日制,323
山西大同大学,不是,不是,不是,是,教育科学与技术学院,现代教育技术,8,全日制,341
山西大同大学,不是,不是,不是,是,教育科学与技术学院,小学教育,12,全日制,341
山西大同大学,不是,不是,不是,是,体育学院,体育教学,8,全日制,304
山西大同大学,不是,不是,不是,是,体育学院,运动训练,8,全日制,304
长治医学院,不是,不是,不是,是,不区分院系,内科学,53,全日制,315
长治医学院,不是,不是,不是,是,不区分院系,儿科学,5,全日制,293
长治医学院,不是,不是,不是,是,不区分院系,神经病学,13,全日制,293
长治医学院,不是,不是,不是,是,不区分院系,精神病与精神卫生学,2,全日制,293
长治医学院,不是,不是,不是,是,不区分院系,皮肤病与性病学,5,全日制,293
长治医学院,不是,不是,不是,是,不区分院系,内科学,53,全日制,315
长治医学院,不是,不是,不是,是,不区分院系,儿科学,5,全日制,293
长治医学院,不是,不是,不是,是,不区分院系,神经病学,13,全日制,293
长治医学院,不是,不是,不是,是,不区分院系,精神病与精神卫生学,2,全日制,293
长治医学院,不是,不是,不是,是,不区分院系,皮肤病与性病学,5,全日制,293
山西省中医药研究院,不是,不是,不是,不是,不区分院系,中西医结合基础,3,全日制,293
山西省中医药研究院,不是,不是,不是,不是,不区分院系,中西医结合临床,4,全日制,293
山西省中医药研究院,不是,不是,不是,不是,不区分院系,中药学,6,全日制,293
山西省中医药研究院,不是,不是,不是,不是,不区分院系,中医内科学,20,全日制,293
山西省中医药研究院,不是,不是,不是,不是,不区分院系,中医外科学,7,全日制,293
中国科学院山西煤炭化学研究所,不是,不是,不是,不是,不区分院系,化学,6,全日制,340
中国科学院山西煤炭化学研究所,不是,不是,不是,不是,不区分院系,材料科学与工程,4,全日制,260
中国科学院山西煤炭化学研究所,不是,不是,不是,不是,不区分院系,化学工程与技术,10,全日制,260
中国科学院山西煤炭化学研究所,不是,不是,不是,不是,不区分院系,材料与化工,11,全日制,260
中国日用化学工业研究院,不是,不是,不是,不是,不区分院系,应用化学,11,全日制,260
中国日用化学工业研究院,不是,不是,不是,不是,不区分院系,工业催化,4,全日制,260
中国北方自动控制技术研究所,不是,不是,不是,不是,不区分院系,系统工程,50,全日制,274
中国辐射防护研究院,不是,不是,不是,不是,不区分院系,辐射防护及环境保护,16,全日制,251
中国辐射防护研究院,不是,不是,不是,不是,不区分院系,环境科学,8,全日制,260
中国辐射防护研究院,不是,不是,不是,不是,不区分院系,放射医学,3,全日制,293
中国辐射防护研究院,不是,不是,不是,不是,不区分院系,劳动卫生与环境卫生学,3,全日制,293
燕山大学,不是,不是,不是,是,经济管理学院,应用经济学,18,全日制,323
燕山大学,不是,不是,不是,是,经济管理学院,金融,28,全日制,323
燕山大学,不是,不是,不是,是,理学院,应用统计,26,全日制,323
燕山大学,不是,不是,不是,是,文法学院,法学,9,全日制,323
燕山大学,不是,不是,不是,是,马克思主义学院,马克思主义理论,24,全日制,323
燕山大学,不是,不是,不是,是,经济管理学院,应用经济学,18,全日制,323
燕山大学,不是,不是,不是,是,经济管理学院,金融,28,全日制,323
燕山大学,不是,不是,不是,是,理学院,应用统计,26,全日制,323
燕山大学,不是,不是,不是,是,文法学院,法学,9,全日制,323
燕山大学,不是,不是,不是,是,马克思主义学院,马克思主义理论,24,全日制,323
燕山大学,不是,不是,不是,是,马克思主义学院,中共党史党建学,18,全日制,323
燕山大学,不是,不是,不是,是,文法学院,法律（非法学）,9,全日制,323
燕山大学,不是,不是,不是,是,文法学院,法律（非法学）,1,非全日制,323
燕山大学,不是,不是,不是,是,文法学院,法律（法学）,10,全日制,323
燕山大学,不是,不是,不是,是,文法学院,法律（法学）,1,非全日制,323
燕山大学,不是,不是,不是,是,体育学院,体育教学,17,全日制,304
燕山大学,不是,不是,不是,是,体育学院,运动训练,16,全日制,304
燕山大学,不是,不是,不是,是,文法学院,国际中文教育,36,全日制,342
燕山大学,不是,不是,不是,是,文法学院,文艺学,1,全日制,351
燕山大学,不是,不是,不是,是,文法学院,汉语言文字学,3,全日制,351
燕山大学,不是,不是,不是,是,文法学院,中国古典文献学,1,全日制,351
燕山大学,不是,不是,不是,是,文法学院,中国古代文学,2,全日制,351
燕山大学,不是,不是,不是,是,文法学院,中国现当代文学,2,全日制,351
燕山大学,不是,不是,不是,是,外国语学院,英语语言文学,8,全日制,351
燕山大学,不是,不是,不是,是,外国语学院,俄语语言文学,1,全日制,351
河北医科大学,不是,不是,不是,是,不区分院系,生理学,3,全日制,274
河北医科大学,不是,不是,不是,是,不区分院系,神经生物学,3,全日制,274
河北医科大学,不是,不是,不是,是,不区分院系,遗传学,4,全日制,274
河北医科大学,不是,不是,不是,是,不区分院系,细胞生物学,5,全日制,274
河北医科大学,不是,不是,不是,是,不区分院系,生物化学与分子生物学,8,全日制,274
河北医科大学,不是,不是,不是,是,不区分院系,生理学,3,全日制,274
河北医科大学,不是,不是,不是,是,不区分院系,神经生物学,3,全日制,274
河北医科大学,不是,不是,不是,是,不区分院系,遗传学,4,全日制,274
河北医科大学,不是,不是,不是,是,不区分院系,细胞生物学,5,全日制,274
河北医科大学,不是,不是,不是,是,不区分院系,生物化学与分子生物学,8,全日制,274
河北医科大学,不是,不是,不是,是,不区分院系,基础医学,12,全日制,293
河北医科大学,不是,不是,不是,是,不区分院系,人体解剖与组织胚胎学,15,全日制,293
河北医科大学,不是,不是,不是,是,不区分院系,免疫学,21,全日制,293
河北医科大学,不是,不是,不是,是,不区分院系,病原生物学,10,全日制,293
河北医科大学,不是,不是,不是,是,不区分院系,病理学与病理生理学,22,全日制,293
河北医科大学,不是,不是,不是,是,不区分院系,内科学,42,全日制,293
河北医科大学,不是,不是,不是,是,不区分院系,儿科学,7,全日制,293
河北医科大学,不是,不是,不是,是,不区分院系,神经病学,16,全日制,293
河北医科大学,不是,不是,不是,是,不区分院系,精神病与精神卫生学,4,全日制,293
河北医科大学,不是,不是,不是,是,不区分院系,皮肤病与性病学,4,全日制,293
河北医科大学,不是,不是,不是,是,不区分院系,影像医学与核医学,8,全日制,293
河北医科大学,不是,不是,不是,是,不区分院系,临床检验诊断学,16,全日制,293
河北医科大学,不是,不是,不是,是,不区分院系,外科学,41,全日制,293
河北医科大学,不是,不是,不是,是,不区分院系,妇产科学,5,全日制,293
河北医科大学,不是,不是,不是,是,不区分院系,眼科学,3,全日制,293
河北大学,不是,不是,不是,是,哲学与社会学学院,马克思主义哲学,6,全日制,321
河北大学,不是,不是,不是,是,哲学与社会学学院,中国哲学,8,全日制,321
河北大学,不是,不是,不是,是,哲学与社会学学院,外国哲学,5,全日制,321
河北大学,不是,不是,不是,是,哲学与社会学学院,逻辑学,6,全日制,321
河北大学,不是,不是,不是,是,哲学与社会学学院,伦理学,5,全日制,321
河北大学,不是,不是,不是,是,哲学与社会学学院,马克思主义哲学,6,全日制,321
河北大学,不是,不是,不是,是,哲学与社会学学院,中国哲学,8,全日制,321
河北大学,不是,不是,不是,是,哲学与社会学学院,外国哲学,5,全日制,321
河北大学,不是,不是,不是,是,哲学与社会学学院,逻辑学,6,全日制,321
河北大学,不是,不是,不是,是,哲学与社会学学院,伦理学,5,全日制,321
河北大学,不是,不是,不是,是,哲学与社会学学院,美学,5,全日制,321
河北大学,不是,不是,不是,是,管理学院,财政学,6,全日制,323
河北大学,不是,不是,不是,是,经济学院,金融,44,全日制,323
河北大学,不是,不是,不是,是,经济学院,金融,10,非全日制,323
河北大学,不是,不是,不是,是,经济学院,应用统计,34,全日制,323
河北大学,不是,不是,不是,是,管理学院,税务,8,全日制,323
河北大学,不是,不是,不是,是,经济学院,国际商务,25,全日制,323
河北大学,不是,不是,不是,是,经济学院,保险,15,全日制,323
河北大学,不是,不是,不是,是,管理学院,资产评估,10,全日制,323
河北大学,不是,不是,不是,是,经济学院,数字经济,12,全日制,323
河北大学,不是,不是,不是,是,经济学院,统计学,11,全日制,323
河北大学,不是,不是,不是,是,法学院,法学理论,4,全日制,323
河北大学,不是,不是,不是,是,法学院,宪法学与行政法学,5,全日制,323
河北大学,不是,不是,不是,是,法学院,刑法学,8,全日制,323
河北大学,不是,不是,不是,是,法学院,民商法学,9,全日制,323
河北大学,不是,不是,不是,是,法学院,诉讼法学,7,全日制,323
河北大学,不是,不是,不是,是,法学院,经济法学,14,全日制,323
河北大学,不是,不是,不是,是,法学院,国际法学,4,全日制,323
河北大学,不是,不是,不是,是,哲学与社会学学院,社会学,5,全日制,323
河北大学,不是,不是,不是,是,经济学院,人口学,11,全日制,323
河北大学,不是,不是,不是,是,马克思主义学院,马克思主义基本原理,8,全日制,323
河北大学,不是,不是,不是,是,马克思主义学院,马克思主义中国化研究,12,全日制,323
河北大学,不是,不是,不是,是,马克思主义学院,思想政治教育,9,全日制,323
河北大学,不是,不是,不是,是,马克思主义学院,中国近现代史基本问题研究,6,全日制,323
河北大学,不是,不是,不是,是,法学院,法律（非法学）,50,全日制,323
河北大学,不是,不是,不是,是,法学院,法律（非法学）,10,非全日制,323
河北大学,不是,不是,不是,是,法学院,法律（法学）,56,全日制,323
河北大学,不是,不是,不是,是,法学院,法律（法学）,5,非全日制,323
河北大学,不是,不是,不是,是,哲学与社会学学院,社会工作,45,全日制,323
河北大学,不是,不是,不是,是,教育学院,教育管理,30,非全日制,341
河北大学,不是,不是,不是,是,教育学院,现代教育技术,26,全日制,341
河北大学,不是,不是,不是,是,教育学院,心理健康教育,26,全日制,341
河北大学,不是,不是,不是,是,教育学院,学前教育,26,全日制,341
河北大学,不是,不是,不是,是,国际交流与教育学院,国际中文教育,28,全日制,341
河北大学,不是,不是,不是,是,教育学院,应用心理,26,全日制,341
河北大学,不是,不是,不是,是,文学院,文艺学,19,全日制,351
河北大学,不是,不是,不是,是,文学院,语言学及应用语言学,13,全日制,351
河北师范大学,不是,不是,不是,是,马克思主义学院,哲学,17,全日制,321
河北师范大学,不是,不是,不是,是,商学院,理论经济学,12,全日制,323
河北师范大学,不是,不是,不是,是,商学院,金融,29,全日制,323
河北师范大学,不是,不是,不是,是,数学科学学院,应用统计,14,全日制,323
河北师范大学,不是,不是,不是,是,法政与公共管理学院,法学,24,全日制,323
河北师范大学,不是,不是,不是,是,马克思主义学院,哲学,17,全日制,321
河北师范大学,不是,不是,不是,是,商学院,理论经济学,12,全日制,323
河北师范大学,不是,不是,不是,是,商学院,金融,29,全日制,323
河北师范大学,不是,不是,不是,是,数学科学学院,应用统计,14,全日制,323
河北师范大学,不是,不是,不是,是,法政与公共管理学院,法学,24,全日制,323
河北师范大学,不是,不是,不是,是,法政与公共管理学院,政治学,13,全日制,323
河北师范大学,不是,不是,不是,是,马克思主义学院,马克思主义理论,75,全日制,323
河北师范大学,不是,不是,不是,是,中国共产党革命精神与文化资源研究中心,中共党史党建学,10,全日制,323
河北师范大学,不是,不是,不是,是,法政与公共管理学院,法律（非法学）,27,全日制,323
河北师范大学,不是,不是,不是,是,法政与公共管理学院,法律（法学）,26,全日制,323
河北师范大学,不是,不是,不是,是,教育学院,教育学,23,全日制,341
河北师范大学,不是,不是,不是,是,物理学院,课程与教学论,3,全日制,341
河北师范大学,不是,不是,不是,是,化学与材料科学学院,课程与教学论,1,全日制,341
河北师范大学,不是,不是,不是,是,生命科学学院,课程与教学论,1,全日制,341
河北师范大学,不是,不是,不是,是,职业技术学院、中燃工学院,职业技术教育学,7,全日制,341
河北师范大学,不是,不是,不是,是,体育学院,体育人文社会学,5,全日制,304
河北师范大学,不是,不是,不是,是,体育学院,运动人体科学,11,全日制,304
河北师范大学,不是,不是,不是,是,体育学院,体育教育训练学,13,全日制,304
河北师范大学,不是,不是,不是,是,体育学院,民族传统体育学,5,全日制,304
河北师范大学,不是,不是,不是,是,教育学院,教育管理,22,非全日制,341
河北师范大学,不是,不是,不是,是,马克思主义学院,学科教学（思政）,40,全日制,341
河北师范大学,不是,不是,不是,是,文学院,学科教学（语文）,38,全日制,341
河北农业大学,不是,不是,不是,是,经济管理学院,应用经济学,9,全日制,323
河北农业大学,不是,不是,不是,是,马克思主义学院,马克思主义理论,21,全日制,323
河北农业大学,不是,不是,不是,是,外国语学院,英语笔译,15,全日制,351
河北农业大学,不是,不是,不是,是,生命科学学院,植物学,13,全日制,274
河北农业大学,不是,不是,不是,是,经济管理学院,应用经济学,9,全日制,323
河北农业大学,不是,不是,不是,是,马克思主义学院,马克思主义理论,21,全日制,323
河北农业大学,不是,不是,不是,是,外国语学院,英语笔译,15,全日制,351
河北农业大学,不是,不是,不是,是,生命科学学院,植物学,13,全日制,274
河北农业大学,不是,不是,不是,是,生命科学学院,微生物学,12,全日制,274
河北农业大学,不是,不是,不是,是,生命科学学院,细胞生物学,4,全日制,274
河北农业大学,不是,不是,不是,是,生命科学学院,生物化学与分子生物学,13,全日制,274
河北农业大学,不是,不是,不是,是,机电工程学院,机械工程,12,全日制,260
河北农业大学,不是,不是,不是,是,信息科学与技术学院,计算机科学与技术,19,全日制,260
河北农业大学,不是,不是,不是,是,城乡建设学院,土木工程,11,全日制,260
河北农业大学,不是,不是,不是,是,城乡建设学院,水利工程,13,全日制,251
河北农业大学,不是,不是,不是,是,机电工程学院,农业机械化工程,12,全日制,251
河北农业大学,不是,不是,不是,是,城乡建设学院,农业水土工程,5,全日制,251
石家庄铁道大学,不是,不是,不是,是,经济与法律学院,金融,27,全日制,323
石家庄铁道大学,不是,不是,不是,是,经济与法律学院,法律（非法学）,10,全日制,323
石家庄铁道大学,不是,不是,不是,是,经济与法律学院,法律（非法学）,7,非全日制,323
石家庄铁道大学,不是,不是,不是,是,经济与法律学院,金融,27,全日制,323
石家庄铁道大学,不是,不是,不是,是,经济与法律学院,法律（非法学）,10,全日制,323
石家庄铁道大学,不是,不是,不是,是,经济与法律学院,法律（非法学）,7,非全日制,323
石家庄铁道大学,不是,不是,不是,是,经济与法律学院,法律（法学）,19,全日制,323
石家庄铁道大学,不是,不是,不是,是,经济与法律学院,法律（法学）,5,非全日制,323
石家庄铁道大学,不是,不是,不是,是,语言文化学院,英语笔译,7,全日制,351
石家庄铁道大学,不是,不是,不是,是,数理系,数学,20,全日制,274
石家庄铁道大学,不是,不是,不是,是,数理系,物理学,6,全日制,274
河北科技大学,不是,不是,不是,是,经济管理学院,应用经济学,8,全日制,323
河北科技大学,不是,不是,不是,是,文法学院,社会学,8,全日制,323
河北科技大学,不是,不是,不是,是,马克思主义学院,马克思主义理论,29,全日制,323
河北科技大学,不是,不是,不是,是,马克思主义学院,马克思主义理论,17,非全日制,323
河北科技大学,不是,不是,不是,是,文法学院,法律（非法学）,13,全日制,323
河北科技大学,不是,不是,不是,是,经济管理学院,应用经济学,8,全日制,323
河北科技大学,不是,不是,不是,是,文法学院,社会学,8,全日制,323
河北科技大学,不是,不是,不是,是,马克思主义学院,马克思主义理论,29,全日制,323
河北科技大学,不是,不是,不是,是,马克思主义学院,马克思主义理论,17,非全日制,323
河北科技大学,不是,不是,不是,是,文法学院,法律（非法学）,13,全日制,323
河北科技大学,不是,不是,不是,是,文法学院,法律（法学）,8,全日制,323
河北科技大学,不是,不是,不是,是,文法学院,社会工作,7,全日制,323
河北科技大学,不是,不是,不是,是,外国语学院,外国语言文学,10,全日制,351
河北科技大学,不是,不是,不是,是,外国语学院,翻译,32,全日制,351
河北科技大学,不是,不是,不是,是,理学院,数学,25,全日制,274
河北科技大学,不是,不是,不是,是,理学院,物理学,16,全日制,274
河北科技大学,不是,不是,不是,是,理学院,化学,44,全日制,274
河北科技大学,不是,不是,不是,是,理学院,化学,2,非全日制,274
河北科技大学,不是,不是,不是,是,食品与生物学院,生物学,16,全日制,274
河北科技大学,不是,不是,不是,是,机械工程学院,机械工程,27,全日制,260
华北理工大学,不是,不是,不是,是,经济管理学院,应用经济学,9,全日制,323
华北理工大学,不是,不是,不是,是,经济管理学院,金融,42,全日制,323
华北理工大学,不是,不是,不是,是,人文法律学院,法律（非法学）,14,全日制,323
华北理工大学,不是,不是,不是,是,经济管理学院,应用经济学,9,全日制,323
华北理工大学,不是,不是,不是,是,经济管理学院,金融,42,全日制,323
华北理工大学,不是,不是,不是,是,人文法律学院,法律（非法学）,14,全日制,323
华北理工大学,不是,不是,不是,是,人文法律学院,法律（非法学）,4,非全日制,323
华北理工大学,不是,不是,不是,是,人文法律学院,法律（法学）,14,全日制,323
华北理工大学,不是,不是,不是,是,人文法律学院,法律（法学）,6,非全日制,323
华北理工大学,不是,不是,不是,是,心理与精神卫生学院,心理学,10,全日制,341
华北理工大学,不是,不是,不是,是,外国语学院,国际中文教育,11,全日制,341
华北理工大学,不是,不是,不是,是,心理与精神卫生学院,应用心理,36,全日制,341
华北理工大学,不是,不是,不是,是,心理与精神卫生学院,应用心理,12,非全日制,341
华北理工大学,不是,不是,不是,是,外国语学院,英语笔译,38,全日制,351
华北理工大学,不是,不是,不是,是,外国语学院,俄语笔译,4,全日制,351
华北理工大学,不是,不是,不是,是,外国语学院,日语笔译,7,全日制,351
华北理工大学,不是,不是,不是,是,理学院,数学,26,全日制,274
华北理工大学,不是,不是,不是,是,化学工程学院,化学,24,全日制,274
华北理工大学,不是,不是,不是,是,生命科学学院,生物学,33,全日制,274
华北理工大学,不是,不是,不是,是,机械工程学院,机械工程,11,全日制,260
华北理工大学,不是,不是,不是,是,电气工程学院,仪器科学与技术,13,全日制,260
华北理工大学,不是,不是,不是,是,冶金与能源学院,材料科学与工程,11,全日制,260
华北理工大学,不是,不是,不是,是,材料科学与工程学院,材料科学与工程,10,全日制,260
华北理工大学,不是,不是,不是,是,冶金与能源学院,冶金工程,26,全日制,251
华北理工大学,不是,不是,不是,是,冶金与能源学院,动力工程及工程热物理,12,全日制,251
华北理工大学,不是,不是,不是,是,电气工程学院,控制科学与工程,10,全日制,260
华北理工大学,不是,不是,不是,是,建筑工程学院,土木工程,16,全日制,260
华北理工大学,不是,不是,不是,是,化学工程学院,化学工程与技术,11,全日制,260
华北理工大学,不是,不是,不是,是,应急管理与安全工程学院,地质资源与地质工程,10,全日制,251
河北工程大学,不是,不是,不是,是,数理科学与工程学院,应用统计,29,全日制,323
河北工程大学,不是,不是,不是,是,文法学院,法律（非法学）,10,全日制,323
河北工程大学,不是,不是,不是,是,文法学院,法律（法学）,5,全日制,323
河北工程大学,不是,不是,不是,是,体育与健康工程学院,体育,10,全日制,324
河北工程大学,不是,不是,不是,是,文法学院,英语笔译,16,全日制,360
河北工程大学,不是,不是,不是,是,数理科学与工程学院,应用统计,29,全日制,323
河北工程大学,不是,不是,不是,是,文法学院,法律（非法学）,10,全日制,323
河北工程大学,不是,不是,不是,是,文法学院,法律（法学）,5,全日制,323
河北工程大学,不是,不是,不是,是,体育与健康工程学院,体育,10,全日制,324
河北工程大学,不是,不是,不是,是,文法学院,英语笔译,16,全日制,360
河北工程大学,不是,不是,不是,是,机械与装备工程学院,机械工程,34,全日制,260
河北工程大学,不是,不是,不是,是,数理科学与工程学院,光学工程,31,全日制,260
河北工程大学,不是,不是,不是,是,材料科学与工程学院,材料科学与工程,8,全日制,260
河北工程大学,不是,不是,不是,是,信息与电气工程学院,信息与通信工程,20,全日制,260
河北工程大学,不是,不是,不是,是,信息与电气工程学院,计算机科学与技术,26,全日制,260
河北工程大学,不是,不是,不是,是,建筑与艺术学院,建筑学,36,全日制,260
河北工程大学,不是,不是,不是,是,土木工程学院,土木工程,18,全日制,260
河北工程大学,不是,不是,不是,是,能源与环境工程学院,市政工程,4,全日制,260
河北工程大学,不是,不是,不是,是,能源与环境工程学院,供热、供燃气、通风及空调工程,5,全日制,260
河北工程大学,不是,不是,不是,是,水利水电学院,水利工程,32,全日制,251
河北经贸大学,不是,不是,不是,是,马克思主义学院,伦理学,10,全日制,321
河北经贸大学,不是,不是,不是,是,经济学院,理论经济学,8,全日制,323
河北经贸大学,不是,不是,不是,是,经济学院,应用经济学,55,全日制,323
河北经贸大学,不是,不是,不是,是,金融学院,金融学,24,全日制,323
河北经贸大学,不是,不是,不是,是,金融学院,金融,65,全日制,323
河北经贸大学,不是,不是,不是,是,马克思主义学院,伦理学,10,全日制,321
河北经贸大学,不是,不是,不是,是,经济学院,理论经济学,8,全日制,323
河北经贸大学,不是,不是,不是,是,经济学院,应用经济学,55,全日制,323
河北经贸大学,不是,不是,不是,是,金融学院,金融学,24,全日制,323
河北经贸大学,不是,不是,不是,是,金融学院,金融,65,全日制,323
河北地质大学,不是,不是,不是,是,经济学院,应用经济学,11,全日制,323
河北地质大学,不是,不是,不是,是,经济学院,金融,19,全日制,323
河北地质大学,不是,不是,不是,是,经济学院,应用统计,19,全日制,323
河北地质大学,不是,不是,不是,是,经济学院,数字经济,10,全日制,323
河北地质大学,不是,不是,不是,是,法政学院,法学,19,全日制,323
河北地质大学,不是,不是,不是,是,经济学院,应用经济学,11,全日制,323
河北地质大学,不是,不是,不是,是,经济学院,金融,19,全日制,323
河北地质大学,不是,不是,不是,是,经济学院,应用统计,19,全日制,323
河北地质大学,不是,不是,不是,是,经济学院,数字经济,10,全日制,323
河北地质大学,不是,不是,不是,是,法政学院,法学,19,全日制,323
北华航天工业学院,不是,不是,不是,是,外国语学院,英语笔译,14,全日制,351
北华航天工业学院,不是,不是,不是,是,计算机学院,统计学,5,全日制,274
北华航天工业学院,不是,不是,不是,是,文理学院,统计学,9,全日制,274
北华航天工业学院,不是,不是,不是,是,遥感信息工程学院,遥感科学与技术,33,全日制,274
北华航天工业学院,不是,不是,不是,是,机电工程学院,航空宇航科学与技术,10,全日制,251
北华航天工业学院,不是,不是,不是,是,外国语学院,英语笔译,14,全日制,351
北华航天工业学院,不是,不是,不是,是,计算机学院,统计学,5,全日制,274
北华航天工业学院,不是,不是,不是,是,文理学院,统计学,9,全日制,274
北华航天工业学院,不是,不是,不是,是,遥感信息工程学院,遥感科学与技术,33,全日制,274
北华航天工业学院,不是,不是,不是,是,机电工程学院,航空宇航科学与技术,10,全日制,251
中国人民警察大学,不是,不是,不是,是,不区分院系,法学,7,全日制,339
中国人民警察大学,不是,不是,不是,是,不区分院系,公安学,72,全日制,332
中国人民警察大学,不是,不是,不是,是,不区分院系,法律（非法学）,8,全日制,323
中国人民警察大学,不是,不是,不是,是,不区分院系,警务,95,全日制,323
中国人民警察大学,不是,不是,不是,是,不区分院系,警务,39,非全日制,323
河北科技师范学院,不是,不是,不是,是,教育学院,课程与教学论,3,全日制,341
河北科技师范学院,不是,不是,不是,是,职业教育研究院,职业技术教育学,8,全日制,341
河北科技师范学院,不是,不是,不是,是,文法学院,学科教学（语文）,14,全日制,341
河北科技师范学院,不是,不是,不是,是,外国语学院,学科教学（英语）,14,全日制,341
河北科技师范学院,不是,不是,不是,是,教育学院,现代教育技术,15,全日制,341
河北科技师范学院,不是,不是,不是,是,教育学院,课程与教学论,3,全日制,341
河北科技师范学院,不是,不是,不是,是,职业教育研究院,职业技术教育学,8,全日制,341
河北科技师范学院,不是,不是,不是,是,文法学院,学科教学（语文）,14,全日制,341
河北科技师范学院,不是,不是,不是,是,外国语学院,学科教学（英语）,14,全日制,341
河北科技师范学院,不是,不是,不是,是,教育学院,现代教育技术,15,全日制,341
河北科技师范学院,不是,不是,不是,是,教育学院,小学教育,15,全日制,341
河北科技师范学院,不是,不是,不是,是,职业教育研究院,职业技术教育,14,全日制,341
河北科技师范学院,不是,不是,不是,是,化学工程学院,无机化学,9,全日制,274
河北科技师范学院,不是,不是,不是,是,化学工程学院,有机化学,10,全日制,274
河北科技师范学院,不是,不是,不是,是,海洋科学研究中心,物理海洋学,8,全日制,274
河北中医药大学,不是,不是,不是,是,药学院,生物技术与工程,12,全日制,260
河北中医药大学,不是,不是,不是,是,药学院,制药工程,6,全日制,260
河北中医药大学,不是,不是,不是,是,中医学院,中医基础理论,3,全日制,293
河北中医药大学,不是,不是,不是,是,中医学院,中医临床基础,9,全日制,293
河北中医药大学,不是,不是,不是,是,中医学院,中医医史文献,6,全日制,293
河北中医药大学,不是,不是,不是,是,药学院,生物技术与工程,12,全日制,260
河北中医药大学,不是,不是,不是,是,药学院,制药工程,6,全日制,260
河北中医药大学,不是,不是,不是,是,中医学院,中医基础理论,3,全日制,293
河北中医药大学,不是,不是,不是,是,中医学院,中医临床基础,9,全日制,293
河北中医药大学,不是,不是,不是,是,中医学院,中医医史文献,6,全日制,293
河北中医药大学,不是,不是,不是,是,中医学院,方剂学,4,全日制,293
河北中医药大学,不是,不是,不是,是,中医学院,中医诊断学,5,全日制,293
河北中医药大学,不是,不是,不是,是,中医学院,中医内科学,8,全日制,293
河北中医药大学,不是,不是,不是,是,第四附属医院（河北省中医药科学院）,中医内科学,3,全日制,293
河北中医药大学,不是,不是,不是,是,中医学院,中医妇科学,2,全日制,293
承德医学院,不是,不是,不是,是,不区分院系,应用心理,24,全日制,341
承德医学院,不是,不是,不是,是,不区分院系,生物学,7,全日制,274
承德医学院,不是,不是,不是,是,不区分院系,生物医学工程,11,全日制,260
承德医学院,不是,不是,不是,是,不区分院系,人体解剖与组织胚胎学,6,全日制,293
承德医学院,不是,不是,不是,是,不区分院系,免疫学,3,全日制,293
承德医学院,不是,不是,不是,是,不区分院系,应用心理,24,全日制,341
承德医学院,不是,不是,不是,是,不区分院系,生物学,7,全日制,274
承德医学院,不是,不是,不是,是,不区分院系,生物医学工程,11,全日制,260
承德医学院,不是,不是,不是,是,不区分院系,人体解剖与组织胚胎学,6,全日制,293
承德医学院,不是,不是,不是,是,不区分院系,免疫学,3,全日制,293
承德医学院,不是,不是,不是,是,不区分院系,病原生物学,3,全日制,293
承德医学院,不是,不是,不是,是,不区分院系,病理学与病理生理学,10,全日制,293
承德医学院,不是,不是,不是,是,不区分院系,内科学,7,全日制,293
承德医学院,不是,不是,不是,是,不区分院系,老年医学,1,全日制,293
河北建筑工程学院,不是,不是,不是,是,建筑与艺术学院,建筑学,42,全日制,260
河北建筑工程学院,不是,不是,不是,是,土木工程学院,土木工程,18,全日制,260
河北建筑工程学院,不是,不是,不是,是,市政与环境工程系,市政工程,6,全日制,260
河北建筑工程学院,不是,不是,不是,是,能源工程系,供热、供燃气、通风及空调工程,9,全日制,260
河北建筑工程学院,不是,不是,不是,是,信息工程学院,电子信息,10,全日制,260
中央司法警官学院,不是,不是,不是,是,不区分院系,法律（非法学）,119,全日制,323
中央司法警官学院,不是,不是,不是,是,不区分院系,法律（法学）,24,全日制,323
河北北方学院,不是,不是,不是,是,高教所,教育管理,2,全日制,341
河北北方学院,不是,不是,不是,是,高教所,教育管理,1,非全日制,341
河北北方学院,不是,不是,不是,是,马克思主义学院,学科教学（思政）,11,全日制,341
河北北方学院,不是,不是,不是,是,马克思主义学院,学科教学（思政）,1,非全日制,341
河北北方学院,不是,不是,不是,是,文学院,学科教学（语文）,11,全日制,341
河北北方学院,不是,不是,不是,是,高教所,教育管理,2,全日制,341
河北北方学院,不是,不是,不是,是,高教所,教育管理,1,非全日制,341
河北北方学院,不是,不是,不是,是,马克思主义学院,学科教学（思政）,11,全日制,341
河北北方学院,不是,不是,不是,是,马克思主义学院,学科教学（思政）,1,非全日制,341
河北北方学院,不是,不是,不是,是,文学院,学科教学（语文）,11,全日制,341
河北北方学院,不是,不是,不是,是,文学院,学科教学（语文）,1,非全日制,341
河北北方学院,不是,不是,不是,是,理学院,学科教学（数学）,3,全日制,341
河北北方学院,不是,不是,不是,是,理学院,学科教学（数学）,1,非全日制,341
河北北方学院,不是,不是,不是,是,理学院,学科教学（化学）,2,全日制,341
河北北方学院,不是,不是,不是,是,理学院,学科教学（化学）,1,非全日制,341
河北北方学院,不是,不是,不是,是,外国语学院,学科教学（英语）,11,全日制,341
河北北方学院,不是,不是,不是,是,外国语学院,学科教学（英语）,1,非全日制,341
河北北方学院,不是,不是,不是,是,法政学院,学科教学（历史）,3,全日制,341
河北北方学院,不是,不是,不是,是,法政学院,学科教学（历史）,1,非全日制,341
河北北方学院,不是,不是,不是,是,艺术学院,学科教学（音乐）,3,全日制,341
河北北方学院,不是,不是,不是,是,艺术学院,学科教学（美术）,3,全日制,341
河北金融学院,不是,不是,不是,是,不区分院系,金融,155,全日制,323
河北金融学院,不是,不是,不是,是,不区分院系,应用统计,20,全日制,323
华北电力大学保定校区,不是,是,不是,不是,经济管理系,应用经济学,5,全日制,323
华北电力大学保定校区,不是,是,不是,不是,经济管理系,金融,6,全日制,323
华北电力大学保定校区,不是,是,不是,不是,经济管理系,金融,3,非全日制,323
华北电力大学保定校区,不是,是,不是,不是,经济管理系,金融,2,非全日制,323
华北电力大学保定校区,不是,是,不是,不是,数理系,应用统计,25,全日制,323
华北电力大学保定校区,不是,是,不是,不是,经济管理系,应用经济学,5,全日制,323
华北电力大学保定校区,不是,是,不是,不是,经济管理系,金融,6,全日制,323
华北电力大学保定校区,不是,是,不是,不是,经济管理系,金融,3,非全日制,323
华北电力大学保定校区,不是,是,不是,不是,经济管理系,金融,2,非全日制,323
华北电力大学保定校区,不是,是,不是,不是,数理系,应用统计,25,全日制,323
华北电力大学保定校区,不是,是,不是,不是,数理系,应用统计,4,非全日制,323
华北电力大学保定校区,不是,是,不是,不是,数理系,应用统计,1,非全日制,323
华北电力大学保定校区,不是,是,不是,不是,法政系,法学,11,全日制,323
华北电力大学保定校区,不是,是,不是,不是,马克思主义学院,马克思主义理论,31,全日制,352
华北电力大学保定校区,不是,是,不是,不是,法政系,法律（非法学）,7,全日制,323
华北电力大学保定校区,不是,是,不是,不是,法政系,法律（非法学）,11,非全日制,323
华北电力大学保定校区,不是,是,不是,不是,法政系,法律（法学）,13,全日制,323
华北电力大学保定校区,不是,是,不是,不是,法政系,法律（法学）,4,非全日制,323
华北电力大学保定校区,不是,是,不是,不是,法政系,社会工作,5,全日制,323
华北电力大学保定校区,不是,是,不是,不是,法政系,社会工作,4,非全日制,323
河北传媒学院,不是,不是,不是,是,新闻传播学院,新闻与传播,97,全日制,351
河北传媒学院,不是,不是,不是,是,影视艺术学院,戏剧与影视,140,全日制,351
河北传媒学院,不是,不是,不是,是,新闻传播学院,戏剧与影视,25,全日制,351
中国科学院遗传与发育生物学研究所农业资源研究中心,不是,不是,不是,不是,不区分院系,遗传学,1,全日制,274
中国科学院遗传与发育生物学研究所农业资源研究中心,不是,不是,不是,不是,不区分院系,生态学,5,全日制,274
中国科学院遗传与发育生物学研究所农业资源研究中心,不是,不是,不是,不是,不区分院系,资源利用与植物保护,8,全日制,245
邯郸净化设备研究所,不是,不是,不是,不是,不区分院系,应用化学,2,全日制,260
邯郸净化设备研究所,不是,不是,不是,不是,不区分院系,船舶与海洋结构物设计制造,2,全日制,251
中国科学院渗流流体力学研究所,不是,不是,不是,不是,不区分院系,流体力学,2,全日制,320
唐山师范学院,不是,不是,不是,是,教育学院,小学教育,19,全日制,341
大连理工大学,是,是,是,不是,（主校区）人文学院,哲学,11,全日制,335
大连理工大学,是,是,是,不是,（主校区）经济管理学院,金融学,1,全日制,350
大连理工大学,是,是,是,不是,（主校区）经济管理学院,产业经济学,5,全日制,350
大连理工大学,是,是,是,不是,（主校区）经济管理学院,国际贸易学,2,全日制,350
大连理工大学,是,是,是,不是,（主校区）经济管理学院,金融,10,全日制,350
大连理工大学,是,是,是,不是,（主校区）人文学院,哲学,11,全日制,335
大连理工大学,是,是,是,不是,（主校区）经济管理学院,金融学,1,全日制,350
大连理工大学,是,是,是,不是,（主校区）经济管理学院,产业经济学,5,全日制,350
大连理工大学,是,是,是,不是,（主校区）经济管理学院,国际贸易学,2,全日制,350
大连理工大学,是,是,是,不是,（主校区）经济管理学院,金融,10,全日制,350
大连理工大学,是,是,是,不是,（主校区）MBA-EMBA教育中心,金融,5,非全日制,350
大连理工大学,是,是,是,不是,（主校区）数学科学学院,应用统计,8,全日制,350
大连理工大学,是,是,是,不是,（主校区）马克思主义学院,马克思主义理论,31,全日制,360
大连理工大学,是,是,是,不是,（主校区）高等教育研究院,教育学,8,全日制,350
大连理工大学,是,是,是,不是,（主校区）体育与健康学院,体育学,6,全日制,313
大连理工大学,是,是,是,不是,（主校区）高等教育研究院,教育管理,20,非全日制,350
大连理工大学,是,是,是,不是,（主校区）体育与健康学院,体育,6,全日制,313
大连理工大学,是,是,是,不是,（主校区）国际教育学院,国际中文教育,6,全日制,350
大连理工大学,是,是,是,不是,（主校区）外国语学院,英语语言文学,2,全日制,360
大连理工大学,是,是,是,不是,（主校区）外国语学院,日语语言文学,3,全日制,360
大连理工大学,是,是,是,不是,（主校区）外国语学院,外国语言学及应用语言学,6,全日制,360
大连理工大学,是,是,是,不是,（主校区）外国语学院,英语笔译,4,全日制,360
大连理工大学,是,是,是,不是,（主校区）外国语学院,英语笔译,5,非全日制,360
大连理工大学,是,是,是,不是,（主校区）外国语学院,日语笔译,4,全日制,360
大连理工大学,是,是,是,不是,（主校区）人文学院,新闻与传播,10,全日制,360
大连理工大学,是,是,是,不是,（主校区）数学科学学院,数学,21,全日制,300
大连理工大学,是,是,是,不是,（主校区）物理学院,物理学,59,全日制,300
大连理工大学,是,是,是,不是,（主校区）大连理工大学白俄罗斯国立大学联合学院,凝聚态物理,8,全日制,300
大连理工大学,是,是,是,不是,（主校区）化学学院,化学,64,全日制,300
大连理工大学,是,是,是,不是,（主校区）化工学院,高分子化学与物理,2,全日制,300
大连理工大学,是,是,是,不是,（主校区）生物工程学院,生物学,8,全日制,300
大连理工大学,是,是,是,不是,（盘锦校区）化工海洋与生命学院,生物学,5,全日制,300
大连理工大学,是,是,是,不是,（主校区）化工学院,药学,6,全日制,300
大连理工大学,是,是,是,不是,（主校区）医学部,药学,16,全日制,300
大连理工大学,是,是,是,不是,（主校区）力学与航空航天学院,力学,10,全日制,300
大连理工大学,是,是,是,不是,（主校区）大连理工大学白俄罗斯国立大学联合学院,工程力学,6,全日制,300
大连理工大学,是,是,是,不是,（盘锦校区）化工海洋与生命学院,工程力学,9,全日制,300
大连理工大学,是,是,是,不是,（主校区）机械工程学院,机械工程,20,全日制,300
大连理工大学,是,是,是,不是,（主校区）机械工程学院,车辆工程,5,全日制,300
大连理工大学,是,是,是,不是,（主校区）光电工程与仪器科学学院,仪器科学与技术,9,全日制,300
大连理工大学,是,是,是,不是,（主校区）材料科学与工程学院,材料科学与工程,15,全日制,300
大连理工大学,是,是,是,不是,（主校区）能源与动力学院,动力工程及工程热物理,30,全日制,300
大连理工大学,是,是,是,不是,（主校区）化工学院,化工过程机械,1,全日制,300
大连理工大学,是,是,是,不是,（主校区）电气工程学院,电气工程,7,全日制,300
大连理工大学,是,是,是,不是,（主校区）信息与通信工程学院,信息与通信工程,5,全日制,300
东北大学,是,是,是,不是,马克思主义学院,哲学,18,全日制,335
东北大学,是,是,是,不是,工商管理学院,应用经济学,62,全日制,345
东北大学,是,是,是,不是,理学院,应用统计,51,全日制,345
东北大学,是,是,是,不是,工商管理学院,国际商务,12,全日制,345
东北大学,是,是,是,不是,秦皇岛分校,民族学,15,全日制,350
东北大学,是,是,是,不是,马克思主义学院,哲学,18,全日制,335
东北大学,是,是,是,不是,工商管理学院,应用经济学,62,全日制,345
东北大学,是,是,是,不是,理学院,应用统计,51,全日制,345
东北大学,是,是,是,不是,工商管理学院,国际商务,12,全日制,345
东北大学,是,是,是,不是,秦皇岛分校,民族学,15,全日制,350
东北大学,是,是,是,不是,马克思主义学院,马克思主义理论,75,全日制,350
东北大学,是,是,是,不是,体育部,体育学,14,全日制,315
东北大学,是,是,是,不是,体育部,体育,16,全日制,315
东北大学,是,是,是,不是,外国语学院,英语语言文学,8,全日制,355
东北大学,是,是,是,不是,外国语学院,俄语语言文学,5,全日制,355
东北大学,是,是,是,不是,外国语学院,日语语言文学,7,全日制,355
东北大学,是,是,是,不是,外国语学院,外国语言学及应用语言学,18,全日制,355
东北大学,是,是,是,不是,外国语学院,英语笔译,45,全日制,355
东北大学,是,是,是,不是,外国语学院,英语口译,10,全日制,355
东北大学,是,是,是,不是,外国语学院,日语笔译,13,全日制,355
东北大学,是,是,是,不是,理学院,数学,67,全日制,315
东北大学,是,是,是,不是,理学院,物理学,34,全日制,315
东北大学,是,是,是,不是,理学院,化学,105,全日制,315
东北大学,是,是,是,不是,生命科学与健康学院,生物学,71,全日制,315
东北大学,是,是,是,不是,理学院,力学,12,全日制,280
中国医科大学,不是,不是,不是,是,医学人文学院,伦理学,2,全日制,321
中国医科大学,不是,不是,不是,是,医学人文学院,应用心理学,1,全日制,341
中国医科大学,不是,不是,不是,是,医学人文学院,应用心理,17,全日制,341
中国医科大学,不是,不是,不是,是,生命科学学院,动物学,1,全日制,274
中国医科大学,不是,不是,不是,是,生命科学学院,生理学,2,全日制,274
中国医科大学,不是,不是,不是,是,医学人文学院,伦理学,2,全日制,321
中国医科大学,不是,不是,不是,是,医学人文学院,应用心理学,1,全日制,341
中国医科大学,不是,不是,不是,是,医学人文学院,应用心理,17,全日制,341
中国医科大学,不是,不是,不是,是,生命科学学院,动物学,1,全日制,274
中国医科大学,不是,不是,不是,是,生命科学学院,生理学,2,全日制,274
中国医科大学,不是,不是,不是,是,健康科学研究院,生理学,2,全日制,274
中国医科大学,不是,不是,不是,是,生命科学学院,神经生物学,4,全日制,274
中国医科大学,不是,不是,不是,是,健康科学研究院,神经生物学,1,全日制,274
中国医科大学,不是,不是,不是,是,生命科学学院,遗传学,3,全日制,274
中国医科大学,不是,不是,不是,是,第二临床学院,遗传学,9,全日制,274
中国医科大学,不是,不是,不是,是,生命科学学院,细胞生物学,23,全日制,274
中国医科大学,不是,不是,不是,是,健康科学研究院,细胞生物学,13,全日制,274
中国医科大学,不是,不是,不是,是,生命科学学院,生物化学与分子生物学,3,全日制,274
中国医科大学,不是,不是,不是,是,健康科学研究院,生物化学与分子生物学,1,全日制,274
中国医科大学,不是,不是,不是,是,智能医学学院,生物物理学,4,全日制,274
中国医科大学,不是,不是,不是,是,智能医学学院,生物医学工程,2,全日制,260
中国医科大学,不是,不是,不是,是,基础医学院,人体解剖与组织胚胎学,5,全日制,293
中国医科大学,不是,不是,不是,是,健康科学研究院,人体解剖与组织胚胎学,8,全日制,293
中国医科大学,不是,不是,不是,是,基础医学院,免疫学,8,全日制,293
中国医科大学,不是,不是,不是,是,健康科学研究院,免疫学,1,全日制,293
中国医科大学,不是,不是,不是,是,基础医学院,病原生物学,2,全日制,293
中国医科大学,不是,不是,不是,是,基础医学院,病理学与病理生理学,9,全日制,293
中国医科大学,不是,不是,不是,是,健康科学研究院,病理学与病理生理学,3,全日制,293
中国医科大学,不是,不是,不是,是,第二临床学院,病理学与病理生理学,1,全日制,293
中国医科大学,不是,不是,不是,是,第一临床学院,内科学,57,全日制,300
中国医科大学,不是,不是,不是,是,第二临床学院,内科学,26,全日制,300
中国医科大学,不是,不是,不是,是,第四临床学院,内科学,7,全日制,300
中国医科大学,不是,不是,不是,是,第一临床学院,儿科学,2,全日制,300
中国医科大学,不是,不是,不是,是,第二临床学院,儿科学,23,全日制,300
中国医科大学,不是,不是,不是,是,第一临床学院,老年医学,5,全日制,300
中国医科大学,不是,不是,不是,是,第二临床学院,老年医学,1,全日制,300
中国医科大学,不是,不是,不是,是,第一临床学院,神经病学,5,全日制,300
中国医科大学,不是,不是,不是,是,第二临床学院,神经病学,5,全日制,300
中国医科大学,不是,不是,不是,是,第四临床学院,神经病学,1,全日制,300
中国医科大学,不是,不是,不是,是,第二临床学院,精神病与精神卫生学,4,全日制,300
中国医科大学,不是,不是,不是,是,第一临床学院,皮肤病与性病学,14,全日制,300
中国医科大学,不是,不是,不是,是,第二临床学院,皮肤病与性病学,1,全日制,300
中国医科大学,不是,不是,不是,是,第一临床学院,影像医学与核医学,30,全日制,300
中国医科大学,不是,不是,不是,是,第二临床学院,影像医学与核医学,23,全日制,300
中国医科大学,不是,不是,不是,是,第四临床学院,影像医学与核医学,4,全日制,300
中国医科大学,不是,不是,不是,是,中国医科大学人民医院,影像医学与核医学,1,全日制,300
中国医科大学,不是,不是,不是,是,第一临床学院,临床检验诊断学,25,全日制,300
中国医科大学,不是,不是,不是,是,第二临床学院,临床检验诊断学,5,全日制,300
中国医科大学,不是,不是,不是,是,第一临床学院,外科学,51,全日制,300
中国医科大学,不是,不是,不是,是,第二临床学院,外科学,38,全日制,300
中国医科大学,不是,不是,不是,是,第四临床学院,外科学,15,全日制,300
中国医科大学,不是,不是,不是,是,第一临床学院,妇产科学,3,全日制,300
中国医科大学,不是,不是,不是,是,第二临床学院,妇产科学,36,全日制,300
中国医科大学,不是,不是,不是,是,第四临床学院,妇产科学,1,全日制,300
中国医科大学,不是,不是,不是,是,第一临床学院,眼科学,3,全日制,300
东北财经大学,不是,不是,不是,是,马克思主义学院,政治经济学,6,全日制,323
东北财经大学,不是,不是,不是,是,国际经济贸易学院,世界经济,8,全日制,323
东北财经大学,不是,不是,不是,是,投资工程管理学院,国民经济学,16,全日制,323
东北财经大学,不是,不是,不是,是,东北全面振兴研究院,区域经济学,5,全日制,323
东北财经大学,不是,不是,不是,是,马克思主义学院,政治经济学,6,全日制,323
东北财经大学,不是,不是,不是,是,国际经济贸易学院,世界经济,8,全日制,323
东北财经大学,不是,不是,不是,是,投资工程管理学院,国民经济学,16,全日制,323
东北财经大学,不是,不是,不是,是,东北全面振兴研究院,区域经济学,5,全日制,323
东北财经大学,不是,不是,不是,是,财政税务学院,财政学,22,全日制,332
东北财经大学,不是,不是,不是,是,东北全面振兴研究院,财政学,20,全日制,323
东北财经大学,不是,不是,不是,是,金融学院,金融学,34,全日制,323
东北财经大学,不是,不是,不是,是,产业组织与企业组织研究中心,产业经济学,30,全日制,323
东北财经大学,不是,不是,不是,是,经济学院,产业经济学,11,全日制,323
东北财经大学,不是,不是,不是,是,国际经济贸易学院,国际贸易学,19,全日制,323
东北财经大学,不是,不是,不是,是,经济学院,劳动经济学,15,全日制,323
东北财经大学,不是,不是,不是,是,经济学院,数量经济学,34,全日制,326
东北财经大学,不是,不是,不是,是,金融学院,金融,153,全日制,323
东北财经大学,不是,不是,不是,是,金融学院,金融,15,非全日制,323
东北财经大学,不是,不是,不是,是,国际商学院,金融,29,全日制,323
东北财经大学,不是,不是,不是,是,金融科技学院,金融,35,全日制,328
东北财经大学,不是,不是,不是,是,统计学院,应用统计,120,全日制,334
东北财经大学,不是,不是,不是,是,国际商学院,应用统计,20,全日制,323
东北财经大学,不是,不是,不是,是,财政税务学院,税务,58,全日制,353
大连医科大学,不是,不是,不是,是,马克思主义学院,马克思主义理论,14,全日制,323
大连医科大学,不是,不是,不是,是,实验动物中心,动物学,9,全日制,274
大连医科大学,不是,不是,不是,是,基础医学院,生理学,5,全日制,274
大连医科大学,不是,不是,不是,是,马克思主义学院,马克思主义理论,14,全日制,323
大连医科大学,不是,不是,不是,是,实验动物中心,动物学,9,全日制,274
大连医科大学,不是,不是,不是,是,基础医学院,生理学,5,全日制,274
大连医科大学,不是,不是,不是,是,基础医学院,微生物学,2,全日制,274
大连医科大学,不是,不是,不是,是,基础医学院,神经生物学,2,全日制,274
大连医科大学,不是,不是,不是,是,基础医学院,发育生物学,1,全日制,274
大连医科大学,不是,不是,不是,是,基础医学院,细胞生物学,6,全日制,274
大连医科大学,不是,不是,不是,是,肿瘤干细胞研究院,细胞生物学,17,全日制,274
大连医科大学,不是,不是,不是,是,基础医学院,生物化学与分子生物学,8,全日制,274
大连医科大学,不是,不是,不是,是,肿瘤干细胞研究院,生物化学与分子生物学,18,全日制,274
大连医科大学,不是,不是,不是,是,附属第二医院及所辖基地,生物化学与分子生物学,2,全日制,274
大连医科大学,不是,不是,不是,是,基础医学院,人体解剖与组织胚胎学,17,全日制,293
大连医科大学,不是,不是,不是,是,基础医学院,免疫学,7,全日制,293
大连医科大学,不是,不是,不是,是,基础医学院,病原生物学,12,全日制,293
大连医科大学,不是,不是,不是,是,医学科学研究院,病理学与病理生理学,9,全日制,293
大连医科大学,不是,不是,不是,是,基础医学院,病理学与病理生理学,4,全日制,293
大连医科大学,不是,不是,不是,是,不区分院系,内科学,10,全日制,293
大连医科大学,不是,不是,不是,是,附属第一医院及所辖基地,内科学,34,全日制,293
大连医科大学,不是,不是,不是,是,附属第二医院及所辖基地,内科学,18,全日制,293
大连医科大学,不是,不是,不是,是,大连医科大学北部战区总医院研究生培养基地,内科学,5,全日制,293
大连医科大学,不是,不是,不是,是,不区分院系,儿科学,3,全日制,293
大连医科大学,不是,不是,不是,是,附属第二医院及所辖基地,儿科学,1,全日制,293
大连医科大学,不是,不是,不是,是,不区分院系,老年医学,1,全日制,293
大连医科大学,不是,不是,不是,是,附属第一医院及所辖基地,老年医学,2,全日制,293
大连医科大学,不是,不是,不是,是,附属第一医院及所辖基地,神经病学,10,全日制,293
大连医科大学,不是,不是,不是,是,附属第二医院及所辖基地,神经病学,3,全日制,293
大连医科大学,不是,不是,不是,是,附属第一医院及所辖基地,皮肤病与性病学,2,全日制,293
大连医科大学,不是,不是,不是,是,附属第二医院及所辖基地,皮肤病与性病学,3,全日制,293
大连医科大学,不是,不是,不是,是,不区分院系,影像医学与核医学,3,全日制,293
大连医科大学,不是,不是,不是,是,附属第一医院及所辖基地,影像医学与核医学,8,全日制,293
大连医科大学,不是,不是,不是,是,附属第二医院及所辖基地,影像医学与核医学,3,全日制,293
辽宁大学,不是,是,是,不是,哲学院,马克思主义哲学,25,全日制,322
辽宁大学,不是,是,是,不是,哲学院,中国哲学,6,全日制,328
辽宁大学,不是,是,是,不是,哲学院,外国哲学,4,全日制,323
辽宁大学,不是,是,是,不是,哲学院,伦理学,4,全日制,328
辽宁大学,不是,是,是,不是,哲学院,美学,4,全日制,347
辽宁大学,不是,是,是,不是,哲学院,马克思主义哲学,25,全日制,322
辽宁大学,不是,是,是,不是,哲学院,中国哲学,6,全日制,328
辽宁大学,不是,是,是,不是,哲学院,外国哲学,4,全日制,323
辽宁大学,不是,是,是,不是,哲学院,伦理学,4,全日制,328
辽宁大学,不是,是,是,不是,哲学院,美学,4,全日制,347
辽宁大学,不是,是,是,不是,哲学院,应用伦理,6,全日制,339
辽宁大学,不是,是,是,不是,哲学院,应用伦理,5,非全日制,339
辽宁大学,不是,是,是,不是,经济学院,政治经济学,12,全日制,338
辽宁大学,不是,是,是,不是,经济学院,经济史,3,全日制,338
辽宁大学,不是,是,是,不是,经济学院,西方经济学,16,全日制,344
辽宁大学,不是,是,是,不是,国际经济政治学院,世界经济,23,全日制,323
辽宁大学,不是,是,是,不是,公共管理学院,人口、资源与环境经济学,8,全日制,323
辽宁大学,不是,是,是,不是,经济学院,国民经济学,30,全日制,362
辽宁大学,不是,是,是,不是,经济学院,区域经济学,12,全日制,339
辽宁大学,不是,是,是,不是,经济学院,财政学,7,全日制,363
辽宁大学,不是,是,是,不是,金融与贸易学院,金融学,25,全日制,323
辽宁大学,不是,是,是,不是,经济学院,产业经济学,13,全日制,357
辽宁大学,不是,是,是,不是,金融与贸易学院,国际贸易学,10,全日制,323
辽宁大学,不是,是,是,不是,经济学院,劳动经济学,3,全日制,338
辽宁大学,不是,是,是,不是,经济学院,统计学,7,全日制,338
辽宁大学,不是,是,是,不是,经济学院,数量经济学,5,全日制,338
辽宁大学,不是,是,是,不是,国际经济政治学院,金融,50,全日制,334
辽宁大学,不是,是,是,不是,金融与贸易学院,金融,55,全日制,339
辽宁大学,不是,是,是,不是,数学与统计学院,应用统计,30,全日制,348
辽宁大学,不是,是,是,不是,经济学院,应用统计,30,全日制,351
辽宁大学,不是,是,是,不是,经济学院,税务,25,全日制,366
辽宁大学,不是,是,是,不是,经济学院,税务,5,非全日制,366
辽宁大学,不是,是,是,不是,国际经济政治学院,国际商务,30,全日制,326
辽宁大学,不是,是,是,不是,金融与贸易学院,国际商务,30,全日制,335
辽宁大学,不是,是,是,不是,金融与贸易学院,保险,30,全日制,330
辽宁大学,不是,是,是,不是,商学院,资产评估,20,全日制,323
辽宁大学,不是,是,是,不是,国际经济政治学院,数字经济,10,全日制,323
辽宁大学,不是,是,是,不是,国际经济政治学院,数字经济,5,非全日制,323
辽宁大学,不是,是,是,不是,法学院,法学理论,5,全日制,323
辽宁大学,不是,是,是,不是,法学院,法律史,2,全日制,323
辽宁大学,不是,是,是,不是,法学院,宪法学与行政法学,5,全日制,323
辽宁大学,不是,是,是,不是,法学院,刑法学,8,全日制,323
辽宁大学,不是,是,是,不是,法学院,民商法学,7,全日制,323
辽宁大学,不是,是,是,不是,法学院,诉讼法学,12,全日制,323
辽宁大学,不是,是,是,不是,法学院,经济法学,10,全日制,323
辽宁大学,不是,是,是,不是,法学院,环境与资源保护法学,6,全日制,323
辽宁大学,不是,是,是,不是,法学院,国际法学,10,全日制,323
辽宁大学,不是,是,是,不是,国际经济政治学院,政治学理论,5,全日制,323
辽宁大学,不是,是,是,不是,马克思主义学院,科学社会主义与国际共产主义运动,3,全日制,391
辽宁大学,不是,是,是,不是,马克思主义学院,中共党史,4,全日制,343
沈阳农业大学,不是,不是,不是,是,农学院,大气科学,28,全日制,274
沈阳农业大学,不是,不是,不是,是,生物科学技术学院,植物学,16,全日制,274
沈阳农业大学,不是,不是,不是,是,农学院,大气科学,28,全日制,274
沈阳农业大学,不是,不是,不是,是,生物科学技术学院,植物学,16,全日制,274
沈阳农业大学,不是,不是,不是,是,生物科学技术学院,动物学,7,全日制,274
沈阳农业大学,不是,不是,不是,是,生物科学技术学院,微生物学,15,全日制,274
沈阳农业大学,不是,不是,不是,是,生物科学技术学院,遗传学,13,全日制,274
沈阳农业大学,不是,不是,不是,是,生物科学技术学院,细胞生物学,11,全日制,274
沈阳农业大学,不是,不是,不是,是,生物科学技术学院,生物化学与分子生物学,15,全日制,274
沈阳农业大学,不是,不是,不是,是,农学院,生态学,6,全日制,274
沈阳农业大学,不是,不是,不是,是,农学院,气象,17,全日制,274
沈阳农业大学,不是,不是,不是,是,土地与环境学院,环境科学,6,全日制,274
沈阳农业大学,不是,不是,不是,是,土地与环境学院,环境工程,20,全日制,274
沈阳农业大学,不是,不是,不是,是,水利学院,水力学及河流动力学,2,全日制,251
沈阳农业大学,不是,不是,不是,是,水利学院,水利水电工程,4,全日制,251
沈阳农业大学,不是,不是,不是,是,工程学院,农业机械化工程,13,全日制,251
沈阳农业大学,不是,不是,不是,是,水利学院,农业水土工程,13,全日制,251
沈阳农业大学,不是,不是,不是,是,工程学院,农业生物环境与能源工程,5,全日制,251
沈阳农业大学,不是,不是,不是,是,信息与电气工程学院,农业电气化与自动化,14,全日制,251
沈阳农业大学,不是,不是,不是,是,食品学院,食品科学,63,全日制,260
沈阳农业大学,不是,不是,不是,是,食品学院,粮食、油脂及植物蛋白工程,3,全日制,260
沈阳农业大学,不是,不是,不是,是,食品学院,农产品加工及贮藏工程,3,全日制,260
沈阳农业大学,不是,不是,不是,是,信息与电气工程学院,新一代电子信息技术（含量子技术等）,20,全日制,260
沈阳农业大学,不是,不是,不是,是,信息与电气工程学院,计算机技术,24,全日制,260
辽宁师范大学,不是,不是,不是,是,海洋可持续发展研究院,区域经济学,3,全日制,323
辽宁师范大学,不是,不是,不是,是,海洋可持续发展研究院,产业经济学,3,全日制,323
辽宁师范大学,不是,不是,不是,是,法政学院,法学理论,6,全日制,323
辽宁师范大学,不是,不是,不是,是,法政学院,宪法学与行政法学,3,全日制,323
辽宁师范大学,不是,不是,不是,是,法政学院,民商法学,11,全日制,323
辽宁师范大学,不是,不是,不是,是,海洋可持续发展研究院,区域经济学,3,全日制,323
辽宁师范大学,不是,不是,不是,是,海洋可持续发展研究院,产业经济学,3,全日制,323
辽宁师范大学,不是,不是,不是,是,法政学院,法学理论,6,全日制,323
辽宁师范大学,不是,不是,不是,是,法政学院,宪法学与行政法学,3,全日制,323
辽宁师范大学,不是,不是,不是,是,法政学院,民商法学,11,全日制,323
辽宁师范大学,不是,不是,不是,是,法政学院,诉讼法学,6,全日制,323
辽宁师范大学,不是,不是,不是,是,法政学院,政治学理论,8,全日制,323
辽宁师范大学,不是,不是,不是,是,法政学院,中外政治制度,6,全日制,323
辽宁师范大学,不是,不是,不是,是,法政学院,国际政治,4,全日制,323
辽宁师范大学,不是,不是,不是,是,马克思主义学院,马克思主义基本原理,7,全日制,323
辽宁师范大学,不是,不是,不是,是,马克思主义学院,马克思主义中国化研究,7,全日制,323
辽宁师范大学,不是,不是,不是,是,马克思主义学院,思想政治教育,22,全日制,323
辽宁师范大学,不是,不是,不是,是,马克思主义学院,中国近现代史基本问题研究,3,全日制,323
辽宁师范大学,不是,不是,不是,是,法政学院,法律（非法学）,8,全日制,323
辽宁师范大学,不是,不是,不是,是,法政学院,法律（法学）,6,全日制,323
辽宁师范大学,不是,不是,不是,是,教育学部,教育学原理,22,全日制,341
辽宁师范大学,不是,不是,不是,是,文学院,课程与教学论,10,全日制,341
辽宁师范大学,不是,不是,不是,是,外国语学院,课程与教学论,5,全日制,341
辽宁师范大学,不是,不是,不是,是,国际教育学院,课程与教学论,6,全日制,341
辽宁师范大学,不是,不是,不是,是,教育学部,课程与教学论,11,全日制,341
辽宁师范大学,不是,不是,不是,是,管理学院,课程与教学论,12,全日制,341
辽宁师范大学,不是,不是,不是,是,教育学部,教育史,4,全日制,341
辽宁师范大学,不是,不是,不是,是,教育学部,比较教育学,9,全日制,341
辽宁师范大学,不是,不是,不是,是,教育学部,学前教育学,6,全日制,341
辽宁师范大学,不是,不是,不是,是,教育学部,高等教育学,9,全日制,341
辽宁师范大学,不是,不是,不是,是,教育学部,特殊教育学,5,全日制,341
辽宁师范大学,不是,不是,不是,是,教育学部,教育技术学,14,全日制,341
辽宁师范大学,不是,不是,不是,是,心理学院,基础心理学,19,全日制,341
沈阳工业大学,不是,不是,不是,是,经济学院,应用经济学,15,全日制,323
沈阳工业大学,不是,不是,不是,是,经济学院,金融,49,全日制,323
沈阳工业大学,不是,不是,不是,是,经济学院,国际商务,15,全日制,323
沈阳工业大学,不是,不是,不是,是,文法学院,法学,34,全日制,323
沈阳工业大学,不是,不是,不是,是,马克思主义学院,马克思主义理论,39,全日制,323
沈阳工业大学,不是,不是,不是,是,经济学院,应用经济学,15,全日制,323
沈阳工业大学,不是,不是,不是,是,经济学院,金融,49,全日制,323
沈阳工业大学,不是,不是,不是,是,经济学院,国际商务,15,全日制,323
沈阳工业大学,不是,不是,不是,是,文法学院,法学,34,全日制,323
沈阳工业大学,不是,不是,不是,是,马克思主义学院,马克思主义理论,39,全日制,323
沈阳工业大学,不是,不是,不是,是,理学院,数学,43,全日制,274
沈阳工业大学,不是,不是,不是,是,理学院,物理学,24,全日制,274
沈阳工业大学,不是,不是,不是,是,机械工程学院,机械工程,60,全日制,260
沈阳工业大学,不是,不是,不是,是,信息科学与工程学院,仪器科学与技术,31,全日制,260
沈阳工业大学,不是,不是,不是,是,材料科学与工程学院,材料科学与工程,100,全日制,260
大连工业大学,不是,不是,不是,是,轻工与化学工程学院,化学,14,全日制,274
大连工业大学,不是,不是,不是,是,生物工程学院,生物学,37,全日制,274
大连工业大学,不是,不是,不是,是,轻工与化学工程学院,环境科学与工程,8,全日制,274
大连工业大学,不是,不是,不是,是,机械工程与自动化学院,机械工程,16,全日制,260
大连工业大学,不是,不是,不是,是,信息科学与工程学院,光学工程,19,全日制,260
大连工业大学,不是,不是,不是,是,轻工与化学工程学院,化学,14,全日制,274
大连工业大学,不是,不是,不是,是,生物工程学院,生物学,37,全日制,274
大连工业大学,不是,不是,不是,是,轻工与化学工程学院,环境科学与工程,8,全日制,274
大连工业大学,不是,不是,不是,是,机械工程与自动化学院,机械工程,16,全日制,260
大连工业大学,不是,不是,不是,是,信息科学与工程学院,光学工程,19,全日制,260
沈阳航空航天大学,不是,不是,不是,是,马克思主义学院,马克思主义理论,29,全日制,323
沈阳航空航天大学,不是,不是,不是,是,马克思主义学院,马克思主义理论,29,全日制,323
沈阳航空航天大学,不是,不是,不是,是,理学院,数学,13,全日制,274
沈阳航空航天大学,不是,不是,不是,是,航空宇航学院,力学,14,全日制,251
沈阳航空航天大学,不是,不是,不是,是,机电工程学院,机械工程,31,全日制,260
沈阳航空航天大学,不是,不是,不是,是,材料科学与工程学院,材料科学与工程,29,全日制,260
沈阳航空航天大学,不是,不是,不是,是,航空发动机学院,动力工程及工程热物理,6,全日制,251
沈阳药科大学,不是,不是,不是,是,药学院,化学,9,全日制,274
沈阳药科大学,不是,不是,不是,是,制药工程学院,化学,19,全日制,274
沈阳药科大学,不是,不是,不是,是,生命科学与生物制药学院,生物学,12,全日制,274
沈阳药科大学,不是,不是,不是,是,制药工程学院,化学工程与技术,27,全日制,260
沈阳药科大学,不是,不是,不是,是,功能食品与葡萄酒学院,食品科学与工程,19,全日制,260
沈阳药科大学,不是,不是,不是,是,药学院,化学,9,全日制,274
沈阳药科大学,不是,不是,不是,是,制药工程学院,化学,19,全日制,274
沈阳药科大学,不是,不是,不是,是,生命科学与生物制药学院,生物学,12,全日制,274
沈阳药科大学,不是,不是,不是,是,制药工程学院,化学工程与技术,27,全日制,260
沈阳药科大学,不是,不是,不是,是,功能食品与葡萄酒学院,食品科学与工程,19,全日制,260
沈阳建筑大学,不是,不是,不是,是,马克思主义学院,马克思主义理论,40,全日制,323
沈阳建筑大学,不是,不是,不是,是,外国语学院,英语笔译,38,全日制,351
沈阳建筑大学,不是,不是,不是,是,外国语学院,英语笔译,8,非全日制,351
沈阳建筑大学,不是,不是,不是,是,土木工程学院,力学,6,全日制,251
沈阳建筑大学,不是,不是,不是,是,机械工程学院,机械工程,22,全日制,260
沈阳建筑大学,不是,不是,不是,是,马克思主义学院,马克思主义理论,40,全日制,323
沈阳建筑大学,不是,不是,不是,是,外国语学院,英语笔译,38,全日制,351
沈阳建筑大学,不是,不是,不是,是,外国语学院,英语笔译,8,非全日制,351
沈阳建筑大学,不是,不是,不是,是,土木工程学院,力学,6,全日制,251
沈阳建筑大学,不是,不是,不是,是,机械工程学院,机械工程,22,全日制,260
沈阳建筑大学,不是,不是,不是,是,材料科学与工程学院,材料科学与工程,40,全日制,260
沈阳建筑大学,不是,不是,不是,是,电气与控制工程学院,电气工程,16,全日制,260
沈阳建筑大学,不是,不是,不是,是,电气与控制工程学院,控制科学与工程,32,全日制,260
沈阳建筑大学,不是,不是,不是,是,计算机科学与工程学院,计算机科学与技术,30,全日制,260
沈阳建筑大学,不是,不是,不是,是,建筑与规划学院,建筑学,30,全日制,260
沈阳化工大学,不是,不是,不是,是,经济与管理学院,应用经济学,4,全日制,323
沈阳化工大学,不是,不是,不是,是,经济与管理学院,金融学,5,全日制,323
沈阳化工大学,不是,不是,不是,是,经济与管理学院,产业经济学,5,全日制,323
沈阳化工大学,不是,不是,不是,是,马克思主义学院,马克思主义理论,20,全日制,323
沈阳化工大学,不是,不是,不是,是,人文与艺术学院,社会工作,40,全日制,323
沈阳化工大学,不是,不是,不是,是,经济与管理学院,应用经济学,4,全日制,323
沈阳化工大学,不是,不是,不是,是,经济与管理学院,金融学,5,全日制,323
沈阳化工大学,不是,不是,不是,是,经济与管理学院,产业经济学,5,全日制,323
沈阳化工大学,不是,不是,不是,是,马克思主义学院,马克思主义理论,20,全日制,323
沈阳化工大学,不是,不是,不是,是,人文与艺术学院,社会工作,40,全日制,323
沈阳化工大学,不是,不是,不是,是,外国语学院,英语语言文学,18,全日制,351
沈阳化工大学,不是,不是,不是,是,外国语学院,俄语语言文学,2,全日制,351
沈阳化工大学,不是,不是,不是,是,理学院,化学,64,全日制,274
沈阳化工大学,不是,不是,不是,是,材料科学与工程学院,高分子化学与物理,23,全日制,274
沈阳化工大学,不是,不是,不是,是,机械与动力工程学院,机械工程,15,全日制,260
渤海大学,不是,不是,不是,是,经济学院,金融,35,全日制,323
渤海大学,不是,不是,不是,是,经济学院,国际商务,12,全日制,323
渤海大学,不是,不是,不是,是,法学院,法律（非法学）,28,全日制,323
渤海大学,不是,不是,不是,是,经济学院,金融,35,全日制,323
渤海大学,不是,不是,不是,是,经济学院,国际商务,12,全日制,323
渤海大学,不是,不是,不是,是,法学院,法律（非法学）,28,全日制,323
渤海大学,不是,不是,不是,是,法学院,法律（非法学）,10,非全日制,323
渤海大学,不是,不是,不是,是,法学院,法律（法学）,28,全日制,323
渤海大学,不是,不是,不是,是,法学院,法律（法学）,10,非全日制,323
渤海大学,不是,不是,不是,是,教育科学学院,教育管理,10,非全日制,341
渤海大学,不是,不是,不是,是,马克思主义学院,学科教学（思政）,25,全日制,341
渤海大学,不是,不是,不是,是,马克思主义学院,学科教学（思政）,10,非全日制,341
渤海大学,不是,不是,不是,是,文学院,学科教学（语文）,35,全日制,341
渤海大学,不是,不是,不是,是,文学院,学科教学（语文）,10,非全日制,341
渤海大学,不是,不是,不是,是,数学科学学院,学科教学（数学）,20,全日制,341
大连大学,不是,不是,不是,是,马克思主义学院,马克思主义理论,11,全日制,323
大连大学,不是,不是,不是,是,体育学院,体育学,7,全日制,304
大连大学,不是,不是,不是,是,马克思主义学院,学科教学（思政）,2,全日制,341
大连大学,不是,不是,不是,是,教育学院,学科教学（语文）,5,全日制,341
大连大学,不是,不是,不是,是,马克思主义学院,马克思主义理论,11,全日制,323
大连大学,不是,不是,不是,是,体育学院,体育学,7,全日制,304
大连大学,不是,不是,不是,是,马克思主义学院,学科教学（思政）,2,全日制,341
大连大学,不是,不是,不是,是,教育学院,学科教学（语文）,5,全日制,341
大连大学,不是,不是,不是,是,外国语学院,学科教学（英语）,7,全日制,341
大连大学,不是,不是,不是,是,体育学院,学科教学（体育）,2,全日制,341
大连大学,不是,不是,不是,是,教育学院,小学教育,25,全日制,341
大连大学,不是,不是,不是,是,教育学院,小学教育,2,非全日制,341
大连大学,不是,不是,不是,是,体育学院,体育,13,全日制,304
大连大学,不是,不是,不是,是,人文学部,国际中文教育,13,全日制,341
大连大学,不是,不是,不是,是,人文学部,中国语言文学,11,全日制,351
大连大学,不是,不是,不是,是,外国语学院,英语语言文学,7,全日制,351
大连大学,不是,不是,不是,是,外国语学院,日语语言文学,5,全日制,351
大连大学,不是,不是,不是,是,人文学部,中国史,11,全日制,336
大连大学,不是,不是,不是,是,环境与化学工程学院,化学,47,全日制,274
大连大学,不是,不是,不是,是,六盘水师范学院联合培养项目,化学,8,全日制,274
大连大学,不是,不是,不是,是,生命健康学院,生物学,43,全日制,274
大连大学,不是,不是,不是,是,医学院,生理学,3,全日制,274
辽宁石油化工大学,不是,不是,不是,是,马克思主义学院,马克思主义理论,35,全日制,323
辽宁石油化工大学,不是,不是,不是,是,外国语学院,英语笔译,10,全日制,351
辽宁石油化工大学,不是,不是,不是,是,外国语学院,俄语笔译,3,全日制,351
辽宁石油化工大学,不是,不是,不是,是,理学院,物理学,19,全日制,274
辽宁石油化工大学,不是,不是,不是,是,石油化工学院,无机化学,6,全日制,274
辽宁石油化工大学,不是,不是,不是,是,马克思主义学院,马克思主义理论,35,全日制,323
辽宁石油化工大学,不是,不是,不是,是,外国语学院,英语笔译,10,全日制,351
辽宁石油化工大学,不是,不是,不是,是,外国语学院,俄语笔译,3,全日制,351
辽宁石油化工大学,不是,不是,不是,是,理学院,物理学,19,全日制,274
辽宁石油化工大学,不是,不是,不是,是,石油化工学院,无机化学,6,全日制,274
辽宁石油化工大学,不是,不是,不是,是,石油化工学院,分析化学,6,全日制,274
辽宁石油化工大学,不是,不是,不是,是,石油化工学院,有机化学,6,全日制,274
辽宁石油化工大学,不是,不是,不是,是,石油化工学院,物理化学,6,全日制,274
辽宁石油化工大学,不是,不是,不是,是,石油化工学院,高分子化学与物理,4,全日制,274
沈阳师范大学,不是,不是,不是,是,法学院,法律（非法学）,29,全日制,323
沈阳师范大学,不是,不是,不是,是,法学院,法律（非法学）,29,全日制,323
沈阳师范大学,不是,不是,不是,是,法学院,法律（非法学）,5,非全日制,323
沈阳师范大学,不是,不是,不是,是,法学院,法律（法学）,28,全日制,323
沈阳师范大学,不是,不是,不是,是,法学院,法律（法学）,4,非全日制,323
沈阳师范大学,不是,不是,不是,是,教育科学学院,教育学原理,5,全日制,341
沈阳师范大学,不是,不是,不是,是,学前与初等教育学院,课程与教学论,1,全日制,341
沈阳师范大学,不是,不是,不是,是,旅游管理学院,课程与教学论,1,全日制,341
沈阳师范大学,不是,不是,不是,是,教育科学学院,课程与教学论,7,全日制,341
沈阳师范大学,不是,不是,不是,是,教师教育学院,课程与教学论,1,全日制,341
沈阳师范大学,不是,不是,不是,是,教育科学学院,教育史,2,全日制,341
沈阳师范大学,不是,不是,不是,是,教育科学学院,比较教育学,1,全日制,341
沈阳师范大学,不是,不是,不是,是,学前与初等教育学院,学前教育学,10,全日制,341
沈阳师范大学,不是,不是,不是,是,教育科学学院,高等教育学,8,全日制,341
沈阳师范大学,不是,不是,不是,是,教育科学学院,职业技术教育学,2,全日制,341
沈阳师范大学,不是,不是,不是,是,教育科学学院,教育法学,1,全日制,341
大连交通大学,不是,不是,不是,是,马克思主义学院,马克思主义理论,19,全日制,323
大连交通大学,不是,不是,不是,是,基础部,数学,21,全日制,274
大连交通大学,不是,不是,不是,是,交通工程学院,力学,11,全日制,251
大连交通大学,不是,不是,不是,是,机械工程学院,机械工程,71,全日制,260
大连交通大学,不是,不是,不是,是,詹天佑学院（中车学院）,车辆工程,72,全日制,260
大连交通大学,不是,不是,不是,是,马克思主义学院,马克思主义理论,19,全日制,323
大连交通大学,不是,不是,不是,是,基础部,数学,21,全日制,274
大连交通大学,不是,不是,不是,是,交通工程学院,力学,11,全日制,251
大连交通大学,不是,不是,不是,是,机械工程学院,机械工程,71,全日制,260
大连交通大学,不是,不是,不是,是,詹天佑学院（中车学院）,车辆工程,72,全日制,260
大连交通大学,不是,不是,不是,是,材料科学与工程学院,材料科学与工程,57,全日制,260
大连交通大学,不是,不是,不是,是,电气工程学院,控制科学与工程,38,全日制,260
大连交通大学,不是,不是,不是,是,轨道智能工程学院,计算机科学与技术,18,全日制,260
大连交通大学,不是,不是,不是,是,交通工程学院,道路与铁道工程,15,全日制,260
大连交通大学,不是,不是,不是,是,电气工程学院,交通信息工程及控制,11,全日制,260
大连民族大学,不是,不是,不是,是,应用统计类别,应用统计,13,全日制,323
大连民族大学,不是,不是,不是,是,国际商务类别,国际商务,40,全日制,323
大连民族大学,不是,不是,不是,是,数字经济类别,数字经济,14,全日制,323
大连民族大学,不是,不是,不是,是,民族学一级学科,马克思主义民族理论与政策,12,全日制,323
大连民族大学,不是,不是,不是,是,法律类别,法律（非法学）,7,全日制,323
大连民族大学,不是,不是,不是,是,应用统计类别,应用统计,13,全日制,323
大连民族大学,不是,不是,不是,是,国际商务类别,国际商务,40,全日制,323
大连民族大学,不是,不是,不是,是,数字经济类别,数字经济,14,全日制,323
大连民族大学,不是,不是,不是,是,民族学一级学科,马克思主义民族理论与政策,12,全日制,323
大连民族大学,不是,不是,不是,是,法律类别,法律（非法学）,7,全日制,323
沈阳体育学院,不是,不是,不是,是,管理与新闻传播学院,体育人文社会学,10,全日制,304
沈阳体育学院,不是,不是,不是,是,运动健康学院,运动人体科学,21,全日制,322
沈阳体育学院,不是,不是,不是,是,体育教育学院,体育教育训练学,17,全日制,304
沈阳体育学院,不是,不是,不是,是,运动训练学院,体育教育训练学,17,全日制,304
沈阳体育学院,不是,不是,不是,是,管理与新闻传播学院,体育人文社会学,10,全日制,304
沈阳体育学院,不是,不是,不是,是,运动健康学院,运动人体科学,21,全日制,322
沈阳体育学院,不是,不是,不是,是,体育教育学院,体育教育训练学,17,全日制,304
沈阳体育学院,不是,不是,不是,是,运动训练学院,体育教育训练学,17,全日制,304
鞍山师范学院,不是,不是,不是,是,社会治理学院,社会工作,11,全日制,323
鞍山师范学院,不是,不是,不是,是,社会治理学院,社会工作,1,非全日制,323
鞍山师范学院,不是,不是,不是,是,马克思主义学院,学科教学（思政）,20,全日制,341
鞍山师范学院,不是,不是,不是,是,马克思主义学院,学科教学（思政）,1,非全日制,341
鞍山师范学院,不是,不是,不是,是,人文与传播学院,学科教学（语文）,22,全日制,341
沈阳工程学院,不是,不是,不是,是,自动化学院,控制工程,10,全日制,260
鲁迅美术学院,不是,不是,不是,是,人文学院,艺术学,32,全日制,351
鲁迅美术学院,不是,不是,不是,是,人文学院（大连）,艺术学,6,全日制,351
鲁迅美术学院,不是,不是,不是,是,中国画学院,美术与书法,25,全日制,351
鲁迅美术学院,不是,不是,不是,是,绘画艺术学院,美术与书法,31,全日制,351
鲁迅美术学院,不是,不是,不是,是,人文学院,美术与书法,0,全日制,351
鲁迅美术学院,不是,不是,不是,是,人文学院,艺术学,32,全日制,351
鲁迅美术学院,不是,不是,不是,是,人文学院（大连）,艺术学,6,全日制,351
鲁迅美术学院,不是,不是,不是,是,中国画学院,美术与书法,25,全日制,351
鲁迅美术学院,不是,不是,不是,是,绘画艺术学院,美术与书法,31,全日制,351
鲁迅美术学院,不是,不是,不是,是,人文学院,美术与书法,0,全日制,351
沈阳音乐学院,不是,不是,不是,是,作曲系,艺术学,9,全日制,351
沈阳音乐学院,不是,不是,不是,是,音乐学系,艺术学,30,全日制,351
沈阳音乐学院,不是,不是,不是,是,舞蹈学院,艺术学,10,全日制,351
沈阳音乐学院,不是,不是,不是,是,音乐教育学院,艺术学,1,全日制,351
沈阳音乐学院,不是,不是,不是,是,作曲系,音乐,11,全日制,351
中共辽宁省委党校,不是,不是,不是,不是,不区分院系,政治学理论,5,全日制,323
中共辽宁省委党校,不是,不是,不是,不是,不区分院系,科学社会主义与国际共产主义运动,3,全日制,323
中共辽宁省委党校,不是,不是,不是,不是,不区分院系,马克思主义基本原理,5,全日制,323
中共辽宁省委党校,不是,不是,不是,不是,不区分院系,马克思主义中国化研究,5,全日制,323
中共辽宁省委党校,不是,不是,不是,不是,不区分院系,思想政治教育,3,全日制,323
中国科学院大连化学物理研究所,不是,不是,不是,不是,不区分院系,原子与分子物理,1,全日制,286
中国科学院大连化学物理研究所,不是,不是,不是,不是,不区分院系,光学,1,全日制,274
中国科学院大连化学物理研究所,不是,不是,不是,不是,不区分院系,分析化学,1,全日制,274
中国科学院大连化学物理研究所,不是,不是,不是,不是,不区分院系,有机化学,2,全日制,278
中国科学院大连化学物理研究所,不是,不是,不是,不是,不区分院系,物理化学,4,全日制,300
中国科学院金属研究所,不是,不是,不是,不是,不区分院系,材料与化工,80,全日制,300
大连理工大学,是,是,是,不是,（主校区）人文学院,哲学,11,全日制,335
大连理工大学,是,是,是,不是,（主校区）经济管理学院,金融学,1,全日制,350
大连理工大学,是,是,是,不是,（主校区）经济管理学院,产业经济学,5,全日制,350
大连理工大学,是,是,是,不是,（主校区）经济管理学院,国际贸易学,2,全日制,350
大连理工大学,是,是,是,不是,（主校区）经济管理学院,金融,10,全日制,350
大连理工大学,是,是,是,不是,（主校区）人文学院,哲学,11,全日制,335
大连理工大学,是,是,是,不是,（主校区）经济管理学院,金融学,1,全日制,350
大连理工大学,是,是,是,不是,（主校区）经济管理学院,产业经济学,5,全日制,350
大连理工大学,是,是,是,不是,（主校区）经济管理学院,国际贸易学,2,全日制,350
大连理工大学,是,是,是,不是,（主校区）经济管理学院,金融,10,全日制,350
大连理工大学,是,是,是,不是,（主校区）MBA-EMBA教育中心,金融,5,非全日制,350
大连理工大学,是,是,是,不是,（主校区）数学科学学院,应用统计,8,全日制,350
大连理工大学,是,是,是,不是,（主校区）马克思主义学院,马克思主义理论,31,全日制,360
大连理工大学,是,是,是,不是,（主校区）高等教育研究院,教育学,8,全日制,350
大连理工大学,是,是,是,不是,（主校区）体育与健康学院,体育学,6,全日制,313
大连理工大学,是,是,是,不是,（主校区）高等教育研究院,教育管理,20,非全日制,350
大连理工大学,是,是,是,不是,（主校区）体育与健康学院,体育,6,全日制,313
大连理工大学,是,是,是,不是,（主校区）国际教育学院,国际中文教育,6,全日制,350
大连理工大学,是,是,是,不是,（主校区）外国语学院,英语语言文学,2,全日制,360
大连理工大学,是,是,是,不是,（主校区）外国语学院,日语语言文学,3,全日制,360
大连理工大学,是,是,是,不是,（主校区）外国语学院,外国语言学及应用语言学,6,全日制,360
大连理工大学,是,是,是,不是,（主校区）外国语学院,英语笔译,4,全日制,360
大连理工大学,是,是,是,不是,（主校区）外国语学院,英语笔译,5,非全日制,360
大连理工大学,是,是,是,不是,（主校区）外国语学院,日语笔译,4,全日制,360
大连理工大学,是,是,是,不是,（主校区）人文学院,新闻与传播,10,全日制,360
大连理工大学,是,是,是,不是,（主校区）数学科学学院,数学,21,全日制,300
大连理工大学,是,是,是,不是,（主校区）物理学院,物理学,59,全日制,300
大连理工大学,是,是,是,不是,（主校区）大连理工大学白俄罗斯国立大学联合学院,凝聚态物理,8,全日制,300
大连理工大学,是,是,是,不是,（主校区）化学学院,化学,64,全日制,300
大连理工大学,是,是,是,不是,（主校区）化工学院,高分子化学与物理,2,全日制,300
大连理工大学,是,是,是,不是,（主校区）生物工程学院,生物学,8,全日制,300
大连理工大学,是,是,是,不是,（盘锦校区）化工海洋与生命学院,生物学,5,全日制,300
大连理工大学,是,是,是,不是,（主校区）化工学院,药学,6,全日制,300
大连理工大学,是,是,是,不是,（主校区）医学部,药学,16,全日制,300
大连理工大学,是,是,是,不是,（主校区）力学与航空航天学院,力学,10,全日制,300
大连理工大学,是,是,是,不是,（主校区）大连理工大学白俄罗斯国立大学联合学院,工程力学,6,全日制,300
大连理工大学,是,是,是,不是,（盘锦校区）化工海洋与生命学院,工程力学,9,全日制,300
大连理工大学,是,是,是,不是,（主校区）机械工程学院,机械工程,20,全日制,300
大连理工大学,是,是,是,不是,（主校区）机械工程学院,车辆工程,5,全日制,300
大连理工大学,是,是,是,不是,（主校区）光电工程与仪器科学学院,仪器科学与技术,9,全日制,300
大连理工大学,是,是,是,不是,（主校区）材料科学与工程学院,材料科学与工程,15,全日制,300
大连理工大学,是,是,是,不是,（主校区）能源与动力学院,动力工程及工程热物理,30,全日制,300
大连理工大学,是,是,是,不是,（主校区）化工学院,化工过程机械,1,全日制,300
大连理工大学,是,是,是,不是,（主校区）电气工程学院,电气工程,7,全日制,300
大连理工大学,是,是,是,不是,（主校区）信息与通信工程学院,信息与通信工程,5,全日制,300
东北大学,是,是,是,不是,马克思主义学院,哲学,18,全日制,335
东北大学,是,是,是,不是,工商管理学院,应用经济学,62,全日制,345
东北大学,是,是,是,不是,理学院,应用统计,51,全日制,345
东北大学,是,是,是,不是,工商管理学院,国际商务,12,全日制,345
东北大学,是,是,是,不是,秦皇岛分校,民族学,15,全日制,350
东北大学,是,是,是,不是,马克思主义学院,哲学,18,全日制,335
东北大学,是,是,是,不是,工商管理学院,应用经济学,62,全日制,345
东北大学,是,是,是,不是,理学院,应用统计,51,全日制,345
东北大学,是,是,是,不是,工商管理学院,国际商务,12,全日制,345
东北大学,是,是,是,不是,秦皇岛分校,民族学,15,全日制,350
东北大学,是,是,是,不是,马克思主义学院,马克思主义理论,75,全日制,350
东北大学,是,是,是,不是,体育部,体育学,14,全日制,315
东北大学,是,是,是,不是,体育部,体育,16,全日制,315
东北大学,是,是,是,不是,外国语学院,英语语言文学,8,全日制,355
东北大学,是,是,是,不是,外国语学院,俄语语言文学,5,全日制,355
东北大学,是,是,是,不是,外国语学院,日语语言文学,7,全日制,355
东北大学,是,是,是,不是,外国语学院,外国语言学及应用语言学,18,全日制,355
东北大学,是,是,是,不是,外国语学院,英语笔译,45,全日制,355
东北大学,是,是,是,不是,外国语学院,英语口译,10,全日制,355
东北大学,是,是,是,不是,外国语学院,日语笔译,13,全日制,355
东北大学,是,是,是,不是,理学院,数学,67,全日制,315
东北大学,是,是,是,不是,理学院,物理学,34,全日制,315
东北大学,是,是,是,不是,理学院,化学,105,全日制,315
东北大学,是,是,是,不是,生命科学与健康学院,生物学,71,全日制,315
东北大学,是,是,是,不是,理学院,力学,12,全日制,280
中国医科大学,不是,不是,不是,是,医学人文学院,伦理学,2,全日制,321
中国医科大学,不是,不是,不是,是,医学人文学院,应用心理学,1,全日制,341
中国医科大学,不是,不是,不是,是,医学人文学院,应用心理,17,全日制,341
中国医科大学,不是,不是,不是,是,生命科学学院,动物学,1,全日制,274
中国医科大学,不是,不是,不是,是,生命科学学院,生理学,2,全日制,274
中国医科大学,不是,不是,不是,是,医学人文学院,伦理学,2,全日制,321
中国医科大学,不是,不是,不是,是,医学人文学院,应用心理学,1,全日制,341
中国医科大学,不是,不是,不是,是,医学人文学院,应用心理,17,全日制,341
中国医科大学,不是,不是,不是,是,生命科学学院,动物学,1,全日制,274
中国医科大学,不是,不是,不是,是,生命科学学院,生理学,2,全日制,274
中国医科大学,不是,不是,不是,是,健康科学研究院,生理学,2,全日制,274
中国医科大学,不是,不是,不是,是,生命科学学院,神经生物学,4,全日制,274
中国医科大学,不是,不是,不是,是,健康科学研究院,神经生物学,1,全日制,274
中国医科大学,不是,不是,不是,是,生命科学学院,遗传学,3,全日制,274
中国医科大学,不是,不是,不是,是,第二临床学院,遗传学,9,全日制,274
中国医科大学,不是,不是,不是,是,生命科学学院,细胞生物学,23,全日制,274
中国医科大学,不是,不是,不是,是,健康科学研究院,细胞生物学,13,全日制,274
中国医科大学,不是,不是,不是,是,生命科学学院,生物化学与分子生物学,3,全日制,274
中国医科大学,不是,不是,不是,是,健康科学研究院,生物化学与分子生物学,1,全日制,274
中国医科大学,不是,不是,不是,是,智能医学学院,生物物理学,4,全日制,274
中国医科大学,不是,不是,不是,是,智能医学学院,生物医学工程,2,全日制,260
中国医科大学,不是,不是,不是,是,基础医学院,人体解剖与组织胚胎学,5,全日制,293
中国医科大学,不是,不是,不是,是,健康科学研究院,人体解剖与组织胚胎学,8,全日制,293
中国医科大学,不是,不是,不是,是,基础医学院,免疫学,8,全日制,293
中国医科大学,不是,不是,不是,是,健康科学研究院,免疫学,1,全日制,293
中国医科大学,不是,不是,不是,是,基础医学院,病原生物学,2,全日制,293
中国医科大学,不是,不是,不是,是,基础医学院,病理学与病理生理学,9,全日制,293
中国医科大学,不是,不是,不是,是,健康科学研究院,病理学与病理生理学,3,全日制,293
中国医科大学,不是,不是,不是,是,第二临床学院,病理学与病理生理学,1,全日制,293
中国医科大学,不是,不是,不是,是,第一临床学院,内科学,57,全日制,300
中国医科大学,不是,不是,不是,是,第二临床学院,内科学,26,全日制,300
中国医科大学,不是,不是,不是,是,第四临床学院,内科学,7,全日制,300
中国医科大学,不是,不是,不是,是,第一临床学院,儿科学,2,全日制,300
中国医科大学,不是,不是,不是,是,第二临床学院,儿科学,23,全日制,300
中国医科大学,不是,不是,不是,是,第一临床学院,老年医学,5,全日制,300
中国医科大学,不是,不是,不是,是,第二临床学院,老年医学,1,全日制,300
中国医科大学,不是,不是,不是,是,第一临床学院,神经病学,5,全日制,300
中国医科大学,不是,不是,不是,是,第二临床学院,神经病学,5,全日制,300
中国医科大学,不是,不是,不是,是,第四临床学院,神经病学,1,全日制,300
中国医科大学,不是,不是,不是,是,第二临床学院,精神病与精神卫生学,4,全日制,300
中国医科大学,不是,不是,不是,是,第一临床学院,皮肤病与性病学,14,全日制,300
中国医科大学,不是,不是,不是,是,第二临床学院,皮肤病与性病学,1,全日制,300
中国医科大学,不是,不是,不是,是,第一临床学院,影像医学与核医学,30,全日制,300
中国医科大学,不是,不是,不是,是,第二临床学院,影像医学与核医学,23,全日制,300
中国医科大学,不是,不是,不是,是,第四临床学院,影像医学与核医学,4,全日制,300
中国医科大学,不是,不是,不是,是,中国医科大学人民医院,影像医学与核医学,1,全日制,300
中国医科大学,不是,不是,不是,是,第一临床学院,临床检验诊断学,25,全日制,300
中国医科大学,不是,不是,不是,是,第二临床学院,临床检验诊断学,5,全日制,300
中国医科大学,不是,不是,不是,是,第一临床学院,外科学,51,全日制,300
中国医科大学,不是,不是,不是,是,第二临床学院,外科学,38,全日制,300
中国医科大学,不是,不是,不是,是,第四临床学院,外科学,15,全日制,300
中国医科大学,不是,不是,不是,是,第一临床学院,妇产科学,3,全日制,300
中国医科大学,不是,不是,不是,是,第二临床学院,妇产科学,36,全日制,300
中国医科大学,不是,不是,不是,是,第四临床学院,妇产科学,1,全日制,300
中国医科大学,不是,不是,不是,是,第一临床学院,眼科学,3,全日制,300
东北财经大学,不是,不是,不是,是,马克思主义学院,政治经济学,6,全日制,323
东北财经大学,不是,不是,不是,是,国际经济贸易学院,世界经济,8,全日制,323
东北财经大学,不是,不是,不是,是,投资工程管理学院,国民经济学,16,全日制,323
东北财经大学,不是,不是,不是,是,东北全面振兴研究院,区域经济学,5,全日制,323
东北财经大学,不是,不是,不是,是,马克思主义学院,政治经济学,6,全日制,323
东北财经大学,不是,不是,不是,是,国际经济贸易学院,世界经济,8,全日制,323
东北财经大学,不是,不是,不是,是,投资工程管理学院,国民经济学,16,全日制,323
东北财经大学,不是,不是,不是,是,东北全面振兴研究院,区域经济学,5,全日制,323
东北财经大学,不是,不是,不是,是,财政税务学院,财政学,22,全日制,332
东北财经大学,不是,不是,不是,是,东北全面振兴研究院,财政学,20,全日制,323
东北财经大学,不是,不是,不是,是,金融学院,金融学,34,全日制,323
东北财经大学,不是,不是,不是,是,产业组织与企业组织研究中心,产业经济学,30,全日制,323
东北财经大学,不是,不是,不是,是,经济学院,产业经济学,11,全日制,323
东北财经大学,不是,不是,不是,是,国际经济贸易学院,国际贸易学,19,全日制,323
东北财经大学,不是,不是,不是,是,经济学院,劳动经济学,15,全日制,323
东北财经大学,不是,不是,不是,是,经济学院,数量经济学,34,全日制,326
东北财经大学,不是,不是,不是,是,金融学院,金融,153,全日制,323
东北财经大学,不是,不是,不是,是,金融学院,金融,15,非全日制,323
东北财经大学,不是,不是,不是,是,国际商学院,金融,29,全日制,323
东北财经大学,不是,不是,不是,是,金融科技学院,金融,35,全日制,328
东北财经大学,不是,不是,不是,是,统计学院,应用统计,120,全日制,334
东北财经大学,不是,不是,不是,是,国际商学院,应用统计,20,全日制,323
东北财经大学,不是,不是,不是,是,财政税务学院,税务,58,全日制,353
大连医科大学,不是,不是,不是,是,马克思主义学院,马克思主义理论,14,全日制,323
大连医科大学,不是,不是,不是,是,实验动物中心,动物学,9,全日制,274
大连医科大学,不是,不是,不是,是,基础医学院,生理学,5,全日制,274
大连医科大学,不是,不是,不是,是,马克思主义学院,马克思主义理论,14,全日制,323
大连医科大学,不是,不是,不是,是,实验动物中心,动物学,9,全日制,274
大连医科大学,不是,不是,不是,是,基础医学院,生理学,5,全日制,274
大连医科大学,不是,不是,不是,是,基础医学院,微生物学,2,全日制,274
大连医科大学,不是,不是,不是,是,基础医学院,神经生物学,2,全日制,274
大连医科大学,不是,不是,不是,是,基础医学院,发育生物学,1,全日制,274
大连医科大学,不是,不是,不是,是,基础医学院,细胞生物学,6,全日制,274
大连医科大学,不是,不是,不是,是,肿瘤干细胞研究院,细胞生物学,17,全日制,274
大连医科大学,不是,不是,不是,是,基础医学院,生物化学与分子生物学,8,全日制,274
大连医科大学,不是,不是,不是,是,肿瘤干细胞研究院,生物化学与分子生物学,18,全日制,274
大连医科大学,不是,不是,不是,是,附属第二医院及所辖基地,生物化学与分子生物学,2,全日制,274
大连医科大学,不是,不是,不是,是,基础医学院,人体解剖与组织胚胎学,17,全日制,293
大连医科大学,不是,不是,不是,是,基础医学院,免疫学,7,全日制,293
大连医科大学,不是,不是,不是,是,基础医学院,病原生物学,12,全日制,293
大连医科大学,不是,不是,不是,是,医学科学研究院,病理学与病理生理学,9,全日制,293
大连医科大学,不是,不是,不是,是,基础医学院,病理学与病理生理学,4,全日制,293
大连医科大学,不是,不是,不是,是,不区分院系,内科学,10,全日制,293
大连医科大学,不是,不是,不是,是,附属第一医院及所辖基地,内科学,34,全日制,293
大连医科大学,不是,不是,不是,是,附属第二医院及所辖基地,内科学,18,全日制,293
大连医科大学,不是,不是,不是,是,大连医科大学北部战区总医院研究生培养基地,内科学,5,全日制,293
大连医科大学,不是,不是,不是,是,不区分院系,儿科学,3,全日制,293
大连医科大学,不是,不是,不是,是,附属第二医院及所辖基地,儿科学,1,全日制,293
大连医科大学,不是,不是,不是,是,不区分院系,老年医学,1,全日制,293
大连医科大学,不是,不是,不是,是,附属第一医院及所辖基地,老年医学,2,全日制,293
大连医科大学,不是,不是,不是,是,附属第一医院及所辖基地,神经病学,10,全日制,293
大连医科大学,不是,不是,不是,是,附属第二医院及所辖基地,神经病学,3,全日制,293
大连医科大学,不是,不是,不是,是,附属第一医院及所辖基地,皮肤病与性病学,2,全日制,293
大连医科大学,不是,不是,不是,是,附属第二医院及所辖基地,皮肤病与性病学,3,全日制,293
大连医科大学,不是,不是,不是,是,不区分院系,影像医学与核医学,3,全日制,293
大连医科大学,不是,不是,不是,是,附属第一医院及所辖基地,影像医学与核医学,8,全日制,293
大连医科大学,不是,不是,不是,是,附属第二医院及所辖基地,影像医学与核医学,3,全日制,293
辽宁大学,不是,是,是,不是,哲学院,马克思主义哲学,25,全日制,322
辽宁大学,不是,是,是,不是,哲学院,中国哲学,6,全日制,328
辽宁大学,不是,是,是,不是,哲学院,外国哲学,4,全日制,323
辽宁大学,不是,是,是,不是,哲学院,伦理学,4,全日制,328
辽宁大学,不是,是,是,不是,哲学院,美学,4,全日制,347
辽宁大学,不是,是,是,不是,哲学院,马克思主义哲学,25,全日制,322
辽宁大学,不是,是,是,不是,哲学院,中国哲学,6,全日制,328
辽宁大学,不是,是,是,不是,哲学院,外国哲学,4,全日制,323
辽宁大学,不是,是,是,不是,哲学院,伦理学,4,全日制,328
辽宁大学,不是,是,是,不是,哲学院,美学,4,全日制,347
辽宁大学,不是,是,是,不是,哲学院,应用伦理,6,全日制,339
辽宁大学,不是,是,是,不是,哲学院,应用伦理,5,非全日制,339
辽宁大学,不是,是,是,不是,经济学院,政治经济学,12,全日制,338
辽宁大学,不是,是,是,不是,经济学院,经济史,3,全日制,338
辽宁大学,不是,是,是,不是,经济学院,西方经济学,16,全日制,344
辽宁大学,不是,是,是,不是,国际经济政治学院,世界经济,23,全日制,323
辽宁大学,不是,是,是,不是,公共管理学院,人口、资源与环境经济学,8,全日制,323
辽宁大学,不是,是,是,不是,经济学院,国民经济学,30,全日制,362
辽宁大学,不是,是,是,不是,经济学院,区域经济学,12,全日制,339
辽宁大学,不是,是,是,不是,经济学院,财政学,7,全日制,363
辽宁大学,不是,是,是,不是,金融与贸易学院,金融学,25,全日制,323
辽宁大学,不是,是,是,不是,经济学院,产业经济学,13,全日制,357
辽宁大学,不是,是,是,不是,金融与贸易学院,国际贸易学,10,全日制,323
辽宁大学,不是,是,是,不是,经济学院,劳动经济学,3,全日制,338
辽宁大学,不是,是,是,不是,经济学院,统计学,7,全日制,338
辽宁大学,不是,是,是,不是,经济学院,数量经济学,5,全日制,338
辽宁大学,不是,是,是,不是,国际经济政治学院,金融,50,全日制,334
辽宁大学,不是,是,是,不是,金融与贸易学院,金融,55,全日制,339
辽宁大学,不是,是,是,不是,数学与统计学院,应用统计,30,全日制,348
辽宁大学,不是,是,是,不是,经济学院,应用统计,30,全日制,351
辽宁大学,不是,是,是,不是,经济学院,税务,25,全日制,366
辽宁大学,不是,是,是,不是,经济学院,税务,5,非全日制,366
辽宁大学,不是,是,是,不是,国际经济政治学院,国际商务,30,全日制,326
辽宁大学,不是,是,是,不是,金融与贸易学院,国际商务,30,全日制,335
辽宁大学,不是,是,是,不是,金融与贸易学院,保险,30,全日制,330
辽宁大学,不是,是,是,不是,商学院,资产评估,20,全日制,323
辽宁大学,不是,是,是,不是,国际经济政治学院,数字经济,10,全日制,323
辽宁大学,不是,是,是,不是,国际经济政治学院,数字经济,5,非全日制,323
辽宁大学,不是,是,是,不是,法学院,法学理论,5,全日制,323
辽宁大学,不是,是,是,不是,法学院,法律史,2,全日制,323
辽宁大学,不是,是,是,不是,法学院,宪法学与行政法学,5,全日制,323
辽宁大学,不是,是,是,不是,法学院,刑法学,8,全日制,323
辽宁大学,不是,是,是,不是,法学院,民商法学,7,全日制,323
辽宁大学,不是,是,是,不是,法学院,诉讼法学,12,全日制,323
辽宁大学,不是,是,是,不是,法学院,经济法学,10,全日制,323
辽宁大学,不是,是,是,不是,法学院,环境与资源保护法学,6,全日制,323
辽宁大学,不是,是,是,不是,法学院,国际法学,10,全日制,323
辽宁大学,不是,是,是,不是,国际经济政治学院,政治学理论,5,全日制,323
辽宁大学,不是,是,是,不是,马克思主义学院,科学社会主义与国际共产主义运动,3,全日制,391
辽宁大学,不是,是,是,不是,马克思主义学院,中共党史,4,全日制,343
沈阳农业大学,不是,不是,不是,是,农学院,大气科学,28,全日制,274
沈阳农业大学,不是,不是,不是,是,生物科学技术学院,植物学,16,全日制,274
沈阳农业大学,不是,不是,不是,是,农学院,大气科学,28,全日制,274
沈阳农业大学,不是,不是,不是,是,生物科学技术学院,植物学,16,全日制,274
沈阳农业大学,不是,不是,不是,是,生物科学技术学院,动物学,7,全日制,274
沈阳农业大学,不是,不是,不是,是,生物科学技术学院,微生物学,15,全日制,274
沈阳农业大学,不是,不是,不是,是,生物科学技术学院,遗传学,13,全日制,274
沈阳农业大学,不是,不是,不是,是,生物科学技术学院,细胞生物学,11,全日制,274
沈阳农业大学,不是,不是,不是,是,生物科学技术学院,生物化学与分子生物学,15,全日制,274
沈阳农业大学,不是,不是,不是,是,农学院,生态学,6,全日制,274
沈阳农业大学,不是,不是,不是,是,农学院,气象,17,全日制,274
沈阳农业大学,不是,不是,不是,是,土地与环境学院,环境科学,6,全日制,274
沈阳农业大学,不是,不是,不是,是,土地与环境学院,环境工程,20,全日制,274
沈阳农业大学,不是,不是,不是,是,水利学院,水力学及河流动力学,2,全日制,251
沈阳农业大学,不是,不是,不是,是,水利学院,水利水电工程,4,全日制,251
沈阳农业大学,不是,不是,不是,是,工程学院,农业机械化工程,13,全日制,251
沈阳农业大学,不是,不是,不是,是,水利学院,农业水土工程,13,全日制,251
沈阳农业大学,不是,不是,不是,是,工程学院,农业生物环境与能源工程,5,全日制,251
沈阳农业大学,不是,不是,不是,是,信息与电气工程学院,农业电气化与自动化,14,全日制,251
沈阳农业大学,不是,不是,不是,是,食品学院,食品科学,63,全日制,260
沈阳农业大学,不是,不是,不是,是,食品学院,粮食、油脂及植物蛋白工程,3,全日制,260
沈阳农业大学,不是,不是,不是,是,食品学院,农产品加工及贮藏工程,3,全日制,260
沈阳农业大学,不是,不是,不是,是,信息与电气工程学院,新一代电子信息技术（含量子技术等）,20,全日制,260
沈阳农业大学,不是,不是,不是,是,信息与电气工程学院,计算机技术,24,全日制,260
辽宁师范大学,不是,不是,不是,是,海洋可持续发展研究院,区域经济学,3,全日制,323
辽宁师范大学,不是,不是,不是,是,海洋可持续发展研究院,产业经济学,3,全日制,323
辽宁师范大学,不是,不是,不是,是,法政学院,法学理论,6,全日制,323
辽宁师范大学,不是,不是,不是,是,法政学院,宪法学与行政法学,3,全日制,323
辽宁师范大学,不是,不是,不是,是,法政学院,民商法学,11,全日制,323
辽宁师范大学,不是,不是,不是,是,海洋可持续发展研究院,区域经济学,3,全日制,323
辽宁师范大学,不是,不是,不是,是,海洋可持续发展研究院,产业经济学,3,全日制,323
辽宁师范大学,不是,不是,不是,是,法政学院,法学理论,6,全日制,323
辽宁师范大学,不是,不是,不是,是,法政学院,宪法学与行政法学,3,全日制,323
辽宁师范大学,不是,不是,不是,是,法政学院,民商法学,11,全日制,323
辽宁师范大学,不是,不是,不是,是,法政学院,诉讼法学,6,全日制,323
辽宁师范大学,不是,不是,不是,是,法政学院,政治学理论,8,全日制,323
辽宁师范大学,不是,不是,不是,是,法政学院,中外政治制度,6,全日制,323
辽宁师范大学,不是,不是,不是,是,法政学院,国际政治,4,全日制,323
辽宁师范大学,不是,不是,不是,是,马克思主义学院,马克思主义基本原理,7,全日制,323
辽宁师范大学,不是,不是,不是,是,马克思主义学院,马克思主义中国化研究,7,全日制,323
辽宁师范大学,不是,不是,不是,是,马克思主义学院,思想政治教育,22,全日制,323
辽宁师范大学,不是,不是,不是,是,马克思主义学院,中国近现代史基本问题研究,3,全日制,323
辽宁师范大学,不是,不是,不是,是,法政学院,法律（非法学）,8,全日制,323
辽宁师范大学,不是,不是,不是,是,法政学院,法律（法学）,6,全日制,323
辽宁师范大学,不是,不是,不是,是,教育学部,教育学原理,22,全日制,341
辽宁师范大学,不是,不是,不是,是,文学院,课程与教学论,10,全日制,341
辽宁师范大学,不是,不是,不是,是,外国语学院,课程与教学论,5,全日制,341
辽宁师范大学,不是,不是,不是,是,国际教育学院,课程与教学论,6,全日制,341
辽宁师范大学,不是,不是,不是,是,教育学部,课程与教学论,11,全日制,341
辽宁师范大学,不是,不是,不是,是,管理学院,课程与教学论,12,全日制,341
辽宁师范大学,不是,不是,不是,是,教育学部,教育史,4,全日制,341
辽宁师范大学,不是,不是,不是,是,教育学部,比较教育学,9,全日制,341
辽宁师范大学,不是,不是,不是,是,教育学部,学前教育学,6,全日制,341
辽宁师范大学,不是,不是,不是,是,教育学部,高等教育学,9,全日制,341
辽宁师范大学,不是,不是,不是,是,教育学部,特殊教育学,5,全日制,341
辽宁师范大学,不是,不是,不是,是,教育学部,教育技术学,14,全日制,341
辽宁师范大学,不是,不是,不是,是,心理学院,基础心理学,19,全日制,341
沈阳工业大学,不是,不是,不是,是,经济学院,应用经济学,15,全日制,323
沈阳工业大学,不是,不是,不是,是,经济学院,金融,49,全日制,323
沈阳工业大学,不是,不是,不是,是,经济学院,国际商务,15,全日制,323
沈阳工业大学,不是,不是,不是,是,文法学院,法学,34,全日制,323
沈阳工业大学,不是,不是,不是,是,马克思主义学院,马克思主义理论,39,全日制,323
沈阳工业大学,不是,不是,不是,是,经济学院,应用经济学,15,全日制,323
沈阳工业大学,不是,不是,不是,是,经济学院,金融,49,全日制,323
沈阳工业大学,不是,不是,不是,是,经济学院,国际商务,15,全日制,323
沈阳工业大学,不是,不是,不是,是,文法学院,法学,34,全日制,323
沈阳工业大学,不是,不是,不是,是,马克思主义学院,马克思主义理论,39,全日制,323
沈阳工业大学,不是,不是,不是,是,理学院,数学,43,全日制,274
沈阳工业大学,不是,不是,不是,是,理学院,物理学,24,全日制,274
沈阳工业大学,不是,不是,不是,是,机械工程学院,机械工程,60,全日制,260
沈阳工业大学,不是,不是,不是,是,信息科学与工程学院,仪器科学与技术,31,全日制,260
沈阳工业大学,不是,不是,不是,是,材料科学与工程学院,材料科学与工程,100,全日制,260
大连工业大学,不是,不是,不是,是,轻工与化学工程学院,化学,14,全日制,274
大连工业大学,不是,不是,不是,是,生物工程学院,生物学,37,全日制,274
大连工业大学,不是,不是,不是,是,轻工与化学工程学院,环境科学与工程,8,全日制,274
大连工业大学,不是,不是,不是,是,机械工程与自动化学院,机械工程,16,全日制,260
大连工业大学,不是,不是,不是,是,信息科学与工程学院,光学工程,19,全日制,260
大连工业大学,不是,不是,不是,是,轻工与化学工程学院,化学,14,全日制,274
大连工业大学,不是,不是,不是,是,生物工程学院,生物学,37,全日制,274
大连工业大学,不是,不是,不是,是,轻工与化学工程学院,环境科学与工程,8,全日制,274
大连工业大学,不是,不是,不是,是,机械工程与自动化学院,机械工程,16,全日制,260
大连工业大学,不是,不是,不是,是,信息科学与工程学院,光学工程,19,全日制,260
沈阳航空航天大学,不是,不是,不是,是,马克思主义学院,马克思主义理论,29,全日制,323
沈阳航空航天大学,不是,不是,不是,是,马克思主义学院,马克思主义理论,29,全日制,323
沈阳航空航天大学,不是,不是,不是,是,理学院,数学,13,全日制,274
沈阳航空航天大学,不是,不是,不是,是,航空宇航学院,力学,14,全日制,251
沈阳航空航天大学,不是,不是,不是,是,机电工程学院,机械工程,31,全日制,260
沈阳航空航天大学,不是,不是,不是,是,材料科学与工程学院,材料科学与工程,29,全日制,260
沈阳航空航天大学,不是,不是,不是,是,航空发动机学院,动力工程及工程热物理,6,全日制,251
沈阳药科大学,不是,不是,不是,是,药学院,化学,9,全日制,274
沈阳药科大学,不是,不是,不是,是,制药工程学院,化学,19,全日制,274
沈阳药科大学,不是,不是,不是,是,生命科学与生物制药学院,生物学,12,全日制,274
沈阳药科大学,不是,不是,不是,是,制药工程学院,化学工程与技术,27,全日制,260
沈阳药科大学,不是,不是,不是,是,功能食品与葡萄酒学院,食品科学与工程,19,全日制,260
沈阳药科大学,不是,不是,不是,是,药学院,化学,9,全日制,274
沈阳药科大学,不是,不是,不是,是,制药工程学院,化学,19,全日制,274
沈阳药科大学,不是,不是,不是,是,生命科学与生物制药学院,生物学,12,全日制,274
沈阳药科大学,不是,不是,不是,是,制药工程学院,化学工程与技术,27,全日制,260
沈阳药科大学,不是,不是,不是,是,功能食品与葡萄酒学院,食品科学与工程,19,全日制,260
沈阳建筑大学,不是,不是,不是,是,马克思主义学院,马克思主义理论,40,全日制,323
沈阳建筑大学,不是,不是,不是,是,外国语学院,英语笔译,38,全日制,351
沈阳建筑大学,不是,不是,不是,是,外国语学院,英语笔译,8,非全日制,351
沈阳建筑大学,不是,不是,不是,是,土木工程学院,力学,6,全日制,251
沈阳建筑大学,不是,不是,不是,是,机械工程学院,机械工程,22,全日制,260
沈阳建筑大学,不是,不是,不是,是,马克思主义学院,马克思主义理论,40,全日制,323
沈阳建筑大学,不是,不是,不是,是,外国语学院,英语笔译,38,全日制,351
沈阳建筑大学,不是,不是,不是,是,外国语学院,英语笔译,8,非全日制,351
沈阳建筑大学,不是,不是,不是,是,土木工程学院,力学,6,全日制,251
沈阳建筑大学,不是,不是,不是,是,机械工程学院,机械工程,22,全日制,260
沈阳建筑大学,不是,不是,不是,是,材料科学与工程学院,材料科学与工程,40,全日制,260
沈阳建筑大学,不是,不是,不是,是,电气与控制工程学院,电气工程,16,全日制,260
沈阳建筑大学,不是,不是,不是,是,电气与控制工程学院,控制科学与工程,32,全日制,260
沈阳建筑大学,不是,不是,不是,是,计算机科学与工程学院,计算机科学与技术,30,全日制,260
沈阳建筑大学,不是,不是,不是,是,建筑与规划学院,建筑学,30,全日制,260
沈阳化工大学,不是,不是,不是,是,经济与管理学院,应用经济学,4,全日制,323
沈阳化工大学,不是,不是,不是,是,经济与管理学院,金融学,5,全日制,323
沈阳化工大学,不是,不是,不是,是,经济与管理学院,产业经济学,5,全日制,323
沈阳化工大学,不是,不是,不是,是,马克思主义学院,马克思主义理论,20,全日制,323
沈阳化工大学,不是,不是,不是,是,人文与艺术学院,社会工作,40,全日制,323
沈阳化工大学,不是,不是,不是,是,经济与管理学院,应用经济学,4,全日制,323
沈阳化工大学,不是,不是,不是,是,经济与管理学院,金融学,5,全日制,323
沈阳化工大学,不是,不是,不是,是,经济与管理学院,产业经济学,5,全日制,323
沈阳化工大学,不是,不是,不是,是,马克思主义学院,马克思主义理论,20,全日制,323
沈阳化工大学,不是,不是,不是,是,人文与艺术学院,社会工作,40,全日制,323
沈阳化工大学,不是,不是,不是,是,外国语学院,英语语言文学,18,全日制,351
沈阳化工大学,不是,不是,不是,是,外国语学院,俄语语言文学,2,全日制,351
沈阳化工大学,不是,不是,不是,是,理学院,化学,64,全日制,274
沈阳化工大学,不是,不是,不是,是,材料科学与工程学院,高分子化学与物理,23,全日制,274
沈阳化工大学,不是,不是,不是,是,机械与动力工程学院,机械工程,15,全日制,260
渤海大学,不是,不是,不是,是,经济学院,金融,35,全日制,323
渤海大学,不是,不是,不是,是,经济学院,国际商务,12,全日制,323
渤海大学,不是,不是,不是,是,法学院,法律（非法学）,28,全日制,323
渤海大学,不是,不是,不是,是,经济学院,金融,35,全日制,323
渤海大学,不是,不是,不是,是,经济学院,国际商务,12,全日制,323
渤海大学,不是,不是,不是,是,法学院,法律（非法学）,28,全日制,323
渤海大学,不是,不是,不是,是,法学院,法律（非法学）,10,非全日制,323
渤海大学,不是,不是,不是,是,法学院,法律（法学）,28,全日制,323
渤海大学,不是,不是,不是,是,法学院,法律（法学）,10,非全日制,323
渤海大学,不是,不是,不是,是,教育科学学院,教育管理,10,非全日制,341
渤海大学,不是,不是,不是,是,马克思主义学院,学科教学（思政）,25,全日制,341
渤海大学,不是,不是,不是,是,马克思主义学院,学科教学（思政）,10,非全日制,341
渤海大学,不是,不是,不是,是,文学院,学科教学（语文）,35,全日制,341
渤海大学,不是,不是,不是,是,文学院,学科教学（语文）,10,非全日制,341
渤海大学,不是,不是,不是,是,数学科学学院,学科教学（数学）,20,全日制,341
大连大学,不是,不是,不是,是,马克思主义学院,马克思主义理论,11,全日制,323
大连大学,不是,不是,不是,是,体育学院,体育学,7,全日制,304
大连大学,不是,不是,不是,是,马克思主义学院,学科教学（思政）,2,全日制,341
大连大学,不是,不是,不是,是,教育学院,学科教学（语文）,5,全日制,341
大连大学,不是,不是,不是,是,马克思主义学院,马克思主义理论,11,全日制,323
大连大学,不是,不是,不是,是,体育学院,体育学,7,全日制,304
大连大学,不是,不是,不是,是,马克思主义学院,学科教学（思政）,2,全日制,341
大连大学,不是,不是,不是,是,教育学院,学科教学（语文）,5,全日制,341
大连大学,不是,不是,不是,是,外国语学院,学科教学（英语）,7,全日制,341
大连大学,不是,不是,不是,是,体育学院,学科教学（体育）,2,全日制,341
大连大学,不是,不是,不是,是,教育学院,小学教育,25,全日制,341
大连大学,不是,不是,不是,是,教育学院,小学教育,2,非全日制,341
大连大学,不是,不是,不是,是,体育学院,体育,13,全日制,304
大连大学,不是,不是,不是,是,人文学部,国际中文教育,13,全日制,341
大连大学,不是,不是,不是,是,人文学部,中国语言文学,11,全日制,351
大连大学,不是,不是,不是,是,外国语学院,英语语言文学,7,全日制,351
大连大学,不是,不是,不是,是,外国语学院,日语语言文学,5,全日制,351
大连大学,不是,不是,不是,是,人文学部,中国史,11,全日制,336
大连大学,不是,不是,不是,是,环境与化学工程学院,化学,47,全日制,274
大连大学,不是,不是,不是,是,六盘水师范学院联合培养项目,化学,8,全日制,274
大连大学,不是,不是,不是,是,生命健康学院,生物学,43,全日制,274
大连大学,不是,不是,不是,是,医学院,生理学,3,全日制,274
辽宁石油化工大学,不是,不是,不是,是,马克思主义学院,马克思主义理论,35,全日制,323
辽宁石油化工大学,不是,不是,不是,是,外国语学院,英语笔译,10,全日制,351
辽宁石油化工大学,不是,不是,不是,是,外国语学院,俄语笔译,3,全日制,351
辽宁石油化工大学,不是,不是,不是,是,理学院,物理学,19,全日制,274
辽宁石油化工大学,不是,不是,不是,是,石油化工学院,无机化学,6,全日制,274
辽宁石油化工大学,不是,不是,不是,是,马克思主义学院,马克思主义理论,35,全日制,323
辽宁石油化工大学,不是,不是,不是,是,外国语学院,英语笔译,10,全日制,351
辽宁石油化工大学,不是,不是,不是,是,外国语学院,俄语笔译,3,全日制,351
辽宁石油化工大学,不是,不是,不是,是,理学院,物理学,19,全日制,274
辽宁石油化工大学,不是,不是,不是,是,石油化工学院,无机化学,6,全日制,274
辽宁石油化工大学,不是,不是,不是,是,石油化工学院,分析化学,6,全日制,274
辽宁石油化工大学,不是,不是,不是,是,石油化工学院,有机化学,6,全日制,274
辽宁石油化工大学,不是,不是,不是,是,石油化工学院,物理化学,6,全日制,274
辽宁石油化工大学,不是,不是,不是,是,石油化工学院,高分子化学与物理,4,全日制,274
沈阳师范大学,不是,不是,不是,是,法学院,法律（非法学）,29,全日制,323
沈阳师范大学,不是,不是,不是,是,法学院,法律（非法学）,29,全日制,323
沈阳师范大学,不是,不是,不是,是,法学院,法律（非法学）,5,非全日制,323
沈阳师范大学,不是,不是,不是,是,法学院,法律（法学）,28,全日制,323
沈阳师范大学,不是,不是,不是,是,法学院,法律（法学）,4,非全日制,323
沈阳师范大学,不是,不是,不是,是,教育科学学院,教育学原理,5,全日制,341
沈阳师范大学,不是,不是,不是,是,学前与初等教育学院,课程与教学论,1,全日制,341
沈阳师范大学,不是,不是,不是,是,旅游管理学院,课程与教学论,1,全日制,341
沈阳师范大学,不是,不是,不是,是,教育科学学院,课程与教学论,7,全日制,341
沈阳师范大学,不是,不是,不是,是,教师教育学院,课程与教学论,1,全日制,341
沈阳师范大学,不是,不是,不是,是,教育科学学院,教育史,2,全日制,341
沈阳师范大学,不是,不是,不是,是,教育科学学院,比较教育学,1,全日制,341
沈阳师范大学,不是,不是,不是,是,学前与初等教育学院,学前教育学,10,全日制,341
沈阳师范大学,不是,不是,不是,是,教育科学学院,高等教育学,8,全日制,341
沈阳师范大学,不是,不是,不是,是,教育科学学院,职业技术教育学,2,全日制,341
沈阳师范大学,不是,不是,不是,是,教育科学学院,教育法学,1,全日制,341
大连交通大学,不是,不是,不是,是,马克思主义学院,马克思主义理论,19,全日制,323
大连交通大学,不是,不是,不是,是,基础部,数学,21,全日制,274
大连交通大学,不是,不是,不是,是,交通工程学院,力学,11,全日制,251
大连交通大学,不是,不是,不是,是,机械工程学院,机械工程,71,全日制,260
大连交通大学,不是,不是,不是,是,詹天佑学院（中车学院）,车辆工程,72,全日制,260
大连交通大学,不是,不是,不是,是,马克思主义学院,马克思主义理论,19,全日制,323
大连交通大学,不是,不是,不是,是,基础部,数学,21,全日制,274
大连交通大学,不是,不是,不是,是,交通工程学院,力学,11,全日制,251
大连交通大学,不是,不是,不是,是,机械工程学院,机械工程,71,全日制,260
大连交通大学,不是,不是,不是,是,詹天佑学院（中车学院）,车辆工程,72,全日制,260
大连交通大学,不是,不是,不是,是,材料科学与工程学院,材料科学与工程,57,全日制,260
大连交通大学,不是,不是,不是,是,电气工程学院,控制科学与工程,38,全日制,260
大连交通大学,不是,不是,不是,是,轨道智能工程学院,计算机科学与技术,18,全日制,260
大连交通大学,不是,不是,不是,是,交通工程学院,道路与铁道工程,15,全日制,260
大连交通大学,不是,不是,不是,是,电气工程学院,交通信息工程及控制,11,全日制,260
大连民族大学,不是,不是,不是,是,应用统计类别,应用统计,13,全日制,323
大连民族大学,不是,不是,不是,是,国际商务类别,国际商务,40,全日制,323
大连民族大学,不是,不是,不是,是,数字经济类别,数字经济,14,全日制,323
大连民族大学,不是,不是,不是,是,民族学一级学科,马克思主义民族理论与政策,12,全日制,323
大连民族大学,不是,不是,不是,是,法律类别,法律（非法学）,7,全日制,323
大连民族大学,不是,不是,不是,是,应用统计类别,应用统计,13,全日制,323
大连民族大学,不是,不是,不是,是,国际商务类别,国际商务,40,全日制,323
大连民族大学,不是,不是,不是,是,数字经济类别,数字经济,14,全日制,323
大连民族大学,不是,不是,不是,是,民族学一级学科,马克思主义民族理论与政策,12,全日制,323
大连民族大学,不是,不是,不是,是,法律类别,法律（非法学）,7,全日制,323
沈阳体育学院,不是,不是,不是,是,管理与新闻传播学院,体育人文社会学,10,全日制,304
沈阳体育学院,不是,不是,不是,是,运动健康学院,运动人体科学,21,全日制,322
沈阳体育学院,不是,不是,不是,是,体育教育学院,体育教育训练学,17,全日制,304
沈阳体育学院,不是,不是,不是,是,运动训练学院,体育教育训练学,17,全日制,304
沈阳体育学院,不是,不是,不是,是,管理与新闻传播学院,体育人文社会学,10,全日制,304
沈阳体育学院,不是,不是,不是,是,运动健康学院,运动人体科学,21,全日制,322
沈阳体育学院,不是,不是,不是,是,体育教育学院,体育教育训练学,17,全日制,304
沈阳体育学院,不是,不是,不是,是,运动训练学院,体育教育训练学,17,全日制,304
鞍山师范学院,不是,不是,不是,是,社会治理学院,社会工作,11,全日制,323
鞍山师范学院,不是,不是,不是,是,社会治理学院,社会工作,1,非全日制,323
鞍山师范学院,不是,不是,不是,是,马克思主义学院,学科教学（思政）,20,全日制,341
鞍山师范学院,不是,不是,不是,是,马克思主义学院,学科教学（思政）,1,非全日制,341
鞍山师范学院,不是,不是,不是,是,人文与传播学院,学科教学（语文）,22,全日制,341
沈阳工程学院,不是,不是,不是,是,自动化学院,控制工程,10,全日制,260
鲁迅美术学院,不是,不是,不是,是,人文学院,艺术学,32,全日制,351
鲁迅美术学院,不是,不是,不是,是,人文学院（大连）,艺术学,6,全日制,351
鲁迅美术学院,不是,不是,不是,是,中国画学院,美术与书法,25,全日制,351
鲁迅美术学院,不是,不是,不是,是,绘画艺术学院,美术与书法,31,全日制,351
鲁迅美术学院,不是,不是,不是,是,人文学院,美术与书法,0,全日制,351
鲁迅美术学院,不是,不是,不是,是,人文学院,艺术学,32,全日制,351
鲁迅美术学院,不是,不是,不是,是,人文学院（大连）,艺术学,6,全日制,351
鲁迅美术学院,不是,不是,不是,是,中国画学院,美术与书法,25,全日制,351
鲁迅美术学院,不是,不是,不是,是,绘画艺术学院,美术与书法,31,全日制,351
鲁迅美术学院,不是,不是,不是,是,人文学院,美术与书法,0,全日制,351
沈阳音乐学院,不是,不是,不是,是,作曲系,艺术学,9,全日制,351
沈阳音乐学院,不是,不是,不是,是,音乐学系,艺术学,30,全日制,351
沈阳音乐学院,不是,不是,不是,是,舞蹈学院,艺术学,10,全日制,351
沈阳音乐学院,不是,不是,不是,是,音乐教育学院,艺术学,1,全日制,351
沈阳音乐学院,不是,不是,不是,是,作曲系,音乐,11,全日制,351
中共辽宁省委党校,不是,不是,不是,不是,不区分院系,政治学理论,5,全日制,323
中共辽宁省委党校,不是,不是,不是,不是,不区分院系,科学社会主义与国际共产主义运动,3,全日制,323
中共辽宁省委党校,不是,不是,不是,不是,不区分院系,马克思主义基本原理,5,全日制,323
中共辽宁省委党校,不是,不是,不是,不是,不区分院系,马克思主义中国化研究,5,全日制,323
中共辽宁省委党校,不是,不是,不是,不是,不区分院系,思想政治教育,3,全日制,323
中国科学院大连化学物理研究所,不是,不是,不是,不是,不区分院系,原子与分子物理,1,全日制,286
中国科学院大连化学物理研究所,不是,不是,不是,不是,不区分院系,光学,1,全日制,274
中国科学院大连化学物理研究所,不是,不是,不是,不是,不区分院系,分析化学,1,全日制,274
中国科学院大连化学物理研究所,不是,不是,不是,不是,不区分院系,有机化学,2,全日制,278
中国科学院大连化学物理研究所,不是,不是,不是,不是,不区分院系,物理化学,4,全日制,300
中国科学院金属研究所,不是,不是,不是,不是,不区分院系,材料与化工,80,全日制,300
沈阳理工大学,不是,不是,不是,是,经济管理学院,国际贸易学,5,全日制,323
沈阳理工大学,不是,不是,不是,是,外国语学院,英语笔译,32,全日制,351
沈阳理工大学,不是,不是,不是,是,外国语学院,俄语笔译,8,全日制,351
沈阳理工大学,不是,不是,不是,是,装备工程学院,力学,8,全日制,251
沈阳理工大学,不是,不是,不是,是,经济管理学院,国际贸易学,5,全日制,323
沈阳理工大学,不是,不是,不是,是,外国语学院,英语笔译,32,全日制,351
沈阳理工大学,不是,不是,不是,是,外国语学院,俄语笔译,8,全日制,351
沈阳理工大学,不是,不是,不是,是,装备工程学院,力学,8,全日制,251
辽宁工程技术大学,不是,不是,不是,是,工商管理学院,应用经济学,18,全日制,323
辽宁工程技术大学,不是,不是,不是,是,理学院,数学,34,全日制,274
辽宁工程技术大学,不是,不是,不是,是,力学与工程学院,力学,54,全日制,251
辽宁工程技术大学,不是,不是,不是,是,机械工程学院,机械工程,48,全日制,260
辽宁工程技术大学,不是,不是,不是,是,材料科学与工程学院,材料科学与工程,25,全日制,260
辽宁工程技术大学,不是,不是,不是,是,工商管理学院,应用经济学,18,全日制,323
辽宁工程技术大学,不是,不是,不是,是,理学院,数学,34,全日制,274
辽宁工程技术大学,不是,不是,不是,是,力学与工程学院,力学,54,全日制,251
辽宁工程技术大学,不是,不是,不是,是,机械工程学院,机械工程,48,全日制,260
辽宁工程技术大学,不是,不是,不是,是,材料科学与工程学院,材料科学与工程,25,全日制,260
辽宁工程技术大学,不是,不是,不是,是,机械工程学院,动力工程及工程热物理,10,全日制,251
辽宁工程技术大学,不是,不是,不是,是,电气与控制工程学院,电气工程,55,全日制,260
辽宁工程技术大学,不是,不是,不是,是,电子与信息工程学院,信息与通信工程,29,全日制,260
辽宁工程技术大学,不是,不是,不是,是,电气与控制工程学院,控制科学与工程,12,全日制,260
辽宁工程技术大学,不是,不是,不是,是,电子与信息工程学院,计算机科学与技术,19,全日制,260
辽宁工程技术大学,不是,不是,不是,是,土木工程学院,土木工程,46,全日制,260
辽宁工程技术大学,不是,不是,不是,是,测绘与地理科学学院,测绘科学与技术,52,全日制,260
辽宁工程技术大学,不是,不是,不是,是,矿业学院,地质资源与地质工程,18,全日制,251
辽宁工程技术大学,不是,不是,不是,是,矿业学院,矿业工程,49,全日制,251
辽宁工程技术大学,不是,不是,不是,是,环境科学与工程学院,环境科学与工程,8,全日制,260
辽宁工程技术大学,不是,不是,不是,是,软件学院,软件工程,45,全日制,260
辽宁工程技术大学,不是,不是,不是,是,安全科学与工程学院,安全科学与工程,48,全日制,260
辽宁工程技术大学,不是,不是,不是,是,电气与控制工程学院,电子信息,20,全日制,260
辽宁工程技术大学,不是,不是,不是,是,电气与控制工程学院,电子信息,2,非全日制,260
辽宁工程技术大学,不是,不是,不是,是,电气与控制工程学院,电子信息,1,非全日制,260
辽宁科技大学,不是,不是,不是,是,经济与法律学院,国际商务,10,全日制,323
辽宁科技大学,不是,不是,不是,是,经济与法律学院,法律（非法学）,27,全日制,323
辽宁科技大学,不是,不是,不是,是,经济与法律学院,法律（非法学）,5,非全日制,323
辽宁科技大学,不是,不是,不是,是,经济与法律学院,法律（法学）,17,全日制,323
辽宁科技大学,不是,不是,不是,是,经济与法律学院,法律（法学）,5,非全日制,323
辽宁科技大学,不是,不是,不是,是,经济与法律学院,国际商务,10,全日制,323
辽宁科技大学,不是,不是,不是,是,经济与法律学院,法律（非法学）,27,全日制,323
辽宁科技大学,不是,不是,不是,是,经济与法律学院,法律（非法学）,5,非全日制,323
辽宁科技大学,不是,不是,不是,是,经济与法律学院,法律（法学）,17,全日制,323
辽宁科技大学,不是,不是,不是,是,经济与法律学院,法律（法学）,5,非全日制,323
辽宁科技大学,不是,不是,不是,是,理学院,数学,27,全日制,274
辽宁科技大学,不是,不是,不是,是,机械工程与自动化学院,机械工程,12,全日制,260
辽宁科技大学,不是,不是,不是,是,理学院,光学工程,11,全日制,260
辽宁科技大学,不是,不是,不是,是,材料与冶金学院,材料科学与工程,28,全日制,260
辽宁科技大学,不是,不是,不是,是,材料与冶金学院,冶金工程,12,全日制,251
沈阳大学,不是,不是,不是,是,经济学院,金融学,3,全日制,323
沈阳大学,不是,不是,不是,是,经济学院,产业经济学,2,全日制,323
沈阳大学,不是,不是,不是,是,经济学院,国际商务,8,全日制,323
沈阳大学,不是,不是,不是,是,师范学院,教育学,9,全日制,341
沈阳大学,不是,不是,不是,是,经济学院,金融学,3,全日制,323
沈阳大学,不是,不是,不是,是,经济学院,产业经济学,2,全日制,323
沈阳大学,不是,不是,不是,是,经济学院,国际商务,8,全日制,323
沈阳大学,不是,不是,不是,是,师范学院,教育学,9,全日制,341
沈阳大学,不是,不是,不是,是,马克思主义学院,学科教学（思政）,7,全日制,341
沈阳大学,不是,不是,不是,是,文法学院,学科教学（语文）,8,全日制,341
辽宁中医药大学,不是,不是,不是,是,马克思主义学院,思想政治教育,15,全日制,323
辽宁中医药大学,不是,不是,不是,是,中医文献研究院,中医医史文献,2,全日制,303
辽宁中医药大学,不是,不是,不是,是,马克思主义学院,思想政治教育,15,全日制,323
辽宁中医药大学,不是,不是,不是,是,中医文献研究院,中医医史文献,2,全日制,303
辽宁中医药大学,不是,不是,不是,是,第一临床学院,中医内科学,26,全日制,301
辽宁中医药大学,不是,不是,不是,是,第二临床学院,中医内科学,5,全日制,293
辽宁中医药大学,不是,不是,不是,是,第一临床学院,中医外科学,1,全日制,323
辽宁中医药大学,不是,不是,不是,是,第二临床学院,中医外科学,2,全日制,293
辽宁中医药大学,不是,不是,不是,是,第三临床学院,中医外科学,7,全日制,293
辽宁工业大学,不是,不是,不是,是,经济管理学院,数字经济,5,全日制,323
辽宁工业大学,不是,不是,不是,是,马克思主义学院,马克思主义理论,46,全日制,323
辽宁工业大学,不是,不是,不是,是,文化传媒与艺术设计学院,新闻与传播,30,全日制,351
辽宁工业大学,不是,不是,不是,是,文化传媒与艺术设计学院,新闻与传播,5,非全日制,351
辽宁工业大学,不是,不是,不是,是,理学院,数学,50,全日制,274
辽宁工业大学,不是,不是,不是,是,经济管理学院,数字经济,5,全日制,323
辽宁工业大学,不是,不是,不是,是,马克思主义学院,马克思主义理论,46,全日制,323
辽宁工业大学,不是,不是,不是,是,文化传媒与艺术设计学院,新闻与传播,30,全日制,351
辽宁工业大学,不是,不是,不是,是,文化传媒与艺术设计学院,新闻与传播,5,非全日制,351
辽宁工业大学,不是,不是,不是,是,理学院,数学,50,全日制,274
辽宁工业大学,不是,不是,不是,是,机械工程与自动化学院,机械工程,15,全日制,260
辽宁工业大学,不是,不是,不是,是,汽车与交通工程学院,车辆工程,15,全日制,260
辽宁工业大学,不是,不是,不是,是,电气工程学院,电力系统及其自动化,5,全日制,260
辽宁工业大学,不是,不是,不是,是,电子与信息工程学院,电力电子与电力传动,8,全日制,260
大连海洋大学,不是,不是,不是,是,海洋法律与人文学院,法学,27,全日制,323
大连海洋大学,不是,不是,不是,是,马克思主义学院,马克思主义理论,15,全日制,323
大连海洋大学,不是,不是,不是,是,海洋法律与人文学院,法律（非法学）,63,全日制,323
大连海洋大学,不是,不是,不是,是,海洋法律与人文学院,法律（非法学）,5,非全日制,323
大连海洋大学,不是,不是,不是,是,海洋法律与人文学院,法律（法学）,43,全日制,323
大连海洋大学,不是,不是,不是,是,海洋法律与人文学院,法学,27,全日制,323
大连海洋大学,不是,不是,不是,是,马克思主义学院,马克思主义理论,15,全日制,323
大连海洋大学,不是,不是,不是,是,海洋法律与人文学院,法律（非法学）,63,全日制,323
大连海洋大学,不是,不是,不是,是,海洋法律与人文学院,法律（非法学）,5,非全日制,323
大连海洋大学,不是,不是,不是,是,海洋法律与人文学院,法律（法学）,43,全日制,323
大连海洋大学,不是,不是,不是,是,海洋法律与人文学院,法律（法学）,5,非全日制,323
大连海洋大学,不是,不是,不是,是,外国语与国际教育学院,英语笔译,40,全日制,351
大连海洋大学,不是,不是,不是,是,外国语与国际教育学院,日语笔译,16,全日制,351
大连海洋大学,不是,不是,不是,是,海洋科技与环境学院,海洋科学,35,全日制,274
大连海洋大学,不是,不是,不是,是,水产与生命学院,生物学,34,全日制,274
大连外国语大学,不是,不是,不是,是,商学院,理论经济学,3,全日制,323
大连外国语大学,不是,不是,不是,是,商学院,国际商务,25,全日制,323
大连外国语大学,不是,不是,不是,是,商学院,数字经济,12,全日制,323
大连外国语大学,不是,不是,不是,是,马克思主义学院,马克思主义基本原理,8,全日制,323
大连外国语大学,不是,不是,不是,是,马克思主义学院,马克思主义中国化研究,8,全日制,323
大连外国语大学,不是,不是,不是,是,商学院,理论经济学,3,全日制,323
大连外国语大学,不是,不是,不是,是,商学院,国际商务,25,全日制,323
大连外国语大学,不是,不是,不是,是,商学院,数字经济,12,全日制,323
大连外国语大学,不是,不是,不是,是,马克思主义学院,马克思主义基本原理,8,全日制,323
大连外国语大学,不是,不是,不是,是,马克思主义学院,马克思主义中国化研究,8,全日制,323
大连外国语大学,不是,不是,不是,是,马克思主义学院,思想政治教育,8,全日制,323
大连外国语大学,不是,不是,不是,是,汉学院,国际中文教育,44,全日制,341
大连外国语大学,不是,不是,不是,是,汉学院,语言学及应用语言学,7,全日制,351
大连外国语大学,不是,不是,不是,是,汉学院,汉语言文字学,4,全日制,351
锦州医科大学,不是,不是,不是,是,医学人文学院,伦理学,1,全日制,321
锦州医科大学,不是,不是,不是,是,马克思主义学院,马克思主义基本原理,11,全日制,323
锦州医科大学,不是,不是,不是,是,马克思主义学院,思想政治教育,5,全日制,323
锦州医科大学,不是,不是,不是,是,基础医学院,生理学,2,全日制,274
锦州医科大学,不是,不是,不是,是,畜牧兽医学院,微生物学,3,全日制,274
锦州医科大学,不是,不是,不是,是,医学人文学院,伦理学,1,全日制,321
锦州医科大学,不是,不是,不是,是,马克思主义学院,马克思主义基本原理,11,全日制,323
锦州医科大学,不是,不是,不是,是,马克思主义学院,思想政治教育,5,全日制,323
锦州医科大学,不是,不是,不是,是,基础医学院,生理学,2,全日制,274
锦州医科大学,不是,不是,不是,是,畜牧兽医学院,微生物学,3,全日制,274
锦州医科大学,不是,不是,不是,是,基础医学院,神经生物学,1,全日制,274
锦州医科大学,不是,不是,不是,是,畜牧兽医学院,遗传学,1,全日制,274
锦州医科大学,不是,不是,不是,是,基础医学院,细胞生物学,1,全日制,274
锦州医科大学,不是,不是,不是,是,基础医学院,生物化学与分子生物学,6,全日制,274
锦州医科大学,不是,不是,不是,是,畜牧兽医学院,畜牧,15,全日制,245
锦州医科大学,不是,不是,不是,是,食品与健康学院,食品加工与安全,19,全日制,245
锦州医科大学,不是,不是,不是,是,畜牧兽医学院,兽医,20,全日制,245
锦州医科大学,不是,不是,不是,是,基础医学院,人体解剖与组织胚胎学,12,全日制,293
锦州医科大学,不是,不是,不是,是,基础医学院,免疫学,9,全日制,293
锦州医科大学,不是,不是,不是,是,基础医学院,病原生物学,2,全日制,293
锦州医科大学,不是,不是,不是,是,基础医学院,病理学与病理生理学,5,全日制,293
中国刑事警察学院,不是,不是,不是,是,法律教研部,法学,8,全日制,338
中国刑事警察学院,不是,不是,不是,是,公安信息技术与情报学院,公安学,7,全日制,323
中国刑事警察学院,不是,不是,不是,是,侦查与反恐怖学院,公安学,26,全日制,323
中国刑事警察学院,不是,不是,不是,是,经济犯罪侦查学院,公安学,19,全日制,323
中国刑事警察学院,不是,不是,不是,是,禁毒与治安学院,公安学,18,全日制,360
中国刑事警察学院,不是,不是,不是,是,法律教研部,法学,8,全日制,338
中国刑事警察学院,不是,不是,不是,是,公安信息技术与情报学院,公安学,7,全日制,323
中国刑事警察学院,不是,不是,不是,是,侦查与反恐怖学院,公安学,26,全日制,323
中国刑事警察学院,不是,不是,不是,是,经济犯罪侦查学院,公安学,19,全日制,323
中国刑事警察学院,不是,不是,不是,是,禁毒与治安学院,公安学,18,全日制,360
沈阳医学院,不是,不是,不是,是,基础医学院,生理学,1,全日制,274
沈阳医学院,不是,不是,不是,是,基础医学院,遗传学,2,全日制,274
沈阳医学院,不是,不是,不是,是,基础医学院,细胞生物学,4,全日制,274
沈阳医学院,不是,不是,不是,是,基础医学院,生物化学与分子生物学,6,全日制,274
沈阳医学院,不是,不是,不是,是,药学院,生物技术与工程,4,全日制,260
沈阳医学院,不是,不是,不是,是,基础医学院,生理学,1,全日制,274
沈阳医学院,不是,不是,不是,是,基础医学院,遗传学,2,全日制,274
沈阳医学院,不是,不是,不是,是,基础医学院,细胞生物学,4,全日制,274
沈阳医学院,不是,不是,不是,是,基础医学院,生物化学与分子生物学,6,全日制,274
沈阳医学院,不是,不是,不是,是,药学院,生物技术与工程,4,全日制,260
中国科学院沈阳计算技术研究所,不是,不是,不是,不是,不区分院系,计算机系统结构,2,全日制,260
中国科学院沈阳计算技术研究所,不是,不是,不是,不是,不区分院系,计算机软件与理论,3,全日制,260
中国科学院沈阳计算技术研究所,不是,不是,不是,不是,不区分院系,计算机应用技术,7,全日制,260
中国科学院沈阳计算技术研究所,不是,不是,不是,不是,不区分院系,计算机技术,32,全日制,260
中国科学院沈阳计算技术研究所,不是,不是,不是,不是,不区分院系,计算机技术,23,非全日制,260
中国科学院沈阳自动化研究所,不是,不是,不是,不是,不区分院系,机械制造及其自动化,0,全日制,276
中国科学院沈阳自动化研究所,不是,不是,不是,不是,不区分院系,机械电子工程,1,全日制,276
中国科学院沈阳自动化研究所,不是,不是,不是,不是,不区分院系,控制理论与控制工程,0,全日制,318
中国科学院沈阳自动化研究所,不是,不是,不是,不是,不区分院系,检测技术与自动化装置,0,全日制,318
中国科学院沈阳自动化研究所,不是,不是,不是,不是,不区分院系,模式识别与智能系统,1,全日制,318
中国航空研究院606研究所,不是,不是,不是,不是,不区分院系,航空宇航推进理论与工程,8,全日制,295
中国科学院沈阳应用生态研究所,不是,不是,不是,不是,不区分院系,植物学,1,全日制,274
中国科学院沈阳应用生态研究所,不是,不是,不是,不是,不区分院系,微生物学,1,全日制,280
中国科学院沈阳应用生态研究所,不是,不是,不是,不是,不区分院系,生态学,17,全日制,280
中国科学院沈阳应用生态研究所,不是,不是,不是,不是,不区分院系,环境科学,1,全日制,280
中国科学院沈阳应用生态研究所,不是,不是,不是,不是,不区分院系,环境工程,3,全日制,260
沈阳化工研究院,不是,不是,不是,不是,不区分院系,应用化学,10,全日制,260
沈阳铸造研究所,不是,不是,不是,不是,不区分院系,材料加工工程,7,全日制,260
中国航空研究院601研究所,不是,不是,不是,不是,不区分院系,导航、制导与控制,0,全日制,260
中国航空研究院601研究所,不是,不是,不是,不是,不区分院系,飞行器设计,5,全日制,251
大连测控技术研究所,不是,不是,不是,不是,不区分院系,水声工程,8,全日制,251
中国航空研究院626所,不是,不是,不是,不是,不区分院系,流体力学,5,全日制,251
吉林大学,是,是,是,不是,哲学社会学院,马克思主义哲学,13,全日制,350
吉林大学,是,是,是,不是,哲学社会学院,中国哲学,8,全日制,350
吉林大学,是,是,是,不是,哲学社会学院,外国哲学,8,全日制,350
吉林大学,是,是,是,不是,哲学社会学院,伦理学,5,全日制,350
吉林大学,是,是,是,不是,哲学社会学院,美学,3,全日制,350
吉林大学,是,是,是,不是,哲学社会学院,马克思主义哲学,13,全日制,350
吉林大学,是,是,是,不是,哲学社会学院,中国哲学,8,全日制,350
吉林大学,是,是,是,不是,哲学社会学院,外国哲学,8,全日制,350
吉林大学,是,是,是,不是,哲学社会学院,伦理学,5,全日制,350
吉林大学,是,是,是,不是,哲学社会学院,美学,3,全日制,350
吉林大学,是,是,是,不是,哲学社会学院,科学技术哲学,3,全日制,350
吉林大学,是,是,是,不是,经济学院,政治经济学,15,全日制,345
吉林大学,是,是,是,不是,经济学院,西方经济学,7,全日制,345
吉林大学,是,是,是,不是,经济学院,世界经济,16,全日制,345
吉林大学,是,是,是,不是,东北亚学院,世界经济,9,全日制,345
吉林大学,是,是,是,不是,东北亚学院,人口、资源与环境经济学,8,全日制,345
吉林大学,是,是,是,不是,东北亚学院,区域经济学,21,全日制,345
吉林大学,是,是,是,不是,经济学院,财政学,9,全日制,345
吉林大学,是,是,是,不是,商学与管理学院,金融学,12,全日制,345
吉林大学,是,是,是,不是,经济学院,金融学,11,全日制,345
吉林大学,是,是,是,不是,经济学院,产业经济学,8,全日制,345
吉林大学,是,是,是,不是,商学与管理学院,数量经济学,34,全日制,345
吉林大学,是,是,是,不是,经济学院,金融,27,全日制,345
吉林大学,是,是,是,不是,珠海研究院,金融,4,全日制,345
吉林大学,是,是,是,不是,数学学院,应用统计,11,全日制,360
吉林大学,是,是,是,不是,经济学院,税务,9,全日制,345
吉林大学,是,是,是,不是,经济学院,国际商务,23,全日制,345
吉林大学,是,是,是,不是,珠海研究院,国际商务,2,全日制,345
吉林大学,是,是,是,不是,法学院,法学,98,全日制,360
吉林大学,是,是,是,不是,行政学院,政治学理论,26,全日制,360
吉林大学,是,是,是,不是,人民政协理论研究中心,政治学理论,6,全日制,360
吉林大学,是,是,是,不是,马克思主义学院,科学社会主义与国际共产主义运动,2,全日制,360
吉林大学,是,是,是,不是,行政学院,国际政治,9,全日制,360
吉林大学,是,是,是,不是,行政学院,国际关系,7,全日制,360
吉林大学,是,是,是,不是,公共外交学院,外交学,14,全日制,360
吉林大学,是,是,是,不是,哲学社会学院,社会学,23,全日制,360
吉林大学,是,是,是,不是,东北亚学院,人口学,17,全日制,360
吉林大学,是,是,是,不是,马克思主义学院,马克思主义基本原理,45,全日制,360
吉林大学,是,是,是,不是,马克思主义学院,马克思主义发展史,4,全日制,360
吉林大学,是,是,是,不是,马克思主义学院,马克思主义中国化研究,44,全日制,360
吉林大学,是,是,是,不是,马克思主义学院,国外马克思主义研究,10,全日制,360
吉林大学,是,是,是,不是,马克思主义学院,思想政治教育,24,全日制,360
吉林大学,是,是,是,不是,马克思主义学院,中国近现代史基本问题研究,5,全日制,360
吉林大学,是,是,是,不是,马克思主义学院,中共党史党建学,10,全日制,360
吉林大学,是,是,是,不是,法学院,法律（非法学）,109,全日制,340
吉林大学,是,是,是,不是,法学院,法律（法学）,90,全日制,330
吉林大学,是,是,是,不是,哲学社会学院,社会工作,15,全日制,370
吉林大学,是,是,是,不是,体育学院,体育学,17,全日制,330
吉林大学,是,是,是,不是,体育学院,体育,24,全日制,350
吉林大学,是,是,是,不是,文学院,国际中文教育,22,全日制,350
吉林大学,是,是,是,不是,哲学社会学院,应用心理,11,全日制,360
吉林大学,是,是,是,不是,文学院,文艺学,8,全日制,355
吉林大学,是,是,是,不是,文学院,语言学及应用语言学,4,全日制,355
吉林大学,是,是,是,不是,文学院,汉语言文字学,10,全日制,355
吉林大学,是,是,是,不是,文学院,中国古代文学,12,全日制,355
吉林大学,是,是,是,不是,文学院,中国现当代文学,13,全日制,355
吉林大学,是,是,是,不是,文学院,比较文学与世界文学,5,全日制,355
吉林大学,是,是,是,不是,外国语言文化学院,英语语言文学,37,全日制,355
吉林大学,是,是,是,不是,外国语言文化学院,俄语语言文学,12,全日制,355
吉林大学,是,是,是,不是,外国语言文化学院,日语语言文学,16,全日制,355
吉林大学,是,是,是,不是,外国语言文化学院,西班牙语语言文学,4,全日制,355
吉林大学,是,是,是,不是,外国语言文化学院,亚非语言文学,4,全日制,355
吉林大学,是,是,是,不是,外国语言文化学院,外国语言学及应用语言学,42,全日制,355
吉林大学,是,是,是,不是,文学院,新闻传播学,18,全日制,355
吉林大学,是,是,是,不是,外国语言文化学院,英语口译,23,全日制,380
吉林大学,是,是,是,不是,外国语言文化学院,日语笔译,16,全日制,380
吉林大学,是,是,是,不是,外国语言文化学院,朝鲜语口译,15,全日制,380
吉林大学,是,是,是,不是,文学院,新闻与传播,34,全日制,370
吉林大学,是,是,是,不是,考古学院,考古学,52,全日制,345
吉林大学,是,是,是,不是,古籍研究所,中国史,14,全日制,345
吉林大学,是,是,是,不是,历史文化学院,中国史,19,全日制,345
吉林大学,是,是,是,不是,历史文化学院,世界史,4,全日制,345
吉林大学,是,是,是,不是,考古学院,博物馆,12,全日制,345
吉林大学,是,是,是,不是,数学学院,数学,75,全日制,310
吉林大学,是,是,是,不是,数学学院,数学,1,全日制,310
吉林大学,是,是,是,不是,物理学院,物理学,108,全日制,310
吉林大学,是,是,是,不是,物理学院,物理学,1,全日制,310
吉林大学,是,是,是,不是,原子与分子物理研究所,原子与分子物理,51,全日制,310
吉林大学,是,是,是,不是,物理学院,凝聚态物理,68,全日制,310
吉林大学,是,是,是,不是,综合极端条件高压科学中心,凝聚态物理,10,全日制,310
吉林大学,是,是,是,不是,化学学院,化学,337,全日制,310
吉林大学,是,是,是,不是,化学学院,化学,1,全日制,310
吉林大学,是,是,是,不是,地球探测科学与技术学院,地球物理学,11,全日制,310
吉林大学,是,是,是,不是,地球科学学院,地质学,67,全日制,310
吉林大学,是,是,是,不是,生命科学学院,生物学,81,全日制,310
东北师范大学,不是,是,是,不是,马克思主义学部,马克思主义哲学,5,全日制,321
东北师范大学,不是,是,是,不是,马克思主义学部,中国哲学,1,全日制,321
东北师范大学,不是,是,是,不是,马克思主义学部,外国哲学,4,全日制,321
东北师范大学,不是,是,是,不是,马克思主义学部,伦理学,1,全日制,321
东北师范大学,不是,是,是,不是,马克思主义学部,科学技术哲学,2,全日制,321
东北师范大学,不是,是,是,不是,马克思主义学部,马克思主义哲学,5,全日制,321
东北师范大学,不是,是,是,不是,马克思主义学部,中国哲学,1,全日制,321
东北师范大学,不是,是,是,不是,马克思主义学部,外国哲学,4,全日制,321
东北师范大学,不是,是,是,不是,马克思主义学部,伦理学,1,全日制,321
东北师范大学,不是,是,是,不是,马克思主义学部,科学技术哲学,2,全日制,321
东北师范大学,不是,是,是,不是,经济与管理学院,区域经济学,1,全日制,323
东北师范大学,不是,是,是,不是,经济与管理学院,金融学,1,全日制,323
东北师范大学,不是,是,是,不是,经济与管理学院,产业经济学,1,全日制,323
东北师范大学,不是,是,是,不是,经济与管理学院,劳动经济学,1,全日制,323
东北师范大学,不是,是,是,不是,经济与管理学院,金融,55,全日制,323
东北师范大学,不是,是,是,不是,数学与统计学院,应用统计,10,全日制,323
东北师范大学,不是,是,是,不是,政法学院,法学,12,全日制,323
东北师范大学,不是,是,是,不是,政法学院,政治学,15,全日制,323
东北师范大学,不是,是,是,不是,马克思主义学部,社会学,3,全日制,323
东北师范大学,不是,是,是,不是,马克思主义学部,马克思主义基本原理,9,全日制,323
东北师范大学,不是,是,是,不是,马克思主义学部,马克思主义发展史,3,全日制,323
东北师范大学,不是,是,是,不是,马克思主义学部,马克思主义中国化研究,5,全日制,323
东北师范大学,不是,是,是,不是,马克思主义学部,国外马克思主义研究,4,全日制,323
东北师范大学,不是,是,是,不是,政法学院,思想政治教育,2,全日制,323
东北师范大学,不是,是,是,不是,马克思主义学部,思想政治教育,4,全日制,323
东北师范大学,不是,是,是,不是,思想政治教育研究中心,思想政治教育,23,全日制,323
东北师范大学,不是,是,是,不是,马克思主义学部,中国近现代史基本问题研究,4,全日制,323
东北师范大学,不是,是,是,不是,马克思主义学部,中共党史党建学,7,全日制,323
东北师范大学,不是,是,是,不是,政法学院,法律（非法学）,34,全日制,323
东北师范大学,不是,是,是,不是,政法学院,法律（法学）,32,全日制,323
东北师范大学,不是,是,是,不是,马克思主义学部,社会工作,27,全日制,323
东北师范大学,不是,是,是,不是,教育学部,教育学原理,14,全日制,341
东北师范大学,不是,是,是,不是,教育学部,课程与教学论,9,全日制,341
东北师范大学,不是,是,是,不是,政法学院,课程与教学论,2,全日制,341
东北师范大学,不是,是,是,不是,物理学院,课程与教学论,4,全日制,341
东北师范大学,不是,是,是,不是,地理科学学院,课程与教学论,1,全日制,341
东北师范大学,不是,是,是,不是,文学院,课程与教学论,3,全日制,341
东北师范大学,不是,是,是,不是,音乐学院,课程与教学论,1,全日制,341
东北师范大学,不是,是,是,不是,化学学院,课程与教学论,2,全日制,341
长春理工大学,不是,不是,不是,是,经济管理学院,区域经济学,9,全日制,323
长春理工大学,不是,不是,不是,是,经济管理学院,金融学,14,全日制,323
长春理工大学,不是,不是,不是,是,数学与统计学院,应用统计,27,全日制,323
长春理工大学,不是,不是,不是,是,法学院,法学,44,全日制,323
长春理工大学,不是,不是,不是,是,马克思主义学院,马克思主义理论,78,全日制,334
长春理工大学,不是,不是,不是,是,经济管理学院,区域经济学,9,全日制,323
长春理工大学,不是,不是,不是,是,经济管理学院,金融学,14,全日制,323
长春理工大学,不是,不是,不是,是,数学与统计学院,应用统计,27,全日制,323
长春理工大学,不是,不是,不是,是,法学院,法学,44,全日制,323
长春理工大学,不是,不是,不是,是,马克思主义学院,马克思主义理论,78,全日制,334
长春理工大学,不是,不是,不是,是,法学院,法律（非法学）,22,全日制,323
长春理工大学,不是,不是,不是,是,法学院,法律（法学）,20,全日制,323
长春理工大学,不是,不是,不是,是,法学院,社会工作,26,全日制,323
长春理工大学,不是,不是,不是,是,文学院,国际中文教育,5,全日制,341
长春理工大学,不是,不是,不是,是,文学院,中国语言文学,51,全日制,351
延边大学,不是,是,是,不是,经济管理学院,理论经济学,12,全日制,313
延边大学,不是,是,是,不是,理学院,应用统计,7,全日制,313
延边大学,不是,是,是,不是,经济管理学院,国际商务,10,全日制,313
延边大学,不是,是,是,不是,法学院,宪法学与行政法学,5,全日制,313
延边大学,不是,是,是,不是,经济管理学院,理论经济学,12,全日制,313
延边大学,不是,是,是,不是,理学院,应用统计,7,全日制,313
延边大学,不是,是,是,不是,经济管理学院,国际商务,10,全日制,313
延边大学,不是,是,是,不是,法学院,宪法学与行政法学,5,全日制,313
延边大学,不是,是,是,不是,法学院,刑法学,3,全日制,313
延边大学,不是,是,是,不是,法学院,民商法学,9,全日制,313
延边大学,不是,是,是,不是,法学院,国际法学,4,全日制,313
延边大学,不是,是,是,不是,人文社会科学学院,政治学,14,全日制,313
延边大学,不是,是,是,不是,马克思主义学院,马克思主义理论,34,全日制,313
延边大学,不是,是,是,不是,法学院,法律（非法学）,28,全日制,313
延边大学,不是,是,是,不是,法学院,法律（法学）,19,全日制,313
延边大学,不是,是,是,不是,师范学院,教育学原理,8,全日制,331
延边大学,不是,是,是,不是,师范学院,课程与教学论,6,全日制,331
延边大学,不是,是,是,不是,师范学院,比较教育学,3,全日制,331
延边大学,不是,是,是,不是,师范学院,教育技术学,3,全日制,331
延边大学,不是,是,是,不是,师范学院,教育管理,8,全日制,331
延边大学,不是,是,是,不是,马克思主义学院,学科教学（思政）,5,全日制,331
延边大学,不是,是,是,不是,文学院,学科教学（语文）,13,全日制,331
延边大学,不是,是,是,不是,理学院,学科教学（数学）,5,全日制,331
延边大学,不是,是,是,不是,理学院,学科教学（物理）,3,全日制,331
延边大学,不是,是,是,不是,理学院,学科教学（化学）,5,全日制,331
延边大学,不是,是,是,不是,外国语学院,学科教学（英语）,15,全日制,331
延边大学,不是,是,是,不是,人文社会科学学院,学科教学（历史）,3,全日制,331
延边大学,不是,是,是,不是,地理与海洋科学学院,学科教学（地理）,9,全日制,331
延边大学,不是,是,是,不是,师范学院,现代教育技术,5,全日制,331
延边大学,不是,是,是,不是,师范学院,小学教育,12,全日制,331
延边大学,不是,是,是,不是,师范学院,心理健康教育,10,全日制,331
延边大学,不是,是,是,不是,师范学院,学前教育,5,全日制,331
延边大学,不是,是,是,不是,体育学院,体育,16,全日制,294
延边大学,不是,是,是,不是,文学院,国际中文教育,21,全日制,331
延边大学,不是,是,是,不是,文学院,文艺学,6,全日制,341
延边大学,不是,是,是,不是,文学院,语言学及应用语言学,6,全日制,341
延边大学,不是,是,是,不是,文学院,汉语言文字学,6,全日制,341
吉林农业大学,不是,不是,不是,是,信息技术学院,应用统计,10,全日制,323
吉林农业大学,不是,不是,不是,是,人文学院、家政学院,社会学,6,全日制,332
吉林农业大学,不是,不是,不是,是,马克思主义学院,马克思主义基本原理,12,全日制,323
吉林农业大学,不是,不是,不是,是,马克思主义学院,马克思主义基本原理,3,非全日制,323
吉林农业大学,不是,不是,不是,是,马克思主义学院,马克思主义中国化研究,13,全日制,323
吉林农业大学,不是,不是,不是,是,信息技术学院,应用统计,10,全日制,323
吉林农业大学,不是,不是,不是,是,人文学院、家政学院,社会学,6,全日制,332
吉林农业大学,不是,不是,不是,是,马克思主义学院,马克思主义基本原理,12,全日制,323
吉林农业大学,不是,不是,不是,是,马克思主义学院,马克思主义基本原理,3,非全日制,323
吉林农业大学,不是,不是,不是,是,马克思主义学院,马克思主义中国化研究,13,全日制,323
吉林农业大学,不是,不是,不是,是,马克思主义学院,马克思主义中国化研究,2,非全日制,323
吉林农业大学,不是,不是,不是,是,马克思主义学院,思想政治教育,13,全日制,323
吉林农业大学,不是,不是,不是,是,马克思主义学院,思想政治教育,3,非全日制,323
吉林农业大学,不是,不是,不是,是,人文学院、家政学院,社会工作,36,全日制,323
吉林农业大学,不是,不是,不是,是,人文学院、家政学院,社会工作,2,非全日制,323
吉林农业大学,不是,不是,不是,是,外国语学院,教育管理,14,全日制,341
吉林农业大学,不是,不是,不是,是,外国语学院,学科教学（英语）,30,全日制,341
吉林农业大学,不是,不是,不是,是,国际足球教育学院,学科教学（体育）,10,全日制,341
吉林农业大学,不是,不是,不是,是,人文学院、家政学院,职业技术教育,10,全日制,341
吉林农业大学,不是,不是,不是,是,人文学院、家政学院,职业技术教育,2,非全日制,341
吉林农业大学,不是,不是,不是,是,资源与环境学院,化学,14,全日制,310
吉林农业大学,不是,不是,不是,是,生命科学学院,植物学,5,全日制,274
吉林农业大学,不是,不是,不是,是,生命科学学院,动物学,10,全日制,274
吉林农业大学,不是,不是,不是,是,生命科学学院,微生物学,27,全日制,274
吉林农业大学,不是,不是,不是,是,生命科学学院,生物化学与分子生物学,36,全日制,305
吉林农业大学,不是,不是,不是,是,中药材学院,生态学,13,全日制,274
吉林农业大学,不是,不是,不是,是,信息技术学院,计算机科学与技术,32,全日制,274
吉林农业大学,不是,不是,不是,是,资源与环境学院,环境科学与工程,21,全日制,274
吉林农业大学,不是,不是,不是,是,工程技术学院,农业机械化工程,4,全日制,251
长春工业大学,不是,不是,不是,是,经济管理学院,金融学,5,全日制,323
长春工业大学,不是,不是,不是,是,经济管理学院,数量经济学,5,全日制,323
长春工业大学,不是,不是,不是,是,数学与统计学院,应用统计,35,全日制,323
长春工业大学,不是,不是,不是,是,公共管理学院,法学,20,全日制,323
长春工业大学,不是,不是,不是,是,经济管理学院,金融学,5,全日制,323
长春工业大学,不是,不是,不是,是,经济管理学院,数量经济学,5,全日制,323
长春工业大学,不是,不是,不是,是,数学与统计学院,应用统计,35,全日制,323
长春工业大学,不是,不是,不是,是,公共管理学院,法学,20,全日制,323
长春工业大学,不是,不是,不是,是,公共管理学院,社会学,10,全日制,323
长春工业大学,不是,不是,不是,是,马克思主义学院,马克思主义基本原理,10,全日制,323
长春工业大学,不是,不是,不是,是,马克思主义学院,马克思主义发展史,10,全日制,323
长春工业大学,不是,不是,不是,是,马克思主义学院,马克思主义中国化研究,10,全日制,323
长春工业大学,不是,不是,不是,是,马克思主义学院,思想政治教育,35,全日制,323
东北电力大学,不是,不是,不是,是,马克思主义学院,马克思主义理论,34,全日制,326
东北电力大学,不是,不是,不是,是,体育学院,体育教学,8,全日制,304
东北电力大学,不是,不是,不是,是,体育学院,体育教学,4,非全日制,304
东北电力大学,不是,不是,不是,是,体育学院,运动训练,8,全日制,304
东北电力大学,不是,不是,不是,是,体育学院,运动训练,4,非全日制,304
东北电力大学,不是,不是,不是,是,马克思主义学院,马克思主义理论,34,全日制,326
东北电力大学,不是,不是,不是,是,体育学院,体育教学,8,全日制,304
东北电力大学,不是,不是,不是,是,体育学院,体育教学,4,非全日制,304
东北电力大学,不是,不是,不是,是,体育学院,运动训练,8,全日制,304
东北电力大学,不是,不是,不是,是,体育学院,运动训练,4,非全日制,304
东北电力大学,不是,不是,不是,是,外国语学院,英语笔译,15,全日制,351
东北电力大学,不是,不是,不是,是,外国语学院,英语笔译,4,非全日制,351
东北电力大学,不是,不是,不是,是,理学院,数学,15,全日制,274
东北电力大学,不是,不是,不是,是,理学院,数学,5,非全日制,274
东北电力大学,不是,不是,不是,是,机械工程学院,机械工程,11,全日制,260
北华大学,不是,不是,不是,是,数学与统计学院,应用统计,10,全日制,323
北华大学,不是,不是,不是,是,马克思主义学院,马克思主义基本原理,14,全日制,323
北华大学,不是,不是,不是,是,马克思主义学院,马克思主义中国化研究,10,全日制,323
北华大学,不是,不是,不是,是,马克思主义学院,思想政治教育,10,全日制,323
北华大学,不是,不是,不是,是,马克思主义学院,中国近现代史基本问题研究,3,全日制,323
北华大学,不是,不是,不是,是,数学与统计学院,应用统计,10,全日制,323
北华大学,不是,不是,不是,是,马克思主义学院,马克思主义基本原理,14,全日制,323
北华大学,不是,不是,不是,是,马克思主义学院,马克思主义中国化研究,10,全日制,323
北华大学,不是,不是,不是,是,马克思主义学院,思想政治教育,10,全日制,323
北华大学,不是,不是,不是,是,马克思主义学院,中国近现代史基本问题研究,3,全日制,323
北华大学,不是,不是,不是,是,法学院,法律（非法学）,15,全日制,323
北华大学,不是,不是,不是,是,法学院,法律（非法学）,4,非全日制,323
北华大学,不是,不是,不是,是,法学院,法律（法学）,4,全日制,323
北华大学,不是,不是,不是,是,法学院,法律（法学）,15,非全日制,323
北华大学,不是,不是,不是,是,经济管理学院,社会工作,22,全日制,323
北华大学,不是,不是,不是,是,经济管理学院,社会工作,2,非全日制,323
北华大学,不是,不是,不是,是,教育科学学院,教育学原理,4,全日制,341
北华大学,不是,不是,不是,是,教育科学学院,课程与教学论,3,全日制,341
北华大学,不是,不是,不是,是,教育科学学院,学前教育学,3,全日制,341
北华大学,不是,不是,不是,是,教育科学学院,高等教育学,3,全日制,341
北华大学,不是,不是,不是,是,计算机科学技术学院,教育技术学,2,全日制,341
北华大学,不是,不是,不是,是,马克思主义学院,学科教学（思政）,13,全日制,341
北华大学,不是,不是,不是,是,文学院,学科教学（语文）,45,全日制,341
北华大学,不是,不是,不是,是,文学院,学科教学（语文）,5,非全日制,341
北华大学,不是,不是,不是,是,数学与统计学院,学科教学（数学）,24,全日制,341
北华大学,不是,不是,不是,是,数学与统计学院,学科教学（数学）,3,非全日制,341
北华大学,不是,不是,不是,是,理学院,学科教学（物理）,4,全日制,341
北华大学,不是,不是,不是,是,理学院,学科教学（化学）,2,全日制,341
北华大学,不是,不是,不是,是,理学院,学科教学（生物）,5,全日制,341
北华大学,不是,不是,不是,是,外国语学院,学科教学（英语）,40,全日制,341
北华大学,不是,不是,不是,是,历史文化学院,学科教学（历史）,21,全日制,341
北华大学,不是,不是,不是,是,历史文化学院,学科教学（历史）,3,非全日制,341
北华大学,不是,不是,不是,是,音乐学院,学科教学（音乐）,4,全日制,341
北华大学,不是,不是,不是,是,体育学院,学科教学（体育）,2,全日制,341
北华大学,不是,不是,不是,是,美术学院,学科教学（美术）,3,全日制,341
吉林财经大学,不是,不是,不是,是,不区分院系,政治经济学,5,全日制,323
吉林财经大学,不是,不是,不是,是,不区分院系,西方经济学,5,全日制,323
吉林财经大学,不是,不是,不是,是,不区分院系,世界经济,2,全日制,323
吉林财经大学,不是,不是,不是,是,不区分院系,区域经济学,2,全日制,323
吉林财经大学,不是,不是,不是,是,不区分院系,财政学,20,全日制,323
吉林财经大学,不是,不是,不是,是,不区分院系,政治经济学,5,全日制,323
吉林财经大学,不是,不是,不是,是,不区分院系,西方经济学,5,全日制,323
吉林财经大学,不是,不是,不是,是,不区分院系,世界经济,2,全日制,323
吉林财经大学,不是,不是,不是,是,不区分院系,区域经济学,2,全日制,323
吉林财经大学,不是,不是,不是,是,不区分院系,财政学,20,全日制,323
吉林财经大学,不是,不是,不是,是,不区分院系,金融学,25,全日制,323
吉林财经大学,不是,不是,不是,是,不区分院系,产业经济学,2,全日制,323
吉林财经大学,不是,不是,不是,是,不区分院系,国际贸易学,5,全日制,323
吉林财经大学,不是,不是,不是,是,不区分院系,数量经济学,1,全日制,323
吉林财经大学,不是,不是,不是,是,不区分院系,金融,57,全日制,334
吉林师范大学,不是,不是,不是,是,马克思主义学院,马克思主义哲学,4,全日制,321
吉林师范大学,不是,不是,不是,是,马克思主义学院,中国哲学,2,全日制,321
吉林师范大学,不是,不是,不是,是,马克思主义学院,外国哲学,2,全日制,321
吉林师范大学,不是,不是,不是,是,马克思主义学院,伦理学,4,全日制,321
吉林师范大学,不是,不是,不是,是,马克思主义学院,马克思主义基本原理,4,全日制,323
吉林师范大学,不是,不是,不是,是,马克思主义学院,马克思主义哲学,4,全日制,321
吉林师范大学,不是,不是,不是,是,马克思主义学院,中国哲学,2,全日制,321
吉林师范大学,不是,不是,不是,是,马克思主义学院,外国哲学,2,全日制,321
吉林师范大学,不是,不是,不是,是,马克思主义学院,伦理学,4,全日制,321
吉林师范大学,不是,不是,不是,是,马克思主义学院,马克思主义基本原理,4,全日制,323
吉林师范大学,不是,不是,不是,是,马克思主义学院,马克思主义中国化研究,4,全日制,323
吉林师范大学,不是,不是,不是,是,马克思主义学院,思想政治教育,8,全日制,323
吉林师范大学,不是,不是,不是,是,马克思主义学院,中国近现代史基本问题研究,4,全日制,323
吉林师范大学,不是,不是,不是,是,经济管理与法学学院,法律（非法学）,15,全日制,323
吉林师范大学,不是,不是,不是,是,经济管理与法学学院,法律（法学）,15,全日制,323
吉林师范大学,不是,不是,不是,是,教育科学学院,教育学原理,10,全日制,341
吉林师范大学,不是,不是,不是,是,外国语学院,课程与教学论,2,全日制,341
吉林师范大学,不是,不是,不是,是,教育科学学院,课程与教学论,5,全日制,341
吉林师范大学,不是,不是,不是,是,音乐学院,课程与教学论,2,全日制,341
吉林师范大学,不是,不是,不是,是,文学院,课程与教学论,2,全日制,341
吉林师范大学,不是,不是,不是,是,数学与计算机学院,课程与教学论,2,全日制,341
吉林师范大学,不是,不是,不是,是,地理科学与旅游学院,课程与教学论,2,全日制,341
吉林师范大学,不是,不是,不是,是,教育科学学院,比较教育学,3,全日制,341
吉林师范大学,不是,不是,不是,是,教育科学学院,教育技术学,2,全日制,341
吉林师范大学,不是,不是,不是,是,教育科学学院,心理学,10,全日制,341
长春师范大学,不是,不是,不是,是,马克思主义学院,马克思主义理论,29,全日制,323
长春师范大学,不是,不是,不是,是,马克思主义学院,中共党史党建学,9,全日制,323
长春师范大学,不是,不是,不是,是,教育学院,教育学,30,全日制,341
长春师范大学,不是,不是,不是,是,科学教育学院,教育学,5,全日制,341
长春师范大学,不是,不是,不是,是,马克思主义学院,马克思主义理论,29,全日制,323
长春师范大学,不是,不是,不是,是,马克思主义学院,中共党史党建学,9,全日制,323
长春师范大学,不是,不是,不是,是,教育学院,教育学,30,全日制,341
长春师范大学,不是,不是,不是,是,科学教育学院,教育学,5,全日制,341
长春师范大学,不是,不是,不是,是,体育学院,体育学,9,全日制,304
长春师范大学,不是,不是,不是,是,马克思主义学院,学科教学（思政）,8,全日制,341
长春师范大学,不是,不是,不是,是,马克思主义学院,学科教学（思政）,2,非全日制,341
长春师范大学,不是,不是,不是,是,文学院,学科教学（语文）,11,全日制,341
长春师范大学,不是,不是,不是,是,文学院,学科教学（语文）,2,非全日制,341
长春师范大学,不是,不是,不是,是,数学学院,学科教学（数学）,11,全日制,341
长春师范大学,不是,不是,不是,是,数学学院,学科教学（数学）,2,非全日制,341
长春师范大学,不是,不是,不是,是,物理学院,学科教学（物理）,8,全日制,341
长春师范大学,不是,不是,不是,是,物理学院,学科教学（物理）,2,非全日制,341
长春师范大学,不是,不是,不是,是,化学学院,学科教学（化学）,8,全日制,341
长春中医药大学,不是,不是,不是,是,马克思主义学院,马克思主义基本原理,5,全日制,323
长春中医药大学,不是,不是,不是,是,马克思主义学院,马克思主义中国化研究,8,全日制,323
长春中医药大学,不是,不是,不是,是,马克思主义学院,思想政治教育,10,全日制,323
长春中医药大学,不是,不是,不是,是,基础医学院,中医基础理论,9,全日制,293
长春中医药大学,不是,不是,不是,是,基础医学院,中医临床基础,10,全日制,293
长春中医药大学,不是,不是,不是,是,马克思主义学院,马克思主义基本原理,5,全日制,323
长春中医药大学,不是,不是,不是,是,马克思主义学院,马克思主义中国化研究,8,全日制,323
长春中医药大学,不是,不是,不是,是,马克思主义学院,思想政治教育,10,全日制,323
长春中医药大学,不是,不是,不是,是,基础医学院,中医基础理论,9,全日制,293
长春中医药大学,不是,不是,不是,是,基础医学院,中医临床基础,10,全日制,293
长春中医药大学,不是,不是,不是,是,基础医学院,中医医史文献,2,全日制,293
长春中医药大学,不是,不是,不是,是,基础医学院,方剂学,6,全日制,293
长春中医药大学,不是,不是,不是,是,基础医学院,中医诊断学,4,全日制,293
长春中医药大学,不是,不是,不是,是,中医学院（附属医院）,中医内科学,15,全日制,293
长春中医药大学,不是,不是,不是,是,中医学院（附属医院）,中医外科学,2,全日制,317
长春中医药大学,不是,不是,不是,是,中医学院（附属医院）,中医骨伤科学,6,全日制,293
长春中医药大学,不是,不是,不是,是,中医学院（附属医院）,中医妇科学,1,全日制,308
长春中医药大学,不是,不是,不是,是,中医学院（附属医院）,中医儿科学,5,全日制,293
长春中医药大学,不是,不是,不是,是,中医学院（附属医院）,中医五官科学,1,全日制,293
长春中医药大学,不是,不是,不是,是,针灸推拿学院,针灸推拿学,10,全日制,293
吉林建筑大学,不是,不是,不是,是,经济与管理学院,应用经济学,8,全日制,323
吉林建筑大学,不是,不是,不是,是,经济与管理学院,社会工作,25,全日制,323
吉林建筑大学,不是,不是,不是,是,经济与管理学院,社会工作,1,非全日制,323
吉林建筑大学,不是,不是,不是,是,材料科学与工程学院,材料科学与工程,18,全日制,260
吉林建筑大学,不是,不是,不是,是,建筑与规划学院,建筑学,21,全日制,260
吉林建筑大学,不是,不是,不是,是,经济与管理学院,应用经济学,8,全日制,323
吉林建筑大学,不是,不是,不是,是,经济与管理学院,社会工作,25,全日制,323
吉林建筑大学,不是,不是,不是,是,经济与管理学院,社会工作,1,非全日制,323
吉林建筑大学,不是,不是,不是,是,材料科学与工程学院,材料科学与工程,18,全日制,260
吉林建筑大学,不是,不是,不是,是,建筑与规划学院,建筑学,21,全日制,260
吉林建筑大学,不是,不是,不是,是,测绘与勘查工程学院,岩土工程,8,全日制,260
吉林建筑大学,不是,不是,不是,是,土木工程学院,结构工程,19,全日制,260
吉林建筑大学,不是,不是,不是,是,市政与环境工程学院,市政工程,12,全日制,260
吉林建筑大学,不是,不是,不是,是,市政与环境工程学院,供热、供燃气、通风及空调工程,12,全日制,260
吉林建筑大学,不是,不是,不是,是,土木工程学院,防灾减灾工程及防护工程,10,全日制,260
长春大学,不是,不是,不是,是,经济学院,金融,27,全日制,323
长春大学,不是,不是,不是,是,数学与统计学院,应用统计,20,全日制,323
长春大学,不是,不是,不是,是,经济学院,国际商务,13,全日制,323
长春大学,不是,不是,不是,是,马克思主义学院,马克思主义理论,20,全日制,323
长春大学,不是,不是,不是,是,特殊教育学院,特殊教育,16,全日制,344
长春大学,不是,不是,不是,是,经济学院,金融,27,全日制,323
长春大学,不是,不是,不是,是,数学与统计学院,应用统计,20,全日制,323
长春大学,不是,不是,不是,是,经济学院,国际商务,13,全日制,323
长春大学,不是,不是,不是,是,马克思主义学院,马克思主义理论,20,全日制,323
长春大学,不是,不是,不是,是,特殊教育学院,特殊教育,16,全日制,344
吉林化工大学,不是,不是,不是,是,经济管理学院,国际商务,10,全日制,323
吉林化工大学,不是,不是,不是,是,外国语学院,英语笔译,30,全日制,351
吉林化工大学,不是,不是,不是,是,理学院,物理学,10,全日制,274
吉林化工大学,不是,不是,不是,是,化学与制药工程学院,化学,35,全日制,274
吉林化工大学,不是,不是,不是,是,材料科学与工程学院,材料科学与工程,25,全日制,260
吉林化工大学,不是,不是,不是,是,经济管理学院,国际商务,10,全日制,323
吉林化工大学,不是,不是,不是,是,外国语学院,英语笔译,30,全日制,351
吉林化工大学,不是,不是,不是,是,理学院,物理学,10,全日制,274
吉林化工大学,不是,不是,不是,是,化学与制药工程学院,化学,35,全日制,274
吉林化工大学,不是,不是,不是,是,材料科学与工程学院,材料科学与工程,25,全日制,260
吉林工程技术师范学院,不是,不是,不是,是,马克思主义学院,学科教学（思政）,4,全日制,341
吉林工程技术师范学院,不是,不是,不是,是,新闻与出版学院,学科教学（语文）,4,全日制,341
吉林工程技术师范学院,不是,不是,不是,是,数据科学与人工智能学院,学科教学（数学）,4,全日制,341
吉林工程技术师范学院,不是,不是,不是,是,国际教育学院,学科教学（英语）,4,全日制,341
吉林工程技术师范学院,不是,不是,不是,是,艺术与设计学院,学科教学（美术）,4,全日制,341
吉林艺术学院,不是,不是,不是,是,音乐学院,艺术学,15,全日制,351
吉林艺术学院,不是,不是,不是,是,美术学院,艺术学,17,全日制,351
吉林艺术学院,不是,不是,不是,是,戏剧影视学院,艺术学,18,全日制,351
吉林艺术学院,不是,不是,不是,是,舞蹈学院,艺术学,6,全日制,351
吉林艺术学院,不是,不是,不是,是,艺术教育学院,艺术学,6,全日制,351
吉林艺术学院,不是,不是,不是,是,音乐学院,艺术学,15,全日制,351
吉林艺术学院,不是,不是,不是,是,美术学院,艺术学,17,全日制,351
吉林艺术学院,不是,不是,不是,是,戏剧影视学院,艺术学,18,全日制,351
吉林艺术学院,不是,不是,不是,是,舞蹈学院,艺术学,6,全日制,351
吉林艺术学院,不是,不是,不是,是,艺术教育学院,艺术学,6,全日制,351
吉林外国语大学,不是,不是,不是,是,国际商学院,金融,25,全日制,323
吉林外国语大学,不是,不是,不是,是,国际商学院,国际商务,15,全日制,323
吉林外国语大学,不是,不是,不是,是,马克思主义学院,马克思主义基本原理,4,全日制,323
吉林外国语大学,不是,不是,不是,是,马克思主义学院,马克思主义中国化研究,5,全日制,323
吉林外国语大学,不是,不是,不是,是,马克思主义学院,思想政治教育,5,全日制,323
吉林外国语大学,不是,不是,不是,是,国际商学院,金融,25,全日制,323
吉林外国语大学,不是,不是,不是,是,国际商学院,国际商务,15,全日制,323
吉林外国语大学,不是,不是,不是,是,马克思主义学院,马克思主义基本原理,4,全日制,323
吉林外国语大学,不是,不是,不是,是,马克思主义学院,马克思主义中国化研究,5,全日制,323
吉林外国语大学,不是,不是,不是,是,马克思主义学院,思想政治教育,5,全日制,323
吉林外国语大学,不是,不是,不是,是,教育学院,课程与教学论,4,全日制,341
吉林外国语大学,不是,不是,不是,是,教育学院,高等教育学,4,全日制,341
吉林外国语大学,不是,不是,不是,是,教育学院,教育管理,15,全日制,341
吉林外国语大学,不是,不是,不是,是,马克思主义学院,学科教学（思政）,23,全日制,341
中共吉林省委党校（吉林省行政学院）,不是,不是,不是,不是,不区分院系,马克思主义哲学,5,全日制,321
中共吉林省委党校（吉林省行政学院）,不是,不是,不是,不是,不区分院系,政治经济学,4,全日制,323
中共吉林省委党校（吉林省行政学院）,不是,不是,不是,不是,不区分院系,政治学理论,3,全日制,323
中共吉林省委党校（吉林省行政学院）,不是,不是,不是,不是,不区分院系,中共党史,12,全日制,323
中共吉林省委党校（吉林省行政学院）,不是,不是,不是,不是,不区分院系,社会工作,19,全日制,323
中国科学院长春光学精密机械与物理研究所,不是,不是,不是,不是,不区分院系,凝聚态物理,4,全日制,284
中国科学院长春光学精密机械与物理研究所,不是,不是,不是,不是,不区分院系,光学,4,全日制,361
中国科学院长春光学精密机械与物理研究所,不是,不是,不是,不是,不区分院系,机械制造及其自动化,6,全日制,290
中国科学院长春光学精密机械与物理研究所,不是,不是,不是,不是,不区分院系,机械电子工程,9,全日制,313
中国科学院长春光学精密机械与物理研究所,不是,不是,不是,不是,不区分院系,光学工程,20,全日制,313
中国科学院长春应用化学研究所,不是,不是,不是,不是,不区分院系,化学,140,全日制,310
中国科学院长春应用化学研究所,不是,不是,不是,不是,不区分院系,化学工程与技术,40,全日制,300
中国科学院长春应用化学研究所,不是,不是,不是,不是,不区分院系,材料与化工,50,全日制,300
中国科学院东北地理与农业生态研究所,不是,不是,不是,不是,不区分院系,自然地理学,2,全日制,274
中国科学院东北地理与农业生态研究所,不是,不是,不是,不是,不区分院系,人文地理学,1,全日制,274
中国科学院东北地理与农业生态研究所,不是,不是,不是,不是,不区分院系,地图学与地理信息系统,1,全日制,274
中国科学院东北地理与农业生态研究所,不是,不是,不是,不是,不区分院系,生态学,2,全日制,274
中国科学院东北地理与农业生态研究所,不是,不是,不是,不是,不区分院系,环境科学,3,全日制,274
哈尔滨工业大学,是,是,是,不是,经济与管理学院,应用经济学,14,全日制,330
哈尔滨工业大学,是,是,是,不是,人文社科学部,应用经济学,1,全日制,330
哈尔滨工业大学,是,是,是,不是,数学学院,应用统计,10,全日制,330
哈尔滨工业大学,是,是,是,不是,人文社科学部,社会学,2,全日制,340
哈尔滨工业大学,是,是,是,不是,马克思主义学院,马克思主义理论,32,全日制,340
哈尔滨工业大学,是,是,是,不是,经济与管理学院,应用经济学,14,全日制,330
哈尔滨工业大学,是,是,是,不是,人文社科学部,应用经济学,1,全日制,330
哈尔滨工业大学,是,是,是,不是,数学学院,应用统计,10,全日制,330
哈尔滨工业大学,是,是,是,不是,人文社科学部,社会学,2,全日制,340
哈尔滨工业大学,是,是,是,不是,马克思主义学院,马克思主义理论,32,全日制,340
哈尔滨工业大学,是,是,是,不是,人文社科学部,外国语言文学,3,全日制,360
哈尔滨工业大学,是,是,是,不是,人文社科学部,英语笔译,1,全日制,360
哈尔滨工业大学,是,是,是,不是,人文社科学部,俄语笔译,1,全日制,360
哈尔滨工业大学,是,是,是,不是,数学学院,数学,26,全日制,300
哈尔滨工业大学,是,是,是,不是,物理学院,物理学,59,全日制,300
哈尔滨工业大学,是,是,是,不是,化工与化学学院,化学,32,全日制,300
哈尔滨工业大学,是,是,是,不是,哈尔滨工业大学（威海）,海洋科学,25,全日制,300
哈尔滨工业大学,是,是,是,不是,生命科学和医学学部,生物学,12,全日制,300
哈尔滨工业大学,是,是,是,不是,数学学院,统计学,4,全日制,300
哈尔滨工业大学,是,是,是,不是,生命科学和医学学部,生物医学工程,1,全日制,300
哈尔滨工业大学,是,是,是,不是,航天学院,力学,27,全日制,300
哈尔滨工业大学,是,是,是,不是,土木工程学院,力学,1,全日制,300
哈尔滨工业大学,是,是,是,不是,机电工程学院,机械工程,1,全日制,300
哈尔滨工业大学,是,是,是,不是,机电工程学院,机械工程,2,全日制,300
哈尔滨工业大学,是,是,是,不是,航天学院,光学工程,2,全日制,300
哈尔滨工程大学,不是,是,是,不是,经济管理学院,应用经济学,30,全日制,323
哈尔滨工程大学,不是,是,是,不是,人文社会科学学院,法学,20,全日制,330
哈尔滨工程大学,不是,是,是,不是,人文社会科学学院,法学,2,非全日制,330
哈尔滨工程大学,不是,是,是,不是,人文社会科学学院,社会学,37,全日制,323
哈尔滨工程大学,不是,是,是,不是,马克思主义学院,马克思主义理论,48,全日制,323
哈尔滨工程大学,不是,是,是,不是,经济管理学院,应用经济学,30,全日制,323
哈尔滨工程大学,不是,是,是,不是,人文社会科学学院,法学,20,全日制,330
哈尔滨工程大学,不是,是,是,不是,人文社会科学学院,法学,2,非全日制,330
哈尔滨工程大学,不是,是,是,不是,人文社会科学学院,社会学,37,全日制,323
哈尔滨工程大学,不是,是,是,不是,马克思主义学院,马克思主义理论,48,全日制,323
哈尔滨工程大学,不是,是,是,不是,人文社会科学学院,法律（法学）,16,全日制,323
哈尔滨工程大学,不是,是,是,不是,人文社会科学学院,法律（法学）,10,非全日制,323
哈尔滨工程大学,不是,是,是,不是,人文社会科学学院,社会工作,34,全日制,330
哈尔滨工程大学,不是,是,是,不是,人文社会科学学院,社会工作,20,非全日制,330
哈尔滨工程大学,不是,是,是,不是,人文社会科学学院,社会工作,2,非全日制,330
哈尔滨工程大学,不是,是,是,不是,人文社会科学学院,应用心理学,7,全日制,341
哈尔滨工程大学,不是,是,是,不是,体育部,体育教育训练学,9,全日制,304
哈尔滨工程大学,不是,是,是,不是,外国语学院,外国语言文学,23,全日制,351
哈尔滨工程大学,不是,是,是,不是,外国语学院,英语笔译,45,全日制,365
哈尔滨工程大学,不是,是,是,不是,数学科学学院,数学,80,全日制,280
哈尔滨工程大学,不是,是,是,不是,数学科学学院,数学,1,非全日制,280
哈尔滨工程大学,不是,是,是,不是,物理与光电工程学院,物理学,24,全日制,274
哈尔滨工程大学,不是,是,是,不是,水声工程学院,声学,11,全日制,274
哈尔滨工程大学,不是,是,是,不是,航天与建筑工程学院,力学,59,全日制,251
哈尔滨工程大学,不是,是,是,不是,船舶工程学院,力学,8,全日制,251
哈尔滨工程大学,不是,是,是,不是,机电工程学院,机械工程,95,全日制,260
哈尔滨工程大学,不是,是,是,不是,物理与光电工程学院,光学工程,70,全日制,260
哈尔滨工程大学,不是,是,是,不是,智能科学与工程学院,仪器科学与技术,35,全日制,275
哈尔滨医科大学,不是,不是,不是,是,大庆校区,思想政治教育,1,全日制,323
哈尔滨医科大学,不是,不是,不是,是,马克思主义学院,思想政治教育,5,全日制,323
哈尔滨医科大学,不是,不是,不是,是,心理科学与健康管理中心,应用心理,9,全日制,341
哈尔滨医科大学,不是,不是,不是,是,基础医学院,生理学,4,全日制,274
哈尔滨医科大学,不是,不是,不是,是,大庆校区,思想政治教育,1,全日制,323
哈尔滨医科大学,不是,不是,不是,是,马克思主义学院,思想政治教育,5,全日制,323
哈尔滨医科大学,不是,不是,不是,是,心理科学与健康管理中心,应用心理,9,全日制,341
哈尔滨医科大学,不是,不是,不是,是,基础医学院,生理学,4,全日制,274
哈尔滨医科大学,不是,不是,不是,是,大庆校区,生理学,1,全日制,274
哈尔滨医科大学,不是,不是,不是,是,基础医学院,微生物学,1,全日制,274
哈尔滨医科大学,不是,不是,不是,是,基础医学院,神经生物学,1,全日制,274
哈尔滨医科大学,不是,不是,不是,是,基础医学院,遗传学,1,全日制,274
哈尔滨医科大学,不是,不是,不是,是,基础医学院,发育生物学,1,全日制,274
哈尔滨医科大学,不是,不是,不是,是,基础医学院,细胞生物学,6,全日制,274
哈尔滨医科大学,不是,不是,不是,是,第一临床医学院,细胞生物学,1,全日制,274
哈尔滨医科大学,不是,不是,不是,是,大庆校区,细胞生物学,1,全日制,274
哈尔滨医科大学,不是,不是,不是,是,基础医学院,生物化学与分子生物学,7,全日制,274
哈尔滨医科大学,不是,不是,不是,是,第三临床医学院,生物化学与分子生物学,2,全日制,274
哈尔滨医科大学,不是,不是,不是,是,第四临床医学院,生物化学与分子生物学,4,全日制,274
哈尔滨医科大学,不是,不是,不是,是,大庆校区,生物化学与分子生物学,1,全日制,274
哈尔滨医科大学,不是,不是,不是,是,生物信息科学与技术学院,生物物理学,1,全日制,274
哈尔滨医科大学,不是,不是,不是,是,基础医学院,生物医学工程,1,全日制,274
哈尔滨医科大学,不是,不是,不是,是,生物信息科学与技术学院,生物医学工程,48,全日制,274
哈尔滨医科大学,不是,不是,不是,是,大庆校区,生物医学工程,3,全日制,274
哈尔滨医科大学,不是,不是,不是,是,医工交叉学院,生物医学工程,4,全日制,274
哈尔滨医科大学,不是,不是,不是,是,基础医学院,生物医学工程,1,全日制,260
哈尔滨医科大学,不是,不是,不是,是,第三临床医学院,生物医学工程,1,全日制,260
哈尔滨医科大学,不是,不是,不是,是,生物信息科学与技术学院,生物医学工程,14,全日制,260
哈尔滨医科大学,不是,不是,不是,是,医工交叉学院,生物医学工程,10,全日制,260
哈尔滨医科大学,不是,不是,不是,是,基础医学院,人体解剖与组织胚胎学,2,全日制,293
哈尔滨医科大学,不是,不是,不是,是,基础医学院,免疫学,5,全日制,293
哈尔滨医科大学,不是,不是,不是,是,第二临床医学院,免疫学,1,全日制,293
哈尔滨医科大学,不是,不是,不是,是,大庆校区,免疫学,1,全日制,293
哈尔滨医科大学,不是,不是,不是,是,基础医学院,病原生物学,3,全日制,293
哈尔滨医科大学,不是,不是,不是,是,基础医学院,病理学与病理生理学,6,全日制,293
哈尔滨医科大学,不是,不是,不是,是,第一临床医学院,病理学与病理生理学,1,全日制,293
哈尔滨医科大学,不是,不是,不是,是,第二临床医学院,病理学与病理生理学,3,全日制,293
哈尔滨医科大学,不是,不是,不是,是,第三临床医学院,病理学与病理生理学,1,全日制,293
哈尔滨医科大学,不是,不是,不是,是,大庆校区,病理学与病理生理学,2,全日制,293
哈尔滨医科大学,不是,不是,不是,是,第一临床医学院,内科学,12,全日制,293
哈尔滨医科大学,不是,不是,不是,是,第二临床医学院,内科学,24,全日制,293
哈尔滨医科大学,不是,不是,不是,是,第一临床医学院,神经病学,3,全日制,293
哈尔滨医科大学,不是,不是,不是,是,第二临床医学院,神经病学,7,全日制,293
哈尔滨医科大学,不是,不是,不是,是,第一临床医学院,精神病与精神卫生学,1,全日制,293
哈尔滨医科大学,不是,不是,不是,是,第二临床医学院,皮肤病与性病学,1,全日制,293
哈尔滨医科大学,不是,不是,不是,是,第一临床医学院,影像医学与核医学,4,全日制,293
哈尔滨医科大学,不是,不是,不是,是,第二临床医学院,影像医学与核医学,8,全日制,293
哈尔滨医科大学,不是,不是,不是,是,第三临床医学院,影像医学与核医学,4,全日制,293
东北林业大学,不是,是,是,不是,经济管理学院,应用经济学,6,全日制,326
东北林业大学,不是,是,是,不是,经济管理学院,金融,32,全日制,330
东北林业大学,不是,是,是,不是,理学院,应用统计,12,全日制,323
东北林业大学,不是,是,是,不是,文法学院,法学,16,全日制,341
东北林业大学,不是,是,是,不是,马克思主义学院,马克思主义理论,51,全日制,373
东北林业大学,不是,是,是,不是,经济管理学院,应用经济学,6,全日制,326
东北林业大学,不是,是,是,不是,经济管理学院,金融,32,全日制,330
东北林业大学,不是,是,是,不是,理学院,应用统计,12,全日制,323
东北林业大学,不是,是,是,不是,文法学院,法学,16,全日制,341
东北林业大学,不是,是,是,不是,马克思主义学院,马克思主义理论,51,全日制,373
东北林业大学,不是,是,是,不是,文法学院,法律（非法学）,13,全日制,328
东北林业大学,不是,是,是,不是,文法学院,法律（法学）,13,全日制,323
东北林业大学,不是,是,是,不是,文法学院,社会工作,25,全日制,359
东北林业大学,不是,是,是,不是,文法学院,社会工作,20,非全日制,359
东北林业大学,不是,是,是,不是,文法学院,社会工作,3,非全日制,359
东北林业大学,不是,是,是,不是,外国语学院,外国语言文学,10,全日制,374
东北林业大学,不是,是,是,不是,外国语学院,翻译,66,全日制,351
东北林业大学,不是,是,是,不是,外国语学院,翻译,12,非全日制,351
东北林业大学,不是,是,是,不是,理学院,数学,17,全日制,329
东北林业大学,不是,是,是,不是,化学化工与资源利用学院,化学,35,全日制,319
东北林业大学,不是,是,是,不是,生命科学学院,生物学,60,全日制,299
东北林业大学,不是,是,是,不是,化学化工与资源利用学院,生物学,12,全日制,304
东北林业大学,不是,是,是,不是,生态学院,生态学,42,全日制,274
东北林业大学,不是,是,是,不是,机电工程学院,机械工程,30,全日制,289
东北林业大学,不是,是,是,不是,理学院,光学工程,17,全日制,260
东北农业大学,不是,是,是,不是,经济管理学院,金融学,3,全日制,323
东北农业大学,不是,是,是,不是,经济管理学院,产业经济学,7,全日制,323
东北农业大学,不是,是,是,不是,经济管理学院,金融,34,全日制,323
东北农业大学,不是,是,是,不是,文理学院,应用统计,11,全日制,323
东北农业大学,不是,是,是,不是,经济管理学院,金融学,3,全日制,323
东北农业大学,不是,是,是,不是,经济管理学院,产业经济学,7,全日制,323
东北农业大学,不是,是,是,不是,经济管理学院,金融,34,全日制,323
东北农业大学,不是,是,是,不是,文理学院,应用统计,11,全日制,323
东北农业大学,不是,是,是,不是,马克思主义学院,马克思主义基本原理,6,全日制,323
东北农业大学,不是,是,是,不是,马克思主义学院,马克思主义中国化研究,7,全日制,323
东北农业大学,不是,是,是,不是,马克思主义学院,思想政治教育,13,全日制,323
东北农业大学,不是,是,是,不是,马克思主义学院,中国近现代史基本问题研究,6,全日制,323
东北农业大学,不是,是,是,不是,公共管理与法学院,法律（非法学）,9,全日制,323
东北农业大学,不是,是,是,不是,公共管理与法学院,法律（法学）,7,全日制,323
东北农业大学,不是,是,是,不是,国际文化教育学院,国际中文教育,12,全日制,354
东北农业大学,不是,是,是,不是,文理学院,外国语言文学,6,全日制,351
东北农业大学,不是,是,是,不是,文理学院,化学,32,全日制,313
东北农业大学,不是,是,是,不是,生命科学学院,植物学,18,全日制,274
东北农业大学,不是,是,是,不是,生命科学学院,动物学,7,全日制,274
东北农业大学,不是,是,是,不是,生命科学学院,微生物学,34,全日制,321
东北农业大学,不是,是,是,不是,生命科学学院,发育生物学,17,全日制,274
东北农业大学,不是,是,是,不是,生命科学学院,细胞生物学,5,全日制,274
东北农业大学,不是,是,是,不是,生命科学学院,生物化学与分子生物学,17,全日制,327
黑龙江大学,不是,不是,不是,是,哲学学院,马克思主义哲学,12,全日制,321
黑龙江大学,不是,不是,不是,是,哲学学院,中国哲学,8,全日制,321
黑龙江大学,不是,不是,不是,是,哲学学院,外国哲学,5,全日制,321
黑龙江大学,不是,不是,不是,是,哲学学院,伦理学,5,全日制,321
黑龙江大学,不是,不是,不是,是,国学院,伦理学,2,全日制,321
黑龙江大学,不是,不是,不是,是,哲学学院,马克思主义哲学,12,全日制,321
黑龙江大学,不是,不是,不是,是,哲学学院,中国哲学,8,全日制,321
黑龙江大学,不是,不是,不是,是,哲学学院,外国哲学,5,全日制,321
黑龙江大学,不是,不是,不是,是,哲学学院,伦理学,5,全日制,321
黑龙江大学,不是,不是,不是,是,国学院,伦理学,2,全日制,321
黑龙江大学,不是,不是,不是,是,哲学学院,美学,4,全日制,321
黑龙江大学,不是,不是,不是,是,哲学学院,宗教学,3,全日制,321
黑龙江大学,不是,不是,不是,是,哲学学院,科学技术哲学,6,全日制,321
黑龙江大学,不是,不是,不是,是,哲学学院,应用伦理,20,全日制,321
黑龙江大学,不是,不是,不是,是,经济与工商管理学院,理论经济学,6,全日制,323
黑龙江大学,不是,不是,不是,是,经济与工商管理学院,应用经济学,6,全日制,323
黑龙江大学,不是,不是,不是,是,中俄学院（中俄联合研究生学院）,应用经济学,3,全日制,323
黑龙江大学,不是,不是,不是,是,经济与工商管理学院,金融,28,全日制,323
黑龙江大学,不是,不是,不是,是,数学科学学院,应用统计,28,全日制,323
黑龙江大学,不是,不是,不是,是,经济与工商管理学院,国际商务,19,全日制,323
黑龙江大学,不是,不是,不是,是,法学院,法学,54,全日制,323
黑龙江大学,不是,不是,不是,是,法学院,法学,1,全日制,323
黑龙江大学,不是,不是,不是,是,中俄学院（中俄联合研究生学院）,法学,5,全日制,323
黑龙江大学,不是,不是,不是,是,政府管理学院,社会学,8,全日制,323
黑龙江大学,不是,不是,不是,是,马克思主义学院,马克思主义基本原理,11,全日制,366
黑龙江大学,不是,不是,不是,是,马克思主义学院,马克思主义中国化研究,10,全日制,356
黑龙江大学,不是,不是,不是,是,马克思主义学院,国外马克思主义研究,18,全日制,334
黑龙江大学,不是,不是,不是,是,马克思主义学院,思想政治教育,13,全日制,360
黑龙江大学,不是,不是,不是,是,马克思主义学院,思想政治教育,1,全日制,360
黑龙江大学,不是,不是,不是,是,马克思主义学院,中共党史党建学,10,全日制,323
黑龙江大学,不是,不是,不是,是,法学院,法律（非法学）,95,全日制,323
黑龙江大学,不是,不是,不是,是,法学院,法律（法学）,95,全日制,323
黑龙江大学,不是,不是,不是,是,政府管理学院,社会工作,60,全日制,343
黑龙江大学,不是,不是,不是,是,创新创业教育学院,教育学,10,全日制,341
黑龙江大学,不是,不是,不是,是,创新创业教育学院,教育管理,35,全日制,341
黑龙江大学,不是,不是,不是,是,创新创业教育学院,教育管理,23,非全日制,341
黑龙江大学,不是,不是,不是,是,文学院,国际中文教育,30,全日制,341
黑龙江大学,不是,不是,不是,是,创新创业教育学院,应用心理,25,全日制,341
黑龙江大学,不是,不是,不是,是,文学院,文艺学,4,全日制,351
东北石油大学,不是,不是,不是,是,人文科学学院,政治学,10,全日制,323
东北石油大学,不是,不是,不是,是,马克思主义学院,马克思主义理论,40,全日制,323
东北石油大学,不是,不是,不是,是,人文科学学院,社会工作,33,全日制,326
东北石油大学,不是,不是,不是,是,高等教育研究中心,教育学,16,全日制,341
东北石油大学,不是,不是,不是,是,人文科学学院,国际中文教育,10,全日制,341
东北石油大学,不是,不是,不是,是,人文科学学院,政治学,10,全日制,323
东北石油大学,不是,不是,不是,是,马克思主义学院,马克思主义理论,40,全日制,323
东北石油大学,不是,不是,不是,是,人文科学学院,社会工作,33,全日制,326
东北石油大学,不是,不是,不是,是,高等教育研究中心,教育学,16,全日制,341
东北石油大学,不是,不是,不是,是,人文科学学院,国际中文教育,10,全日制,341
东北石油大学,不是,不是,不是,是,化学化工学院,化学,21,全日制,274
东北石油大学,不是,不是,不是,是,新能源与材料学院,化学,3,全日制,274
东北石油大学,不是,不是,不是,是,地球科学学院,地质学,48,全日制,274
东北石油大学,不是,不是,不是,是,机械科学与工程学院,机械工程,37,全日制,260
东北石油大学,不是,不是,不是,是,物理与电子工程学院,仪器科学与技术,17,全日制,260
哈尔滨理工大学,不是,不是,不是,是,马克思主义学院,哲学,7,全日制,321
哈尔滨理工大学,不是,不是,不是,是,经济与管理学院,应用经济学,14,全日制,323
哈尔滨理工大学,不是,不是,不是,是,马克思主义学院,马克思主义理论,15,全日制,323
哈尔滨理工大学,不是,不是,不是,是,马克思主义学院,法律（非法学）,8,全日制,323
哈尔滨理工大学,不是,不是,不是,是,马克思主义学院,法律（法学）,8,全日制,323
哈尔滨理工大学,不是,不是,不是,是,马克思主义学院,哲学,7,全日制,321
哈尔滨理工大学,不是,不是,不是,是,经济与管理学院,应用经济学,14,全日制,323
哈尔滨理工大学,不是,不是,不是,是,马克思主义学院,马克思主义理论,15,全日制,323
哈尔滨理工大学,不是,不是,不是,是,马克思主义学院,法律（非法学）,8,全日制,323
哈尔滨理工大学,不是,不是,不是,是,马克思主义学院,法律（法学）,8,全日制,323
哈尔滨理工大学,不是,不是,不是,是,外国语学院,英语语言文学,6,全日制,351
哈尔滨理工大学,不是,不是,不是,是,外国语学院,俄语语言文学,9,全日制,351
哈尔滨理工大学,不是,不是,不是,是,外国语学院,日语语言文学,8,全日制,351
哈尔滨理工大学,不是,不是,不是,是,外国语学院,英语笔译,16,全日制,351
哈尔滨理工大学,不是,不是,不是,是,外国语学院,俄语笔译,9,全日制,351
哈尔滨师范大学,不是,不是,不是,是,经济与管理学院,应用经济学,6,全日制,323
哈尔滨师范大学,不是,不是,不是,是,数学科学学院,应用统计,22,全日制,323
哈尔滨师范大学,不是,不是,不是,是,马克思主义学院,马克思主义基本原理,26,全日制,323
哈尔滨师范大学,不是,不是,不是,是,马克思主义学院,马克思主义中国化研究,20,全日制,323
哈尔滨师范大学,不是,不是,不是,是,马克思主义学院,国外马克思主义研究,14,全日制,323
哈尔滨师范大学,不是,不是,不是,是,经济与管理学院,应用经济学,6,全日制,323
哈尔滨师范大学,不是,不是,不是,是,数学科学学院,应用统计,22,全日制,323
哈尔滨师范大学,不是,不是,不是,是,马克思主义学院,马克思主义基本原理,26,全日制,323
哈尔滨师范大学,不是,不是,不是,是,马克思主义学院,马克思主义中国化研究,20,全日制,323
哈尔滨师范大学,不是,不是,不是,是,马克思主义学院,国外马克思主义研究,14,全日制,323
哈尔滨师范大学,不是,不是,不是,是,马克思主义学院,思想政治教育,10,全日制,339
哈尔滨师范大学,不是,不是,不是,是,法学院,法律（非法学）,32,全日制,323
哈尔滨师范大学,不是,不是,不是,是,法学院,法律（法学）,18,全日制,323
哈尔滨师范大学,不是,不是,不是,是,教育科学学院,教育学原理,5,全日制,341
哈尔滨师范大学,不是,不是,不是,是,教育科学学院,课程与教学论,10,全日制,341
哈尔滨师范大学,不是,不是,不是,是,斯拉夫语学院,课程与教学论,2,全日制,341
哈尔滨师范大学,不是,不是,不是,是,教育科学学院,比较教育学,6,全日制,341
哈尔滨师范大学,不是,不是,不是,是,教育科学学院,学前教育学,4,全日制,341
哈尔滨师范大学,不是,不是,不是,是,教育科学学院,高等教育学,6,全日制,341
哈尔滨师范大学,不是,不是,不是,是,教育科学学院,教育技术学,8,全日制,341
哈尔滨师范大学,不是,不是,不是,是,教育科学学院,心理学,10,全日制,341
哈尔滨师范大学,不是,不是,不是,是,体育科学学院,体育人文社会学,2,全日制,304
哈尔滨师范大学,不是,不是,不是,是,体育科学学院,运动人体科学,2,全日制,304
哈尔滨师范大学,不是,不是,不是,是,体育科学学院,体育教育训练学,10,全日制,304
哈尔滨师范大学,不是,不是,不是,是,体育科学学院,民族传统体育学,3,全日制,304
黑龙江八一农垦大学,不是,不是,不是,是,生命科学技术学院,生物学,48,全日制,274
黑龙江八一农垦大学,不是,不是,不是,是,工程学院,机械工程,10,全日制,260
黑龙江八一农垦大学,不是,不是,不是,是,工程学院,农业工程,15,全日制,251
黑龙江八一农垦大学,不是,不是,不是,是,信息与电气工程学院,电子信息,36,全日制,260
黑龙江八一农垦大学,不是,不是,不是,是,土木水利学院,土木水利,17,全日制,260
黑龙江八一农垦大学,不是,不是,不是,是,生命科学技术学院,生物学,48,全日制,274
黑龙江八一农垦大学,不是,不是,不是,是,工程学院,机械工程,10,全日制,260
黑龙江八一农垦大学,不是,不是,不是,是,工程学院,农业工程,15,全日制,251
黑龙江八一农垦大学,不是,不是,不是,是,信息与电气工程学院,电子信息,36,全日制,260
黑龙江八一农垦大学,不是,不是,不是,是,土木水利学院,土木水利,17,全日制,260
黑龙江中医药大学,不是,不是,不是,是,马克思主义学院,马克思主义理论,11,全日制,323
黑龙江中医药大学,不是,不是,不是,是,人文与管理学院,应用心理,9,全日制,341
黑龙江中医药大学,不是,不是,不是,是,基础医学院,中医基础理论,18,全日制,293
黑龙江中医药大学,不是,不是,不是,是,基础医学院,中医临床基础,28,全日制,293
黑龙江中医药大学,不是,不是,不是,是,基础医学院,中医医史文献,10,全日制,293
黑龙江中医药大学,不是,不是,不是,是,马克思主义学院,马克思主义理论,11,全日制,323
黑龙江中医药大学,不是,不是,不是,是,人文与管理学院,应用心理,9,全日制,341
黑龙江中医药大学,不是,不是,不是,是,基础医学院,中医基础理论,18,全日制,293
黑龙江中医药大学,不是,不是,不是,是,基础医学院,中医临床基础,28,全日制,293
黑龙江中医药大学,不是,不是,不是,是,基础医学院,中医医史文献,10,全日制,293
黑龙江中医药大学,不是,不是,不是,是,基础医学院,方剂学,27,全日制,293
黑龙江中医药大学,不是,不是,不是,是,第一临床医学院,中医内科学,5,全日制,299
黑龙江中医药大学,不是,不是,不是,是,第二临床医学院,中医内科学,3,全日制,293
黑龙江中医药大学,不是,不是,不是,是,第一临床医学院,中医外科学,4,全日制,297
黑龙江中医药大学,不是,不是,不是,是,第二临床医学院,中医外科学,5,全日制,367
黑龙江中医药大学,不是,不是,不是,是,第一临床医学院,中医骨伤科学,2,全日制,318
黑龙江中医药大学,不是,不是,不是,是,第二临床医学院,中医骨伤科学,2,全日制,293
黑龙江中医药大学,不是,不是,不是,是,第一临床医学院,中医妇科学,28,全日制,293
黑龙江中医药大学,不是,不是,不是,是,第一临床医学院,中医儿科学,4,全日制,343
黑龙江中医药大学,不是,不是,不是,是,第一临床医学院,中医五官科学,3,全日制,293
齐齐哈尔大学,不是,不是,不是,是,理学院,应用统计,14,全日制,323
齐齐哈尔大学,不是,不是,不是,是,经济与管理学院,国际商务,14,全日制,323
齐齐哈尔大学,不是,不是,不是,是,马克思主义学院,马克思主义理论,25,全日制,323
齐齐哈尔大学,不是,不是,不是,是,教师教育学院,教育管理,12,全日制,341
齐齐哈尔大学,不是,不是,不是,是,教师教育学院,教育管理,2,非全日制,341
齐齐哈尔大学,不是,不是,不是,是,理学院,应用统计,14,全日制,323
齐齐哈尔大学,不是,不是,不是,是,经济与管理学院,国际商务,14,全日制,323
齐齐哈尔大学,不是,不是,不是,是,马克思主义学院,马克思主义理论,25,全日制,323
齐齐哈尔大学,不是,不是,不是,是,教师教育学院,教育管理,12,全日制,341
齐齐哈尔大学,不是,不是,不是,是,教师教育学院,教育管理,2,非全日制,341
齐齐哈尔大学,不是,不是,不是,是,马克思主义学院,学科教学（思政）,15,全日制,341
齐齐哈尔大学,不是,不是,不是,是,马克思主义学院,学科教学（思政）,2,非全日制,341
齐齐哈尔大学,不是,不是,不是,是,文学与历史文化学院,学科教学（语文）,15,全日制,341
齐齐哈尔大学,不是,不是,不是,是,文学与历史文化学院,学科教学（语文）,2,非全日制,341
齐齐哈尔大学,不是,不是,不是,是,理学院,学科教学（数学）,14,全日制,341
齐齐哈尔大学,不是,不是,不是,是,理学院,学科教学（数学）,2,非全日制,341
齐齐哈尔大学,不是,不是,不是,是,理学院,学科教学（物理）,15,全日制,341
齐齐哈尔大学,不是,不是,不是,是,理学院,学科教学（物理）,2,非全日制,341
齐齐哈尔大学,不是,不是,不是,是,化学与化学工程学院,学科教学（化学）,15,全日制,341
齐齐哈尔大学,不是,不是,不是,是,化学与化学工程学院,学科教学（化学）,2,非全日制,341
齐齐哈尔大学,不是,不是,不是,是,生命科学与农林学院,学科教学（生物）,14,全日制,341
齐齐哈尔大学,不是,不是,不是,是,外国语学院,学科教学（英语）,15,全日制,341
齐齐哈尔大学,不是,不是,不是,是,外国语学院,学科教学（英语）,2,非全日制,341
齐齐哈尔大学,不是,不是,不是,是,文学与历史文化学院,学科教学（历史）,15,全日制,341
齐齐哈尔大学,不是,不是,不是,是,理学院,学科教学（地理）,9,全日制,341
齐齐哈尔大学,不是,不是,不是,是,理学院,学科教学（地理）,2,非全日制,341
齐齐哈尔大学,不是,不是,不是,是,音乐与舞蹈学院,学科教学（音乐）,15,全日制,341
齐齐哈尔大学,不是,不是,不是,是,美术与艺术设计学院,学科教学（美术）,9,全日制,341
齐齐哈尔大学,不是,不是,不是,是,教师教育学院,现代教育技术,8,全日制,341
齐齐哈尔大学,不是,不是,不是,是,教师教育学院,现代教育技术,2,非全日制,341
黑龙江科技大学,不是,不是,不是,是,经济学院,金融,22,全日制,323
黑龙江科技大学,不是,不是,不是,是,马克思主义学院,马克思主义理论,20,全日制,323
黑龙江科技大学,不是,不是,不是,是,人文社会科学学院,社会工作,20,全日制,352
黑龙江科技大学,不是,不是,不是,是,人文社会科学学院,社会工作,5,非全日制,352
黑龙江科技大学,不是,不是,不是,是,理学院,物理学,10,全日制,274
黑龙江科技大学,不是,不是,不是,是,经济学院,金融,22,全日制,323
黑龙江科技大学,不是,不是,不是,是,马克思主义学院,马克思主义理论,20,全日制,323
黑龙江科技大学,不是,不是,不是,是,人文社会科学学院,社会工作,20,全日制,352
黑龙江科技大学,不是,不是,不是,是,人文社会科学学院,社会工作,5,非全日制,352
黑龙江科技大学,不是,不是,不是,是,理学院,物理学,10,全日制,274
佳木斯大学,不是,不是,不是,是,马克思主义学院,马克思主义理论,44,全日制,323
佳木斯大学,不是,不是,不是,是,马克思主义学院,学科教学（思政）,13,全日制,341
佳木斯大学,不是,不是,不是,是,人文学院,学科教学（语文）,19,全日制,341
佳木斯大学,不是,不是,不是,是,理学院,学科教学（数学）,20,全日制,341
佳木斯大学,不是,不是,不是,是,马克思主义学院,马克思主义理论,44,全日制,323
佳木斯大学,不是,不是,不是,是,马克思主义学院,学科教学（思政）,13,全日制,341
佳木斯大学,不是,不是,不是,是,人文学院,学科教学（语文）,19,全日制,341
佳木斯大学,不是,不是,不是,是,理学院,学科教学（数学）,20,全日制,341
佳木斯大学,不是,不是,不是,是,理学院,学科教学（物理）,20,全日制,341
佳木斯大学,不是,不是,不是,是,药学院,学科教学（化学）,2,全日制,341
佳木斯大学,不是,不是,不是,是,生物与农业学院,学科教学（生物）,17,全日制,341
佳木斯大学,不是,不是,不是,是,外国语学院,学科教学（英语）,48,全日制,341
佳木斯大学,不是,不是,不是,是,人文学院,学科教学（历史）,10,全日制,341
佳木斯大学,不是,不是,不是,是,理学院,学科教学（地理）,16,全日制,341
佳木斯大学,不是,不是,不是,是,教育科学学院,现代教育技术,12,全日制,341
佳木斯大学,不是,不是,不是,是,教育科学学院,小学教育,13,全日制,341
佳木斯大学,不是,不是,不是,是,教育科学学院,心理健康教育,14,全日制,341
佳木斯大学,不是,不是,不是,是,教育科学学院,学前教育,12,全日制,341
佳木斯大学,不是,不是,不是,是,体育学院,体育,41,全日制,304
佳木斯大学,不是,不是,不是,是,人文学院,中国语言文学,20,全日制,351
佳木斯大学,不是,不是,不是,是,外国语学院,英语语言文学,11,全日制,351
佳木斯大学,不是,不是,不是,是,外国语学院,俄语语言文学,3,全日制,351
佳木斯大学,不是,不是,不是,是,外国语学院,日语语言文学,5,全日制,351
黑龙江工程学院,不是,不是,不是,是,计算机科学与技术学院,计算机技术,7,全日制,260
黑龙江工程学院,不是,不是,不是,是,电气与信息工程学院,光电信息工程,9,全日制,260
黑龙江工程学院,不是,不是,不是,是,电气与信息工程学院,人工智能,8,全日制,260
黑龙江工程学院,不是,不是,不是,是,土木与建筑工程学院,环境工程,7,全日制,260
黑龙江工程学院,不是,不是,不是,是,测绘工程学院,测绘工程,29,全日制,260
哈尔滨商业大学,不是,不是,不是,是,经济学院,理论经济学,14,全日制,323
哈尔滨商业大学,不是,不是,不是,是,经济学院,国民经济学,2,全日制,323
哈尔滨商业大学,不是,不是,不是,是,财政与公共管理学院,财政学,9,全日制,323
哈尔滨商业大学,不是,不是,不是,是,金融学院,金融学,22,全日制,323
哈尔滨商业大学,不是,不是,不是,是,经济学院,产业经济学,21,全日制,323
哈尔滨商业大学,不是,不是,不是,是,经济学院,理论经济学,14,全日制,323
哈尔滨商业大学,不是,不是,不是,是,经济学院,国民经济学,2,全日制,323
哈尔滨商业大学,不是,不是,不是,是,财政与公共管理学院,财政学,9,全日制,323
哈尔滨商业大学,不是,不是,不是,是,金融学院,金融学,22,全日制,323
哈尔滨商业大学,不是,不是,不是,是,经济学院,产业经济学,21,全日制,323
哈尔滨商业大学,不是,不是,不是,是,经济学院,国际贸易学,13,全日制,323
哈尔滨商业大学,不是,不是,不是,是,财政与公共管理学院,劳动经济学,6,全日制,323
哈尔滨商业大学,不是,不是,不是,是,经济学院,统计学,4,全日制,323
哈尔滨商业大学,不是,不是,不是,是,经济学院,数量经济学,4,全日制,323
哈尔滨商业大学,不是,不是,不是,是,金融学院,金融,48,全日制,323
牡丹江师范学院,不是,不是,不是,是,马克思主义学院,马克思主义基本原理,11,全日制,323
牡丹江师范学院,不是,不是,不是,是,马克思主义学院,马克思主义中国化研究,16,全日制,323
牡丹江师范学院,不是,不是,不是,是,马克思主义学院,思想政治教育,11,全日制,323
牡丹江师范学院,不是,不是,不是,是,马克思主义学院,中国近现代史基本问题研究,6,全日制,323
牡丹江师范学院,不是,不是,不是,是,教育科学学院,教育学原理,8,全日制,341
牡丹江师范学院,不是,不是,不是,是,马克思主义学院,马克思主义基本原理,11,全日制,323
牡丹江师范学院,不是,不是,不是,是,马克思主义学院,马克思主义中国化研究,16,全日制,323
牡丹江师范学院,不是,不是,不是,是,马克思主义学院,思想政治教育,11,全日制,323
牡丹江师范学院,不是,不是,不是,是,马克思主义学院,中国近现代史基本问题研究,6,全日制,323
牡丹江师范学院,不是,不是,不是,是,教育科学学院,教育学原理,8,全日制,341
牡丹江师范学院,不是,不是,不是,是,教育科学学院,课程与教学论,8,全日制,341
牡丹江师范学院,不是,不是,不是,是,体育与健康科学学院,运动人体科学,9,全日制,304
牡丹江师范学院,不是,不是,不是,是,体育与健康科学学院,体育教育训练学,21,全日制,304
牡丹江师范学院,不是,不是,不是,是,体育与健康科学学院,民族传统体育学,9,全日制,304
哈尔滨体育学院,不是,不是,不是,是,不区分院系,体育人文社会学,22,全日制,304
哈尔滨体育学院,不是,不是,不是,是,不区分院系,运动人体科学,21,全日制,304
哈尔滨体育学院,不是,不是,不是,是,不区分院系,体育教育训练学,42,全日制,304
哈尔滨体育学院,不是,不是,不是,是,不区分院系,民族传统体育学,10,全日制,304
哈尔滨体育学院,不是,不是,不是,是,不区分院系,体育教学,169,全日制,304
牡丹江医科大学,不是,不是,不是,是,基础医学院,生理学,10,全日制,274
牡丹江医科大学,不是,不是,不是,是,基础医学院,遗传学,4,全日制,274
牡丹江医科大学,不是,不是,不是,是,基础医学院,细胞生物学,4,全日制,274
牡丹江医科大学,不是,不是,不是,是,基础医学院,生物化学与分子生物学,12,全日制,274
牡丹江医科大学,不是,不是,不是,是,生命科学学院,生物医学工程,10,全日制,260
牡丹江医科大学,不是,不是,不是,是,基础医学院,生理学,10,全日制,274
牡丹江医科大学,不是,不是,不是,是,基础医学院,遗传学,4,全日制,274
牡丹江医科大学,不是,不是,不是,是,基础医学院,细胞生物学,4,全日制,274
牡丹江医科大学,不是,不是,不是,是,基础医学院,生物化学与分子生物学,12,全日制,274
牡丹江医科大学,不是,不是,不是,是,生命科学学院,生物医学工程,10,全日制,260
齐齐哈尔医学院,不是,不是,不是,是,精神卫生学院,应用心理,14,全日制,341
齐齐哈尔医学院,不是,不是,不是,是,基础医学院,生物学,5,全日制,274
齐齐哈尔医学院,不是,不是,不是,是,基础医学院,基础医学,24,全日制,293
齐齐哈尔医学院,不是,不是,不是,是,第一临床医学院,内科学,14,全日制,293
齐齐哈尔医学院,不是,不是,不是,是,第二临床医学院,内科学,14,全日制,299
齐齐哈尔医学院,不是,不是,不是,是,精神卫生学院,应用心理,14,全日制,341
齐齐哈尔医学院,不是,不是,不是,是,基础医学院,生物学,5,全日制,274
齐齐哈尔医学院,不是,不是,不是,是,基础医学院,基础医学,24,全日制,293
齐齐哈尔医学院,不是,不是,不是,是,第一临床医学院,内科学,14,全日制,293
齐齐哈尔医学院,不是,不是,不是,是,第二临床医学院,内科学,14,全日制,299
中共黑龙江省委党校,不是,不是,不是,不是,研究生处,区域经济学,6,全日制,323
中共黑龙江省委党校,不是,不是,不是,不是,研究生处,金融学,6,全日制,323
中共黑龙江省委党校,不是,不是,不是,不是,研究生处,产业经济学,6,全日制,323
中共黑龙江省委党校,不是,不是,不是,不是,研究生处,政治学理论,6,全日制,323
中共黑龙江省委党校,不是,不是,不是,不是,研究生处,中共党史,6,全日制,323
中国地震局工程力学研究所,不是,不是,不是,不是,不区分院系,固体力学,5,全日制,251
中国地震局工程力学研究所,不是,不是,不是,不是,不区分院系,工程力学,5,全日制,251
中国地震局工程力学研究所,不是,不是,不是,不是,不区分院系,测试计量技术及仪器,6,全日制,260
中国地震局工程力学研究所,不是,不是,不是,不是,不区分院系,岩土工程,19,全日制,260
中国地震局工程力学研究所,不是,不是,不是,不是,不区分院系,结构工程,33,全日制,260
黑龙江科技大学,不是,不是,不是,是,经济学院,金融,22,全日制,323
黑龙江科技大学,不是,不是,不是,是,马克思主义学院,马克思主义理论,20,全日制,323
黑龙江科技大学,不是,不是,不是,是,人文社会科学学院,社会工作,20,全日制,352
黑龙江科技大学,不是,不是,不是,是,人文社会科学学院,社会工作,5,非全日制,352
黑龙江科技大学,不是,不是,不是,是,理学院,物理学,10,全日制,274
黑龙江科技大学,不是,不是,不是,是,经济学院,金融,22,全日制,323
黑龙江科技大学,不是,不是,不是,是,马克思主义学院,马克思主义理论,20,全日制,323
黑龙江科技大学,不是,不是,不是,是,人文社会科学学院,社会工作,20,全日制,352
黑龙江科技大学,不是,不是,不是,是,人文社会科学学院,社会工作,5,非全日制,352
黑龙江科技大学,不是,不是,不是,是,理学院,物理学,10,全日制,274
佳木斯大学,不是,不是,不是,是,马克思主义学院,马克思主义理论,44,全日制,323
佳木斯大学,不是,不是,不是,是,马克思主义学院,学科教学（思政）,13,全日制,341
佳木斯大学,不是,不是,不是,是,人文学院,学科教学（语文）,19,全日制,341
佳木斯大学,不是,不是,不是,是,理学院,学科教学（数学）,20,全日制,341
佳木斯大学,不是,不是,不是,是,马克思主义学院,马克思主义理论,44,全日制,323
佳木斯大学,不是,不是,不是,是,马克思主义学院,学科教学（思政）,13,全日制,341
佳木斯大学,不是,不是,不是,是,人文学院,学科教学（语文）,19,全日制,341
佳木斯大学,不是,不是,不是,是,理学院,学科教学（数学）,20,全日制,341
佳木斯大学,不是,不是,不是,是,理学院,学科教学（物理）,20,全日制,341
佳木斯大学,不是,不是,不是,是,药学院,学科教学（化学）,2,全日制,341
佳木斯大学,不是,不是,不是,是,生物与农业学院,学科教学（生物）,17,全日制,341
佳木斯大学,不是,不是,不是,是,外国语学院,学科教学（英语）,48,全日制,341
佳木斯大学,不是,不是,不是,是,人文学院,学科教学（历史）,10,全日制,341
佳木斯大学,不是,不是,不是,是,理学院,学科教学（地理）,16,全日制,341
佳木斯大学,不是,不是,不是,是,教育科学学院,现代教育技术,12,全日制,341
佳木斯大学,不是,不是,不是,是,教育科学学院,小学教育,13,全日制,341
佳木斯大学,不是,不是,不是,是,教育科学学院,心理健康教育,14,全日制,341
佳木斯大学,不是,不是,不是,是,教育科学学院,学前教育,12,全日制,341
佳木斯大学,不是,不是,不是,是,体育学院,体育,41,全日制,304
佳木斯大学,不是,不是,不是,是,人文学院,中国语言文学,20,全日制,351
佳木斯大学,不是,不是,不是,是,外国语学院,英语语言文学,11,全日制,351
佳木斯大学,不是,不是,不是,是,外国语学院,俄语语言文学,3,全日制,351
佳木斯大学,不是,不是,不是,是,外国语学院,日语语言文学,5,全日制,351
黑龙江工程学院,不是,不是,不是,是,计算机科学与技术学院,计算机技术,7,全日制,260
黑龙江工程学院,不是,不是,不是,是,电气与信息工程学院,光电信息工程,9,全日制,260
黑龙江工程学院,不是,不是,不是,是,电气与信息工程学院,人工智能,8,全日制,260
黑龙江工程学院,不是,不是,不是,是,土木与建筑工程学院,环境工程,7,全日制,260
黑龙江工程学院,不是,不是,不是,是,测绘工程学院,测绘工程,29,全日制,260
哈尔滨商业大学,不是,不是,不是,是,经济学院,理论经济学,14,全日制,323
哈尔滨商业大学,不是,不是,不是,是,经济学院,国民经济学,2,全日制,323
哈尔滨商业大学,不是,不是,不是,是,财政与公共管理学院,财政学,9,全日制,323
哈尔滨商业大学,不是,不是,不是,是,金融学院,金融学,22,全日制,323
哈尔滨商业大学,不是,不是,不是,是,经济学院,产业经济学,21,全日制,323
哈尔滨商业大学,不是,不是,不是,是,经济学院,理论经济学,14,全日制,323
哈尔滨商业大学,不是,不是,不是,是,经济学院,国民经济学,2,全日制,323
哈尔滨商业大学,不是,不是,不是,是,财政与公共管理学院,财政学,9,全日制,323
哈尔滨商业大学,不是,不是,不是,是,金融学院,金融学,22,全日制,323
哈尔滨商业大学,不是,不是,不是,是,经济学院,产业经济学,21,全日制,323
哈尔滨商业大学,不是,不是,不是,是,经济学院,国际贸易学,13,全日制,323
哈尔滨商业大学,不是,不是,不是,是,财政与公共管理学院,劳动经济学,6,全日制,323
哈尔滨商业大学,不是,不是,不是,是,经济学院,统计学,4,全日制,323
哈尔滨商业大学,不是,不是,不是,是,经济学院,数量经济学,4,全日制,323
哈尔滨商业大学,不是,不是,不是,是,金融学院,金融,48,全日制,323
牡丹江师范学院,不是,不是,不是,是,马克思主义学院,马克思主义基本原理,11,全日制,323
牡丹江师范学院,不是,不是,不是,是,马克思主义学院,马克思主义中国化研究,16,全日制,323
牡丹江师范学院,不是,不是,不是,是,马克思主义学院,思想政治教育,11,全日制,323
牡丹江师范学院,不是,不是,不是,是,马克思主义学院,中国近现代史基本问题研究,6,全日制,323
牡丹江师范学院,不是,不是,不是,是,教育科学学院,教育学原理,8,全日制,341
牡丹江师范学院,不是,不是,不是,是,马克思主义学院,马克思主义基本原理,11,全日制,323
牡丹江师范学院,不是,不是,不是,是,马克思主义学院,马克思主义中国化研究,16,全日制,323
牡丹江师范学院,不是,不是,不是,是,马克思主义学院,思想政治教育,11,全日制,323
牡丹江师范学院,不是,不是,不是,是,马克思主义学院,中国近现代史基本问题研究,6,全日制,323
牡丹江师范学院,不是,不是,不是,是,教育科学学院,教育学原理,8,全日制,341
牡丹江师范学院,不是,不是,不是,是,教育科学学院,课程与教学论,8,全日制,341
牡丹江师范学院,不是,不是,不是,是,体育与健康科学学院,运动人体科学,9,全日制,304
牡丹江师范学院,不是,不是,不是,是,体育与健康科学学院,体育教育训练学,21,全日制,304
牡丹江师范学院,不是,不是,不是,是,体育与健康科学学院,民族传统体育学,9,全日制,304
哈尔滨体育学院,不是,不是,不是,是,不区分院系,体育人文社会学,22,全日制,304
哈尔滨体育学院,不是,不是,不是,是,不区分院系,运动人体科学,21,全日制,304
哈尔滨体育学院,不是,不是,不是,是,不区分院系,体育教育训练学,42,全日制,304
哈尔滨体育学院,不是,不是,不是,是,不区分院系,民族传统体育学,10,全日制,304
哈尔滨体育学院,不是,不是,不是,是,不区分院系,体育教学,169,全日制,304
牡丹江医科大学,不是,不是,不是,是,基础医学院,生理学,10,全日制,274
牡丹江医科大学,不是,不是,不是,是,基础医学院,遗传学,4,全日制,274
牡丹江医科大学,不是,不是,不是,是,基础医学院,细胞生物学,4,全日制,274
牡丹江医科大学,不是,不是,不是,是,基础医学院,生物化学与分子生物学,12,全日制,274
牡丹江医科大学,不是,不是,不是,是,生命科学学院,生物医学工程,10,全日制,260
牡丹江医科大学,不是,不是,不是,是,基础医学院,生理学,10,全日制,274
牡丹江医科大学,不是,不是,不是,是,基础医学院,遗传学,4,全日制,274
牡丹江医科大学,不是,不是,不是,是,基础医学院,细胞生物学,4,全日制,274
牡丹江医科大学,不是,不是,不是,是,基础医学院,生物化学与分子生物学,12,全日制,274
牡丹江医科大学,不是,不是,不是,是,生命科学学院,生物医学工程,10,全日制,260
齐齐哈尔医学院,不是,不是,不是,是,精神卫生学院,应用心理,14,全日制,341
齐齐哈尔医学院,不是,不是,不是,是,基础医学院,生物学,5,全日制,274
齐齐哈尔医学院,不是,不是,不是,是,基础医学院,基础医学,24,全日制,293
齐齐哈尔医学院,不是,不是,不是,是,第一临床医学院,内科学,14,全日制,293
齐齐哈尔医学院,不是,不是,不是,是,第二临床医学院,内科学,14,全日制,299
齐齐哈尔医学院,不是,不是,不是,是,精神卫生学院,应用心理,14,全日制,341
齐齐哈尔医学院,不是,不是,不是,是,基础医学院,生物学,5,全日制,274
齐齐哈尔医学院,不是,不是,不是,是,基础医学院,基础医学,24,全日制,293
齐齐哈尔医学院,不是,不是,不是,是,第一临床医学院,内科学,14,全日制,293
齐齐哈尔医学院,不是,不是,不是,是,第二临床医学院,内科学,14,全日制,299
中共黑龙江省委党校,不是,不是,不是,不是,研究生处,区域经济学,6,全日制,323
中共黑龙江省委党校,不是,不是,不是,不是,研究生处,金融学,6,全日制,323
中共黑龙江省委党校,不是,不是,不是,不是,研究生处,产业经济学,6,全日制,323
中共黑龙江省委党校,不是,不是,不是,不是,研究生处,政治学理论,6,全日制,323
中共黑龙江省委党校,不是,不是,不是,不是,研究生处,中共党史,6,全日制,323
中国地震局工程力学研究所,不是,不是,不是,不是,不区分院系,固体力学,5,全日制,251
中国地震局工程力学研究所,不是,不是,不是,不是,不区分院系,工程力学,5,全日制,251
中国地震局工程力学研究所,不是,不是,不是,不是,不区分院系,测试计量技术及仪器,6,全日制,260
中国地震局工程力学研究所,不是,不是,不是,不是,不区分院系,岩土工程,19,全日制,260
中国地震局工程力学研究所,不是,不是,不是,不是,不区分院系,结构工程,33,全日制,260
黑龙江省社会科学院,不是,不是,不是,不是,不区分院系,应用经济学,9,全日制,323
黑龙江省社会科学院,不是,不是,不是,不是,不区分院系,政治学理论,7,全日制,323
黑龙江省社会科学院,不是,不是,不是,不是,不区分院系,科学社会主义与国际共产主义运动,5,全日制,323
黑龙江省社会科学院,不是,不是,不是,不是,不区分院系,社会学,11,全日制,323
黑龙江省社会科学院,不是,不是,不是,不是,不区分院系,民俗学,4,全日制,323
黑龙江东方学院,不是,不是,不是,是,食品工程学院,生物与医药,40,全日制,260
黑龙江省中医药科学院,不是,不是,不是,不是,中医研究所,中医内科学,11,全日制,293
黑龙江省中医药科学院,不是,不是,不是,不是,针灸研究所,针灸推拿学,6,全日制,293
黑龙江省中医药科学院,不是,不是,不是,不是,中西医研究所,中西医结合临床,6,全日制,293
黑龙江省中医药科学院,不是,不是,不是,不是,中药研究所,中药学,12,全日制,293
黑龙江省中医药科学院,不是,不是,不是,不是,中药研究所,中药,5,全日制,293
中国航空研究院627研究所,不是,不是,不是,不是,不区分院系,流体力学,6,全日制,251
机械科学研究院哈尔滨焊接研究所,不是,不是,不是,不是,不区分院系,材料加工工程,4,全日制,260
黑龙江省科学院,不是,不是,不是,不是,黑龙江省科学院石油化学研究院,化学,17,全日制,274
黑龙江省科学院,不是,不是,不是,不是,黑龙江省科学院石油化学研究院,生物学,19,全日制,274
哈尔滨音乐学院,不是,不是,不是,是,艺术学系,艺术学,11,全日制,351
哈尔滨音乐学院,不是,不是,不是,是,音乐学系,艺术学,19,全日制,351
哈尔滨音乐学院,不是,不是,不是,是,作曲系,艺术学,2,全日制,351
哈尔滨音乐学院,不是,不是,不是,是,声乐歌剧系,艺术学,1,全日制,351
哈尔滨音乐学院,不是,不是,不是,是,民族声乐系,艺术学,1,全日制,351
哈尔滨音乐学院,不是,不是,不是,是,艺术学系,艺术学,11,全日制,351
哈尔滨音乐学院,不是,不是,不是,是,音乐学系,艺术学,19,全日制,351
哈尔滨音乐学院,不是,不是,不是,是,作曲系,艺术学,2,全日制,351
哈尔滨音乐学院,不是,不是,不是,是,声乐歌剧系,艺术学,1,全日制,351
哈尔滨音乐学院,不是,不是,不是,是,民族声乐系,艺术学,1,全日制,351
哈尔滨船舶锅炉涡轮机研究所,不是,不是,不是,不是,不区分院系,轮机工程,5,全日制,251
上海交通大学,是,是,是,不是,马克思主义学院,科学技术哲学,1,全日制,340
上海交通大学,是,是,是,不是,安泰经济与管理学院,应用经济学,5,全日制,340
上海交通大学,是,是,是,不是,安泰经济与管理学院,金融,16,全日制,340
上海交通大学,是,是,是,不是,上海高级金融学院,金融,10,全日制,340
上海交通大学,是,是,是,不是,数学科学学院,应用统计,43,全日制,375
上海交通大学,是,是,是,不是,马克思主义学院,科学技术哲学,1,全日制,340
上海交通大学,是,是,是,不是,安泰经济与管理学院,应用经济学,5,全日制,340
上海交通大学,是,是,是,不是,安泰经济与管理学院,金融,16,全日制,340
上海交通大学,是,是,是,不是,上海高级金融学院,金融,10,全日制,340
上海交通大学,是,是,是,不是,数学科学学院,应用统计,43,全日制,375
上海交通大学,是,是,是,不是,凯原法学院,法学,15,全日制,360
上海交通大学,是,是,是,不是,国际与公共事务学院,政治学,5,全日制,360
上海交通大学,是,是,是,不是,马克思主义学院,马克思主义理论,25,全日制,360
上海交通大学,是,是,是,不是,凯原法学院,法律（非法学）,67,全日制,343
上海交通大学,是,是,是,不是,凯原法学院,法律（法学）,10,全日制,323
上海交通大学,是,是,是,不是,教育学院,教育学,9,全日制,341
上海交通大学,是,是,是,不是,心理学院（含精神卫生中心）,心理学,5,全日制,370
上海交通大学,是,是,是,不是,体育系,体育学,0,全日制,304
上海交通大学,是,是,是,不是,教育学院,学科教学（语文）,0,全日制,341
上海交通大学,是,是,是,不是,教育学院,学科教学（数学）,0,全日制,341
上海交通大学,是,是,是,不是,教育学院,学科教学（物理）,0,全日制,341
上海交通大学,是,是,是,不是,教育学院,学科教学（化学）,0,全日制,341
上海交通大学,是,是,是,不是,教育学院,学科教学（生物）,0,全日制,341
上海交通大学,是,是,是,不是,教育学院,学科教学（英语）,0,全日制,341
上海交通大学,是,是,是,不是,教育学院,科学与技术教育,0,全日制,341
上海交通大学,是,是,是,不是,体育系,体育,11,全日制,350
上海交通大学,是,是,是,不是,人文学院,国际中文教育,12,全日制,370
上海交通大学,是,是,是,不是,心理学院（含精神卫生中心）,应用心理,10,全日制,355
上海交通大学,是,是,是,不是,心理学院（含精神卫生中心）,应用心理,80,非全日制,355
上海交通大学,是,是,是,不是,外国语学院,外国语言文学,5,全日制,351
上海交通大学,是,是,是,不是,媒体与传播学院,新闻传播学,3,全日制,351
上海交通大学,是,是,是,不是,外国语学院,翻译,13,全日制,360
上海交通大学,是,是,是,不是,媒体与传播学院,新闻与传播,22,全日制,351
上海交通大学,是,是,是,不是,数学科学学院,数学,13,全日制,300
上海交通大学,是,是,是,不是,物理与天文学院（含李政道研究所）,物理学,8,全日制,300
上海交通大学,是,是,是,不是,化学化工学院,化学,11,全日制,300
上海交通大学,是,是,是,不是,海洋学院,海洋科学,12,全日制,300
上海交通大学,是,是,是,不是,生物医学工程学院,生物学,0,全日制,300
上海交通大学,是,是,是,不是,生命科学技术学院（含系统生物医学研究院）,生物学,7,全日制,300
上海交通大学,是,是,是,不是,马克思主义学院,科学技术史,4,全日制,300
上海交通大学,是,是,是,不是,农业与生物学院,生态学,3,全日制,300
上海交通大学,是,是,是,不是,船舶海洋与建筑工程学院,力学,15,全日制,300
上海交通大学,是,是,是,不是,机械与动力工程学院,机械工程,15,全日制,300
上海交通大学,是,是,是,不是,机械与动力工程学院,机械工程,4,全日制,300
复旦大学,是,是,是,不是,哲学学院,哲学,61,全日制,350
复旦大学,是,是,是,不是,哲学学院,哲学,6,全日制,350
复旦大学,是,是,是,不是,哲学学院,应用伦理,40,非全日制,330
复旦大学,是,是,是,不是,社会发展与公共政策学院,理论经济学,5,全日制,360
复旦大学,是,是,是,不是,管理学院,应用经济学,4,全日制,360
复旦大学,是,是,是,不是,哲学学院,哲学,61,全日制,350
复旦大学,是,是,是,不是,哲学学院,哲学,6,全日制,350
复旦大学,是,是,是,不是,哲学学院,应用伦理,40,非全日制,330
复旦大学,是,是,是,不是,社会发展与公共政策学院,理论经济学,5,全日制,360
复旦大学,是,是,是,不是,管理学院,应用经济学,4,全日制,360
复旦大学,是,是,是,不是,经济学院,金融,177,全日制,365
复旦大学,是,是,是,不是,国际金融学院,金融,45,非全日制,365
复旦大学,是,是,是,不是,数学科学学院,应用统计,38,全日制,345
复旦大学,是,是,是,不是,大数据学院,应用统计,110,全日制,345
复旦大学,是,是,是,不是,上海数学中心,应用统计,20,全日制,345
复旦大学,是,是,是,不是,上海数学与交叉学科研究院,应用统计,30,全日制,345
复旦大学,是,是,是,不是,经济学院,税务,55,全日制,355
复旦大学,是,是,是,不是,经济学院,国际商务,55,全日制,365
复旦大学,是,是,是,不是,经济学院,保险,55,全日制,355
复旦大学,是,是,是,不是,经济学院,资产评估,55,全日制,360
复旦大学,是,是,是,不是,经济学院,数字经济,100,非全日制,360
复旦大学,是,是,是,不是,法学院,法学,55,全日制,330
复旦大学,是,是,是,不是,国际关系与公共事务学院,政治学,35,全日制,350
复旦大学,是,是,是,不是,社会发展与公共政策学院,社会学,18,全日制,370
复旦大学,是,是,是,不是,马克思主义学院,马克思主义理论,45,全日制,345
复旦大学,是,是,是,不是,马克思主义学院,中共党史党建学,18,全日制,345
复旦大学,是,是,是,不是,法学院,法律（非法学）,170,全日制,325
复旦大学,是,是,是,不是,法学院,法律（法学）,53,全日制,340
复旦大学,是,是,是,不是,社会发展与公共政策学院,社会工作,46,全日制,365
复旦大学,是,是,是,不是,国际关系与公共事务学院,国际事务,25,全日制,340
复旦大学,是,是,是,不是,高等教育研究所,教育学,11,全日制,341
复旦大学,是,是,是,不是,社会发展与公共政策学院,心理学,5,全日制,341
复旦大学,是,是,是,不是,高等教育研究所,教育,25,全日制,341
复旦大学,是,是,是,不是,国际文化交流学院,国际中文教育,33,全日制,341
复旦大学,是,是,是,不是,社会发展与公共政策学院,应用心理,30,全日制,380
复旦大学,是,是,是,不是,中国语言文学系,中国语言文学,77,全日制,365
复旦大学,是,是,是,不是,外国语言文学学院,外国语言文学,37,全日制,365
复旦大学,是,是,是,不是,新闻学院,新闻传播学,50,全日制,365
复旦大学,是,是,是,不是,外国语言文学学院,翻译,98,全日制,360
复旦大学,是,是,是,不是,新闻学院,新闻与传播,113,全日制,370
复旦大学,是,是,是,不是,中国语言文学系,出版,15,全日制,370
复旦大学,是,是,是,不是,历史学系,中国史,33,全日制,350
复旦大学,是,是,是,不是,历史学系,中国史,8,全日制,350
复旦大学,是,是,是,不是,历史地理研究中心,中国史,17,全日制,350
复旦大学,是,是,是,不是,历史学系,世界史,13,全日制,350
同济大学,是,是,是,不是,人文学院,哲学,14,全日制,370
同济大学,是,是,是,不是,经济与管理学院,金融,79,全日制,323
同济大学,是,是,是,不是,经济与管理学院,金融,40,非全日制,323
同济大学,是,是,是,不是,数学科学学院,应用统计,31,全日制,323
同济大学,是,是,是,不是,数学科学学院,应用统计,29,非全日制,323
同济大学,是,是,是,不是,人文学院,哲学,14,全日制,370
同济大学,是,是,是,不是,经济与管理学院,金融,79,全日制,323
同济大学,是,是,是,不是,经济与管理学院,金融,40,非全日制,323
同济大学,是,是,是,不是,数学科学学院,应用统计,31,全日制,323
同济大学,是,是,是,不是,数学科学学院,应用统计,29,非全日制,323
同济大学,是,是,是,不是,法学院,法学,19,全日制,355
同济大学,是,是,是,不是,政治与国际关系学院,政治学,1,全日制,355
同济大学,是,是,是,不是,政治与国际关系学院,政治学理论,5,全日制,355
同济大学,是,是,是,不是,政治与国际关系学院,国际关系,6,全日制,355
同济大学,是,是,是,不是,政治与国际关系学院,外交学,7,全日制,355
同济大学,是,是,是,不是,马克思主义学院,马克思主义理论,23,全日制,335
同济大学,是,是,是,不是,法学院,法律（非法学）,141,非全日制,323
同济大学,是,是,是,不是,法学院,法律（法学）,76,非全日制,323
同济大学,是,是,是,不是,上海国际知识产权学院,知识产权,18,全日制,340
同济大学,是,是,是,不是,上海国际知识产权学院,知识产权,10,非全日制,340
同济大学,是,是,是,不是,职业技术教育学院,教育学,14,全日制,341
同济大学,是,是,是,不是,体育部,教育学,4,全日制,341
同济大学,是,是,是,不是,职业技术教育学院,教育,89,非全日制,341
同济大学,是,是,是,不是,职业技术教育学院,教育,4,非全日制,341
同济大学,是,是,是,不是,体育部,体育,5,全日制,320
同济大学,是,是,是,不是,体育部,体育,10,非全日制,320
同济大学,是,是,是,不是,国际足球学院,体育,9,全日制,304
同济大学,是,是,是,不是,国际足球学院,体育,5,非全日制,304
同济大学,是,是,是,不是,国际文化交流学院,国际中文教育,21,非全日制,345
同济大学,是,是,是,不是,人文学院,应用心理,17,全日制,390
同济大学,是,是,是,不是,人文学院,中国语言文学,12,全日制,385
同济大学,是,是,是,不是,外国语学院,外国语言文学,1,全日制,355
同济大学,是,是,是,不是,外国语学院,英语语言文学,3,全日制,355
同济大学,是,是,是,不是,外国语学院,德语语言文学,5,全日制,355
同济大学,是,是,是,不是,外国语学院,日语语言文学,5,全日制,355
同济大学,是,是,是,不是,外国语学院,外国语言学及应用语言学,8,全日制,355
同济大学,是,是,是,不是,艺术与传媒学院,新闻传播学,16,全日制,355
同济大学,是,是,是,不是,外国语学院,英语笔译,8,全日制,375
同济大学,是,是,是,不是,外国语学院,英语口译,4,全日制,370
同济大学,是,是,是,不是,外国语学院,德语笔译,8,全日制,375
同济大学,是,是,是,不是,艺术与传媒学院,新闻与传播,7,全日制,351
同济大学,是,是,是,不是,艺术与传媒学院,新闻与传播,11,非全日制,351
同济大学,是,是,是,不是,数学科学学院,数学,7,全日制,320
同济大学,是,是,是,不是,物理科学与工程学院,物理学,58,全日制,300
同济大学,是,是,是,不是,化学科学与工程学院,化学,37,全日制,300
同济大学,是,是,是,不是,海洋与地球科学学院,海洋科学,24,全日制,300
同济大学,是,是,是,不是,海洋与地球科学学院,地球物理学,5,全日制,300
同济大学,是,是,是,不是,生命科学与技术学院,生物学,36,全日制,325
同济大学,是,是,是,不是,医学院,生物医学工程,2,全日制,300
同济大学,是,是,是,不是,医学院,基础医学,12,全日制,300
华东师范大学,是,是,是,不是,哲学系,哲学,46,全日制,336
华东师范大学,是,是,是,不是,哲学系,应用伦理,15,全日制,321
华东师范大学,是,是,是,不是,经济与管理学院,金融学,10,全日制,377
华东师范大学,是,是,是,不是,经济与管理学院,产业经济学,7,全日制,323
华东师范大学,是,是,是,不是,经济与管理学院,国际贸易学,3,全日制,323
华东师范大学,是,是,是,不是,哲学系,哲学,46,全日制,336
华东师范大学,是,是,是,不是,哲学系,应用伦理,15,全日制,321
华东师范大学,是,是,是,不是,经济与管理学院,金融学,10,全日制,377
华东师范大学,是,是,是,不是,经济与管理学院,产业经济学,7,全日制,323
华东师范大学,是,是,是,不是,经济与管理学院,国际贸易学,3,全日制,323
华东师范大学,是,是,是,不是,经济与管理学院,金融,90,全日制,351
华东师范大学,是,是,是,不是,统计学院,应用统计,107,全日制,360
华东师范大学,是,是,是,不是,经济与管理学院,国际商务,25,全日制,357
华东师范大学,是,是,是,不是,统计学院,保险,22,全日制,360
华东师范大学,是,是,是,不是,法学院,法学,15,全日制,338
华东师范大学,是,是,是,不是,社会发展学院,社会学,32,全日制,352
华东师范大学,是,是,是,不是,法学院,法律（非法学）,20,全日制,323
华东师范大学,是,是,是,不是,法学院,法律（法学）,46,全日制,323
华东师范大学,是,是,是,不是,社会发展学院,社会工作,40,全日制,323
华东师范大学,是,是,是,不是,社会发展学院,社会工作,27,非全日制,323
华东师范大学,是,是,是,不是,政治与国际关系学院,国际事务,52,全日制,336
华东师范大学,是,是,是,不是,教育学部,教育学,189,全日制,343
华东师范大学,是,是,是,不是,体育与健康学院,体育人文社会学,12,全日制,351
华东师范大学,是,是,是,不是,体育与健康学院,运动人体科学,9,全日制,363
华东师范大学,是,是,是,不是,体育与健康学院,体育教育训练学,5,全日制,379
华东师范大学,是,是,是,不是,体育与健康学院,民族传统体育学,3,全日制,304
华东师范大学,是,是,是,不是,中国语言文学系,教育,22,非全日制,341
华东师范大学,是,是,是,不是,历史学系,教育,15,非全日制,349
华东师范大学,是,是,是,不是,马克思主义学院,教育,15,非全日制,355
华东师范大学,是,是,是,不是,外语学院,教育,40,非全日制,360
华东师范大学,是,是,是,不是,物理与电子科学学院,教育,15,非全日制,341
华东师范大学,是,是,是,不是,化学与分子工程学院,教育,15,非全日制,355
华东师范大学,是,是,是,不是,地理科学学院,教育,15,非全日制,342
华东师范大学,是,是,是,不是,生命科学学院,教育,15,非全日制,360
上海财经大学,不是,是,是,不是,人文学院,哲学,17,全日制,321
上海财经大学,不是,是,是,不是,商学院,理论经济学,10,全日制,323
上海财经大学,不是,是,是,不是,经济学院,理论经济学,22,全日制,323
上海财经大学,不是,是,是,不是,商学院,应用经济学,9,全日制,323
上海财经大学,不是,是,是,不是,金融学院,应用经济学,18,全日制,323
上海财经大学,不是,是,是,不是,人文学院,哲学,17,全日制,321
上海财经大学,不是,是,是,不是,商学院,理论经济学,10,全日制,323
上海财经大学,不是,是,是,不是,经济学院,理论经济学,22,全日制,323
上海财经大学,不是,是,是,不是,商学院,应用经济学,9,全日制,323
上海财经大学,不是,是,是,不是,金融学院,应用经济学,18,全日制,323
上海财经大学,不是,是,是,不是,经济学院,应用经济学,9,全日制,323
上海财经大学,不是,是,是,不是,公共管理学院,应用经济学,32,全日制,323
上海财经大学,不是,是,是,不是,数字经济学院,应用经济学,9,全日制,323
上海财经大学,不是,是,是,不是,财税投资学院,应用经济学,10,全日制,323
上海财经大学,不是,是,是,不是,金融学院,金融,211,全日制,323
上海科技大学,不是,不是,是,不是,创业与管理学院,数字经济,60,全日制,323
上海科技大学,不是,不是,是,不是,数学科学研究所,数学,20,全日制,274
上海科技大学,不是,不是,是,不是,物质科学与技术学院,物理学,85,全日制,274
上海科技大学,不是,不是,是,不是,物质科学与技术学院,化学,86,全日制,274
上海科技大学,不是,不是,是,不是,生命科学与技术学院,生物学,130,全日制,328
华东理工大学,不是,是,是,不是,马克思主义学院,哲学,4,全日制,345
华东理工大学,不是,是,是,不是,商学院,应用经济学,28,全日制,340
华东理工大学,不是,是,是,不是,商学院,金融,100,全日制,323
华东理工大学,不是,是,是,不是,数学学院,应用统计,29,全日制,323
华东理工大学,不是,是,是,不是,商学院,国际商务,25,全日制,323
华东理工大学,不是,是,是,不是,马克思主义学院,哲学,4,全日制,345
华东理工大学,不是,是,是,不是,商学院,应用经济学,28,全日制,340
华东理工大学,不是,是,是,不是,商学院,金融,100,全日制,323
华东理工大学,不是,是,是,不是,数学学院,应用统计,29,全日制,323
华东理工大学,不是,是,是,不是,商学院,国际商务,25,全日制,323
华东理工大学,不是,是,是,不是,法学院,法学,13,全日制,337
华东理工大学,不是,是,是,不是,社会与公共管理学院,社会学,35,全日制,359
华东理工大学,不是,是,是,不是,马克思主义学院,马克思主义理论,17,全日制,337
华东理工大学,不是,是,是,不是,法学院,法律（非法学）,26,全日制,323
华东理工大学,不是,是,是,不是,法学院,法律（非法学）,42,非全日制,323
华东理工大学,不是,是,是,不是,法学院,法律（法学）,8,全日制,323
华东理工大学,不是,是,是,不是,法学院,法律（法学）,25,非全日制,323
华东理工大学,不是,是,是,不是,社会与公共管理学院,社会工作,55,全日制,373
华东理工大学,不是,是,是,不是,社会与公共管理学院专业学位中心,社会工作,30,非全日制,323
华东理工大学,不是,是,是,不是,体育科学与工程学院,体育人文社会学,10,全日制,334
华东理工大学,不是,是,是,不是,体育科学与工程学院,体育,8,全日制,304
华东理工大学,不是,是,是,不是,体育科学与工程学院,体育,20,非全日制,304
华东理工大学,不是,是,是,不是,外国语学院,英语语言文学,8,全日制,377
华东理工大学,不是,是,是,不是,外国语学院,日语语言文学,5,全日制,351
华东理工大学,不是,是,是,不是,外国语学院,外国语言学及应用语言学,11,全日制,380
华东理工大学,不是,是,是,不是,外国语学院,翻译,26,全日制,369
华东理工大学,不是,是,是,不是,数学学院,数学,25,全日制,274
华东理工大学,不是,是,是,不是,物理学院,物理学,22,全日制,274
华东理工大学,不是,是,是,不是,化学与分子工程学院,无机化学,10,全日制,285
华东理工大学,不是,是,是,不是,化学与分子工程学院,分析化学,35,全日制,277
上海大学,不是,是,是,不是,马克思主义学院,哲学,12,全日制,323
上海大学,不是,是,是,不是,经济学院,理论经济学,11,全日制,338
上海大学,不是,是,是,不是,马克思主义学院,政治经济学,5,全日制,323
上海大学,不是,是,是,不是,经济学院,应用经济学,41,全日制,331
上海大学,不是,是,是,不是,悉尼工商学院,区域经济学,18,全日制,323
上海大学,不是,是,是,不是,马克思主义学院,哲学,12,全日制,323
上海大学,不是,是,是,不是,经济学院,理论经济学,11,全日制,338
上海大学,不是,是,是,不是,马克思主义学院,政治经济学,5,全日制,323
上海大学,不是,是,是,不是,经济学院,应用经济学,41,全日制,331
上海大学,不是,是,是,不是,悉尼工商学院,区域经济学,18,全日制,323
上海大学,不是,是,是,不是,悉尼工商学院,金融,22,全日制,323
上海大学,不是,是,是,不是,悉尼工商学院,金融,20,非全日制,323
上海大学,不是,是,是,不是,经济学院,金融,87,全日制,323
上海大学,不是,是,是,不是,经济学院,金融,10,非全日制,323
上海大学,不是,是,是,不是,理学院,应用统计,12,全日制,363
上海大学,不是,是,是,不是,理学院,应用统计,10,非全日制,363
上海大学,不是,是,是,不是,经济学院,应用统计,6,全日制,331
上海大学,不是,是,是,不是,经济学院,国际商务,40,全日制,323
上海大学,不是,是,是,不是,经济学院,国际商务,20,非全日制,323
上海大学,不是,是,是,不是,经济学院,数字经济,20,全日制,323
上海大学,不是,是,是,不是,经济学院,数字经济,15,非全日制,323
上海大学,不是,是,是,不是,法学院,法学,48,全日制,323
上海大学,不是,是,是,不是,文学院,政治学,7,全日制,323
上海大学,不是,是,是,不是,社会学院,社会学,52,全日制,345
上海大学,不是,是,是,不是,社会学院,人口学,4,全日制,323
上海大学,不是,是,是,不是,社会学院,人类学,4,全日制,323
上海大学,不是,是,是,不是,社会学院,民俗学,3,全日制,323
上海大学,不是,是,是,不是,马克思主义学院,马克思主义理论,35,全日制,345
上海大学,不是,是,是,不是,马克思主义学院,中共党史党建学,10,全日制,323
上海大学,不是,是,是,不是,法学院,法律（非法学）,27,全日制,323
上海大学,不是,是,是,不是,法学院,法律（非法学）,75,非全日制,323
上海大学,不是,是,是,不是,法学院,法律（法学）,31,全日制,323
上海大学,不是,是,是,不是,法学院,法律（法学）,20,非全日制,323
上海大学,不是,是,是,不是,社会学院,社会工作,51,全日制,336
上海大学,不是,是,是,不是,法学院,知识产权,10,全日制,323
东华大学,不是,是,是,不是,旭日工商管理学院,应用经济学,17,全日制,338
东华大学,不是,是,是,不是,旭日工商管理学院,金融,40,全日制,323
东华大学,不是,是,是,不是,数学与统计学院,应用统计,45,全日制,336
东华大学,不是,是,是,不是,旭日工商管理学院,国际商务,40,全日制,323
东华大学,不是,是,是,不是,旭日工商管理学院,应用经济学,17,全日制,338
东华大学,不是,是,是,不是,旭日工商管理学院,金融,40,全日制,323
东华大学,不是,是,是,不是,数学与统计学院,应用统计,45,全日制,336
东华大学,不是,是,是,不是,旭日工商管理学院,国际商务,40,全日制,323
东华大学,不是,是,是,不是,马克思主义学院,马克思主义理论,10,全日制,335
东华大学,不是,是,是,不是,体育部,体育,10,全日制,304
东华大学,不是,是,是,不是,外语学院,翻译,37,全日制,351
东华大学,不是,是,是,不是,人文学院,新闻与传播,24,全日制,381
东华大学,不是,是,是,不是,数学与统计学院,数学,35,全日制,313
东华大学,不是,是,是,不是,物理学院,物理学,41,全日制,275
东华大学,不是,是,是,不是,材料科学与工程学院,化学,20,全日制,284
东华大学,不是,是,是,不是,化学与化工学院,化学,45,全日制,300
东华大学,不是,是,是,不是,生物与医学工程学院,生物学,33,全日制,302
东华大学,不是,是,是,不是,人文学院,科学技术史,8,全日制,322
上海中医药大学,不是,不是,是,不是,马克思主义学院,马克思主义理论,7,全日制,323
上海中医药大学,不是,不是,是,不是,外语中心,翻译,7,全日制,351
上海中医药大学,不是,不是,是,不是,科技人文研究院,科学技术史,4,全日制,274
上海中医药大学,不是,不是,是,不是,上海健康医学院,生物与医药,1,全日制,260
上海中医药大学,不是,不是,是,不是,中医药人工智能学院,生物与医药,6,全日制,260
上海中医药大学,不是,不是,是,不是,马克思主义学院,马克思主义理论,7,全日制,323
上海中医药大学,不是,不是,是,不是,外语中心,翻译,7,全日制,351
上海中医药大学,不是,不是,是,不是,科技人文研究院,科学技术史,4,全日制,274
上海中医药大学,不是,不是,是,不是,上海健康医学院,生物与医药,1,全日制,260
上海中医药大学,不是,不是,是,不是,中医药人工智能学院,生物与医药,6,全日制,260
上海中医药大学,不是,不是,是,不是,中医学院,中医基础理论,5,全日制,293
上海中医药大学,不是,不是,是,不是,中医学院,中医临床基础,4,全日制,293
上海中医药大学,不是,不是,是,不是,科技人文研究院,中医医史文献,6,全日制,293
上海中医药大学,不是,不是,是,不是,中医健康协同创新中心,中医医史文献,3,全日制,293
上海中医药大学,不是,不是,是,不是,上海中医药博物馆,中医医史文献,1,全日制,293
上海中医药大学,不是,不是,是,不是,中医学院,方剂学,2,全日制,293
上海中医药大学,不是,不是,是,不是,中医学院,中医诊断学,8,全日制,293
上海中医药大学,不是,不是,是,不是,上海中医药大学深圳医院,中医诊断学,1,全日制,293
上海中医药大学,不是,不是,是,不是,老年医学研究所,中医内科学,1,全日制,293
上海中医药大学,不是,不是,是,不是,上海中医药大学附属龙华医院,中医内科学,20,全日制,293
上海中医药大学,不是,不是,是,不是,上海中医药大学附属曙光医院,中医内科学,17,全日制,293
上海中医药大学,不是,不是,是,不是,上海中医药大学附属岳阳中西医结合医院,中医内科学,12,全日制,293
上海中医药大学,不是,不是,是,不是,上海中医药大学附属市中医医院,中医内科学,6,全日制,293
上海中医药大学,不是,不是,是,不是,上海中医药大学附属普陀医院,中医内科学,1,全日制,293
上海中医药大学,不是,不是,是,不是,上海中医药大学附属市中西医结合医院,中医内科学,2,全日制,293
上海中医药大学,不是,不是,是,不是,上海中医药大学附属第七人民医院,中医内科学,5,全日制,293
上海中医药大学,不是,不是,是,不是,交叉科学研究院,中医内科学,2,全日制,293
上海中医药大学,不是,不是,是,不是,中医健康协同创新中心,中医内科学,1,全日制,293
上海中医药大学,不是,不是,是,不是,上海中医药大学深圳医院,中医内科学,1,全日制,293
上海中医药大学,不是,不是,是,不是,联培基地,中医内科学,6,全日制,293
上海中医药大学,不是,不是,是,不是,上海中医药大学附属龙华医院,中医外科学,4,全日制,293
上海中医药大学,不是,不是,是,不是,上海中医药大学附属曙光医院,中医外科学,1,全日制,293
上海中医药大学,不是,不是,是,不是,上海中医药大学附属岳阳中西医结合医院,中医外科学,7,全日制,293
上海中医药大学,不是,不是,是,不是,上海中医药大学附属市中西医结合医院,中医外科学,2,全日制,293
上海中医药大学,不是,不是,是,不是,上海中医药大学附属第七人民医院,中医外科学,1,全日制,293
上海中医药大学,不是,不是,是,不是,上海中医药大学深圳医院,中医外科学,1,全日制,293
上海中医药大学,不是,不是,是,不是,上海中医药大学附属龙华医院,中医骨伤科学,7,全日制,293
上海中医药大学,不是,不是,是,不是,上海中医药大学附属曙光医院,中医骨伤科学,3,全日制,293
上海中医药大学,不是,不是,是,不是,上海中医药大学附属岳阳中西医结合医院,中医骨伤科学,5,全日制,293
上海中医药大学,不是,不是,是,不是,上海中医药大学附属光华医院,中医骨伤科学,5,全日制,293
上海外国语大学,不是,是,是,不是,国际金融贸易学院,金融学,13,全日制,336
上海外国语大学,不是,是,是,不是,国际金融贸易学院,国际贸易学,14,全日制,337
上海外国语大学,不是,是,是,不是,国际金融贸易学院,统计学,5,全日制,352
上海外国语大学,不是,是,是,不是,国际金融贸易学院,金融,80,全日制,352
上海外国语大学,不是,是,是,不是,国际金融贸易学院,国际商务,50,全日制,374
上海外国语大学,不是,是,是,不是,国际金融贸易学院,金融学,13,全日制,336
上海外国语大学,不是,是,是,不是,国际金融贸易学院,国际贸易学,14,全日制,337
上海外国语大学,不是,是,是,不是,国际金融贸易学院,统计学,5,全日制,352
上海外国语大学,不是,是,是,不是,国际金融贸易学院,金融,80,全日制,352
上海外国语大学,不是,是,是,不是,国际金融贸易学院,国际商务,50,全日制,374
上海外国语大学,不是,是,是,不是,国际金融贸易学院,数字经济,50,全日制,332
上海外国语大学,不是,是,是,不是,国际关系与公共事务学院,政治学理论,5,全日制,338
上海外国语大学,不是,是,是,不是,国际关系与公共事务学院,国际政治,8,全日制,381
上海外国语大学,不是,是,是,不是,国际关系与公共事务学院,国际关系,8,全日制,364
上海外国语大学,不是,是,是,不是,国际关系与公共事务学院,外交学,8,全日制,352
上海理工大学,不是,不是,不是,是,管理学院,应用经济学,23,全日制,323
上海理工大学,不是,不是,不是,是,管理学院专业学位教育中心,金融,30,全日制,323
上海理工大学,不是,不是,不是,是,管理学院专业学位教育中心,税务,25,全日制,323
上海理工大学,不是,不是,不是,是,管理学院专业学位教育中心,国际商务,25,全日制,323
上海理工大学,不是,不是,不是,是,马克思主义学院,马克思主义理论,28,全日制,333
上海理工大学,不是,不是,不是,是,管理学院,应用经济学,23,全日制,323
上海理工大学,不是,不是,不是,是,管理学院专业学位教育中心,金融,30,全日制,323
上海理工大学,不是,不是,不是,是,管理学院专业学位教育中心,税务,25,全日制,323
上海理工大学,不是,不是,不是,是,管理学院专业学位教育中心,国际商务,25,全日制,323
上海理工大学,不是,不是,不是,是,马克思主义学院,马克思主义理论,28,全日制,333
上海理工大学,不是,不是,不是,是,外语学院,外国语言文学,24,全日制,352
上海理工大学,不是,不是,不是,是,出版学院,新闻传播学,13,全日制,357
上海理工大学,不是,不是,不是,是,外语学院,英语笔译,53,全日制,351
上海理工大学,不是,不是,不是,是,外语学院,日语笔译,6,全日制,369
上海理工大学,不是,不是,不是,是,外语学院,德语笔译,4,全日制,351
上海理工大学,不是,不是,不是,是,出版学院,新闻与传播,28,全日制,352
上海理工大学,不是,不是,不是,是,出版学院,出版,20,全日制,355
上海理工大学,不是,不是,不是,是,理学院,数学,76,全日制,296
上海理工大学,不是,不是,不是,是,理学院,物理学,43,全日制,274
上海理工大学,不是,不是,不是,是,材料与化学学院,化学,10,全日制,274
上海理工大学,不是,不是,不是,是,管理学院,系统科学,57,全日制,274
上海理工大学,不是,不是,不是,是,机械工程学院,机械工程,66,全日制,260
上海理工大学,不是,不是,不是,是,光电信息与计算机工程学院,光学工程,53,全日制,273
上海理工大学,不是,不是,不是,是,智能科技学院,光学工程,11,全日制,260
上海理工大学,不是,不是,不是,是,光电信息与计算机工程学院,仪器科学与技术,18,全日制,260
上海师范大学,不是,不是,不是,是,哲学与法政学院,马克思主义哲学,5,全日制,321
上海师范大学,不是,不是,不是,是,哲学与法政学院,中国哲学,9,全日制,321
上海师范大学,不是,不是,不是,是,哲学与法政学院,外国哲学,5,全日制,321
上海师范大学,不是,不是,不是,是,哲学与法政学院,伦理学,6,全日制,321
上海师范大学,不是,不是,不是,是,哲学与法政学院,美学,1,全日制,321
上海师范大学,不是,不是,不是,是,哲学与法政学院,马克思主义哲学,5,全日制,321
上海师范大学,不是,不是,不是,是,哲学与法政学院,中国哲学,9,全日制,321
上海师范大学,不是,不是,不是,是,哲学与法政学院,外国哲学,5,全日制,321
上海师范大学,不是,不是,不是,是,哲学与法政学院,伦理学,6,全日制,321
上海师范大学,不是,不是,不是,是,哲学与法政学院,美学,1,全日制,321
上海师范大学,不是,不是,不是,是,哲学与法政学院,宗教学,9,全日制,321
上海师范大学,不是,不是,不是,是,哲学与法政学院,科学技术哲学,4,全日制,321
上海师范大学,不是,不是,不是,是,哲学与法政学院,应用伦理,15,全日制,321
上海师范大学,不是,不是,不是,是,商学院,应用经济学,47,全日制,323
上海师范大学,不是,不是,不是,是,商学院,金融,50,全日制,323
上海师范大学,不是,不是,不是,是,数理学院,应用统计,49,全日制,323
上海师范大学,不是,不是,不是,是,哲学与法政学院,法学理论,9,全日制,323
上海师范大学,不是,不是,不是,是,哲学与法政学院,法律史,8,全日制,323
上海师范大学,不是,不是,不是,是,哲学与法政学院,宪法学与行政法学,8,全日制,323
上海师范大学,不是,不是,不是,是,哲学与法政学院,民商法学,8,全日制,323
上海师范大学,不是,不是,不是,是,哲学与法政学院,诉讼法学,5,全日制,323
上海师范大学,不是,不是,不是,是,哲学与法政学院,国际法学,3,全日制,323
上海师范大学,不是,不是,不是,是,哲学与法政学院,政治学理论,6,全日制,323
上海师范大学,不是,不是,不是,是,哲学与法政学院,中外政治制度,3,全日制,323
上海师范大学,不是,不是,不是,是,哲学与法政学院,中共党史,4,全日制,323
上海师范大学,不是,不是,不是,是,哲学与法政学院,国际政治,3,全日制,323
上海师范大学,不是,不是,不是,是,哲学与法政学院,国际关系,3,全日制,323
上海师范大学,不是,不是,不是,是,哲学与法政学院,社会学,10,全日制,323
上海师范大学,不是,不是,不是,是,哲学与法政学院,人类学,6,全日制,323
上海师范大学,不是,不是,不是,是,哲学与法政学院,民俗学,6,全日制,323
上海师范大学,不是,不是,不是,是,马克思主义学院,马克思主义理论,47,全日制,346
上海师范大学,不是,不是,不是,是,马克思主义学院,中共党史党建学,8,全日制,323
上海师范大学,不是,不是,不是,是,哲学与法政学院,法律（非法学）,50,全日制,323
上海师范大学,不是,不是,不是,是,哲学与法政学院,法律（法学）,59,全日制,323
上海师范大学,不是,不是,不是,是,哲学与法政学院,社会工作,35,全日制,323
上海师范大学,不是,不是,不是,是,教育学院,教育学原理,14,全日制,341
上海师范大学,不是,不是,不是,是,人文学院,课程与教学论,5,全日制,341
上海师范大学,不是,不是,不是,是,教育学院,课程与教学论,17,全日制,341
上海师范大学,不是,不是,不是,是,马克思主义学院,课程与教学论,2,全日制,341
上海师范大学,不是,不是,不是,是,外国语学院,课程与教学论,3,全日制,341
上海师范大学,不是,不是,不是,是,音乐学院,课程与教学论,1,全日制,341
上海师范大学,不是,不是,不是,是,美术学院,课程与教学论,1,全日制,341
上海师范大学,不是,不是,不是,是,生命科学学院,课程与教学论,2,全日制,341
上海师范大学,不是,不是,不是,是,化学与材料科学学院,课程与教学论,1,全日制,341
上海师范大学,不是,不是,不是,是,环境与地理科学学院,课程与教学论,1,全日制,341
上海师范大学,不是,不是,不是,是,教育学院,教育史,5,全日制,341
上海师范大学,不是,不是,不是,是,教育学院,比较教育学,14,全日制,341
上海师范大学,不是,不是,不是,是,学前教育学院,学前教育学,7,全日制,341
上海师范大学,不是,不是,不是,是,教育学院,高等教育学,9,全日制,341
上海师范大学,不是,不是,不是,是,教育学院,成人教育学,8,全日制,341
上海海洋大学,不是,不是,是,不是,经济管理学院,应用经济学,17,全日制,323
上海海洋大学,不是,不是,是,不是,经济管理学院,国际商务,25,全日制,323
上海海洋大学,不是,不是,是,不是,马克思主义学院,马克思主义理论,11,全日制,323
上海海洋大学,不是,不是,是,不是,海洋生物资源与管理学院,社会工作,10,全日制,323
上海海洋大学,不是,不是,是,不是,外国语学院,外国语言文学,7,全日制,351
上海海洋大学,不是,不是,是,不是,经济管理学院,应用经济学,17,全日制,323
上海海洋大学,不是,不是,是,不是,经济管理学院,国际商务,25,全日制,323
上海海洋大学,不是,不是,是,不是,马克思主义学院,马克思主义理论,11,全日制,323
上海海洋大学,不是,不是,是,不是,海洋生物资源与管理学院,社会工作,10,全日制,323
上海海洋大学,不是,不是,是,不是,外国语学院,外国语言文学,7,全日制,351
上海海洋大学,不是,不是,是,不是,外国语学院,翻译,23,全日制,351
上海海洋大学,不是,不是,是,不是,中国水产科学研究院,海洋科学,4,全日制,274
上海海洋大学,不是,不是,是,不是,海洋生物资源与管理学院,海洋科学,43,全日制,274
上海海洋大学,不是,不是,是,不是,海洋科学与生态环境学院,海洋科学,136,全日制,274
上海海洋大学,不是,不是,是,不是,水产与生命学院,生物学,114,全日制,274
华东政法大学,不是,不是,不是,是,商学院,应用经济学,23,全日制,323
华东政法大学,不是,不是,不是,是,商学院,金融,26,全日制,323
华东政法大学,不是,不是,不是,是,商学院,税务,10,全日制,323
华东政法大学,不是,不是,不是,是,商学院,国际商务,10,全日制,323
华东政法大学,不是,不是,不是,是,法律学院,法学理论,27,全日制,338
华东政法大学,不是,不是,不是,是,商学院,应用经济学,23,全日制,323
华东政法大学,不是,不是,不是,是,商学院,金融,26,全日制,323
华东政法大学,不是,不是,不是,是,商学院,税务,10,全日制,323
华东政法大学,不是,不是,不是,是,商学院,国际商务,10,全日制,323
华东政法大学,不是,不是,不是,是,法律学院,法学理论,27,全日制,338
华东政法大学,不是,不是,不是,是,法律学院,法律史,20,全日制,330
华东政法大学,不是,不是,不是,是,法律学院,宪法学与行政法学,29,全日制,332
华东政法大学,不是,不是,不是,是,刑事法学院,刑法学,67,全日制,351
华东政法大学,不是,不是,不是,是,法律学院,民商法学,75,全日制,333
华东政法大学,不是,不是,不是,是,法律学院,诉讼法学,17,全日制,353
上海体育大学,不是,不是,是,不是,马克思主义学院,马克思主义理论,11,全日制,323
上海体育大学,不是,不是,是,不是,心理学院,心理学,12,全日制,341
上海体育大学,不是,不是,是,不是,经济管理学院,体育人文社会学,50,全日制,304
上海体育大学,不是,不是,是,不是,运动健康学院,运动人体科学,18,全日制,333
上海体育大学,不是,不是,是,不是,体育教育学院,体育教育训练学,15,全日制,304
上海体育大学,不是,不是,是,不是,马克思主义学院,马克思主义理论,11,全日制,323
上海体育大学,不是,不是,是,不是,心理学院,心理学,12,全日制,341
上海体育大学,不是,不是,是,不是,经济管理学院,体育人文社会学,50,全日制,304
上海体育大学,不是,不是,是,不是,运动健康学院,运动人体科学,18,全日制,333
上海体育大学,不是,不是,是,不是,体育教育学院,体育教育训练学,15,全日制,304
上海海事大学,不是,不是,不是,是,经济管理学院,应用经济学,21,全日制,323
上海海事大学,不是,不是,不是,是,经济管理学院,金融,10,全日制,323
上海海事大学,不是,不是,不是,是,经济管理学院,金融,8,非全日制,323
上海海事大学,不是,不是,不是,是,经济管理学院,应用统计,26,全日制,332
上海海事大学,不是,不是,不是,是,经济管理学院MAS教育中心,应用统计,8,非全日制,332
上海海事大学,不是,不是,不是,是,经济管理学院,应用经济学,21,全日制,323
上海海事大学,不是,不是,不是,是,经济管理学院,金融,10,全日制,323
上海海事大学,不是,不是,不是,是,经济管理学院,金融,8,非全日制,323
上海海事大学,不是,不是,不是,是,经济管理学院,应用统计,26,全日制,332
上海海事大学,不是,不是,不是,是,经济管理学院MAS教育中心,应用统计,8,非全日制,332
上海海事大学,不是,不是,不是,是,法学院,宪法学与行政法学,3,全日制,323
上海海事大学,不是,不是,不是,是,法学院,刑法学,3,全日制,323
上海海事大学,不是,不是,不是,是,法学院,民商法学,26,全日制,323
上海海事大学,不是,不是,不是,是,法学院,诉讼法学,2,全日制,323
上海海事大学,不是,不是,不是,是,法学院,经济法学,7,全日制,323
上海海事大学,不是,不是,不是,是,法学院,环境与资源保护法学,4,全日制,323
上海海事大学,不是,不是,不是,是,法学院,国际法学,100,全日制,323
上海海事大学,不是,不是,不是,是,法学院,国际法学,2,全日制,323
上海海事大学,不是,不是,不是,是,马克思主义学院,马克思主义理论,25,全日制,323
上海海事大学,不是,不是,不是,是,法学院,法律（非法学）,20,全日制,323
上海对外经贸大学,不是,不是,不是,是,国际经贸学院,区域经济学,5,全日制,323
上海对外经贸大学,不是,不是,不是,是,金融管理学院,金融学,19,全日制,323
上海对外经贸大学,不是,不是,不是,是,国际经贸学院,产业经济学,9,全日制,323
上海对外经贸大学,不是,不是,不是,是,国际经贸学院,国际贸易学,28,全日制,323
上海对外经贸大学,不是,不是,不是,是,国际经贸学院,区域经济学,5,全日制,323
上海对外经贸大学,不是,不是,不是,是,金融管理学院,金融学,19,全日制,323
上海对外经贸大学,不是,不是,不是,是,国际经贸学院,产业经济学,9,全日制,323
上海对外经贸大学,不是,不是,不是,是,国际经贸学院,国际贸易学,28,全日制,323
上海对外经贸大学,不是,不是,不是,是,金融管理学院,金融,275,全日制,323
上海对外经贸大学,不是,不是,不是,是,国际经贸学院,税务,33,全日制,323
上海对外经贸大学,不是,不是,不是,是,国际经贸学院,国际商务,194,全日制,323
上海电力大学,不是,不是,不是,是,外国语学院,英语笔译,19,全日制,351
上海电力大学,不是,不是,不是,是,数理学院,数学,25,全日制,274
上海电力大学,不是,不是,不是,是,数理学院,物理学,29,全日制,274
上海电力大学,不是,不是,不是,是,能源与机械工程学院,动力工程及工程热物理,44,全日制,251
上海电力大学,不是,不是,不是,是,电气工程学院,电气工程,174,全日制,310
上海电力大学,不是,不是,不是,是,外国语学院,英语笔译,19,全日制,351
上海电力大学,不是,不是,不是,是,数理学院,数学,25,全日制,274
上海电力大学,不是,不是,不是,是,数理学院,物理学,29,全日制,274
上海电力大学,不是,不是,不是,是,能源与机械工程学院,动力工程及工程热物理,44,全日制,251
上海电力大学,不是,不是,不是,是,电气工程学院,电气工程,174,全日制,310
上海工程技术大学,不是,不是,不是,是,数理与统计学院,应用统计,35,全日制,323
上海工程技术大学,不是,不是,不是,是,马克思主义学院,马克思主义理论,37,全日制,323
上海工程技术大学,不是,不是,不是,是,数理与统计学院,统计学,44,全日制,274
上海工程技术大学,不是,不是,不是,是,机械与汽车工程学院,机械工程,115,全日制,260
上海工程技术大学,不是,不是,不是,是,数理与统计学院,光学工程,44,全日制,260
上海工程技术大学,不是,不是,不是,是,数理与统计学院,应用统计,35,全日制,323
上海工程技术大学,不是,不是,不是,是,马克思主义学院,马克思主义理论,37,全日制,323
上海工程技术大学,不是,不是,不是,是,数理与统计学院,统计学,44,全日制,274
上海工程技术大学,不是,不是,不是,是,机械与汽车工程学院,机械工程,115,全日制,260
上海工程技术大学,不是,不是,不是,是,数理与统计学院,光学工程,44,全日制,260
上海应用技术大学,不是,不是,不是,是,马克思主义学院,马克思主义理论,32,全日制,323
上海应用技术大学,不是,不是,不是,是,人文学院,社会工作,58,全日制,347
上海应用技术大学,不是,不是,不是,是,人文学院,社会工作,1,非全日制,347
上海应用技术大学,不是,不是,不是,是,外国语学院,英语笔译,30,全日制,351
上海应用技术大学,不是,不是,不是,是,理学院,数学,26,全日制,274
上海应用技术大学,不是,不是,不是,是,马克思主义学院,马克思主义理论,32,全日制,323
上海应用技术大学,不是,不是,不是,是,人文学院,社会工作,58,全日制,347
上海应用技术大学,不是,不是,不是,是,人文学院,社会工作,1,非全日制,347
上海应用技术大学,不是,不是,不是,是,外国语学院,英语笔译,30,全日制,351
上海应用技术大学,不是,不是,不是,是,理学院,数学,26,全日制,274
上海应用技术大学,不是,不是,不是,是,化工与能源技术学部,生态学,7,全日制,274
上海应用技术大学,不是,不是,不是,是,城市建设与生态技术学部,生态学,17,全日制,274
上海应用技术大学,不是,不是,不是,是,智能技术学部,机械制造及其自动化,15,全日制,260
上海应用技术大学,不是,不是,不是,是,智能技术学部,机械电子工程,15,全日制,260
上海应用技术大学,不是,不是,不是,是,智能技术学部,机械设计及理论,15,全日制,260
上海应用技术大学,不是,不是,不是,是,智能技术学部,车辆工程,8,全日制,260
上海应用技术大学,不是,不是,不是,是,理学院,材料科学与工程,8,全日制,260
上海应用技术大学,不是,不是,不是,是,材料技术学部,材料科学与工程,47,全日制,260
上海应用技术大学,不是,不是,不是,是,理学院,控制科学与工程,10,全日制,260
上海应用技术大学,不是,不是,不是,是,智能技术学部,控制科学与工程,30,全日制,260
上海海关学院,不是,不是,不是,是,海关与公共经济学院,税务,39,全日制,323
上海海关学院,不是,不是,不是,是,工商管理与关务学院,国际商务,38,全日制,323
上海海关学院,不是,不是,不是,是,海关与公共经济学院,数字经济,10,全日制,323
上海海关学院,不是,不是,不是,是,海关外语系,翻译,20,全日制,351
上海海关学院,不是,不是,不是,是,海关与公共管理学院,公共管理,50,非全日制,164
上海政法学院,不是,不是,不是,是,经济管理学院,国际商务,10,全日制,323
上海政法学院,不是,不是,不是,是,经济管理学院,数字经济,9,全日制,323
上海政法学院,不是,不是,不是,是,国际法学院,法学,18,全日制,323
上海政法学院,不是,不是,不是,是,刑事司法学院,法学,29,全日制,323
上海政法学院,不是,不是,不是,是,经济管理学院,法学,6,全日制,323
上海政法学院,不是,不是,不是,是,经济管理学院,国际商务,10,全日制,323
上海政法学院,不是,不是,不是,是,经济管理学院,数字经济,9,全日制,323
上海政法学院,不是,不是,不是,是,国际法学院,法学,18,全日制,323
上海政法学院,不是,不是,不是,是,刑事司法学院,法学,29,全日制,323
上海政法学院,不是,不是,不是,是,经济管理学院,法学,6,全日制,323
上海第二工业大学,不是,不是,不是,是,经济与管理学院,国际商务,50,全日制,323
上海第二工业大学,不是,不是,不是,是,马克思主义学院,马克思主义理论,20,全日制,323
上海第二工业大学,不是,不是,不是,是,职业技术教师教育学院,职业技术教育,45,全日制,341
上海第二工业大学,不是,不是,不是,是,职业技术教师教育学院,职业技术教育,50,非全日制,341
上海第二工业大学,不是,不是,不是,是,经济与管理学院,国际商务,50,全日制,323
上海第二工业大学,不是,不是,不是,是,马克思主义学院,马克思主义理论,20,全日制,323
上海第二工业大学,不是,不是,不是,是,职业技术教师教育学院,职业技术教育,45,全日制,341
上海第二工业大学,不是,不是,不是,是,职业技术教师教育学院,职业技术教育,50,非全日制,341
上海第二工业大学,不是,不是,不是,是,智能制造与控制工程学院,机械工程,50,全日制,260
上海电机学院,不是,不是,不是,是,商学院,国际商务,25,全日制,323
上海电机学院,不是,不是,不是,是,商学院,数字经济,20,全日制,323
上海电机学院,不是,不是,不是,是,机械学院,机械工程,45,全日制,260
上海电机学院,不是,不是,不是,是,电气学院,控制科学与工程,50,全日制,260
上海电机学院,不是,不是,不是,是,商学院,国际商务,25,全日制,323
上海电机学院,不是,不是,不是,是,商学院,数字经济,20,全日制,323
上海电机学院,不是,不是,不是,是,机械学院,机械工程,45,全日制,260
上海电机学院,不是,不是,不是,是,电气学院,控制科学与工程,50,全日制,260
上海立信会计金融学院,不是,不是,不是,是,金融学院,金融,48,全日制,323
上海立信会计金融学院,不是,不是,不是,是,统计与数学学院,应用统计,38,全日制,323
上海立信会计金融学院,不是,不是,不是,是,会计学院,审计,152,全日制,194
上海商学院,不是,不是,不是,是,商务经济学院,金融,40,全日制,323
上海商学院,不是,不是,不是,是,商务经济学院,国际商务,40,全日制,323
上海商学院,不是,不是,不是,是,文法学院,社会工作,30,全日制,323
上海商学院,不是,不是,不是,是,工商管理学院,工商管理,30,全日制,151
上海商学院,不是,不是,不是,是,酒店管理学院,旅游管理,20,全日制,151
海军军医大学,不是,是,是,不是,校直院系中心,应用心理,2,全日制,341
海军军医大学,不是,是,是,不是,海军特色医学中心,应用心理,1,全日制,341
海军军医大学,不是,是,是,不是,校直院系中心,动物学,1,全日制,274
海军军医大学,不是,是,是,不是,校直院系中心,生理学,1,全日制,274
海军军医大学,不是,是,是,不是,海军特色医学中心,生理学,1,全日制,274
海军军医大学,不是,是,是,不是,校直院系中心,应用心理,2,全日制,341
海军军医大学,不是,是,是,不是,海军特色医学中心,应用心理,1,全日制,341
海军军医大学,不是,是,是,不是,校直院系中心,动物学,1,全日制,274
海军军医大学,不是,是,是,不是,校直院系中心,生理学,1,全日制,274
海军军医大学,不是,是,是,不是,海军特色医学中心,生理学,1,全日制,274
海军军医大学,不是,是,是,不是,校直院系中心,微生物学,1,全日制,274
海军军医大学,不是,是,是,不是,校直院系中心,神经生物学,1,全日制,274
海军军医大学,不是,是,是,不是,校直院系中心,遗传学,2,全日制,274
海军军医大学,不是,是,是,不是,校直院系中心,细胞生物学,1,全日制,274
海军军医大学,不是,是,是,不是,校直院系中心,生物化学与分子生物学,2,全日制,274
海军军医大学,不是,是,是,不是,东方肝胆外科医院,生物化学与分子生物学,1,全日制,274
海军军医大学,不是,是,是,不是,校直院系中心,生物物理学,1,全日制,274
海军军医大学,不是,是,是,不是,校直院系中心,生物医学工程,1,全日制,260
海军军医大学,不是,是,是,不是,海军特色医学中心,生物医学工程,1,全日制,260
海军军医大学,不是,是,是,不是,校直院系中心,人体解剖与组织胚胎学,2,全日制,293
海军军医大学,不是,是,是,不是,校直院系中心,免疫学,5,全日制,293
海军军医大学,不是,是,是,不是,长海医院,免疫学,1,全日制,293
海军军医大学,不是,是,是,不是,校直院系中心,病原生物学,1,全日制,293
海军军医大学,不是,是,是,不是,校直院系中心,病理学与病理生理学,2,全日制,293
海军军医大学,不是,是,是,不是,长海医院,病理学与病理生理学,1,全日制,293
海军军医大学,不是,是,是,不是,长征医院,病理学与病理生理学,1,全日制,293
海军军医大学,不是,是,是,不是,东方肝胆外科医院,病理学与病理生理学,1,全日制,293
海军军医大学,不是,是,是,不是,校直院系中心,放射医学,1,全日制,293
海军军医大学,不是,是,是,不是,长海医院,内科学,4,全日制,349
海军军医大学,不是,是,是,不是,长征医院,内科学,3,全日制,349
海军军医大学,不是,是,是,不是,东方肝胆外科医院,内科学,1,全日制,349
海军军医大学,不是,是,是,不是,海军特色医学中心,内科学,1,全日制,349
海军军医大学,不是,是,是,不是,长海医院,老年医学,1,全日制,349
海军军医大学,不是,是,是,不是,长海医院,神经病学,1,全日制,349
海军军医大学,不是,是,是,不是,长征医院,神经病学,1,全日制,349
海军军医大学,不是,是,是,不是,东方肝胆外科医院,神经病学,1,全日制,349
海军军医大学,不是,是,是,不是,长征医院,精神病与精神卫生学,1,全日制,349
海军军医大学,不是,是,是,不是,长征医院,皮肤病与性病学,1,全日制,349
海军军医大学,不是,是,是,不是,东方肝胆外科医院,皮肤病与性病学,1,全日制,349
上海戏剧学院,不是,不是,不是,是,不区分院系,艺术学,82,全日制,351
上海戏剧学院,不是,不是,不是,是,不区分院系,舞蹈,19,全日制,352
上海戏剧学院,不是,不是,不是,是,不区分院系,戏剧与影视,137,全日制,351
上海戏剧学院,不是,不是,不是,是,不区分院系,戏曲与曲艺,19,全日制,354
上海戏剧学院,不是,不是,不是,是,不区分院系,美术与书法,8,全日制,368
上海音乐学院,不是,不是,是,不是,不区分院系,艺术学,56,全日制,351
上海音乐学院,不是,不是,是,不是,不区分院系,音乐,143,全日制,351
上海音乐学院,不是,不是,是,不是,不区分院系,音乐,52,非全日制,351
上海音乐学院,不是,不是,是,不是,不区分院系,戏剧与影视,45,全日制,351
上海音乐学院,不是,不是,是,不是,不区分院系,戏剧与影视,15,非全日制,351
上海国家会计学院,不是,不是,不是,不是,研究生部,金融,15,全日制,323
上海国家会计学院,不是,不是,不是,不是,研究生部,税务,15,全日制,330
上海国家会计学院,不是,不是,不是,不是,研究生部,会计,80,全日制,226
上海国家会计学院,不是,不是,不是,不是,会计系,会计,60,非全日制,226
上海国家会计学院,不是,不是,不是,不是,研究生部,审计,15,全日制,212
上海社会科学院,不是,不是,不是,不是,哲学研究所,马克思主义哲学,2,全日制,321
上海社会科学院,不是,不是,不是,不是,哲学研究所,中国哲学,2,全日制,321
上海社会科学院,不是,不是,不是,不是,哲学研究所,外国哲学,2,全日制,321
上海社会科学院,不是,不是,不是,不是,哲学研究所,伦理学,2,全日制,321
上海社会科学院,不是,不是,不是,不是,宗教研究所,宗教学,3,全日制,321
上海社会科学院,不是,不是,不是,不是,哲学研究所,马克思主义哲学,2,全日制,321
上海社会科学院,不是,不是,不是,不是,哲学研究所,中国哲学,2,全日制,321
上海社会科学院,不是,不是,不是,不是,哲学研究所,外国哲学,2,全日制,321
上海社会科学院,不是,不是,不是,不是,哲学研究所,伦理学,2,全日制,321
上海社会科学院,不是,不是,不是,不是,宗教研究所,宗教学,3,全日制,321
上海社会科学院,不是,不是,不是,不是,哲学研究所,科学技术哲学,2,全日制,321
上海社会科学院,不是,不是,不是,不是,经济研究所,政治经济学,5,全日制,323
上海社会科学院,不是,不是,不是,不是,经济研究所,经济思想史,2,全日制,323
上海社会科学院,不是,不是,不是,不是,经济研究所,经济史,1,全日制,323
上海社会科学院,不是,不是,不是,不是,经济研究所,西方经济学,4,全日制,323
上海社会科学院,不是,不是,不是,不是,世界经济研究所,西方经济学,2,全日制,323
上海社会科学院,不是,不是,不是,不是,世界经济研究所,世界经济,7,全日制,323
上海社会科学院,不是,不是,不是,不是,城市与人口发展研究所,人口、资源与环境经济学,1,全日制,323
上海社会科学院,不是,不是,不是,不是,经济研究所,人口、资源与环境经济学,4,全日制,323
上海社会科学院,不是,不是,不是,不是,生态与可持续发展研究所,人口、资源与环境经济学,3,全日制,323
上海航天技术研究院,不是,不是,不是,不是,509,信息与通信工程,2,全日制,310
上海航天技术研究院,不是,不是,不是,不是,539,信息与通信工程,4,全日制,310
上海航天技术研究院,不是,不是,不是,不是,802,信息与通信工程,4,全日制,310
上海航天技术研究院,不是,不是,不是,不是,804,信息与通信工程,7,全日制,310
上海航天技术研究院,不是,不是,不是,不是,808,信息与通信工程,0,全日制,310
中共上海市委党校,不是,不是,不是,不是,经济学教研部,国民经济学,5,全日制,323
中共上海市委党校,不是,不是,不是,不是,科社教研部,政治学,7,全日制,323
中共上海市委党校,不是,不是,不是,不是,马克思主义学院,马克思主义理论,11,全日制,323
中共上海市委党校,不是,不是,不是,不是,党的建设教研部,中共党史党建学,8,全日制,323
中共上海市委党校,不是,不是,不是,不是,公共管理教研部,公共管理学,10,全日制,333
中国科学院上海药物研究所,不是,不是,不是,不是,不区分院系,药物化学,9,全日制,334
中国科学院上海药物研究所,不是,不是,不是,不是,不区分院系,药剂学,0,全日制,274
中国科学院上海药物研究所,不是,不是,不是,不是,不区分院系,药物分析学,0,全日制,274
上海生物制品研究所,不是,不是,不是,不是,不区分院系,生物化学与分子生物学,5,全日制,274
上海生物制品研究所,不是,不是,不是,不是,不区分院系,病原生物学,5,全日制,293
中国医药工业研究总院,不是,不是,不是,不是,社会管理药学,药学,3,全日制,300
中国医药工业研究总院,不是,不是,不是,不是,药物化学,药物化学,21,全日制,300
中国医药工业研究总院,不是,不是,不是,不是,药物制剂,药剂学,10,全日制,302
中国医药工业研究总院,不是,不是,不是,不是,生药学及天然药化,生药学,6,全日制,300
中国医药工业研究总院,不是,不是,不是,不是,药物分析,药物分析学,3,全日制,300
中国科学院上海硅酸盐研究所,不是,不是,不是,不是,不区分院系,化学,1,全日制,303
中国科学院上海硅酸盐研究所,不是,不是,不是,不是,不区分院系,材料科学与工程,2,全日制,303
中国科学院上海硅酸盐研究所,不是,不是,不是,不是,不区分院系,材料与化工,1,全日制,260
中国科学院上海光学精密机械研究所,不是,不是,不是,不是,不区分院系,理论物理,1,全日制,286
中国科学院上海光学精密机械研究所,不是,不是,不是,不是,不区分院系,原子与分子物理,1,全日制,286
中国科学院上海光学精密机械研究所,不是,不是,不是,不是,不区分院系,等离子体物理,1,全日制,286
中国科学院上海光学精密机械研究所,不是,不是,不是,不是,不区分院系,光学,1,全日制,286
中国科学院上海光学精密机械研究所,不是,不是,不是,不是,不区分院系,光学工程,2,全日制,286
中国科学院上海技术物理研究所,不是,不是,不是,不是,不区分院系,凝聚态物理,1,全日制,274
中国科学院上海技术物理研究所,不是,不是,不是,不是,不区分院系,光学,1,全日制,274
中国科学院上海技术物理研究所,不是,不是,不是,不是,不区分院系,光学工程,3,全日制,260
中国科学院上海技术物理研究所,不是,不是,不是,不是,不区分院系,制冷及低温工程,2,全日制,251
中国科学院上海技术物理研究所,不是,不是,不是,不是,不区分院系,物理电子学,2,全日制,260
中国科学院上海有机化学研究所,不是,不是,不是,不是,不区分院系,有机化学,11,全日制,274
中国科学院上海有机化学研究所,不是,不是,不是,不是,不区分院系,高分子化学与物理,1,全日制,274
中国科学院上海有机化学研究所,不是,不是,不是,不是,不区分院系,细胞生物学,1,全日制,274
中国科学院上海有机化学研究所,不是,不是,不是,不是,不区分院系,材料与化工,1,全日制,260
中国科学院上海有机化学研究所,不是,不是,不是,不是,不区分院系,生物与医药,1,全日制,260
中国科学院上海微系统与信息技术研究所,不是,不是,不是,不是,不区分院系,材料物理与化学,2,全日制,260
中国科学院上海微系统与信息技术研究所,不是,不是,不是,不是,不区分院系,微电子学与固体电子学,30,全日制,260
中国科学院上海微系统与信息技术研究所,不是,不是,不是,不是,不区分院系,通信与信息系统,9,全日制,335
中国科学院上海微系统与信息技术研究所,不是,不是,不是,不是,不区分院系,电子信息,15,全日制,270
中国科学院上海微系统与信息技术研究所,不是,不是,不是,不是,不区分院系,材料与化工,3,全日制,260
上海化工研究院,不是,不是,不是,不是,不区分院系,化学工程与技术,13,全日制,260
中国科学院上海应用物理研究所,不是,不是,不是,不是,不区分院系,粒子物理与原子核物理,6,全日制,274
中国科学院上海应用物理研究所,不是,不是,不是,不是,不区分院系,光学,2,全日制,274
中国科学院上海应用物理研究所,不是,不是,不是,不是,不区分院系,无机化学,5,全日制,274
中国科学院上海应用物理研究所,不是,不是,不是,不是,不区分院系,高分子化学与物理,1,全日制,274
中国科学院上海应用物理研究所,不是,不是,不是,不是,不区分院系,光学工程,2,全日制,260
上海国际问题研究院,不是,不是,不是,不是,全球治理研究所,国际政治,8,全日制,323
上海国际问题研究院,不是,不是,不是,不是,外交政策研究所,外交学,8,全日制,323
上海国际问题研究院,不是,不是,不是,不是,台港澳研究所,台港澳政治,4,全日制,323
上海材料研究所,不是,不是,不是,不是,上海材料研究所,测试计量技术及仪器,2,全日制,260
上海材料研究所,不是,不是,不是,不是,上海材料研究所,材料学,3,全日制,260
中国科学院上海天文台,不是,不是,不是,不是,不区分院系,天体物理,3,全日制,350
中国科学院上海天文台,不是,不是,不是,不是,不区分院系,天体测量与天体力学,4,全日制,325
中国科学院上海天文台,不是,不是,不是,不是,不区分院系,天文技术与方法,1,全日制,310
电信科学技术第一研究所（上海）,不是,不是,不是,不是,不区分院系,电磁场与微波技术,2,全日制,260
电信科学技术第一研究所（上海）,不是,不是,不是,不是,不区分院系,信息与通信工程,6,全日制,260
中国航空研究院640所,不是,不是,不是,不是,航空学院,飞行器设计,3,全日制,290
上海船舶运输科学研究所,不是,不是,不是,不是,舰船自动化,通信与信息系统,2,全日制,260
上海船舶运输科学研究所,不是,不是,不是,不是,交通及航运信息化,交通信息工程及控制,2,全日制,260
上海船舶运输科学研究所,不是,不是,不是,不是,航运技术与安全,船舶与海洋结构物设计制造,2,全日制,251
上海船舶运输科学研究所,不是,不是,不是,不是,舰船自动化,轮机工程,2,全日制,251
中国科学院脑科学与智能技术卓越创新中心,不是,不是,不是,不是,不区分院系,神经生物学,3,全日制,274
中国科学院脑科学与智能技术卓越创新中心,不是,不是,不是,不是,不区分院系,生物与医药,9,全日制,382
中国科学院脑科学与智能技术卓越创新中心,不是,不是,不是,不是,不区分院系,计算生物学,1,全日制,334
上海船舶电子设备研究所（七二六研究所）,不是,不是,不是,不是,不区分院系,水声工程,1,全日制,320
中国科学院分子细胞科学卓越创新中心,不是,不是,不是,不是,不区分院系,发育生物学,1,全日制,315
中国科学院分子细胞科学卓越创新中心,不是,不是,不是,不是,不区分院系,细胞生物学,1,全日制,315
中国科学院分子细胞科学卓越创新中心,不是,不是,不是,不是,不区分院系,生物化学与分子生物学,1,全日制,315
中国科学院分子细胞科学卓越创新中心,不是,不是,不是,不是,不区分院系,免疫学,1,全日制,315
中国科学院分子细胞科学卓越创新中心,不是,不是,不是,不是,不区分院系,生物与医药,4,全日制,290
上海核工程研究设计院,不是,不是,不是,不是,不区分院系,核科学与技术,2,全日制,251
上海发电设备成套设计研究院,不是,不是,不是,不是,不分院系所,动力工程及工程热物理,6,全日制,251
上海船舶设备研究所,不是,不是,不是,不是,不区分院系,机械电子工程,2,全日制,260
上海船舶设备研究所,不是,不是,不是,不是,不区分院系,控制理论与控制工程,4,全日制,260
上海船舶设备研究所,不是,不是,不是,不是,不区分院系,轮机工程,3,全日制,251
中国船舶工业集团公司第七○八研究所（中国船舶及海洋工程设计研究院）,不是,不是,不是,不是,中国船舶及海洋工程设计研究院,流体力学,1,全日制,275
中国船舶工业集团公司第七○八研究所（中国船舶及海洋工程设计研究院）,不是,不是,不是,不是,中国船舶及海洋工程设计研究院,船舶与海洋结构物设计制造,2,全日制,275
中国科学院微小卫星创新研究院,不是,不是,不是,不是,不区分院系,通信与信息系统,1,全日制,280
中国科学院微小卫星创新研究院,不是,不是,不是,不是,不区分院系,信号与信息处理,1,全日制,280
中国科学院微小卫星创新研究院,不是,不是,不是,不是,不区分院系,飞行器设计,1,全日制,251
中国科学院微小卫星创新研究院,不是,不是,不是,不是,不区分院系,通信工程（含宽带网络、移动通信等）,1,全日制,280
中国科学院微小卫星创新研究院,不是,不是,不是,不是,不区分院系,计算机技术,1,全日制,280
上海船用柴油机研究所,不是,不是,不是,不是,不区分院系,轮机工程,6,全日制,300
上海杉达学院,不是,不是,不是,是,不区分院系,金融,30,全日制,323
上海杉达学院,不是,不是,不是,是,不区分院系,电子信息,50,全日制,260
上海杉达学院,不是,不是,不是,是,不区分院系,护理,50,全日制,293
中国科学院分子植物科学卓越创新中心,不是,不是,不是,不是,不区分院系,植物学,10,全日制,305
中国科学院分子植物科学卓越创新中心,不是,不是,不是,不是,不区分院系,动物学,3,全日制,274
中国科学院分子植物科学卓越创新中心,不是,不是,不是,不是,不区分院系,微生物学,1,全日制,310
中国科学院分子植物科学卓越创新中心,不是,不是,不是,不是,不区分院系,遗传学,8,全日制,305
中国科学院分子植物科学卓越创新中心,不是,不是,不是,不是,不区分院系,生物化学与分子生物学,4,全日制,305
中国科学院上海高等研究院,不是,不是,不是,不是,不区分院系,物理学,0,全日制,274
中国科学院上海高等研究院,不是,不是,不是,不是,不区分院系,化学,1,全日制,274
南京大学,是,是,是,不是,哲学学院,马克思主义哲学,13,全日制,350
南京大学,是,是,是,不是,哲学学院,中国哲学,12,全日制,350
南京大学,是,是,是,不是,哲学学院,外国哲学,6,全日制,350
南京大学,是,是,是,不是,哲学学院,逻辑学,5,全日制,350
南京大学,是,是,是,不是,哲学学院,伦理学,5,全日制,350
南京大学,是,是,是,不是,哲学学院,马克思主义哲学,13,全日制,350
南京大学,是,是,是,不是,哲学学院,中国哲学,12,全日制,350
南京大学,是,是,是,不是,哲学学院,外国哲学,6,全日制,350
南京大学,是,是,是,不是,哲学学院,逻辑学,5,全日制,350
南京大学,是,是,是,不是,哲学学院,伦理学,5,全日制,350
南京大学,是,是,是,不是,哲学学院,宗教学,6,全日制,350
南京大学,是,是,是,不是,哲学学院,科学技术哲学,5,全日制,350
南京大学,是,是,是,不是,哲学学院,应用伦理,20,非全日制,350
南京大学,是,是,是,不是,商学院,政治经济学,14,全日制,350
南京大学,是,是,是,不是,商学院,西方经济学,6,全日制,350
南京大学,是,是,是,不是,商学院,世界经济,3,全日制,350
南京大学,是,是,是,不是,商学院,人口、资源与环境经济学,4,全日制,350
南京大学,是,是,是,不是,商学院,国民经济学,13,全日制,350
南京大学,是,是,是,不是,数字经济与管理学院,国民经济学,24,全日制,350
南京大学,是,是,是,不是,地理与海洋科学学院,区域经济学,1,全日制,350
南京大学,是,是,是,不是,商学院,金融学,30,全日制,350
南京大学,是,是,是,不是,商学院,产业经济学,13,全日制,350
南京大学,是,是,是,不是,商学院,国际贸易学,20,全日制,350
南京大学,是,是,是,不是,商学院,数量经济学,4,全日制,350
南京大学,是,是,是,不是,商学院,金融,30,全日制,375
南京大学,是,是,是,不是,工程管理学院,金融,50,全日制,375
南京大学,是,是,是,不是,数字经济与管理学院,金融,18,非全日制,375
南京大学,是,是,是,不是,数学学院,应用统计,25,全日制,355
南京大学,是,是,是,不是,商学院,国际商务,23,全日制,370
南京大学,是,是,是,不是,法学院,法学理论,7,全日制,340
南京大学,是,是,是,不是,法学院,法律史,6,全日制,340
南京大学,是,是,是,不是,法学院,宪法学与行政法学,6,全日制,340
南京大学,是,是,是,不是,法学院,刑法学,7,全日制,340
南京大学,是,是,是,不是,法学院,民商法学,10,全日制,340
南京大学,是,是,是,不是,法学院,诉讼法学,7,全日制,340
南京大学,是,是,是,不是,法学院,经济法学,25,全日制,340
南京大学,是,是,是,不是,法学院,环境与资源保护法学,2,全日制,340
南京大学,是,是,是,不是,法学院,国际法学,10,全日制,340
南京大学,是,是,是,不是,政府管理学院,政治学理论,10,全日制,340
南京大学,是,是,是,不是,政府管理学院,中外政治制度,4,全日制,340
南京大学,是,是,是,不是,马克思主义学院,中共党史,5,全日制,340
南京大学,是,是,是,不是,国际关系学院,国际政治,8,全日制,340
南京大学,是,是,是,不是,国际关系学院,国际关系,8,全日制,340
南京大学,是,是,是,不是,国际关系研究院,国际关系,9,全日制,340
南京大学,是,是,是,不是,中美文化研究中心,国际关系,25,全日制,340
南京大学,是,是,是,不是,国际关系研究院,外交学,2,全日制,340
南京大学,是,是,是,不是,社会学院,社会学,22,全日制,340
南京大学,是,是,是,不是,社会学院,人类学,4,全日制,340
南京大学,是,是,是,不是,马克思主义学院,马克思主义基本原理,7,全日制,340
南京大学,是,是,是,不是,马克思主义学院,马克思主义发展史,7,全日制,340
南京大学,是,是,是,不是,马克思主义学院,马克思主义中国化研究,17,全日制,340
南京大学,是,是,是,不是,马克思主义学院,国外马克思主义研究,5,全日制,340
南京大学,是,是,是,不是,马克思主义学院,思想政治教育,17,全日制,340
南京大学,是,是,是,不是,马克思主义学院,中国近现代史基本问题研究,14,全日制,340
南京大学,是,是,是,不是,法学院,法律（非法学）,125,全日制,355
东南大学,是,是,是,不是,人文学院,哲学,2,全日制,380
东南大学,是,是,是,不是,人文学院,应用伦理,3,全日制,321
东南大学,是,是,是,不是,经济管理学院,应用经济学,10,全日制,355
东南大学,是,是,是,不是,经济管理学院,金融,2,全日制,335
东南大学,是,是,是,不是,统计与数据科学学院,应用统计,9,全日制,335
东南大学,是,是,是,不是,人文学院,哲学,2,全日制,380
东南大学,是,是,是,不是,人文学院,应用伦理,3,全日制,321
东南大学,是,是,是,不是,经济管理学院,应用经济学,10,全日制,355
东南大学,是,是,是,不是,经济管理学院,金融,2,全日制,335
东南大学,是,是,是,不是,统计与数据科学学院,应用统计,9,全日制,335
东南大学,是,是,是,不是,苏州联合研究生院,国际商务,28,全日制,325
东南大学,是,是,是,不是,雷恩研究生学院,资产评估,16,全日制,325
东南大学,是,是,是,不是,法学院,法学,10,全日制,345
东南大学,是,是,是,不是,人文学院,社会学,3,全日制,345
东南大学,是,是,是,不是,马克思主义学院,马克思主义理论,25,全日制,345
东南大学,是,是,是,不是,法学院,法律（非法学）,15,全日制,345
东南大学,是,是,是,不是,东南大学人权研究院,法律（非法学）,36,非全日制,345
东南大学,是,是,是,不是,法学院,法律（法学）,7,全日制,345
东南大学,是,是,是,不是,东南大学人权研究院,法律（法学）,18,非全日制,345
东南大学,是,是,是,不是,人文学院,社会工作,9,全日制,345
东南大学,是,是,是,不是,生物科学与医学工程学院,教育学,4,全日制,341
东南大学,是,是,是,不是,体育系,教育学,5,全日制,341
东南大学,是,是,是,不是,物理学院,学科教学（物理）,1,全日制,350
东南大学,是,是,是,不是,生物科学与医学工程学院,科学与技术教育,6,全日制,350
东南大学,是,是,是,不是,人文学院,国际中文教育,5,全日制,350
东南大学,是,是,是,不是,医学院,应用心理,5,全日制,355
东南大学,是,是,是,不是,人文学院,中国语言文学,2,全日制,375
东南大学,是,是,是,不是,外国语学院,英语语言文学,4,全日制,375
东南大学,是,是,是,不是,外国语学院,日语语言文学,1,全日制,375
东南大学,是,是,是,不是,外国语学院,外国语言学及应用语言学,3,全日制,375
东南大学,是,是,是,不是,苏州联合研究生院,英语笔译,27,全日制,375
东南大学,是,是,是,不是,外国语学院,日语笔译,5,全日制,380
东南大学,是,是,是,不是,人文学院,中国史,2,全日制,350
东南大学,是,是,是,不是,数学学院,数学,13,全日制,310
东南大学,是,是,是,不是,物理学院,物理学,21,全日制,310
东南大学,是,是,是,不是,化学化工学院,化学,31,全日制,310
东南大学,是,是,是,不是,生命科学与技术学院,生物学,31,全日制,310
东南大学,是,是,是,不是,数学学院,系统科学,7,全日制,310
东南大学,是,是,是,不是,统计与数据科学学院,统计学,3,全日制,310
东南大学,是,是,是,不是,土木工程学院,力学,12,全日制,300
南京航空航天大学,不是,是,是,不是,经济与管理学院,应用经济学,19,全日制,360
南京航空航天大学,不是,是,是,不是,经济与管理学院,金融,23,全日制,340
南京航空航天大学,不是,是,是,不是,数学学院,应用统计,23,全日制,355
南京航空航天大学,不是,是,是,不是,人文与社会科学学院,法学,15,全日制,323
南京航空航天大学,不是,是,是,不是,经济与管理学院,应用经济学,19,全日制,360
南京航空航天大学,不是,是,是,不是,经济与管理学院,金融,23,全日制,340
南京航空航天大学,不是,是,是,不是,数学学院,应用统计,23,全日制,355
南京航空航天大学,不是,是,是,不是,人文与社会科学学院,法学,15,全日制,323
南京航空航天大学,不是,是,是,不是,马克思主义学院,马克思主义理论,35,全日制,350
南京航空航天大学,不是,是,是,不是,人文与社会科学学院,法律（非法学）,12,全日制,323
南京航空航天大学,不是,是,是,不是,人文与社会科学学院,法律（法学）,12,全日制,334
南京航空航天大学,不是,是,是,不是,人文与社会科学学院,社会工作,12,全日制,323
南京航空航天大学,不是,是,是,不是,人文与社会科学学院,课程与教学论,5,全日制,341
南京航空航天大学,不是,是,是,不是,外国语学院,课程与教学论,2,全日制,341
南京航空航天大学,不是,是,是,不是,人文与社会科学学院,高等教育学,5,全日制,341
南京航空航天大学,不是,是,是,不是,人文与社会科学学院,教育管理,30,非全日制,341
南京航空航天大学,不是,是,是,不是,人文与社会科学学院,教育管理,3,非全日制,341
南京航空航天大学,不是,是,是,不是,外国语学院,外国语言文学,22,全日制,351
南京航空航天大学,不是,是,是,不是,外国语学院,英语笔译,16,全日制,366
南京航空航天大学,不是,是,是,不是,外国语学院,日语笔译,6,全日制,351
南京航空航天大学,不是,是,是,不是,艺术学院,新闻与传播,30,全日制,363
南京航空航天大学,不是,是,是,不是,数学学院,数学,40,全日制,333
南京航空航天大学,不是,是,是,不是,物理学院,物理学,30,全日制,318
南京航空航天大学,不是,是,是,不是,材料科学与技术学院,化学,27,全日制,274
南京航空航天大学,不是,是,是,不是,航空学院,力学,118,全日制,312
南京航空航天大学,不是,是,是,不是,国际前沿科学研究院,力学,5,全日制,251
南京航空航天大学,不是,是,是,不是,航空学院,机械工程,14,全日制,273
南京航空航天大学,不是,是,是,不是,能源与动力学院,机械工程,16,全日制,315
南京航空航天大学,不是,是,是,不是,机电学院,机械工程,139,全日制,260
南京航空航天大学,不是,是,是,不是,复杂产品智能制造系统技术全国重点实验室,机械工程,4,全日制,260
南京航空航天大学,不是,是,是,不是,航天学院,光学工程,27,全日制,260
南京理工大学,不是,是,是,不是,经济管理学院,应用经济学,9,全日制,354
南京理工大学,不是,是,是,不是,经济管理学院,金融,28,全日制,352
南京理工大学,不是,是,是,不是,数学与统计学院,应用统计,15,全日制,344
南京理工大学,不是,是,是,不是,经济管理学院,国际商务,17,全日制,332
南京理工大学,不是,是,是,不是,知识产权学院,法学,11,全日制,323
南京理工大学,不是,是,是,不是,经济管理学院,应用经济学,9,全日制,354
南京理工大学,不是,是,是,不是,经济管理学院,金融,28,全日制,352
南京理工大学,不是,是,是,不是,数学与统计学院,应用统计,15,全日制,344
南京理工大学,不是,是,是,不是,经济管理学院,国际商务,17,全日制,332
南京理工大学,不是,是,是,不是,知识产权学院,法学,11,全日制,323
南京理工大学,不是,是,是,不是,公共事务学院,社会学,5,全日制,325
南京理工大学,不是,是,是,不是,马克思主义学院,马克思主义理论,21,全日制,362
南京理工大学,不是,是,是,不是,知识产权学院,法律（非法学）,17,全日制,343
南京理工大学,不是,是,是,不是,知识产权学院,法律（非法学）,20,非全日制,343
南京理工大学,不是,是,是,不是,知识产权学院,法律（法学）,10,全日制,352
南京理工大学,不是,是,是,不是,公共事务学院,社会工作,44,全日制,341
南京理工大学,不是,是,是,不是,公共事务学院,社会工作,45,非全日制,341
南京理工大学,不是,是,是,不是,知识产权学院,知识产权,12,全日制,336
南京理工大学,不是,是,是,不是,体育部,体育,12,全日制,307
南京理工大学,不是,是,是,不是,外国语学院,英语语言文学,2,全日制,388
南京理工大学,不是,是,是,不是,外国语学院,俄语语言文学,2,全日制,351
南京理工大学,不是,是,是,不是,外国语学院,日语语言文学,3,全日制,379
南京理工大学,不是,是,是,不是,外国语学院,外国语言学及应用语言学,6,全日制,399
南京理工大学,不是,是,是,不是,外国语学院,英语笔译,16,全日制,354
南京理工大学,不是,是,是,不是,外国语学院,英语笔译,30,非全日制,354
南京理工大学,不是,是,是,不是,数学与统计学院,数学,18,全日制,340
南京理工大学,不是,是,是,不是,物理学院,物理学,14,全日制,375
南京理工大学,不是,是,是,不是,化学与化工学院,化学,5,全日制,380
南京理工大学,不是,是,是,不是,能源与动力工程学院,力学,6,全日制,270
南京理工大学,不是,是,是,不是,物理学院,力学,11,全日制,285
南京理工大学,不是,是,是,不是,瞬态物理全国重点实验室,力学,3,全日制,255
南京理工大学,不是,是,是,不是,机械工程学院,机械工程,20,全日制,305
南京理工大学,不是,是,是,不是,电子工程与光电技术学院,光学工程,21,全日制,295
南京理工大学,不是,是,是,不是,物理学院,光学工程,7,全日制,260
南京理工大学,不是,是,是,不是,机械工程学院,仪器科学与技术,7,全日制,305
苏州大学,不是,是,是,不是,政治与公共管理学院,哲学,9,全日制,352
苏州大学,不是,是,是,不是,商学院,应用经济学,2,全日制,335
苏州大学,不是,是,是,不是,金融工程研究中心,金融,5,全日制,323
苏州大学,不是,是,是,不是,金融工程研究中心,金融,20,非全日制,323
苏州大学,不是,是,是,不是,政治与公共管理学院,哲学,9,全日制,352
苏州大学,不是,是,是,不是,商学院,应用经济学,2,全日制,335
苏州大学,不是,是,是,不是,金融工程研究中心,金融,5,全日制,323
苏州大学,不是,是,是,不是,金融工程研究中心,金融,20,非全日制,323
苏州大学,不是,是,是,不是,数学科学学院,应用统计,13,全日制,323
苏州大学,不是,是,是,不是,王健法学院,法学,43,全日制,323
苏州大学,不是,是,是,不是,政治与公共管理学院,政治学,3,全日制,377
苏州大学,不是,是,是,不是,社会学院,社会学,4,全日制,334
苏州大学,不是,是,是,不是,马克思主义学院,马克思主义理论,20,全日制,377
苏州大学,不是,是,是,不是,王健法学院,法律（非法学）,50,全日制,359
苏州大学,不是,是,是,不是,王健法学院,法律（法学）,45,全日制,352
苏州大学,不是,是,是,不是,社会学院,社会工作,23,全日制,363
苏州大学,不是,是,是,不是,教育学院、教育科学研究院,教育学,14,全日制,341
苏州大学,不是,是,是,不是,文学院,课程与教学论,2,全日制,341
苏州大学,不是,是,是,不是,教育学院、教育科学研究院,心理学,15,全日制,342
苏州大学,不是,是,是,不是,体育学院,体育学,4,全日制,328
苏州大学,不是,是,是,不是,教育学院、教育科学研究院,教育管理,15,非全日制,341
苏州大学,不是,是,是,不是,马克思主义学院,学科教学（思政）,29,全日制,346
苏州大学,不是,是,是,不是,文学院,学科教学（语文）,34,全日制,373
苏州大学,不是,是,是,不是,数学科学学院,学科教学（数学）,12,全日制,341
苏州大学,不是,是,是,不是,物理科学与技术学院,学科教学（物理）,8,全日制,341
苏州大学,不是,是,是,不是,外国语学院,学科教学（英语）,11,全日制,400
苏州大学,不是,是,是,不是,社会学院,学科教学（历史）,24,全日制,355
苏州大学,不是,是,是,不是,体育学院,体育,15,全日制,346
苏州大学,不是,是,是,不是,文学院,国际中文教育,20,全日制,351
苏州大学,不是,是,是,不是,教育学院、教育科学研究院,应用心理,37,全日制,348
苏州大学,不是,是,是,不是,文学院,中国语言文学,31,全日制,351
苏州大学,不是,是,是,不是,外国语学院,英语语言文学,1,全日制,385
苏州大学,不是,是,是,不是,外国语学院,俄语语言文学,1,全日制,351
苏州大学,不是,是,是,不是,外国语学院,法语语言文学,1,全日制,370
苏州大学,不是,是,是,不是,外国语学院,日语语言文学,1,全日制,351
苏州大学,不是,是,是,不是,外国语学院,亚非语言文学,2,全日制,351
苏州大学,不是,是,是,不是,外国语学院,外国语言学及应用语言学,2,全日制,351
苏州大学,不是,是,是,不是,传媒学院,新闻传播学,5,全日制,351
苏州大学,不是,是,是,不是,外国语学院,英语笔译,7,全日制,402
苏州大学,不是,是,是,不是,外国语学院,英语口译,8,全日制,371
苏州大学,不是,是,是,不是,外国语学院,日语笔译,6,全日制,408
苏州大学,不是,是,是,不是,传媒学院,新闻与传播,36,全日制,361
苏州大学,不是,是,是,不是,传媒学院,新闻与传播,40,非全日制,361
苏州大学,不是,是,是,不是,社会学院,中国史,8,全日制,336
苏州大学,不是,是,是,不是,社会学院,世界史,3,全日制,348
苏州大学,不是,是,是,不是,数学科学学院,数学,16,全日制,274
南京医科大学,不是,不是,是,不是,第四临床医学院,应用心理学,1,全日制,341
南京医科大学,不是,不是,是,不是,第四临床医学院,应用心理,3,全日制,341
南京医科大学,不是,不是,是,不是,基础医学院,生理学,16,全日制,274
南京医科大学,不是,不是,是,不是,基础医学院,微生物学,9,全日制,274
南京医科大学,不是,不是,是,不是,第四临床医学院,应用心理学,1,全日制,341
南京医科大学,不是,不是,是,不是,第四临床医学院,应用心理,3,全日制,341
南京医科大学,不是,不是,是,不是,基础医学院,生理学,16,全日制,274
南京医科大学,不是,不是,是,不是,基础医学院,微生物学,9,全日制,274
南京医科大学,不是,不是,是,不是,基础医学院,神经生物学,9,全日制,274
南京医科大学,不是,不是,是,不是,基础医学院,遗传学,15,全日制,274
南京医科大学,不是,不是,是,不是,基础医学院,细胞生物学,15,全日制,274
南京医科大学,不是,不是,是,不是,儿科学院,细胞生物学,1,全日制,274
南京医科大学,不是,不是,是,不是,常州医学中心,细胞生物学,1,全日制,274
南京医科大学,不是,不是,是,不是,基础医学院,生物化学与分子生物学,26,全日制,274
南京医科大学,不是,不是,是,不是,生物医学工程与信息学院,生物医学工程,10,全日制,274
南京医科大学,不是,不是,是,不是,公共卫生学院（二）,流行病与卫生统计学,5,全日制,274
南京医科大学,不是,不是,是,不是,生物医学工程与信息学院,生物医学工程,16,全日制,260
南京医科大学,不是,不是,是,不是,基础医学院,人体解剖与组织胚胎学,6,全日制,293
南京医科大学,不是,不是,是,不是,基础医学院,免疫学,21,全日制,293
南京医科大学,不是,不是,是,不是,基础医学院,病原生物学,26,全日制,293
南京医科大学,不是,不是,是,不是,基础医学院,病理学与病理生理学,25,全日制,293
南京医科大学,不是,不是,是,不是,无锡医学中心,病理学与病理生理学,1,全日制,293
南京医科大学,不是,不是,是,不是,基础医学院,法医学,6,全日制,293
南京医科大学,不是,不是,是,不是,不区分院系,内科学,70,全日制,310
南京医科大学,不是,不是,是,不是,不区分院系,儿科学,17,全日制,310
南京医科大学,不是,不是,是,不是,不区分院系,老年医学,11,全日制,310
南京医科大学,不是,不是,是,不是,不区分院系,神经病学,7,全日制,310
南京医科大学,不是,不是,是,不是,不区分院系,精神病与精神卫生学,5,全日制,310
南京医科大学,不是,不是,是,不是,不区分院系,皮肤病与性病学,4,全日制,310
南京医科大学,不是,不是,是,不是,不区分院系,影像医学与核医学,2,全日制,310
南京农业大学,不是,是,是,不是,马克思主义学院,哲学,5,全日制,321
南京农业大学,不是,是,是,不是,金融学院,金融学,16,全日制,323
南京农业大学,不是,是,是,不是,经济管理学院,产业经济学,12,全日制,323
南京农业大学,不是,是,是,不是,经济管理学院,国际贸易学,11,全日制,323
南京农业大学,不是,是,是,不是,金融学院,金融,42,全日制,323
南京农业大学,不是,是,是,不是,马克思主义学院,哲学,5,全日制,321
南京农业大学,不是,是,是,不是,金融学院,金融学,16,全日制,323
南京农业大学,不是,是,是,不是,经济管理学院,产业经济学,12,全日制,323
南京农业大学,不是,是,是,不是,经济管理学院,国际贸易学,11,全日制,323
南京农业大学,不是,是,是,不是,金融学院,金融,42,全日制,323
南京农业大学,不是,是,是,不是,理学院,应用统计,8,全日制,323
南京农业大学,不是,是,是,不是,经济管理学院,国际商务,40,全日制,323
南京农业大学,不是,是,是,不是,人文与社会发展学院,经济法学,4,全日制,323
南京农业大学,不是,是,是,不是,人文与社会发展学院,社会学,4,全日制,323
南京农业大学,不是,是,是,不是,人文与社会发展学院,民俗学,4,全日制,323
南京农业大学,不是,是,是,不是,马克思主义学院,马克思主义理论,12,全日制,323
南京农业大学,不是,是,是,不是,人文与社会发展学院,法律（非法学）,7,全日制,323
南京农业大学,不是,是,是,不是,人文与社会发展学院,法律（法学）,7,全日制,323
南京农业大学,不是,是,是,不是,人文与社会发展学院,社会工作,15,全日制,323
南京农业大学,不是,是,是,不是,外国语学院,英语语言文学,3,全日制,351
南京农业大学,不是,是,是,不是,外国语学院,日语语言文学,2,全日制,351
南京农业大学,不是,是,是,不是,外国语学院,英语笔译,17,全日制,351
南京农业大学,不是,是,是,不是,外国语学院,日语笔译,5,全日制,351
南京农业大学,不是,是,是,不是,理学院,数学,8,全日制,274
南京农业大学,不是,是,是,不是,理学院,化学,22,全日制,274
南京农业大学,不是,是,是,不是,生命科学学院,植物学,23,全日制,274
南京农业大学,不是,是,是,不是,生命科学学院,动物学,7,全日制,274
南京农业大学,不是,是,是,不是,生命科学学院,微生物学,27,全日制,274
南京农业大学,不是,是,是,不是,农学院,遗传学,5,全日制,274
南京农业大学,不是,是,是,不是,生命科学学院,生物化学与分子生物学,11,全日制,274
南京师范大学,不是,是,是,不是,公共管理学院,哲学,31,全日制,354
南京师范大学,不是,是,是,不是,公共管理学院,应用伦理,15,非全日制,361
南京师范大学,不是,是,是,不是,商学院,区域经济学,8,全日制,325
南京师范大学,不是,是,是,不是,商学院,金融学,15,全日制,331
南京师范大学,不是,是,是,不是,商学院,产业经济学,6,全日制,326
南京师范大学,不是,是,是,不是,公共管理学院,哲学,31,全日制,354
南京师范大学,不是,是,是,不是,公共管理学院,应用伦理,15,非全日制,361
南京师范大学,不是,是,是,不是,商学院,区域经济学,8,全日制,325
南京师范大学,不是,是,是,不是,商学院,金融学,15,全日制,331
南京师范大学,不是,是,是,不是,商学院,产业经济学,6,全日制,326
南京师范大学,不是,是,是,不是,商学院,国际贸易学,6,全日制,350
南京师范大学,不是,是,是,不是,商学院,金融,25,全日制,349
南京师范大学,不是,是,是,不是,数学科学学院,应用统计,21,全日制,347
南京师范大学,不是,是,是,不是,商学院,国际商务,21,全日制,326
南京师范大学,不是,是,是,不是,商学院,数字经济,14,全日制,328
南京师范大学,不是,是,是,不是,法学院,法学,54,全日制,350
南京师范大学,不是,是,是,不是,公共管理学院,政治学,32,全日制,360
南京师范大学,不是,是,是,不是,马克思主义学院,马克思主义理论,80,全日制,356
南京师范大学,不是,是,是,不是,马克思主义学院,中共党史党建学,15,全日制,329
南京师范大学,不是,是,是,不是,法学院,法律（非法学）,78,全日制,363
南京师范大学,不是,是,是,不是,法学院,法律（法学）,45,全日制,346
南京师范大学,不是,是,是,不是,教育科学学院,教育学原理,15,全日制,349
南京师范大学,不是,是,是,不是,教育科学学院,课程与教学论,11,全日制,345
南京师范大学,不是,是,是,不是,教育科学学院,教育史,5,全日制,341
南京师范大学,不是,是,是,不是,教育科学学院,比较教育学,7,全日制,346
南京师范大学,不是,是,是,不是,教育科学学院,学前教育学,25,全日制,341
南京师范大学,不是,是,是,不是,教育科学学院,高等教育学,8,全日制,341
南京师范大学,不是,是,是,不是,教育科学学院,职业技术教育学,10,全日制,344
南京师范大学,不是,是,是,不是,体育科学学院,体育学,34,全日制,351
南京师范大学,不是,是,是,不是,教育科学学院,教育管理,50,非全日制,348
南京师范大学,不是,是,是,不是,教师教育学院,学科教学（思政）,20,全日制,372
南京师范大学,不是,是,是,不是,教师教育学院,学科教学（语文）,50,全日制,367
南京师范大学,不是,是,是,不是,教师教育学院,学科教学（数学）,45,全日制,387
南京师范大学,不是,是,是,不是,教师教育学院,学科教学（物理）,30,全日制,370
南京师范大学,不是,是,是,不是,教师教育学院,学科教学（化学）,25,全日制,341
南京师范大学,不是,是,是,不是,教师教育学院,学科教学（生物）,30,全日制,351
南京师范大学,不是,是,是,不是,教师教育学院,学科教学（英语）,35,全日制,382
中国矿业大学,不是,是,是,不是,经济管理学院,资产评估,10,全日制,349
中国矿业大学,不是,是,是,不是,马克思主义学院,马克思主义理论,10,全日制,323
中国矿业大学,不是,是,是,不是,人文与艺术学院,法律（非法学）,9,全日制,338
中国矿业大学,不是,是,是,不是,人文与艺术学院,法律（法学）,10,全日制,338
中国矿业大学,不是,是,是,不是,经济管理学院,资产评估,10,全日制,349
中国矿业大学,不是,是,是,不是,马克思主义学院,马克思主义理论,10,全日制,323
中国矿业大学,不是,是,是,不是,人文与艺术学院,法律（非法学）,9,全日制,338
中国矿业大学,不是,是,是,不是,人文与艺术学院,法律（法学）,10,全日制,338
中国矿业大学,不是,是,是,不是,体育学院,体育学,7,全日制,304
中国矿业大学,不是,是,是,不是,体育学院,体育教学,8,全日制,304
中国矿业大学,不是,是,是,不是,体育学院,运动训练,3,全日制,304
中国矿业大学,不是,是,是,不是,人文与艺术学院,中国语言文学,9,全日制,364
中国矿业大学,不是,是,是,不是,外国语言文化学院,外国语言文学,9,全日制,395
中国矿业大学,不是,是,是,不是,外国语言文化学院,英语笔译,20,全日制,368
中国矿业大学,不是,是,是,不是,人文与艺术学院,新闻与传播,15,全日制,369
中国矿业大学,不是,是,是,不是,数学学院,数学,20,全日制,279
中国矿业大学,不是,是,是,不是,材料与物理学院,物理学,19,全日制,274
中国矿业大学,不是,是,是,不是,化工学院,化学,18,全日制,274
中国矿业大学,不是,是,是,不是,资源与地球科学学院,地理学,4,全日制,300
中国矿业大学,不是,是,是,不是,资源与地球科学学院,地球物理学,4,全日制,285
中国矿业大学,不是,是,是,不是,资源与地球科学学院,地质学,11,全日制,316
中国矿业大学,不是,是,是,不是,数学学院,统计学,5,全日制,288
中国矿业大学,不是,是,是,不是,力学与土木工程学院,力学,14,全日制,295
中国矿业大学,不是,是,是,不是,低碳能源与动力工程学院,流体力学,4,全日制,251
中国矿业大学,不是,是,是,不是,机电工程学院,机械工程,46,全日制,288
中国矿业大学,不是,是,是,不是,材料与物理学院,材料科学与工程,37,全日制,276
中国矿业大学,不是,是,是,不是,低碳能源与动力工程学院,动力工程及工程热物理,16,全日制,302
中国矿业大学,不是,是,是,不是,电气工程学院,电气工程,20,全日制,262
中国矿业大学,不是,是,是,不是,信息与控制工程学院,信息与通信工程,19,全日制,261
中国矿业大学,不是,是,是,不是,信息与控制工程学院,控制科学与工程,12,全日制,312
中国矿业大学,不是,是,是,不是,建筑与设计学院,建筑学,6,全日制,260
江南大学,不是,是,是,不是,商学院,应用经济学,24,全日制,336
江南大学,不是,是,是,不是,商学院,金融,26,全日制,332
江南大学,不是,是,是,不是,商学院,国际商务,9,全日制,323
江南大学,不是,是,是,不是,法学院,法学,11,全日制,323
江南大学,不是,是,是,不是,马克思主义学院,马克思主义理论,56,全日制,358
江南大学,不是,是,是,不是,商学院,应用经济学,24,全日制,336
江南大学,不是,是,是,不是,商学院,金融,26,全日制,332
江南大学,不是,是,是,不是,商学院,国际商务,9,全日制,323
江南大学,不是,是,是,不是,法学院,法学,11,全日制,323
江南大学,不是,是,是,不是,马克思主义学院,马克思主义理论,56,全日制,358
江南大学,不是,是,是,不是,法学院,法律（非法学）,19,全日制,338
江南大学,不是,是,是,不是,法学院,法律（非法学）,10,非全日制,338
江南大学,不是,是,是,不是,法学院,法律（法学）,13,全日制,342
江南大学,不是,是,是,不是,法学院,社会工作,15,全日制,323
江南大学,不是,是,是,不是,人文学院,教育学,30,全日制,341
江南大学,不是,是,是,不是,人文学院,教育管理,24,非全日制,341
江南大学,不是,是,是,不是,人文学院,教育管理,1,非全日制,341
江南大学,不是,是,是,不是,人文学院,学科教学（语文）,27,全日制,343
江南大学,不是,是,是,不是,人文学院,学科教学（数学）,8,全日制,341
江南大学,不是,是,是,不是,人文学院,学科教学（音乐）,6,全日制,346
江南大学,不是,是,是,不是,人文学院,现代教育技术,19,全日制,342
江南大学,不是,是,是,不是,人文学院,小学教育,13,全日制,341
江南大学,不是,是,是,不是,人文学院,心理健康教育,5,全日制,341
江南大学,不是,是,是,不是,人文学院,中国语言文学,37,全日制,384
江南大学,不是,是,是,不是,外国语学院,英语语言文学,26,全日制,392
江南大学,不是,是,是,不是,外国语学院,日语语言文学,4,全日制,351
江南大学,不是,是,是,不是,外国语学院,翻译,8,全日制,351
江南大学,不是,是,是,不是,马克思主义学院,中国史,6,全日制,336
江南大学,不是,是,是,不是,理学院,数学,31,全日制,295
江南大学,不是,是,是,不是,理学院,物理学,4,全日制,274
江南大学,不是,是,是,不是,生物工程学院,微生物学,24,全日制,340
江南大学,不是,是,是,不是,生物工程学院,生物化学与分子生物学,22,全日制,319
江南大学,不是,是,是,不是,人文学院,教育技术学,23,全日制,289
江南大学,不是,是,是,不是,机械工程学院,机械工程,42,全日制,294
江南大学,不是,是,是,不是,智能制造学院,机械工程,14,全日制,260
江南大学,不是,是,是,不是,理学院,光学工程,12,全日制,262
江南大学,不是,是,是,不是,化学与材料工程学院,材料科学与工程,24,全日制,271
江南大学,不是,是,是,不是,物联网工程学院,电气工程,10,全日制,286
江南大学,不是,是,是,不是,集成电路学院,电子科学与技术,14,全日制,316
江南大学,不是,是,是,不是,物联网工程学院,控制科学与工程,60,全日制,306
江南大学,不是,是,是,不是,人工智能与计算机学院,计算机科学与技术,41,全日制,312
江南大学,不是,是,是,不是,纤维工程与装备技术学院,土木工程,6,全日制,260
江南大学,不是,是,是,不是,化学与材料工程学院,化学工程与技术,37,全日制,281
江南大学,不是,是,是,不是,纺织科学与工程学院,纺织科学与工程,40,全日制,260
江南大学,不是,是,是,不是,纤维工程与装备技术学院,纺织科学与工程,7,全日制,260
河海大学,不是,是,是,不是,经济与金融学院,应用经济学,30,全日制,323
河海大学,不是,是,是,不是,经济与金融学院,金融,15,全日制,323
河海大学,不是,是,是,不是,经济与金融学院,金融,3,非全日制,323
河海大学,不是,是,是,不是,数学学院,应用统计,35,全日制,337
河海大学,不是,是,是,不是,经济与金融学院,应用经济学,30,全日制,323
河海大学,不是,是,是,不是,经济与金融学院,金融,15,全日制,323
河海大学,不是,是,是,不是,经济与金融学院,金融,3,非全日制,323
河海大学,不是,是,是,不是,数学学院,应用统计,35,全日制,337
河海大学,不是,是,是,不是,经济与金融学院,国际商务,9,全日制,323
河海大学,不是,是,是,不是,法学院,法学,30,全日制,361
河海大学,不是,是,是,不是,公共管理学院,社会学,38,全日制,346
河海大学,不是,是,是,不是,马克思主义学院,马克思主义基本原理,6,全日制,360
河海大学,不是,是,是,不是,马克思主义学院,马克思主义发展史,4,全日制,330
河海大学,不是,是,是,不是,马克思主义学院,马克思主义中国化研究,5,全日制,349
河海大学,不是,是,是,不是,马克思主义学院,思想政治教育,16,全日制,367
河海大学,不是,是,是,不是,马克思主义学院,中国近现代史基本问题研究,5,全日制,332
河海大学,不是,是,是,不是,公共管理学院,社会工作,37,全日制,353
河海大学,不是,是,是,不是,公共管理学院,社会工作,4,非全日制,353
河海大学,不是,是,是,不是,公共管理学院,社会工作,2,非全日制,353
河海大学,不是,是,是,不是,体育系,体育学,10,全日制,306
河海大学,不是,是,是,不是,体育系,体育,11,全日制,306
河海大学,不是,是,是,不是,外国语学院,外国语言文学,12,全日制,362
河海大学,不是,是,是,不是,外国语学院,翻译,14,全日制,358
河海大学,不是,是,是,不是,外国语学院,翻译,5,非全日制,358
河海大学,不是,是,是,不是,公共管理学院,新闻与传播,21,全日制,380
河海大学,不是,是,是,不是,数学学院,数学,39,全日制,321
河海大学,不是,是,是,不是,力学与工程科学学院,物理学,16,全日制,274
河海大学,不是,是,是,不是,地理与遥感学院,地理学,37,全日制,303
河海大学,不是,是,是,不是,海洋学院,大气科学,7,全日制,274
河海大学,不是,是,是,不是,海洋学院,海洋科学,71,全日制,274
河海大学,不是,是,是,不是,力学与工程科学学院,力学,75,全日制,293
河海大学,不是,是,是,不是,机电工程学院,机械工程,51,全日制,299
江苏大学,不是,不是,不是,是,马克思主义学院,哲学,7,全日制,321
江苏大学,不是,不是,不是,是,财经学院,应用经济学,16,全日制,323
江苏大学,不是,不是,不是,是,财经学院,金融,9,全日制,323
江苏大学,不是,不是,不是,是,财经学院,金融,10,非全日制,323
江苏大学,不是,不是,不是,是,财经学院,国际商务,15,全日制,323
江苏大学,不是,不是,不是,是,马克思主义学院,哲学,7,全日制,321
江苏大学,不是,不是,不是,是,财经学院,应用经济学,16,全日制,323
江苏大学,不是,不是,不是,是,财经学院,金融,9,全日制,323
江苏大学,不是,不是,不是,是,财经学院,金融,10,非全日制,323
江苏大学,不是,不是,不是,是,财经学院,国际商务,15,全日制,323
江苏大学,不是,不是,不是,是,财经学院,国际商务,5,非全日制,323
江苏大学,不是,不是,不是,是,财经学院,统计学,13,全日制,323
江苏大学,不是,不是,不是,是,法学院,法学,14,全日制,323
江苏大学,不是,不是,不是,是,马克思主义学院,马克思主义理论,30,全日制,353
江苏大学,不是,不是,不是,是,法学院,法律（非法学）,15,全日制,323
江苏大学,不是,不是,不是,是,法学院,法律（非法学）,15,非全日制,323
江苏大学,不是,不是,不是,是,法学院,法律（法学）,22,全日制,323
江苏大学,不是,不是,不是,是,法学院,法律（法学）,15,非全日制,323
江苏大学,不是,不是,不是,是,知识产权学院,知识产权,13,全日制,323
江苏大学,不是,不是,不是,是,知识产权学院,知识产权,10,非全日制,323
江苏大学,不是,不是,不是,是,教师教育学院,教育学,15,全日制,341
江苏大学,不是,不是,不是,是,教师教育学院,教育管理,5,非全日制,341
江苏大学,不是,不是,不是,是,教师教育学院,学科教学（语文）,19,全日制,341
江苏大学,不是,不是,不是,是,教师教育学院,学科教学（语文）,20,非全日制,341
江苏大学,不是,不是,不是,是,教师教育学院,学科教学（数学）,10,非全日制,341
江苏大学,不是,不是,不是,是,教师教育学院,学科教学（物理）,5,非全日制,341
江苏大学,不是,不是,不是,是,教师教育学院,学科教学（英语）,15,全日制,341
江苏大学,不是,不是,不是,是,教师教育学院,学科教学（英语）,20,非全日制,341
江苏大学,不是,不是,不是,是,教师教育学院,学科教学（体育）,5,非全日制,341
江苏大学,不是,不是,不是,是,教师教育学院,现代教育技术,5,非全日制,341
江苏大学,不是,不是,不是,是,教师教育学院,小学教育,10,全日制,341
江苏大学,不是,不是,不是,是,教师教育学院,小学教育,20,非全日制,341
江苏大学,不是,不是,不是,是,教师教育学院,学前教育,5,全日制,341
江苏大学,不是,不是,不是,是,教师教育学院,学前教育,10,非全日制,341
江苏大学,不是,不是,不是,是,文学院,国际中文教育,18,全日制,341
江苏大学,不是,不是,不是,是,文学院,国际中文教育,15,非全日制,341
江苏大学,不是,不是,不是,是,文学院,中国语言文学,11,全日制,380
江苏大学,不是,不是,不是,是,外国语学院,外国语言文学,17,全日制,351
江苏大学,不是,不是,不是,是,外国语学院,英语笔译,7,全日制,351
江苏大学,不是,不是,不是,是,外国语学院,英语笔译,20,非全日制,351
江苏大学,不是,不是,不是,是,数学科学学院,数学,58,全日制,274
江苏大学,不是,不是,不是,是,物理与电子工程学院,物理学,18,全日制,274
江苏大学,不是,不是,不是,是,化学化工学院,化学,42,全日制,274
江苏大学,不是,不是,不是,是,能源研究院,化学,13,全日制,274
江苏大学,不是,不是,不是,是,生命科学学院,生物学,36,全日制,274
江苏大学,不是,不是,不是,是,农业工程学院,生态学,8,全日制,274
江苏大学,不是,不是,不是,是,数学科学学院,统计学,6,全日制,274
江苏大学,不是,不是,不是,是,能源与动力工程学院,力学,5,全日制,251
江苏大学,不是,不是,不是,是,土木工程与力学学院,力学,22,全日制,251
江苏大学,不是,不是,不是,是,机械工程学院,机械工程,72,全日制,260
江苏大学,不是,不是,不是,是,汽车与交通工程学院,车辆工程,23,全日制,260
江苏大学,不是,不是,不是,是,汽车工程研究院,车辆工程,27,全日制,260
江苏大学,不是,不是,不是,是,机械工程学院,光学工程,10,全日制,260
江苏大学,不是,不是,不是,是,机械工程学院,仪器科学与技术,14,全日制,260
江苏大学,不是,不是,不是,是,材料科学与工程学院,材料科学与工程,84,全日制,260
江苏大学,不是,不是,不是,是,材料科学与工程学院,冶金工程,5,全日制,251
江苏大学,不是,不是,不是,是,汽车与交通工程学院,动力工程及工程热物理,26,全日制,251
江苏大学,不是,不是,不是,是,能源与动力工程学院,动力工程及工程热物理,35,全日制,251
江苏大学,不是,不是,不是,是,流体机械工程技术研究中心,动力工程及工程热物理,47,全日制,251
江苏大学,不是,不是,不是,是,能源研究院,动力工程及工程热物理,8,全日制,251
扬州大学,不是,不是,不是,是,社会发展学院,哲学,8,全日制,321
扬州大学,不是,不是,不是,是,商学院,应用经济学,11,全日制,323
扬州大学,不是,不是,不是,是,商学院,金融,18,全日制,323
扬州大学,不是,不是,不是,是,法学院,法学,28,全日制,323
扬州大学,不是,不是,不是,是,马克思主义学院,马克思主义理论,42,全日制,323
扬州大学,不是,不是,不是,是,社会发展学院,哲学,8,全日制,321
扬州大学,不是,不是,不是,是,商学院,应用经济学,11,全日制,323
扬州大学,不是,不是,不是,是,商学院,金融,18,全日制,323
扬州大学,不是,不是,不是,是,法学院,法学,28,全日制,323
扬州大学,不是,不是,不是,是,马克思主义学院,马克思主义理论,42,全日制,323
扬州大学,不是,不是,不是,是,法学院,法律（非法学）,23,全日制,338
扬州大学,不是,不是,不是,是,法学院,法律（非法学）,6,非全日制,338
扬州大学,不是,不是,不是,是,法学院,法律（法学）,25,全日制,325
扬州大学,不是,不是,不是,是,法学院,法律（法学）,7,非全日制,325
扬州大学,不是,不是,不是,是,社会发展学院,社会工作,16,全日制,355
扬州大学,不是,不是,不是,是,社会发展学院,社会工作,8,非全日制,355
扬州大学,不是,不是,不是,是,新闻与传媒学院,教育技术学,4,全日制,350
扬州大学,不是,不是,不是,是,马克思主义学院,学科教学（思政）,49,全日制,341
扬州大学,不是,不是,不是,是,马克思主义学院,学科教学（思政）,12,非全日制,341
扬州大学,不是,不是,不是,是,文学院,学科教学（语文）,25,全日制,360
扬州大学,不是,不是,不是,是,文学院,学科教学（语文）,17,非全日制,360
扬州大学,不是,不是,不是,是,生物科学与技术学院,学科教学（生物）,5,全日制,341
扬州大学,不是,不是,不是,是,生物科学与技术学院,学科教学（生物）,16,非全日制,341
扬州大学,不是,不是,不是,是,外国语学院,学科教学（英语）,25,全日制,375
扬州大学,不是,不是,不是,是,外国语学院,学科教学（英语）,29,非全日制,375
扬州大学,不是,不是,不是,是,社会发展学院,学科教学（历史）,15,全日制,354
扬州大学,不是,不是,不是,是,社会发展学院,学科教学（历史）,9,非全日制,354
扬州大学,不是,不是,不是,是,美术与设计学院,学科教学（美术）,1,全日制,341
扬州大学,不是,不是,不是,是,美术与设计学院,学科教学（美术）,4,非全日制,341
扬州大学,不是,不是,不是,是,新闻与传媒学院,现代教育技术,6,全日制,370
扬州大学,不是,不是,不是,是,文学院,国际中文教育,18,全日制,341
扬州大学,不是,不是,不是,是,外国语学院,英语语言文学,11,全日制,357
扬州大学,不是,不是,不是,是,外国语学院,法语语言文学,1,全日制,357
扬州大学,不是,不是,不是,是,外国语学院,日语语言文学,1,全日制,357
扬州大学,不是,不是,不是,是,外国语学院,西班牙语语言文学,1,全日制,357
扬州大学,不是,不是,不是,是,外国语学院,阿拉伯语语言文学,1,全日制,357
扬州大学,不是,不是,不是,是,外国语学院,亚非语言文学,1,全日制,357
扬州大学,不是,不是,不是,是,外国语学院,外国语言学及应用语言学,4,全日制,357
南京邮电大学,不是,不是,是,不是,经济学院,应用经济学,9,全日制,323
南京邮电大学,不是,不是,是,不是,理学院,应用统计,18,全日制,346
南京邮电大学,不是,不是,是,不是,经济学院,应用统计,3,全日制,345
南京邮电大学,不是,不是,是,不是,经济学院,国际商务,9,全日制,346
南京邮电大学,不是,不是,是,不是,社会与人口学院/社会工作学院,社会学,21,全日制,323
南京邮电大学,不是,不是,是,不是,经济学院,应用经济学,9,全日制,323
南京邮电大学,不是,不是,是,不是,理学院,应用统计,18,全日制,346
南京邮电大学,不是,不是,是,不是,经济学院,应用统计,3,全日制,345
南京邮电大学,不是,不是,是,不是,经济学院,国际商务,9,全日制,346
南京邮电大学,不是,不是,是,不是,社会与人口学院/社会工作学院,社会学,21,全日制,323
南京邮电大学,不是,不是,是,不是,马克思主义学院,马克思主义理论,26,全日制,324
南京邮电大学,不是,不是,是,不是,社会与人口学院/社会工作学院,社会工作,12,全日制,338
南京邮电大学,不是,不是,是,不是,社会与人口学院/社会工作学院,社会工作,10,非全日制,338
南京邮电大学,不是,不是,是,不是,教育科学与技术学院,教育学,8,全日制,341
南京邮电大学,不是,不是,是,不是,教育科学与技术学院,教育,9,全日制,341
南京邮电大学,不是,不是,是,不是,外国语学院,外国语言文学,3,全日制,351
南京邮电大学,不是,不是,是,不是,外国语学院,翻译,11,全日制,356
南京邮电大学,不是,不是,是,不是,理学院,数学,21,全日制,327
南京邮电大学,不是,不是,是,不是,理学院,物理学,24,全日制,274
南京工业大学,不是,不是,不是,是,经济与管理学院,金融,19,全日制,323
南京工业大学,不是,不是,不是,是,数理科学学院,应用统计,13,全日制,323
南京工业大学,不是,不是,不是,是,数理科学学院,应用统计,1,非全日制,323
南京工业大学,不是,不是,不是,是,法政学院,法学,26,全日制,323
南京工业大学,不是,不是,不是,是,马克思主义学院,马克思主义理论,20,全日制,337
南京工业大学,不是,不是,不是,是,经济与管理学院,金融,19,全日制,323
南京工业大学,不是,不是,不是,是,数理科学学院,应用统计,13,全日制,323
南京工业大学,不是,不是,不是,是,数理科学学院,应用统计,1,非全日制,323
南京工业大学,不是,不是,不是,是,法政学院,法学,26,全日制,323
南京工业大学,不是,不是,不是,是,马克思主义学院,马克思主义理论,20,全日制,337
南京工业大学,不是,不是,不是,是,体育学院,体育,21,全日制,336
南京工业大学,不是,不是,不是,是,外国语言文学学院,国际中文教育,6,全日制,341
南京工业大学,不是,不是,不是,是,外国语言文学学院,外国语言文学,25,全日制,351
南京工业大学,不是,不是,不是,是,外国语言文学学院,翻译,7,全日制,351
南京工业大学,不是,不是,不是,是,数理科学学院,物理学,10,全日制,274
南京工业大学,不是,不是,不是,是,材料科学与工程学院,化学,5,全日制,274
南京工业大学,不是,不是,不是,是,化工学院,化学,19,全日制,274
南京工业大学,不是,不是,不是,是,能源科学与工程学院,化学,15,全日制,274
南京工业大学,不是,不是,不是,是,柔性电子（未来技术）学院,化学,99,全日制,274
南京工业大学,不是,不是,不是,是,化学与分子工程学院,化学,64,全日制,274
南京工业大学,不是,不是,不是,是,生物与制药工程学院,生物学,45,全日制,309
南京工业大学,不是,不是,不是,是,能源科学与工程学院,力学,4,全日制,251
南京工业大学,不是,不是,不是,是,数理科学学院,力学,10,全日制,251
南京工业大学,不是,不是,不是,是,柔性电子（未来技术）学院,力学,5,全日制,251
南京工业大学,不是,不是,不是,是,土木工程学院,力学,12,全日制,251
南京工业大学,不是,不是,不是,是,机械与动力工程学院,机械工程,15,全日制,285
南京工业大学,不是,不是,不是,是,柔性电子（未来技术）学院,光学工程,30,全日制,260
南京工业大学,不是,不是,不是,是,材料科学与工程学院,材料科学与工程,95,全日制,260
南京工业大学,不是,不是,不是,是,数理科学学院,材料科学与工程,3,全日制,260
南京工业大学,不是,不是,不是,是,柔性电子（未来技术）学院,材料科学与工程,33,全日制,260
南京工业大学,不是,不是,不是,是,机械与动力工程学院,动力工程及工程热物理,31,全日制,251
南京工业大学,不是,不是,不是,是,能源科学与工程学院,动力工程及工程热物理,9,全日制,251
南京工业大学,不是,不是,不是,是,电气工程与控制科学学院,电气工程,22,全日制,306
南京林业大学,不是,不是,是,不是,经济管理学院,应用经济学,8,全日制,323
南京林业大学,不是,不是,是,不是,经济管理学院,金融,37,全日制,323
南京林业大学,不是,不是,是,不是,理学院,应用统计,25,全日制,339
南京林业大学,不是,不是,是,不是,马克思主义学院,马克思主义理论,37,全日制,339
南京林业大学,不是,不是,是,不是,马克思主义学院,法律（非法学）,5,全日制,323
南京林业大学,不是,不是,是,不是,经济管理学院,应用经济学,8,全日制,323
南京林业大学,不是,不是,是,不是,经济管理学院,金融,37,全日制,323
南京林业大学,不是,不是,是,不是,理学院,应用统计,25,全日制,339
南京林业大学,不是,不是,是,不是,马克思主义学院,马克思主义理论,37,全日制,339
南京林业大学,不是,不是,是,不是,马克思主义学院,法律（非法学）,5,全日制,323
南京林业大学,不是,不是,是,不是,马克思主义学院,法律（法学）,10,全日制,323
南京林业大学,不是,不是,是,不是,人文社会科学学院,国际中文教育,16,全日制,358
南京林业大学,不是,不是,是,不是,人文社会科学学院,新闻传播学,19,全日制,374
南京林业大学,不是,不是,是,不是,外国语学院,英语笔译,39,全日制,374
南京林业大学,不是,不是,是,不是,人文社会科学学院,新闻与传播,32,全日制,351
南京林业大学,不是,不是,是,不是,人文社会科学学院,新闻与传播,30,非全日制,351
南京林业大学,不是,不是,是,不是,理学院,数学,9,全日制,274
南京林业大学,不是,不是,是,不是,理学院,化学,19,全日制,274
南京林业大学,不是,不是,是,不是,生命科学学院,植物学,25,全日制,304
南京林业大学,不是,不是,是,不是,生命科学学院,动物学,10,全日制,298
南京林业大学,不是,不是,是,不是,生命科学学院,微生物学,2,全日制,274
南京林业大学,不是,不是,是,不是,生命科学学院,生物化学与分子生物学,6,全日制,357
南京林业大学,不是,不是,是,不是,生态与环境学院,生态学,34,全日制,274
南京林业大学,不是,不是,是,不是,生态与环境学院,环境科学,10,全日制,274
南京林业大学,不是,不是,是,不是,机械电子工程学院,机械工程,25,全日制,260
南京林业大学,不是,不是,是,不是,材料科学与工程学院,材料科学与工程,14,全日制,260
南京林业大学,不是,不是,是,不是,理学院,材料科学与工程,5,全日制,260
南京林业大学,不是,不是,是,不是,材料科学与工程学院,动力工程及工程热物理,12,全日制,251
南京林业大学,不是,不是,是,不是,机械电子工程学院,动力工程及工程热物理,1,全日制,251
中国药科大学,不是,是,是,不是,理学院,应用统计,11,全日制,328
中国药科大学,不是,是,是,不是,马克思主义学院,思想政治教育,8,全日制,323
中国药科大学,不是,是,是,不是,理学院,化学,16,全日制,274
中国药科大学,不是,是,是,不是,生命科学与技术学院,生物学,25,全日制,308
中国药科大学,不是,是,是,不是,工学院,生物医学工程,12,全日制,279
中国药科大学,不是,是,是,不是,理学院,应用统计,11,全日制,328
中国药科大学,不是,是,是,不是,马克思主义学院,思想政治教育,8,全日制,323
中国药科大学,不是,是,是,不是,理学院,化学,16,全日制,274
中国药科大学,不是,是,是,不是,生命科学与技术学院,生物学,25,全日制,308
中国药科大学,不是,是,是,不是,工学院,生物医学工程,12,全日制,279
南京信息工程大学,不是,不是,是,不是,商学院,应用经济学,15,全日制,345
南京信息工程大学,不是,不是,是,不是,管理工程学院,金融,31,全日制,341
南京信息工程大学,不是,不是,是,不是,南信大无锡研究生联合培养基地,金融,10,全日制,323
南京信息工程大学,不是,不是,是,不是,数学与统计学院,应用统计,40,全日制,360
南京信息工程大学,不是,不是,是,不是,商学院,国际商务,10,全日制,377
南京信息工程大学,不是,不是,是,不是,商学院,应用经济学,15,全日制,345
南京信息工程大学,不是,不是,是,不是,管理工程学院,金融,31,全日制,341
南京信息工程大学,不是,不是,是,不是,南信大无锡研究生联合培养基地,金融,10,全日制,323
南京信息工程大学,不是,不是,是,不是,数学与统计学院,应用统计,40,全日制,360
南京信息工程大学,不是,不是,是,不是,商学院,国际商务,10,全日制,377
南京信息工程大学,不是,不是,是,不是,管理工程学院,保险,8,全日制,349
南京信息工程大学,不是,不是,是,不是,商学院,资产评估,3,全日制,323
南京信息工程大学,不是,不是,是,不是,管理工程学院,数字经济,3,全日制,323
南京信息工程大学,不是,不是,是,不是,马克思主义学院,马克思主义理论,25,全日制,361
南京信息工程大学,不是,不是,是,不是,法学与公共管理学院,法律（非法学）,3,全日制,323
南京信息工程大学,不是,不是,是,不是,法学与公共管理学院,法律（法学）,7,全日制,323
南京信息工程大学,不是,不是,是,不是,教师教育学院,学科教学（语文）,14,全日制,366
南京信息工程大学,不是,不是,是,不是,教师教育学院,学科教学（语文）,3,非全日制,366
南京信息工程大学,不是,不是,是,不是,教师教育学院,学科教学（数学）,12,全日制,390
南京信息工程大学,不是,不是,是,不是,教师教育学院,学科教学（数学）,3,非全日制,390
南京信息工程大学,不是,不是,是,不是,教师教育学院,学科教学（物理）,5,全日制,341
南京信息工程大学,不是,不是,是,不是,教师教育学院,学科教学（化学）,2,全日制,341
南京信息工程大学,不是,不是,是,不是,教师教育学院,学科教学（英语）,13,全日制,390
南京信息工程大学,不是,不是,是,不是,教师教育学院,学科教学（英语）,3,非全日制,390
南京信息工程大学,不是,不是,是,不是,教师教育学院,学科教学（地理）,8,全日制,383
南京信息工程大学,不是,不是,是,不是,教师教育学院,现代教育技术,5,全日制,394
南京中医药大学,不是,不是,是,不是,国际教育学院,国际中文教育,14,全日制,341
南京中医药大学,不是,不是,是,不是,医学院,生理学,2,全日制,274
南京中医药大学,不是,不是,是,不是,医学院,细胞生物学,5,全日制,274
南京中医药大学,不是,不是,是,不是,医学院,生物化学与分子生物学,10,全日制,274
南京中医药大学,不是,不是,是,不是,马克思主义学院·医学人文学院,科学技术史,2,全日制,274
南京中医药大学,不是,不是,是,不是,国际教育学院,国际中文教育,14,全日制,341
南京中医药大学,不是,不是,是,不是,医学院,生理学,2,全日制,274
南京中医药大学,不是,不是,是,不是,医学院,细胞生物学,5,全日制,274
南京中医药大学,不是,不是,是,不是,医学院,生物化学与分子生物学,10,全日制,274
南京中医药大学,不是,不是,是,不是,马克思主义学院·医学人文学院,科学技术史,2,全日制,274
南京中医药大学,不是,不是,是,不是,医学院,人体解剖与组织胚胎学,2,全日制,293
南京中医药大学,不是,不是,是,不是,医学院,免疫学,3,全日制,293
南京中医药大学,不是,不是,是,不是,附属南京医院（南京市第二医院）,病原生物学,2,全日制,293
南京中医药大学,不是,不是,是,不是,医学院,病原生物学,4,全日制,293
南京中医药大学,不是,不是,是,不是,医学院,病理学与病理生理学,4,全日制,293
南京中医药大学,不是,不是,是,不是,第一临床医学院、附属医院（江苏省中医院）,病理学与病理生理学,1,全日制,293
南京中医药大学,不是,不是,是,不是,鼓楼临床医学院（南京鼓楼医院）,内科学,7,全日制,293
南京中医药大学,不是,不是,是,不是,附属南京医院（南京市第二医院）,内科学,3,全日制,293
南京中医药大学,不是,不是,是,不是,第一临床医学院、附属医院（江苏省中医院）,内科学,2,全日制,293
南京中医药大学,不是,不是,是,不是,金陵临床医学院（东部战区总医院）,内科学,2,全日制,293
南京中医药大学,不是,不是,是,不是,中西医结合临床医学院（常州市第一人民医院）,内科学,1,全日制,293
南京中医药大学,不是,不是,是,不是,南京临床医学院（南京市第一医院）,内科学,1,全日制,293
南京中医药大学,不是,不是,是,不是,鼓楼临床医学院（南京鼓楼医院）,老年医学,1,全日制,293
南京中医药大学,不是,不是,是,不是,鼓楼临床医学院（南京鼓楼医院）,神经病学,1,全日制,293
南京中医药大学,不是,不是,是,不是,南京临床医学院（南京市第一医院）,神经病学,1,全日制,293
南京中医药大学,不是,不是,是,不是,鼓楼临床医学院（南京鼓楼医院）,影像医学与核医学,2,全日制,293
南京中医药大学,不是,不是,是,不是,附属南京中医院（南京市中医院）,影像医学与核医学,3,全日制,293
南京中医药大学,不是,不是,是,不是,第一临床医学院、附属医院（江苏省中医院）,影像医学与核医学,10,全日制,293
南京中医药大学,不是,不是,是,不是,南京临床医学院（南京市第一医院）,影像医学与核医学,1,全日制,293
南京中医药大学,不是,不是,是,不是,鼓楼临床医学院（南京鼓楼医院）,临床检验诊断学,1,全日制,293
南京中医药大学,不是,不是,是,不是,附属南京医院（南京市第二医院）,临床检验诊断学,3,全日制,293
南京中医药大学,不是,不是,是,不是,南京临床医学院（南京市第一医院）,临床检验诊断学,1,全日制,293
南京中医药大学,不是,不是,是,不是,鼓楼临床医学院（南京鼓楼医院）,外科学,7,全日制,293
南京中医药大学,不是,不是,是,不是,第一临床医学院、附属医院（江苏省中医院）,外科学,4,全日制,293
南京中医药大学,不是,不是,是,不是,金陵临床医学院（东部战区总医院）,外科学,2,全日制,293
南京中医药大学,不是,不是,是,不是,南京临床医学院（南京市第一医院）,外科学,1,全日制,293
南京中医药大学,不是,不是,是,不是,鼓楼临床医学院（南京鼓楼医院）,妇产科学,1,全日制,293
南京中医药大学,不是,不是,是,不是,附属南京医院（南京市第二医院）,妇产科学,1,全日制,293
南京中医药大学,不是,不是,是,不是,鼓楼临床医学院（南京鼓楼医院）,眼科学,1,全日制,293
南京中医药大学,不是,不是,是,不是,鼓楼临床医学院（南京鼓楼医院）,耳鼻咽喉科学,1,全日制,293
南京中医药大学,不是,不是,是,不是,鼓楼临床医学院（南京鼓楼医院）,肿瘤学,2,全日制,293
南京中医药大学,不是,不是,是,不是,附属南京医院（南京市第二医院）,肿瘤学,3,全日制,293
南京中医药大学,不是,不是,是,不是,金陵临床医学院（东部战区总医院）,肿瘤学,1,全日制,293
南京中医药大学,不是,不是,是,不是,针灸推拿学院·养生康复学院,康复医学与理疗学,2,全日制,293
南京中医药大学,不是,不是,是,不是,鼓楼临床医学院（南京鼓楼医院）,运动医学,1,全日制,293
江苏科技大学,不是,不是,不是,是,经济管理学院,理论经济学,6,全日制,323
江苏科技大学,不是,不是,不是,是,经济管理学院,金融,7,全日制,323
江苏科技大学,不是,不是,不是,是,理学院,应用统计,5,全日制,323
江苏科技大学,不是,不是,不是,是,张家港校区,国际商务,6,全日制,323
江苏科技大学,不是,不是,不是,是,经济管理学院,理论经济学,6,全日制,323
江苏科技大学,不是,不是,不是,是,经济管理学院,金融,7,全日制,323
江苏科技大学,不是,不是,不是,是,理学院,应用统计,5,全日制,323
江苏科技大学,不是,不是,不是,是,张家港校区,国际商务,6,全日制,323
江苏科技大学,不是,不是,不是,是,张家港校区,国际商务,1,非全日制,323
江苏科技大学,不是,不是,不是,是,人文社科学院,保险,6,全日制,323
江苏科技大学,不是,不是,不是,是,经济管理学院,数字经济,7,全日制,323
江苏科技大学,不是,不是,不是,是,马克思主义学院,马克思主义理论,20,全日制,333
江苏科技大学,不是,不是,不是,是,外国语学院,英语语言文学,36,全日制,392
江苏科技大学,不是,不是,不是,是,外国语学院,俄语语言文学,4,全日制,351
江苏科技大学,不是,不是,不是,是,外国语学院,英语笔译,4,全日制,351
江苏科技大学,不是,不是,不是,是,外国语学院,英语笔译,2,非全日制,351
江苏科技大学,不是,不是,不是,是,外国语学院,俄语笔译,2,全日制,351
江苏科技大学,不是,不是,不是,是,理学院,物理学,21,全日制,274
江苏科技大学,不是,不是,不是,是,环境与化学工程学院,化学,25,全日制,274
江苏科技大学,不是,不是,不是,是,生物技术学院,生物学,26,全日制,274
江苏科技大学,不是,不是,不是,是,理学院,系统科学,2,全日制,274
江苏科技大学,不是,不是,不是,是,自动化学院,系统科学,8,全日制,274
江苏科技大学,不是,不是,不是,是,马克思主义学院,科学技术史,7,全日制,274
江苏师范大学,不是,不是,不是,是,马克思主义学院,哲学,18,全日制,321
江苏师范大学,不是,不是,不是,是,商学院,国民经济学,2,全日制,323
江苏师范大学,不是,不是,不是,是,商学院,区域经济学,2,全日制,323
江苏师范大学,不是,不是,不是,是,商学院,金融学,10,全日制,323
江苏师范大学,不是,不是,不是,是,商学院,产业经济学,2,全日制,323
江苏师范大学,不是,不是,不是,是,马克思主义学院,哲学,18,全日制,321
江苏师范大学,不是,不是,不是,是,商学院,国民经济学,2,全日制,323
江苏师范大学,不是,不是,不是,是,商学院,区域经济学,2,全日制,323
江苏师范大学,不是,不是,不是,是,商学院,金融学,10,全日制,323
江苏师范大学,不是,不是,不是,是,商学院,产业经济学,2,全日制,323
江苏师范大学,不是,不是,不是,是,商学院,金融,8,全日制,323
江苏师范大学,不是,不是,不是,是,数学与统计学院,应用统计,19,全日制,323
江苏师范大学,不是,不是,不是,是,法学院,法学,17,全日制,323
江苏师范大学,不是,不是,不是,是,马克思主义学院,马克思主义理论,25,全日制,323
江苏师范大学,不是,不是,不是,是,法学院,法律（非法学）,33,全日制,323
江苏师范大学,不是,不是,不是,是,法学院,法律（法学）,25,全日制,323
江苏师范大学,不是,不是,不是,是,公共管理与社会学院,社会工作,20,全日制,323
江苏师范大学,不是,不是,不是,是,教育科学学院（教师教育学院）,教育学原理,6,全日制,341
江苏师范大学,不是,不是,不是,是,教育科学学院（教师教育学院）,课程与教学论,6,全日制,341
江苏师范大学,不是,不是,不是,是,教育科学学院（教师教育学院）,教育史,2,全日制,341
江苏师范大学,不是,不是,不是,是,教育科学学院（教师教育学院）,学前教育学,4,全日制,341
江苏师范大学,不是,不是,不是,是,教育科学学院（教师教育学院）,高等教育学,9,全日制,341
江苏师范大学,不是,不是,不是,是,教育科学学院（教师教育学院）,职业技术教育学,5,全日制,341
江苏师范大学,不是,不是,不是,是,体育学院,体育学,9,全日制,304
江苏师范大学,不是,不是,不是,是,教育科学学院（教师教育学院）,教育管理,10,非全日制,341
江苏师范大学,不是,不是,不是,是,马克思主义学院,学科教学（思政）,58,全日制,352
江苏师范大学,不是,不是,不是,是,马克思主义学院,学科教学（思政）,14,非全日制,352
江苏师范大学,不是,不是,不是,是,文学院,学科教学（语文）,80,全日制,345
江苏师范大学,不是,不是,不是,是,文学院,学科教学（语文）,30,非全日制,345
江苏师范大学,不是,不是,不是,是,数学与统计学院,学科教学（数学）,54,全日制,350
江苏师范大学,不是,不是,不是,是,物理与电子工程学院,学科教学（物理）,28,全日制,341
江苏师范大学,不是,不是,不是,是,化学与材料科学学院,学科教学（化学）,19,全日制,341
江苏师范大学,不是,不是,不是,是,生命科学学院,学科教学（生物）,26,全日制,350
江苏师范大学,不是,不是,不是,是,生命科学学院,学科教学（生物）,7,非全日制,350
常州大学,不是,不是,不是,是,吴敬琏经济学院,应用经济学,10,全日制,323
常州大学,不是,不是,不是,是,吴敬琏经济学院,金融,16,全日制,323
常州大学,不是,不是,不是,是,计算机与人工智能学院,应用统计,19,全日制,323
常州大学,不是,不是,不是,是,吴敬琏经济学院,国际商务,10,全日制,353
常州大学,不是,不是,不是,是,史良法学院,法学,47,全日制,323
常州大学,不是,不是,不是,是,吴敬琏经济学院,应用经济学,10,全日制,323
常州大学,不是,不是,不是,是,吴敬琏经济学院,金融,16,全日制,323
常州大学,不是,不是,不是,是,计算机与人工智能学院,应用统计,19,全日制,323
常州大学,不是,不是,不是,是,吴敬琏经济学院,国际商务,10,全日制,353
常州大学,不是,不是,不是,是,史良法学院,法学,47,全日制,323
常州大学,不是,不是,不是,是,马克思主义学院,马克思主义理论,29,全日制,347
常州大学,不是,不是,不是,是,史良法学院,法律（非法学）,7,全日制,323
常州大学,不是,不是,不是,是,史良法学院,法律（法学）,16,全日制,323
常州大学,不是,不是,不是,是,瞿秋白政府管理学院,社会工作,29,全日制,323
常州大学,不是,不是,不是,是,瞿秋白政府管理学院,教育学,5,全日制,341
常州大学,不是,不是,不是,是,体育学院,体育,16,全日制,304
常州大学,不是,不是,不是,是,周有光文学院,国际中文教育,7,全日制,341
常州大学,不是,不是,不是,是,外国语学院,英语笔译,10,全日制,351
常州大学,不是,不是,不是,是,石油化工学院,化学,69,全日制,274
南通大学,不是,不是,不是,是,商学院,应用经济学,8,全日制,323
南通大学,不是,不是,不是,是,数学与统计学院,应用统计,5,全日制,323
南通大学,不是,不是,不是,是,马克思主义学院,马克思主义理论,30,全日制,334
南通大学,不是,不是,不是,是,商学院,社会工作,7,全日制,323
南通大学,不是,不是,不是,是,商学院,应用经济学,8,全日制,323
南通大学,不是,不是,不是,是,数学与统计学院,应用统计,5,全日制,323
南通大学,不是,不是,不是,是,马克思主义学院,马克思主义理论,30,全日制,334
南通大学,不是,不是,不是,是,商学院,社会工作,7,全日制,323
南通大学,不是,不是,不是,是,体育科学学院,体育学,17,全日制,304
南通大学,不是,不是,不是,是,教师教育学院,学科教学（思政）,7,全日制,341
南通大学,不是,不是,不是,是,教师教育学院,学科教学（语文）,27,全日制,341
南通大学,不是,不是,不是,是,教师教育学院,学科教学（数学）,12,全日制,341
南通大学,不是,不是,不是,是,教师教育学院,学科教学（物理）,6,全日制,341
南通大学,不是,不是,不是,是,教师教育学院,学科教学（化学）,5,全日制,341
南通大学,不是,不是,不是,是,教师教育学院,学科教学（生物）,9,全日制,341
南通大学,不是,不是,不是,是,教师教育学院,学科教学（英语）,22,全日制,384
南通大学,不是,不是,不是,是,教师教育学院,学科教学（历史）,7,全日制,341
南通大学,不是,不是,不是,是,教师教育学院,学科教学（地理）,10,全日制,341
南通大学,不是,不是,不是,是,艺术学院,学科教学（音乐）,3,全日制,341
南通大学,不是,不是,不是,是,艺术学院,学科教学（美术）,3,全日制,368
南通大学,不是,不是,不是,是,教育科学学院,现代教育技术,14,全日制,341
南通大学,不是,不是,不是,是,教育科学学院,小学教育,40,全日制,341
南通大学,不是,不是,不是,是,教育科学学院,学前教育,12,全日制,341
南通大学,不是,不是,不是,是,体育科学学院,体育,10,全日制,304
南通大学,不是,不是,不是,是,文学院,国际中文教育,5,全日制,341
南通大学,不是,不是,不是,是,教育科学学院,应用心理,10,全日制,341
南通大学,不是,不是,不是,是,文学院,中国语言文学,32,全日制,351
南通大学,不是,不是,不是,是,外国语学院,外国语言文学,13,全日制,351
南通大学,不是,不是,不是,是,外国语学院,英语笔译,12,全日制,351
南通大学,不是,不是,不是,是,历史文化学院,博物馆,5,全日制,336
南通大学,不是,不是,不是,是,数学与统计学院,数学,18,全日制,274
南通大学,不是,不是,不是,是,物理科学与技术学院,物理学,16,全日制,274
南京财经大学,不是,不是,不是,是,经济学院,理论经济学,31,全日制,323
南京财经大学,不是,不是,不是,是,公共管理学院,应用经济学,2,全日制,338
南京财经大学,不是,不是,不是,是,艺术设计学院,应用经济学,2,全日制,341
南京财经大学,不是,不是,不是,是,经济学院,应用经济学,4,全日制,342
南京财经大学,不是,不是,不是,是,国际经贸学院,应用经济学,32,全日制,325
南京财经大学,不是,不是,不是,是,经济学院,理论经济学,31,全日制,323
南京财经大学,不是,不是,不是,是,公共管理学院,应用经济学,2,全日制,338
南京财经大学,不是,不是,不是,是,艺术设计学院,应用经济学,2,全日制,341
南京财经大学,不是,不是,不是,是,经济学院,应用经济学,4,全日制,342
南京财经大学,不是,不是,不是,是,国际经贸学院,应用经济学,32,全日制,325
南京财经大学,不是,不是,不是,是,财政与税务学院,应用经济学,15,全日制,329
南京财经大学,不是,不是,不是,是,粮食和物资学院,应用经济学,13,全日制,323
南京财经大学,不是,不是,不是,是,江苏产业发展研究院,应用经济学,16,全日制,324
南京财经大学,不是,不是,不是,是,金融学院,金融学,22,全日制,324
南京财经大学,不是,不是,不是,是,金融学院,金融,79,全日制,346
苏州科技大学,不是,不是,不是,是,马克思主义学院,哲学,21,全日制,321
苏州科技大学,不是,不是,不是,是,商学院,金融,26,全日制,323
苏州科技大学,不是,不是,不是,是,数学科学学院,应用统计,11,全日制,323
苏州科技大学,不是,不是,不是,是,教育学院,心理学,10,全日制,341
苏州科技大学,不是,不是,不是,是,文学院,学科教学（语文）,21,全日制,349
苏州科技大学,不是,不是,不是,是,马克思主义学院,哲学,21,全日制,321
苏州科技大学,不是,不是,不是,是,商学院,金融,26,全日制,323
苏州科技大学,不是,不是,不是,是,数学科学学院,应用统计,11,全日制,323
苏州科技大学,不是,不是,不是,是,教育学院,心理学,10,全日制,341
苏州科技大学,不是,不是,不是,是,文学院,学科教学（语文）,21,全日制,349
苏州科技大学,不是,不是,不是,是,数学科学学院,学科教学（数学）,15,全日制,341
苏州科技大学,不是,不是,不是,是,外国语学院,学科教学（英语）,27,全日制,363
苏州科技大学,不是,不是,不是,是,教育学院,心理健康教育,24,全日制,351
苏州科技大学,不是,不是,不是,是,外国语学院,英语笔译,16,全日制,351
苏州科技大学,不是,不是,不是,是,社会发展与公共管理学院,中国史,16,全日制,336
南京审计大学,不是,不是,不是,是,经济学院,理论经济学,18,全日制,324
南京审计大学,不是,不是,不是,是,经济学院,应用经济学,36,全日制,326
南京审计大学,不是,不是,不是,是,金融学院,金融学,10,全日制,328
南京审计大学,不是,不是,不是,是,金融学院,金融,34,全日制,338
南京审计大学,不是,不是,不是,是,国际学院,金融,12,全日制,338
南京审计大学,不是,不是,不是,是,经济学院,理论经济学,18,全日制,324
南京审计大学,不是,不是,不是,是,经济学院,应用经济学,36,全日制,326
南京审计大学,不是,不是,不是,是,金融学院,金融学,10,全日制,328
南京审计大学,不是,不是,不是,是,金融学院,金融,34,全日制,338
南京审计大学,不是,不是,不是,是,国际学院,金融,12,全日制,338
徐州医科大学,不是,不是,不是,是,生命科学学院,动物学,4,全日制,308
徐州医科大学,不是,不是,不是,是,基础医学院,生理学,5,全日制,363
徐州医科大学,不是,不是,不是,是,基础医学院,微生物学,2,全日制,274
徐州医科大学,不是,不是,不是,是,生命科学学院,神经生物学,4,全日制,274
徐州医科大学,不是,不是,不是,是,生命科学学院,遗传学,8,全日制,274
徐州医科大学,不是,不是,不是,是,生命科学学院,动物学,4,全日制,308
徐州医科大学,不是,不是,不是,是,基础医学院,生理学,5,全日制,363
徐州医科大学,不是,不是,不是,是,基础医学院,微生物学,2,全日制,274
徐州医科大学,不是,不是,不是,是,生命科学学院,神经生物学,4,全日制,274
徐州医科大学,不是,不是,不是,是,生命科学学院,遗传学,8,全日制,274
徐州医科大学,不是,不是,不是,是,基础医学院,发育生物学,2,全日制,274
徐州医科大学,不是,不是,不是,是,生命科学学院,细胞生物学,4,全日制,328
徐州医科大学,不是,不是,不是,是,基础医学院,生物化学与分子生物学,11,全日制,281
徐州医科大学,不是,不是,不是,是,生命科学学院,生物物理学,2,全日制,274
徐州医科大学,不是,不是,不是,是,基础医学院,免疫学,1,全日制,401
徐州医科大学,不是,不是,不是,是,医学影像学院,生物医学工程,11,全日制,261
徐州医科大学,不是,不是,不是,是,医学影像学院,生物医学工程,4,全日制,260
徐州医科大学,不是,不是,不是,是,医学信息与工程学院,生物医学工程,3,全日制,260
徐州医科大学,不是,不是,不是,是,药学院,生物技术与工程,5,全日制,288
徐州医科大学,不是,不是,不是,是,基础医学院,人体解剖与组织胚胎学,5,全日制,293
徐州医科大学,不是,不是,不是,是,基础医学院,免疫学,10,全日制,318
徐州医科大学,不是,不是,不是,是,基础医学院,病原生物学,14,全日制,313
徐州医科大学,不是,不是,不是,是,附属连云港医院,病原生物学,1,全日制,293
徐州医科大学,不是,不是,不是,是,基础医学院,病理学与病理生理学,7,全日制,293
徐州医科大学,不是,不是,不是,是,第一临床医学院,内科学,39,全日制,293
徐州医科大学,不是,不是,不是,是,附属淮安医院,内科学,3,全日制,293
徐州医科大学,不是,不是,不是,是,徐州临床学院,内科学,3,全日制,293
徐州医科大学,不是,不是,不是,是,第一临床医学院,儿科学,2,全日制,293
徐州医科大学,不是,不是,不是,是,第一临床医学院,老年医学,1,全日制,293
徐州医科大学,不是,不是,不是,是,第一临床医学院,神经病学,9,全日制,310
徐州医科大学,不是,不是,不是,是,第二附属医院,神经病学,1,全日制,293
徐州医科大学,不是,不是,不是,是,第一临床医学院,精神病与精神卫生学,1,全日制,293
徐州医科大学,不是,不是,不是,是,第一临床医学院,皮肤病与性病学,2,全日制,316
徐州医科大学,不是,不是,不是,是,医学影像学院,影像医学与核医学,8,全日制,301
徐州医科大学,不是,不是,不是,是,医学技术学院,临床检验诊断学,8,全日制,316
徐州医科大学,不是,不是,不是,是,第一临床医学院,外科学,36,全日制,296
徐州医科大学,不是,不是,不是,是,附属淮安医院,外科学,1,全日制,293
徐州医科大学,不是,不是,不是,是,盐城临床学院,外科学,2,全日制,293
徐州医科大学,不是,不是,不是,是,江阴临床学院,外科学,1,全日制,293
徐州医科大学,不是,不是,不是,是,徐州临床学院,外科学,2,全日制,293
徐州医科大学,不是,不是,不是,是,扬州临床学院,外科学,1,全日制,293
徐州医科大学,不是,不是,不是,是,第一临床医学院,妇产科学,1,全日制,293
徐州医科大学,不是,不是,不是,是,第一临床医学院,眼科学,1,全日制,293
徐州医科大学,不是,不是,不是,是,第一临床医学院,耳鼻咽喉科学,1,全日制,293
徐州医科大学,不是,不是,不是,是,第一临床医学院,肿瘤学,40,全日制,302
徐州医科大学,不是,不是,不是,是,徐州临床学院,肿瘤学,1,全日制,293
徐州医科大学,不是,不是,不是,是,第二临床医学院,康复医学与理疗学,2,全日制,325
徐州医科大学,不是,不是,不是,是,第一临床医学院,运动医学,2,全日制,293
徐州医科大学,不是,不是,不是,是,麻醉学院,麻醉学,60,全日制,296
徐州医科大学,不是,不是,不是,是,徐州临床学院,麻醉学,2,全日制,293
徐州医科大学,不是,不是,不是,是,第二临床医学院,急诊医学,5,全日制,317
徐州医科大学,不是,不是,不是,是,口腔医学院,口腔临床医学,5,全日制,311
南京工程学院,不是,不是,不是,是,马克思主义学院,社会工作,8,全日制,323
南京工程学院,不是,不是,不是,是,外国语学院,翻译,5,全日制,351
南京工程学院,不是,不是,不是,是,机械工程学院,机械工程,8,全日制,260
南京工程学院,不是,不是,不是,是,电力工程学院,电气工程,9,全日制,260
南京工程学院,不是,不是,不是,是,通信与人工智能学院,新一代电子信息技术（含量子技术等）,19,全日制,260
南京工程学院,不是,不是,不是,是,马克思主义学院,社会工作,8,全日制,323
南京工程学院,不是,不是,不是,是,外国语学院,翻译,5,全日制,351
南京工程学院,不是,不是,不是,是,机械工程学院,机械工程,8,全日制,260
南京工程学院,不是,不是,不是,是,电力工程学院,电气工程,9,全日制,260
南京工程学院,不是,不是,不是,是,通信与人工智能学院,新一代电子信息技术（含量子技术等）,19,全日制,260
盐城工学院,不是,不是,不是,是,经济管理学院,国际商务,10,全日制,323
盐城工学院,不是,不是,不是,是,人文社会科学学院,国际中文教育,6,全日制,341
盐城工学院,不是,不是,不是,是,经济管理学院,国际商务,10,全日制,323
盐城工学院,不是,不是,不是,是,人文社会科学学院,国际中文教育,6,全日制,341
淮安大学,不是,不是,不是,是,商学院,国际商务,6,全日制,323
淮安大学,不是,不是,不是,是,外国语学院,英语笔译,10,全日制,351
淮安大学,不是,不是,不是,是,电子信息工程学院,电子信息,45,全日制,260
淮安大学,不是,不是,不是,是,计算机与软件工程学院,电子信息,72,全日制,260
江苏理工学院,不是,不是,不是,是,数理学院,应用统计,24,全日制,323
江苏理工学院,不是,不是,不是,是,教育学院,教育学,6,全日制,341
江苏理工学院,不是,不是,不是,是,炎培学院,职业技术教育,47,全日制,341
江苏理工学院,不是,不是,不是,是,教育学院,应用心理,19,全日制,341
江苏理工学院,不是,不是,不是,是,外国语学院,翻译,19,全日制,351
淮阴师范学院,不是,不是,不是,是,数学与统计学院,应用统计,5,全日制,323
淮阴师范学院,不是,不是,不是,是,商学院,国际商务,5,全日制,323
淮阴师范学院,不是,不是,不是,是,商学院,资产评估,5,全日制,323
淮阴师范学院,不是,不是,不是,是,马克思主义学院,中共党史党建学,6,全日制,323
淮阴师范学院,不是,不是,不是,是,法学院,法律（非法学）,3,全日制,323
淮阴师范学院,不是,不是,不是,是,数学与统计学院,应用统计,5,全日制,323
淮阴师范学院,不是,不是,不是,是,商学院,国际商务,5,全日制,323
淮阴师范学院,不是,不是,不是,是,商学院,资产评估,5,全日制,323
淮阴师范学院,不是,不是,不是,是,马克思主义学院,中共党史党建学,6,全日制,323
淮阴师范学院,不是,不是,不是,是,法学院,法律（非法学）,3,全日制,323
江苏海洋大学,不是,不是,不是,是,商学院,国际商务,25,全日制,323
江苏海洋大学,不是,不是,不是,是,商学院,资产评估,15,全日制,323
江苏海洋大学,不是,不是,不是,是,商学院,数字经济,15,全日制,323
江苏海洋大学,不是,不是,不是,是,外国语学院,国际中文教育,14,全日制,341
江苏海洋大学,不是,不是,不是,是,文法学院,中国语言文学,15,全日制,351
江苏海洋大学,不是,不是,不是,是,商学院,国际商务,25,全日制,323
江苏海洋大学,不是,不是,不是,是,商学院,资产评估,15,全日制,323
江苏海洋大学,不是,不是,不是,是,商学院,数字经济,15,全日制,323
江苏海洋大学,不是,不是,不是,是,外国语学院,国际中文教育,14,全日制,341
江苏海洋大学,不是,不是,不是,是,文法学院,中国语言文学,15,全日制,351
江苏海洋大学,不是,不是,不是,是,外国语学院,翻译,14,全日制,351
江苏海洋大学,不是,不是,不是,是,文法学院,新闻与传播,15,全日制,351
江苏海洋大学,不是,不是,不是,是,海洋科学与水产学院,海洋科学,20,全日制,274
江苏海洋大学,不是,不是,不是,是,海洋技术与测绘学院,气象,15,全日制,274
江苏海洋大学,不是,不是,不是,是,机械工程学院,机械工程,15,全日制,260
金陵科技学院,不是,不是,不是,是,商学院,金融,14,全日制,323
金陵科技学院,不是,不是,不是,是,软件工程学院,电子信息,63,全日制,260
金陵科技学院,不是,不是,不是,是,机电工程学院,机械,5,全日制,260
金陵科技学院,不是,不是,不是,是,材料工程学院,材料与化工,5,全日制,260
金陵科技学院,不是,不是,不是,是,建筑工程学院,土木水利,16,全日制,260
南京体育学院,不是,不是,不是,是,不区分院系,体育人文社会学,6,全日制,304
南京体育学院,不是,不是,不是,是,不区分院系,运动人体科学,13,全日制,304
南京体育学院,不是,不是,不是,是,不区分院系,体育教育训练学,17,全日制,304
南京体育学院,不是,不是,不是,是,不区分院系,民族传统体育学,4,全日制,304
南京体育学院,不是,不是,不是,是,不区分院系,学科教学（体育）,10,全日制,341
江苏警官学院,不是,不是,不是,是,法律系,法律（法学）,10,全日制,323
江苏警官学院,不是,不是,不是,是,不区分院系,警务,47,全日制,323
陆军工程大学,不是,不是,不是,是,基础部,数学,3,全日制,274
陆军工程大学,不是,不是,不是,是,野战工程学院,机械工程,4,全日制,260
陆军工程大学,不是,不是,不是,是,石家庄校区,机械工程,2,全日制,260
陆军工程大学,不是,不是,不是,是,基础部,光学工程,1,全日制,260
陆军工程大学,不是,不是,不是,是,石家庄校区,光学工程,3,全日制,260
陆军工程大学,不是,不是,不是,是,基础部,数学,3,全日制,274
陆军工程大学,不是,不是,不是,是,野战工程学院,机械工程,4,全日制,260
陆军工程大学,不是,不是,不是,是,石家庄校区,机械工程,2,全日制,260
陆军工程大学,不是,不是,不是,是,基础部,光学工程,1,全日制,260
陆军工程大学,不是,不是,不是,是,石家庄校区,光学工程,3,全日制,260
陆军工程大学,不是,不是,不是,是,石家庄校区,仪器科学与技术,3,全日制,260
陆军工程大学,不是,不是,不是,是,国防工程学院,电气工程,3,全日制,260
陆军工程大学,不是,不是,不是,是,通信工程学院,电子科学与技术,3,全日制,260
陆军工程大学,不是,不是,不是,是,野战工程学院,电子科学与技术,1,全日制,260
陆军工程大学,不是,不是,不是,是,通信工程学院,信息与通信工程,6,全日制,260
陆军工程大学,不是,不是,不是,是,石家庄校区,信息与通信工程,2,全日制,260
陆军工程大学,不是,不是,不是,是,石家庄校区,控制科学与工程,6,全日制,260
陆军工程大学,不是,不是,不是,是,指挥控制工程学院,计算机科学与技术,4,全日制,260
陆军工程大学,不是,不是,不是,是,石家庄校区,计算机科学与技术,1,全日制,260
陆军工程大学,不是,不是,不是,是,野战工程学院,土木工程,1,全日制,260
南京艺术学院,不是,不是,不是,是,文化产业学院,艺术学,21,全日制,351
南京艺术学院,不是,不是,不是,是,音乐学院,艺术学,20,全日制,351
南京艺术学院,不是,不是,不是,是,舞蹈学院,艺术学,8,全日制,351
南京艺术学院,不是,不是,不是,是,传媒学院,艺术学,13,全日制,351
南京艺术学院,不是,不是,不是,是,设计学院,艺术学,6,全日制,351
南京艺术学院,不是,不是,不是,是,文化产业学院,艺术学,21,全日制,351
南京艺术学院,不是,不是,不是,是,音乐学院,艺术学,20,全日制,351
南京艺术学院,不是,不是,不是,是,舞蹈学院,艺术学,8,全日制,351
南京艺术学院,不是,不是,不是,是,传媒学院,艺术学,13,全日制,351
南京艺术学院,不是,不是,不是,是,设计学院,艺术学,6,全日制,351
南京艺术学院,不是,不是,不是,是,马克思主义学院,艺术学,2,全日制,351
南京艺术学院,不是,不是,不是,是,戏剧与影视学院,艺术学,10,全日制,351
南京艺术学院,不是,不是,不是,是,数字艺术学院,艺术学,3,全日制,351
南京艺术学院,不是,不是,不是,是,现代音乐与科技学院,艺术学,6,全日制,351
南京艺术学院,不是,不是,不是,是,美术与书法学院,艺术学,21,全日制,351
中共江苏省委党校,不是,不是,不是,不是,哲学教研部,马克思主义哲学,4,全日制,321
中共江苏省委党校,不是,不是,不是,不是,法政教研部,宪法学与行政法学,5,全日制,323
中共江苏省委党校,不是,不是,不是,不是,科学社会主义教研部,政治学,11,全日制,323
中共江苏省委党校,不是,不是,不是,不是,社会和文化教研部,社会学,7,全日制,323
中共江苏省委党校,不是,不是,不是,不是,马克思主义学院,马克思主义理论,10,全日制,323
国网电力科学研究院,不是,不是,不是,不是,不区分院系,电力系统及其自动化,17,全日制,289
国网电力科学研究院,不是,不是,不是,不是,不区分院系,高电压与绝缘技术,1,全日制,289
国网电力科学研究院,不是,不是,不是,不是,不区分院系,电力电子与电力传动,4,全日制,289
国网电力科学研究院,不是,不是,不是,不是,不区分院系,电工理论与新技术,3,全日制,289
江苏自动化研究所,不是,不是,不是,不是,不区分院系,控制理论与控制工程,2,全日制,325
江苏自动化研究所,不是,不是,不是,不是,不区分院系,检测技术与自动化装置,1,全日制,325
江苏自动化研究所,不是,不是,不是,不是,不区分院系,系统工程,2,全日制,325
中国航空研究院609研究所,不是,不是,不是,不是,不区分院系,人机与环境工程,6,全日制,251
中国科学院南京土壤研究所,不是,不是,不是,不是,不区分院系,地图学与地理信息系统,1,全日制,275
中国科学院南京土壤研究所,不是,不是,不是,不是,不区分院系,生态学,2,全日制,275
中国科学院南京土壤研究所,不是,不是,不是,不是,不区分院系,环境科学,3,全日制,275
中国科学院南京土壤研究所,不是,不是,不是,不是,不区分院系,环境工程,1,全日制,275
中国科学院南京土壤研究所,不是,不是,不是,不是,不区分院系,资源与环境,2,全日制,260
江苏省植物研究所,不是,不是,不是,不是,不区分院系,生物学,26,全日制,274
江苏省植物研究所,不是,不是,不是,不是,不区分院系,生物与医药,27,全日制,260
江苏省植物研究所,不是,不是,不是,不是,不区分院系,林业,13,全日制,245
南京水利科学研究院,不是,不是,不是,不是,材料结构研究所,材料科学与工程,4,全日制,260
南京水利科学研究院,不是,不是,不是,不是,大坝安全与管理研究所,岩土工程,1,全日制,260
南京水利科学研究院,不是,不是,不是,不是,岩土工程研究所,岩土工程,7,全日制,260
南京水利科学研究院,不是,不是,不是,不是,材料结构研究所,结构工程,2,全日制,260
南京水利科学研究院,不是,不是,不是,不是,水工水力学研究所,市政工程,1,全日制,260
南京水利科学研究院,不是,不是,不是,不是,材料结构研究所,材料科学与工程,4,全日制,260
南京水利科学研究院,不是,不是,不是,不是,大坝安全与管理研究所,岩土工程,1,全日制,260
南京水利科学研究院,不是,不是,不是,不是,岩土工程研究所,岩土工程,7,全日制,260
南京水利科学研究院,不是,不是,不是,不是,材料结构研究所,结构工程,2,全日制,260
南京水利科学研究院,不是,不是,不是,不是,水工水力学研究所,市政工程,1,全日制,260
中国科学院南京地理与湖泊研究所,不是,不是,不是,不是,不区分院系,自然地理学,2,全日制,290
中国科学院南京地理与湖泊研究所,不是,不是,不是,不是,不区分院系,人文地理学,1,全日制,290
中国科学院南京地理与湖泊研究所,不是,不是,不是,不是,不区分院系,地图学与地理信息系统,1,全日制,290
中国科学院南京地理与湖泊研究所,不是,不是,不是,不是,不区分院系,环境科学,1,全日制,274
中国科学院南京地理与湖泊研究所,不是,不是,不是,不是,不区分院系,资源与环境,1,全日制,260
中国船舶科学研究中心（即702所）,不是,不是,不是,不是,不区分院系,流体力学,3,全日制,251
中国船舶科学研究中心（即702所）,不是,不是,不是,不是,不区分院系,船舶与海洋结构物设计制造,4,全日制,251
中国船舶科学研究中心（即702所）,不是,不是,不是,不是,不区分院系,兵器发射理论与技术,1,全日制,251
中国科学院苏州生物医学工程技术研究所,不是,不是,不是,不是,不区分院系,生物学,20,全日制,310
中国科学院苏州生物医学工程技术研究所,不是,不是,不是,不是,不区分院系,光学工程,14,全日制,300
中国科学院苏州生物医学工程技术研究所,不是,不是,不是,不是,不区分院系,生物医学工程,9,全日制,300
中国科学院苏州生物医学工程技术研究所,不是,不是,不是,不是,不区分院系,电子信息,28,全日制,300
中国科学院苏州生物医学工程技术研究所,不是,不是,不是,不是,不区分院系,机械,10,全日制,300
中国科学院苏州纳米技术与纳米仿生研究所,不是,不是,不是,不是,不区分院系,化学,5,全日制,274
中国科学院苏州纳米技术与纳米仿生研究所,不是,不是,不是,不是,不区分院系,材料科学与工程,6,全日制,260
中国科学院苏州纳米技术与纳米仿生研究所,不是,不是,不是,不是,不区分院系,电子科学与技术,10,全日制,260
中国科学院苏州纳米技术与纳米仿生研究所,不是,不是,不是,不是,不区分院系,电子信息,15,全日制,260
中国科学院苏州纳米技术与纳米仿生研究所,不是,不是,不是,不是,不区分院系,材料与化工,80,全日制,260
中国科学院南京地质古生物研究所,不是,不是,不是,不是,不区分院系,矿物学、岩石学、矿床学,1,全日制,300
中国科学院南京地质古生物研究所,不是,不是,不是,不是,不区分院系,古生物学与地层学,4,全日制,300
中国科学院南京地质古生物研究所,不是,不是,不是,不是,不区分院系,地质工程,4,全日制,260
中国科学院南京地质古生物研究所,不是,不是,不是,不是,不区分院系,地球生物学,1,全日制,300
南京晓庄学院,不是,不是,不是,是,文学院,学科教学（语文）,7,全日制,341
南京晓庄学院,不是,不是,不是,是,教师教育学院,小学教育,10,全日制,341
南京晓庄学院,不是,不是,不是,是,幼儿师范学院,学前教育,7,全日制,341
南京晓庄学院,不是,不是,不是,是,电子工程学院,新一代电子信息技术（含量子技术等）,13,全日制,260
南京晓庄学院,不是,不是,不是,是,电子工程学院,控制工程,13,全日制,260
盐城师范学院,不是,不是,不是,是,马克思主义学院,学科教学（思政）,10,全日制,341
盐城师范学院,不是,不是,不是,是,文学院,学科教学（语文）,15,全日制,341
盐城师范学院,不是,不是,不是,是,数学与统计学院,学科教学（数学）,8,全日制,341
盐城师范学院,不是,不是,不是,是,教育科学学院,心理健康教育,11,全日制,341
中国科学院南京天文仪器研制中心,不是,不是,不是,不是,不区分院系,天文学,4,全日制,310
江苏省血吸虫病防治研究所,不是,不是,不是,不是,不区分院系,病原生物学,4,全日制,293
中国科学院南京天文光学技术研究所,不是,不是,不是,不是,不区分院系,天体物理,1,全日制,274
中国科学院南京天文光学技术研究所,不是,不是,不是,不是,不区分院系,光学工程,3,全日制,260
中国科学院南京天文光学技术研究所,不是,不是,不是,不是,不区分院系,精密仪器及机械,2,全日制,260
中国科学院南京天文光学技术研究所,不是,不是,不是,不是,不区分院系,电子信息,8,全日制,286
中国科学院南京天文光学技术研究所,不是,不是,不是,不是,不区分院系,天文技术与方法,2,全日制,274
常州工学院,不是,不是,不是,是,电气信息工程学院,新一代电子信息技术（含量子技术等）,17,全日制,260
常州工学院,不是,不是,不是,是,计算机信息工程学院,人工智能,18,全日制,260
常州工学院,不是,不是,不是,是,机械工程学院,机械工程,27,全日制,260
常州工学院,不是,不是,不是,是,汽车工程学院,车辆工程,10,全日制,260
常州工学院,不是,不是,不是,是,电气信息工程学院,电气工程,22,全日制,260
苏州工学院,不是,不是,不是,是,计算机科学与工程学院,计算机技术,29,全日制,260
苏州工学院,不是,不是,不是,是,电气与自动化工程学院,控制工程,35,全日制,260
苏州工学院,不是,不是,不是,是,电子信息工程学院,光电信息工程,28,全日制,260
苏州工学院,不是,不是,不是,是,生物与食品工程学院,生物技术与工程,17,全日制,260
苏州工学院,不是,不是,不是,是,纺织服装与设计学院,设计,29,全日制,351
浙江万里学院,不是,不是,不是,是,商学院,金融,15,全日制,323
浙江万里学院,不是,不是,不是,是,商学院,国际商务,19,全日制,323
浙江万里学院,不是,不是,不是,是,法学院,法律（非法学）,5,全日制,323
浙江万里学院,不是,不是,不是,是,法学院,法律（法学）,10,全日制,323
浙江万里学院,不是,不是,不是,是,法学院,法律（法学）,5,非全日制,323
浙江大学,是,是,是,不是,哲学学院,哲学,14,全日制,375
浙江大学,是,是,是,不是,传媒与国际文化学院,美学,2,全日制,375
浙江大学,是,是,是,不是,经济学院,理论经济学,12,全日制,370
浙江大学,是,是,是,不是,经济学院,金融,57,全日制,330
浙江大学,是,是,是,不是,经济学院,税务,15,全日制,365
浙江大学,是,是,是,不是,哲学学院,哲学,14,全日制,375
浙江大学,是,是,是,不是,传媒与国际文化学院,美学,2,全日制,375
浙江大学,是,是,是,不是,经济学院,理论经济学,12,全日制,370
浙江大学,是,是,是,不是,经济学院,金融,57,全日制,330
浙江大学,是,是,是,不是,经济学院,税务,15,全日制,365
浙江大学,是,是,是,不是,经济学院,国际商务,17,全日制,365
浙江大学,是,是,是,不是,经济学院,数字经济,26,全日制,335
浙江大学,是,是,是,不是,光华法学院,法学,9,全日制,335
浙江大学,是,是,是,不是,光华法学院,法学,0,全日制,335
浙江大学,是,是,是,不是,光华法学院,法学,10,非全日制,335
浙江大学,是,是,是,不是,公共管理学院,社会学,7,全日制,335
浙江大学,是,是,是,不是,马克思主义学院,马克思主义理论,27,全日制,335
浙江大学,是,是,是,不是,马克思主义学院,马克思主义理论,0,全日制,335
浙江大学,是,是,是,不是,光华法学院,法律（非法学）,33,全日制,355
浙江大学,是,是,是,不是,光华法学院,法律（非法学）,15,非全日制,355
浙江大学,是,是,是,不是,光华法学院,法律（法学）,5,全日制,355
浙江大学,是,是,是,不是,光华法学院,法律（法学）,15,非全日制,355
浙江大学,是,是,是,不是,公共管理学院,社会工作,15,全日制,323
浙江大学,是,是,是,不是,公共管理学院,社会工作,30,非全日制,323
浙江大学,是,是,是,不是,教育学院,教育学,8,全日制,341
浙江大学,是,是,是,不是,教育学院,体育学,4,全日制,341
浙江大学,是,是,是,不是,教育学院,教育管理,40,非全日制,341
浙江大学,是,是,是,不是,教育学院,学科教学（语文）,12,非全日制,341
浙江大学,是,是,是,不是,教育学院,现代教育技术,8,非全日制,341
浙江大学,是,是,是,不是,教育学院,科学与技术教育,13,全日制,341
浙江大学,是,是,是,不是,心理与行为科学系,应用心理,9,全日制,370
浙江大学,是,是,是,不是,心理与行为科学系,应用心理,0,全日制,370
浙江大学,是,是,是,不是,心理与行为科学系,应用心理,30,非全日制,370
浙江大学,是,是,是,不是,文学院,中国语言文学,15,全日制,351
浙江大学,是,是,是,不是,外国语学院,英语语言文学,5,全日制,351
浙江大学,是,是,是,不是,外国语学院,俄语语言文学,2,全日制,351
浙江大学,是,是,是,不是,外国语学院,德语语言文学,2,全日制,351
浙江大学,是,是,是,不是,外国语学院,日语语言文学,1,全日制,351
浙江大学,是,是,是,不是,外国语学院,外国语言学及应用语言学,8,全日制,351
浙江大学,是,是,是,不是,传媒与国际文化学院,新闻学,1,全日制,351
浙江大学,是,是,是,不是,传媒与国际文化学院,传播学,1,全日制,351
浙江大学,是,是,是,不是,传媒与国际文化学院,新闻与传播,10,全日制,370
浙江大学,是,是,是,不是,历史学院,中国史,7,全日制,345
浙江大学,是,是,是,不是,历史学院,世界史,4,全日制,345
浙江大学,是,是,是,不是,艺术与考古学院,博物馆,7,全日制,340
浙江大学,是,是,是,不是,数学科学学院,数学,15,全日制,305
浙江大学,是,是,是,不是,物理学院,物理学,8,全日制,305
浙江大学,是,是,是,不是,化学系,化学,15,全日制,305
浙江大学,是,是,是,不是,高分子科学与工程学系,高分子化学与物理,4,全日制,305
浙江大学,是,是,是,不是,地球科学学院,矿物学、岩石学、矿床学,1,全日制,305
浙江工业大学,不是,不是,不是,是,马克思主义学院,科学技术哲学,3,全日制,321
浙江工业大学,不是,不是,不是,是,经济学院,应用经济学,46,全日制,323
浙江工业大学,不是,不是,不是,是,经济学院,金融,16,全日制,349
浙江工业大学,不是,不是,不是,是,经济学院,国际商务,14,全日制,352
浙江工业大学,不是,不是,不是,是,经济学院,数字经济,12,全日制,323
浙江工业大学,不是,不是,不是,是,马克思主义学院,科学技术哲学,3,全日制,321
浙江工业大学,不是,不是,不是,是,经济学院,应用经济学,46,全日制,323
浙江工业大学,不是,不是,不是,是,经济学院,金融,16,全日制,349
浙江工业大学,不是,不是,不是,是,经济学院,国际商务,14,全日制,352
浙江工业大学,不是,不是,不是,是,经济学院,数字经济,12,全日制,323
浙江工业大学,不是,不是,不是,是,法学院,法学,22,全日制,323
浙江工业大学,不是,不是,不是,是,马克思主义学院,马克思主义理论,29,全日制,323
浙江工业大学,不是,不是,不是,是,法学院,法律（非法学）,6,全日制,323
浙江工业大学,不是,不是,不是,是,法学院,法律（法学）,15,全日制,323
浙江工业大学,不是,不是,不是,是,教育学院（职业技术教育学院）,教育学,18,全日制,341
浙江工业大学,不是,不是,不是,是,教育学院（职业技术教育学院）,心理学,8,全日制,341
浙江工业大学,不是,不是,不是,是,教育学院（职业技术教育学院）,教育管理,7,非全日制,341
浙江工业大学,不是,不是,不是,是,教育学院（职业技术教育学院）,现代教育技术,8,全日制,341
浙江工业大学,不是,不是,不是,是,教育学院（职业技术教育学院）,职业技术教育,12,全日制,341
浙江工业大学,不是,不是,不是,是,人文学院,国际中文教育,20,全日制,341
浙江工业大学,不是,不是,不是,是,教育学院（职业技术教育学院）,应用心理,20,全日制,341
浙江工业大学,不是,不是,不是,是,教育学院（职业技术教育学院）,应用心理,8,非全日制,341
浙江工业大学,不是,不是,不是,是,人文学院,中国语言文学,21,全日制,351
浙江工业大学,不是,不是,不是,是,外国语学院,外国语言文学,10,全日制,351
浙江工业大学,不是,不是,不是,是,人文学院,新闻传播学,11,全日制,351
宁波大学,不是,不是,是,不是,商学院,应用经济学,32,全日制,323
宁波大学,不是,不是,是,不是,商学院,金融,35,全日制,323
宁波大学,不是,不是,是,不是,数学与统计学院,金融,10,全日制,323
宁波大学,不是,不是,是,不是,商学院,国际商务,35,全日制,323
宁波大学,不是,不是,是,不是,商学院,数字经济,25,全日制,323
宁波大学,不是,不是,是,不是,商学院,应用经济学,32,全日制,323
宁波大学,不是,不是,是,不是,商学院,金融,35,全日制,323
宁波大学,不是,不是,是,不是,数学与统计学院,金融,10,全日制,323
宁波大学,不是,不是,是,不是,商学院,国际商务,35,全日制,323
宁波大学,不是,不是,是,不是,商学院,数字经济,25,全日制,323
宁波大学,不是,不是,是,不是,法学院,法学,37,全日制,323
宁波大学,不是,不是,是,不是,马克思主义学院,马克思主义理论,50,全日制,323
宁波大学,不是,不是,是,不是,法学院,法律（非法学）,40,全日制,323
宁波大学,不是,不是,是,不是,法学院,法律（非法学）,18,非全日制,323
宁波大学,不是,不是,是,不是,法学院,法律（法学）,45,全日制,323
宁波大学,不是,不是,是,不是,法学院,法律（法学）,10,非全日制,323
宁波大学,不是,不是,是,不是,教师教育学院,教育学原理,6,全日制,341
宁波大学,不是,不是,是,不是,教师教育学院,课程与教学论,6,全日制,341
宁波大学,不是,不是,是,不是,教师教育学院,学前教育学,2,全日制,341
宁波大学,不是,不是,是,不是,教师教育学院,高等教育学,7,全日制,341
宁波大学,不是,不是,是,不是,教师教育学院,成人教育学,2,全日制,341
宁波大学,不是,不是,是,不是,教师教育学院,心理学,10,全日制,341
宁波大学,不是,不是,是,不是,体育学院,体育学,27,全日制,304
宁波大学,不是,不是,是,不是,教师教育学院,教育管理,12,全日制,341
宁波大学,不是,不是,是,不是,教师教育学院,学科教学（语文）,14,全日制,341
宁波大学,不是,不是,是,不是,教师教育学院,学科教学（数学）,8,全日制,341
宁波大学,不是,不是,是,不是,物理科学与技术学院,学科教学（物理）,15,全日制,341
宁波大学,不是,不是,是,不是,教师教育学院,学科教学（化学）,8,全日制,341
宁波大学,不是,不是,是,不是,教师教育学院,学科教学（英语）,12,全日制,341
宁波大学,不是,不是,是,不是,土木工程与地理环境学院,学科教学（地理）,17,全日制,341
宁波大学,不是,不是,是,不是,教师教育学院,现代教育技术,10,全日制,341
宁波大学,不是,不是,是,不是,教师教育学院,小学教育,24,全日制,341
宁波大学,不是,不是,是,不是,教师教育学院,心理健康教育,12,全日制,341
宁波大学,不是,不是,是,不是,教师教育学院,学前教育,22,全日制,341
宁波大学,不是,不是,是,不是,体育学院,体育,78,全日制,304
浙江师范大学,不是,不是,不是,是,马克思主义学院,哲学,9,全日制,321
浙江师范大学,不是,不是,不是,是,经济与管理学院,应用经济学,15,全日制,323
浙江师范大学,不是,不是,不是,是,经济与管理学院,国际商务,15,全日制,323
浙江师范大学,不是,不是,不是,是,法学院,法学,14,全日制,323
浙江师范大学,不是,不是,不是,是,非洲研究院（非洲区域国别学院）,政治学,10,全日制,323
浙江师范大学,不是,不是,不是,是,马克思主义学院,哲学,9,全日制,321
浙江师范大学,不是,不是,不是,是,经济与管理学院,应用经济学,15,全日制,323
浙江师范大学,不是,不是,不是,是,经济与管理学院,国际商务,15,全日制,323
浙江师范大学,不是,不是,不是,是,法学院,法学,14,全日制,323
浙江师范大学,不是,不是,不是,是,非洲研究院（非洲区域国别学院）,政治学,10,全日制,323
浙江师范大学,不是,不是,不是,是,国际文化与社会发展学院,社会学,17,全日制,333
浙江师范大学,不是,不是,不是,是,马克思主义学院,马克思主义理论,48,全日制,323
浙江师范大学,不是,不是,不是,是,法学院,法律（非法学）,30,全日制,323
浙江师范大学,不是,不是,不是,是,法学院,法律（法学）,20,全日制,323
浙江师范大学,不是,不是,不是,是,国际文化与社会发展学院,社会工作,45,全日制,348
浙江师范大学,不是,不是,不是,是,教育学院,教育学原理,7,全日制,341
浙江师范大学,不是,不是,不是,是,教育学院,课程与教学论,14,全日制,341
浙江师范大学,不是,不是,不是,是,教育学院,教育史,2,全日制,341
浙江师范大学,不是,不是,不是,是,教育学院,比较教育学,12,全日制,341
浙江师范大学,不是,不是,不是,是,儿童发展与教育学院,学前教育学,24,全日制,341
浙江师范大学,不是,不是,不是,是,教育学院,高等教育学,8,全日制,341
浙江师范大学,不是,不是,不是,是,教育学院,成人教育学,2,全日制,341
浙江师范大学,不是,不是,不是,是,工学院,职业技术教育学,3,全日制,341
浙江师范大学,不是,不是,不是,是,儿童发展与教育学院,特殊教育学,8,全日制,341
浙江师范大学,不是,不是,不是,是,教育学院,教育技术学,31,全日制,341
浙江师范大学,不是,不是,不是,是,心理学院,心理学,65,全日制,341
浙江师范大学,不是,不是,不是,是,体育与健康科学学院,体育学,21,全日制,304
浙江师范大学,不是,不是,不是,是,教育学院,学科教学（思政）,29,全日制,341
浙江师范大学,不是,不是,不是,是,教育学院,学科教学（语文）,46,全日制,341
浙江师范大学,不是,不是,不是,是,教育学院,学科教学（语文）,2,非全日制,341
温州医科大学,不是,不是,不是,是,精神医学学院,应用心理,16,全日制,341
温州医科大学,不是,不是,不是,是,检验医学院（生命科学学院）,生物学,37,全日制,274
温州医科大学,不是,不是,不是,是,眼视光学院（生物医学工程学院）,生物医学工程,8,全日制,274
温州医科大学,不是,不是,不是,是,眼视光学院（生物医学工程学院）,生物医学工程,8,全日制,260
温州医科大学,不是,不是,不是,是,眼视光学院（生物医学工程学院）,生物医学工程,51,全日制,260
温州医科大学,不是,不是,不是,是,精神医学学院,应用心理,16,全日制,341
温州医科大学,不是,不是,不是,是,检验医学院（生命科学学院）,生物学,37,全日制,274
温州医科大学,不是,不是,不是,是,眼视光学院（生物医学工程学院）,生物医学工程,8,全日制,274
温州医科大学,不是,不是,不是,是,眼视光学院（生物医学工程学院）,生物医学工程,8,全日制,260
温州医科大学,不是,不是,不是,是,眼视光学院（生物医学工程学院）,生物医学工程,51,全日制,260
温州医科大学,不是,不是,不是,是,眼视光学院（生物医学工程学院）,生物医学工程,1,非全日制,260
温州医科大学,不是,不是,不是,是,研究生培养基地,生物医学工程,25,全日制,260
温州医科大学,不是,不是,不是,是,宁波院区,生物医学工程,10,全日制,260
温州医科大学,不是,不是,不是,是,基础医学院,生物与医药,36,全日制,260
温州医科大学,不是,不是,不是,是,第一临床医学院（信息与工程学院）,病理学与病理生理学,1,全日制,293
温州医科大学,不是,不是,不是,是,第二临床医学院,病理学与病理生理学,3,全日制,293
温州医科大学,不是,不是,不是,是,第一临床医学院（信息与工程学院）,内科学,28,全日制,293
温州医科大学,不是,不是,不是,是,第二临床医学院,内科学,10,全日制,293
温州医科大学,不是,不是,不是,是,台州医院,内科学,3,全日制,293
温州医科大学,不是,不是,不是,是,研究生培养基地,内科学,24,全日制,293
温州医科大学,不是,不是,不是,是,宁波院区,内科学,7,全日制,293
温州医科大学,不是,不是,不是,是,第一临床医学院（信息与工程学院）,儿科学,2,全日制,293
温州医科大学,不是,不是,不是,是,第二临床医学院,儿科学,20,全日制,293
温州医科大学,不是,不是,不是,是,第二临床医学院,老年医学,5,全日制,293
温州医科大学,不是,不是,不是,是,第一临床医学院（信息与工程学院）,神经病学,7,全日制,293
温州医科大学,不是,不是,不是,是,第二临床医学院,神经病学,3,全日制,293
温州医科大学,不是,不是,不是,是,研究生培养基地,神经病学,1,全日制,293
温州医科大学,不是,不是,不是,是,精神医学学院,精神病与精神卫生学,29,全日制,293
温州医科大学,不是,不是,不是,是,阿尔伯塔学院,精神病与精神卫生学,2,全日制,293
温州医科大学,不是,不是,不是,是,第一临床医学院（信息与工程学院）,皮肤病与性病学,1,全日制,293
温州医科大学,不是,不是,不是,是,第一临床医学院（信息与工程学院）,影像医学与核医学,4,全日制,293
温州医科大学,不是,不是,不是,是,第二临床医学院,影像医学与核医学,3,全日制,293
温州医科大学,不是,不是,不是,是,研究生培养基地,影像医学与核医学,8,全日制,293
温州医科大学,不是,不是,不是,是,检验医学院（生命科学学院）,临床检验诊断学,84,全日制,325
杭州电子科技大学,不是,不是,不是,是,经济学院,应用经济学,15,全日制,323
杭州电子科技大学,不是,不是,不是,是,经济学院,金融,15,全日制,323
杭州电子科技大学,不是,不是,不是,是,经济学院,金融,8,非全日制,323
杭州电子科技大学,不是,不是,不是,是,经济学院,应用统计,12,全日制,345
杭州电子科技大学,不是,不是,不是,是,会计学院,税务,6,全日制,323
杭州电子科技大学,不是,不是,不是,是,经济学院,应用经济学,15,全日制,323
杭州电子科技大学,不是,不是,不是,是,经济学院,金融,15,全日制,323
杭州电子科技大学,不是,不是,不是,是,经济学院,金融,8,非全日制,323
杭州电子科技大学,不是,不是,不是,是,经济学院,应用统计,12,全日制,345
杭州电子科技大学,不是,不是,不是,是,会计学院,税务,6,全日制,323
杭州电子科技大学,不是,不是,不是,是,经济学院,国际商务,10,全日制,325
杭州电子科技大学,不是,不是,不是,是,经济学院,统计学,15,全日制,323
杭州电子科技大学,不是,不是,不是,是,马克思主义学院,马克思主义理论,33,全日制,323
杭州电子科技大学,不是,不是,不是,是,法学院,法律（法学）,15,全日制,323
杭州电子科技大学,不是,不是,不是,是,法学院,国际中文教育,10,全日制,341
杭州电子科技大学,不是,不是,不是,是,外国语学院,外国语言文学,27,全日制,351
杭州电子科技大学,不是,不是,不是,是,外国语学院,翻译,4,全日制,351
杭州电子科技大学,不是,不是,不是,是,人文艺术与数字媒体学院,新闻与传播,9,全日制,351
杭州电子科技大学,不是,不是,不是,是,理学院,数学,52,全日制,274
杭州电子科技大学,不是,不是,不是,是,理学院,物理学,44,全日制,274
浙江理工大学,不是,不是,不是,是,经济管理学院,应用经济学,27,全日制,323
浙江理工大学,不是,不是,不是,是,经济管理学院,金融,24,全日制,323
浙江理工大学,不是,不是,不是,是,马克思主义学院,马克思主义理论,42,全日制,327
浙江理工大学,不是,不是,不是,是,经济管理学院,应用经济学,27,全日制,323
浙江理工大学,不是,不是,不是,是,经济管理学院,金融,24,全日制,323
浙江理工大学,不是,不是,不是,是,马克思主义学院,马克思主义理论,42,全日制,327
浙江理工大学,不是,不是,不是,是,理学院,心理学,23,全日制,341
浙江理工大学,不是,不是,不是,是,理学院,应用心理,26,全日制,341
浙江理工大学,不是,不是,不是,是,理学院,应用心理,15,非全日制,341
浙江理工大学,不是,不是,不是,是,外国语学院,外国语言文学,11,全日制,351
浙江理工大学,不是,不是,不是,是,外国语学院,英语笔译,37,全日制,380
浙江理工大学,不是,不是,不是,是,外国语学院,日语笔译,7,全日制,351
杭州师范大学,不是,不是,不是,是,马克思主义学院,马克思主义哲学,2,全日制,321
杭州师范大学,不是,不是,不是,是,经济学院,区域经济学,5,全日制,323
杭州师范大学,不是,不是,不是,是,经济学院,金融学,5,全日制,323
杭州师范大学,不是,不是,不是,是,马克思主义学院,马克思主义哲学,2,全日制,321
杭州师范大学,不是,不是,不是,是,经济学院,区域经济学,5,全日制,323
杭州师范大学,不是,不是,不是,是,经济学院,金融学,5,全日制,323
杭州师范大学,不是,不是,不是,是,经济学院,产业经济学,5,全日制,323
杭州师范大学,不是,不是,不是,是,经济学院,金融,25,全日制,323
杭州师范大学,不是,不是,不是,是,阿里巴巴商学院,国际商务,28,全日制,323
杭州师范大学,不是,不是,不是,是,沈钧儒法学院,法学,11,全日制,323
杭州师范大学,不是,不是,不是,是,马克思主义学院,马克思主义理论,18,全日制,323
杭州师范大学,不是,不是,不是,是,沈钧儒法学院,法律（非法学）,15,全日制,323
杭州师范大学,不是,不是,不是,是,沈钧儒法学院,法律（非法学）,19,非全日制,323
杭州师范大学,不是,不是,不是,是,沈钧儒法学院,法律（法学）,33,全日制,323
杭州师范大学,不是,不是,不是,是,沈钧儒法学院,法律（法学）,5,非全日制,323
杭州师范大学,不是,不是,不是,是,公共管理学院,社会工作,32,全日制,323
杭州师范大学,不是,不是,不是,是,公共管理学院,社会工作,12,非全日制,323
杭州师范大学,不是,不是,不是,是,经亨颐教育学院,教育学,51,全日制,341
杭州师范大学,不是,不是,不是,是,经亨颐教育学院,心理学,0,全日制,341
杭州师范大学,不是,不是,不是,是,基础医学院,心理学,4,全日制,341
杭州师范大学,不是,不是,不是,是,马克思主义学院,学科教学（思政）,32,全日制,341
杭州师范大学,不是,不是,不是,是,经亨颐教育学院,学科教学（语文）,18,全日制,341
杭州师范大学,不是,不是,不是,是,经亨颐教育学院,学科教学（数学）,12,全日制,354
杭州师范大学,不是,不是,不是,是,经亨颐教育学院,学科教学（数学）,10,非全日制,354
杭州师范大学,不是,不是,不是,是,物理学院,学科教学（物理）,45,全日制,341
杭州师范大学,不是,不是,不是,是,经亨颐教育学院,学科教学（化学）,4,全日制,341
温州大学,不是,不是,不是,是,商学院,应用经济学,24,全日制,323
温州大学,不是,不是,不是,是,商学院,金融,56,全日制,323
温州大学,不是,不是,不是,是,数理学院,应用统计,30,全日制,323
温州大学,不是,不是,不是,是,法学院,法学,22,全日制,323
温州大学,不是,不是,不是,是,马克思主义学院,马克思主义理论,25,全日制,323
温州大学,不是,不是,不是,是,商学院,应用经济学,24,全日制,323
温州大学,不是,不是,不是,是,商学院,金融,56,全日制,323
温州大学,不是,不是,不是,是,数理学院,应用统计,30,全日制,323
温州大学,不是,不是,不是,是,法学院,法学,22,全日制,323
温州大学,不是,不是,不是,是,马克思主义学院,马克思主义理论,25,全日制,323
温州大学,不是,不是,不是,是,法学院,法律（非法学）,19,全日制,323
温州大学,不是,不是,不是,是,法学院,法律（法学）,30,全日制,323
温州大学,不是,不是,不是,是,教育学院（教师教育学院）,教育学,30,全日制,341
温州大学,不是,不是,不是,是,体育与健康学院,体育学,17,全日制,304
温州大学,不是,不是,不是,是,马克思主义学院,学科教学（思政）,36,全日制,341
温州大学,不是,不是,不是,是,人文学院,学科教学（语文）,35,全日制,373
温州大学,不是,不是,不是,是,数理学院,学科教学（数学）,8,全日制,341
温州大学,不是,不是,不是,是,数理学院,学科教学（物理）,8,全日制,341
温州大学,不是,不是,不是,是,化学与材料工程学院,学科教学（化学）,7,全日制,341
温州大学,不是,不是,不是,是,生命与环境科学学院,学科教学（生物）,8,全日制,341
温州大学,不是,不是,不是,是,外国语学院,学科教学（英语）,24,全日制,366
温州大学,不是,不是,不是,是,人文学院,学科教学（历史）,32,全日制,341
温州大学,不是,不是,不是,是,音乐学院,学科教学（音乐）,3,全日制,341
温州大学,不是,不是,不是,是,体育与健康学院,学科教学（体育）,8,全日制,341
温州大学,不是,不是,不是,是,美术与设计学院,学科教学（美术）,6,全日制,341
浙江工商大学,不是,不是,不是,是,经济学院,理论经济学,15,全日制,323
浙江工商大学,不是,不是,不是,是,金融学院（浙商资产管理学院）,金融学,38,全日制,323
浙江工商大学,不是,不是,不是,是,统计与数学学院,数量经济学,6,全日制,323
浙江工商大学,不是,不是,不是,是,金融学院（浙商资产管理学院）,金融,61,全日制,345
浙江工商大学,不是,不是,不是,是,经济学院,理论经济学,15,全日制,323
浙江工商大学,不是,不是,不是,是,金融学院（浙商资产管理学院）,金融学,38,全日制,323
浙江工商大学,不是,不是,不是,是,统计与数学学院,数量经济学,6,全日制,323
浙江工商大学,不是,不是,不是,是,金融学院（浙商资产管理学院）,金融,61,全日制,345
浙江工商大学,不是,不是,不是,是,统计与数学学院,应用统计,105,全日制,323
浙江工商大学,不是,不是,不是,是,经济学院,国际商务,40,全日制,336
浙江工商大学,不是,不是,不是,是,金融学院（浙商资产管理学院）,保险,7,全日制,323
浙江工商大学,不是,不是,不是,是,经济学院,数字经济,9,全日制,323
浙江工商大学,不是,不是,不是,是,统计与数学学院,统计学,41,全日制,323
浙江工商大学,不是,不是,不是,是,法学院（知识产权学院）,法学理论,7,全日制,323
浙江工商大学,不是,不是,不是,是,法学院（知识产权学院）,宪法学与行政法学,9,全日制,323
浙江工商大学,不是,不是,不是,是,法学院（知识产权学院）,刑法学,6,全日制,323
浙江工商大学,不是,不是,不是,是,法学院（知识产权学院）,民商法学,7,全日制,333
浙江工商大学,不是,不是,不是,是,法学院（知识产权学院）,诉讼法学,3,全日制,323
浙江工商大学,不是,不是,不是,是,法学院（知识产权学院）,经济法学,6,全日制,323
浙江工商大学,不是,不是,不是,是,法学院（知识产权学院）,环境与资源保护法学,2,全日制,323
浙江工商大学,不是,不是,不是,是,法学院（知识产权学院）,国际法学,7,全日制,323
浙江工商大学,不是,不是,不是,是,马克思主义学院,马克思主义理论,57,全日制,336
浙江工商大学,不是,不是,不是,是,法学院（知识产权学院）,法律（非法学）,51,全日制,324
中国计量大学,不是,不是,不是,是,人文与外语学院,哲学,20,全日制,321
中国计量大学,不是,不是,不是,是,人文与外语学院,哲学,20,非全日制,321
中国计量大学,不是,不是,不是,是,经济与管理学院,金融,19,全日制,323
中国计量大学,不是,不是,不是,是,经济与管理学院,国际商务,42,全日制,323
中国计量大学,不是,不是,不是,是,法学院（知识产权学院）,法学,34,全日制,323
中国计量大学,不是,不是,不是,是,人文与外语学院,哲学,20,全日制,321
中国计量大学,不是,不是,不是,是,人文与外语学院,哲学,20,非全日制,321
中国计量大学,不是,不是,不是,是,经济与管理学院,金融,19,全日制,323
中国计量大学,不是,不是,不是,是,经济与管理学院,国际商务,42,全日制,323
中国计量大学,不是,不是,不是,是,法学院（知识产权学院）,法学,34,全日制,323
中国计量大学,不是,不是,不是,是,法学院（知识产权学院）,法学,34,非全日制,323
中国计量大学,不是,不是,不是,是,马克思主义学院,马克思主义理论,27,全日制,355
中国计量大学,不是,不是,不是,是,法学院（知识产权学院）,法律（非法学）,9,全日制,323
中国计量大学,不是,不是,不是,是,法学院（知识产权学院）,法律（法学）,20,全日制,323
中国计量大学,不是,不是,不是,是,法学院（知识产权学院）,知识产权,20,全日制,323
浙江农林大学,不是,不是,不是,是,经济管理学院,应用经济学,18,全日制,323
浙江农林大学,不是,不是,不是,是,经济管理学院,金融,22,全日制,323
浙江农林大学,不是,不是,不是,是,数学与计算机科学学院,应用统计,5,全日制,323
浙江农林大学,不是,不是,不是,是,经济管理学院,国际商务,19,全日制,323
浙江农林大学,不是,不是,不是,是,文法学院（外国语学院）,法学,18,全日制,326
浙江农林大学,不是,不是,不是,是,经济管理学院,应用经济学,18,全日制,323
浙江农林大学,不是,不是,不是,是,经济管理学院,金融,22,全日制,323
浙江农林大学,不是,不是,不是,是,数学与计算机科学学院,应用统计,5,全日制,323
浙江农林大学,不是,不是,不是,是,经济管理学院,国际商务,19,全日制,323
浙江农林大学,不是,不是,不是,是,文法学院（外国语学院）,法学,18,全日制,326
浙江农林大学,不是,不是,不是,是,马克思主义学院,马克思主义理论,14,全日制,323
浙江农林大学,不是,不是,不是,是,文法学院（外国语学院）,法律（非法学）,16,全日制,323
浙江农林大学,不是,不是,不是,是,文法学院（外国语学院）,法律（法学）,12,全日制,324
浙江农林大学,不是,不是,不是,是,文法学院（外国语学院）,国际中文教育,11,全日制,404
浙江农林大学,不是,不是,不是,是,化学与材料工程学院,化学,11,全日制,274
浙江农林大学,不是,不是,不是,是,食品与健康学院（现代粮食产业学院）,生物学,4,全日制,274
浙江农林大学,不是,不是,不是,是,林业与生物技术学院,生物学,61,全日制,274
浙江农林大学,不是,不是,不是,是,林业与生物技术学院,生态学,19,全日制,274
浙江农林大学,不是,不是,不是,是,光机电工程学院,光学工程,31,全日制,260
浙江农林大学,不是,不是,不是,是,数学与计算机科学学院,计算机科学与技术,8,全日制,260
浙江农林大学,不是,不是,不是,是,风景园林与建筑学院,建筑学,8,全日制,307
浙江农林大学,不是,不是,不是,是,化学与材料工程学院,林业工程,42,全日制,260
浙江中医药大学,不是,不是,不是,是,马克思主义学院,马克思主义理论,12,全日制,323
浙江中医药大学,不是,不是,不是,是,生命科学学院,生物与医药,21,全日制,260
浙江中医药大学,不是,不是,不是,是,医学院,基础医学,27,全日制,293
浙江中医药大学,不是,不是,不是,是,医学院,内科学,16,全日制,293
浙江中医药大学,不是,不是,不是,是,马克思主义学院,马克思主义理论,12,全日制,323
浙江中医药大学,不是,不是,不是,是,生命科学学院,生物与医药,21,全日制,260
浙江中医药大学,不是,不是,不是,是,医学院,基础医学,27,全日制,293
浙江中医药大学,不是,不是,不是,是,医学院,内科学,16,全日制,293
浙江中医药大学,不是,不是,不是,是,医学院,神经病学,2,全日制,293
浙江中医药大学,不是,不是,不是,是,医学院,影像医学与核医学,7,全日制,293
浙江中医药大学,不是,不是,不是,是,医学技术与信息工程学院,临床检验诊断学,2,全日制,293
浙江中医药大学,不是,不是,不是,是,医学院,临床检验诊断学,8,全日制,293
浙江中医药大学,不是,不是,不是,是,医学院,外科学,12,全日制,293
浙江中医药大学,不是,不是,不是,是,医学院,妇产科学,5,全日制,293
浙江中医药大学,不是,不是,不是,是,医学院,肿瘤学,6,全日制,293
浙江中医药大学,不是,不是,不是,是,医学院,康复医学与理疗学,2,全日制,293
浙江中医药大学,不是,不是,不是,是,医学院,麻醉学,6,全日制,293
浙江中医药大学,不是,不是,不是,是,医学院,急诊医学,1,全日制,293
浙江中医药大学,不是,不是,不是,是,公共卫生学院,公共卫生与预防医学,19,全日制,293
浙江中医药大学,不是,不是,不是,是,医学院,中医学,65,全日制,293
浙江中医药大学,不是,不是,不是,是,医学院,中医内科学,33,全日制,293
浙江中医药大学,不是,不是,不是,是,医学院,中医外科学,3,全日制,293
浙江中医药大学,不是,不是,不是,是,医学院,中医骨伤科学,20,全日制,293
浙江财经大学,不是,不是,不是,是,经济学院,理论经济学,23,全日制,323
浙江财经大学,不是,不是,不是,是,经济学院,国民经济学,2,全日制,323
浙江财经大学,不是,不是,不是,是,经济学院,区域经济学,14,全日制,333
浙江财经大学,不是,不是,不是,是,财政税务学院,财政学,38,全日制,333
浙江财经大学,不是,不是,不是,是,金融学院,金融学,44,全日制,323
浙江财经大学,不是,不是,不是,是,经济学院,理论经济学,23,全日制,323
浙江财经大学,不是,不是,不是,是,经济学院,国民经济学,2,全日制,323
浙江财经大学,不是,不是,不是,是,经济学院,区域经济学,14,全日制,333
浙江财经大学,不是,不是,不是,是,财政税务学院,财政学,38,全日制,333
浙江财经大学,不是,不是,不是,是,金融学院,金融学,44,全日制,323
浙江财经大学,不是,不是,不是,是,经济学院,产业经济学,27,全日制,323
浙江财经大学,不是,不是,不是,是,经济学院,国际贸易学,7,全日制,323
浙江财经大学,不是,不是,不是,是,经济学院,数量经济学,8,全日制,329
浙江财经大学,不是,不是,不是,是,金融学院,金融,152,全日制,326
浙江财经大学,不是,不是,不是,是,数据科学学院,应用统计,90,全日制,345
浙江财经大学,不是,不是,不是,是,财政税务学院,税务,111,全日制,349
浙江财经大学,不是,不是,不是,是,经济学院,国际商务,66,全日制,323
浙江财经大学,不是,不是,不是,是,金融学院,保险,8,全日制,323
浙江财经大学,不是,不是,不是,是,会计学院（MPAcc学院）,资产评估,14,全日制,323
浙江财经大学,不是,不是,不是,是,经济学院,数字经济,10,全日制,323
湖州师范大学,不是,不是,不是,是,理学院,应用统计,20,全日制,323
湖州师范大学,不是,不是,不是,是,经济管理学院,国际商务,32,全日制,323
湖州师范大学,不是,不是,不是,是,理学院,应用统计,20,全日制,323
湖州师范大学,不是,不是,不是,是,经济管理学院,国际商务,32,全日制,323
湖州师范大学,不是,不是,不是,是,马克思主义学院,学科教学（思政）,12,全日制,341
湖州师范大学,不是,不是,不是,是,理学院,学科教学（物理）,9,全日制,341
湖州师范大学,不是,不是,不是,是,人文学院,学科教学（历史）,12,全日制,341
嘉兴大学,不是,不是,不是,是,经济学院,金融,16,全日制,323
嘉兴大学,不是,不是,不是,是,数据科学学院,应用统计,19,全日制,323
嘉兴大学,不是,不是,不是,是,马克思主义学院,马克思主义理论,33,全日制,323
嘉兴大学,不是,不是,不是,是,经济学院,金融,16,全日制,323
嘉兴大学,不是,不是,不是,是,数据科学学院,应用统计,19,全日制,323
嘉兴大学,不是,不是,不是,是,马克思主义学院,马克思主义理论,33,全日制,323
浙江海洋大学,不是,不是,不是,是,信息工程学院,数学,13,全日制,274
浙江海洋大学,不是,不是,不是,是,海洋科学与技术学院,海洋科学,81,全日制,274
浙江海洋大学,不是,不是,不是,是,比萨海洋研究生学院,海洋生物学,30,全日制,274
浙江海洋大学,不是,不是,不是,是,海洋工程装备学院,机械工程,21,全日制,260
浙江海洋大学,不是,不是,不是,是,海洋工程装备学院,水利工程,19,全日制,251
浙江海洋大学,不是,不是,不是,是,信息工程学院,数学,13,全日制,274
浙江海洋大学,不是,不是,不是,是,海洋科学与技术学院,海洋科学,81,全日制,274
浙江海洋大学,不是,不是,不是,是,比萨海洋研究生学院,海洋生物学,30,全日制,274
浙江海洋大学,不是,不是,不是,是,海洋工程装备学院,机械工程,21,全日制,260
浙江海洋大学,不是,不是,不是,是,海洋工程装备学院,水利工程,19,全日制,251
浙江科技大学,不是,不是,不是,是,理学院,应用统计,29,全日制,323
浙江科技大学,不是,不是,不是,是,理学院,应用统计,29,全日制,323
浙大城市学院,不是,不是,不是,是,计算机与计算科学学院,应用统计,7,全日制,323
浙大城市学院,不是,不是,不是,是,商学院,国际商务,4,全日制,323
浙大城市学院,不是,不是,不是,是,计算机与计算科学学院,电子信息,34,全日制,260
浙大城市学院,不是,不是,不是,是,信息与电气工程学院,电子信息,6,全日制,260
浙大城市学院,不是,不是,不是,是,工程学院,机械,9,全日制,260
绍兴大学,不是,不是,不是,是,商学院（法学院）,国际商务,19,全日制,323
绍兴大学,不是,不是,不是,是,马克思主义学院,马克思主义理论,5,全日制,323
绍兴大学,不是,不是,不是,是,马克思主义学院,学科教学（思政）,17,全日制,341
绍兴大学,不是,不是,不是,是,鲁迅人文学院,学科教学（语文）,17,全日制,341
绍兴大学,不是,不是,不是,是,数理信息学院,学科教学（数学）,18,全日制,341
绍兴大学,不是,不是,不是,是,商学院（法学院）,国际商务,19,全日制,323
绍兴大学,不是,不是,不是,是,马克思主义学院,马克思主义理论,5,全日制,323
绍兴大学,不是,不是,不是,是,马克思主义学院,学科教学（思政）,17,全日制,341
绍兴大学,不是,不是,不是,是,鲁迅人文学院,学科教学（语文）,17,全日制,341
绍兴大学,不是,不是,不是,是,数理信息学院,学科教学（数学）,18,全日制,341
绍兴大学,不是,不是,不是,是,外国语学院,学科教学（英语）,6,全日制,341
绍兴大学,不是,不是,不是,是,外国语学院,学科教学（英语）,10,非全日制,341
绍兴大学,不是,不是,不是,是,鲁迅人文学院,国际中文教育,7,全日制,341
绍兴大学,不是,不是,不是,是,鲁迅人文学院,中国语言文学,47,全日制,351
宁波工程学院,不是,不是,不是,是,统计与数据科学学院,应用统计,23,全日制,323
宁波工程学院,不是,不是,不是,是,经济与管理学院,国际商务,23,全日制,323
宁波工程学院,不是,不是,不是,是,人文与艺术学院,新闻与传播,23,全日制,351
宁波工程学院,不是,不是,不是,是,机械与汽车工程学院,车辆工程,25,全日制,260
宁波工程学院,不是,不是,不是,是,材料与化学工程学院,材料工程,12,全日制,260
台州学院,不是,不是,不是,是,商学院（台州小微金融学院）,国际商务,10,全日制,323
台州学院,不是,不是,不是,是,教师教育（体育）学院,教育管理,3,非全日制,341
台州学院,不是,不是,不是,是,商学院（台州小微金融学院）,国际商务,10,全日制,323
台州学院,不是,不是,不是,是,教师教育（体育）学院,教育管理,3,非全日制,341
台州学院,不是,不是,不是,是,教师教育（体育）学院,学科教学（体育）,1,全日制,341
台州学院,不是,不是,不是,是,教师教育（体育）学院,小学教育,3,全日制,341
台州学院,不是,不是,不是,是,外国语学院,英语笔译,8,全日制,351
台州学院,不是,不是,不是,是,医药化工学院,化学,15,全日制,274
浙江传媒学院,不是,不是,不是,是,国际教育学院,国际中文教育,27,全日制,341
浙江传媒学院,不是,不是,不是,是,新闻与传播学院,新闻传播学,15,全日制,351
浙江传媒学院,不是,不是,不是,是,国际文化传播学院,翻译,20,全日制,351
浙江传媒学院,不是,不是,不是,是,播音主持艺术学院,新闻与传播,10,全日制,351
浙江传媒学院,不是,不是,不是,是,文化创意与管理学院,新闻与传播,29,全日制,361
浙江传媒学院,不是,不是,不是,是,国际教育学院,国际中文教育,27,全日制,341
浙江传媒学院,不是,不是,不是,是,新闻与传播学院,新闻传播学,15,全日制,351
浙江传媒学院,不是,不是,不是,是,国际文化传播学院,翻译,20,全日制,351
浙江传媒学院,不是,不是,不是,是,播音主持艺术学院,新闻与传播,10,全日制,351
浙江传媒学院,不是,不是,不是,是,文化创意与管理学院,新闻与传播,29,全日制,361
丽水学院,不是,不是,不是,是,教师教育学院,教育管理,3,全日制,341
丽水学院,不是,不是,不是,是,教师教育学院,小学教育,32,全日制,341
丽水学院,不是,不是,不是,是,教师教育学院,体育教学,5,全日制,304
丽水学院,不是,不是,不是,是,教师教育学院,运动训练,3,全日制,304
丽水学院,不是,不是,不是,是,工学院,机械工程,50,全日制,260
杭州医学院,不是,不是,不是,是,基础医学与法医学院,生物与医药,14,全日制,260
杭州医学院,不是,不是,不是,是,基础医学与法医学院,基础医学,106,全日制,293
杭州医学院,不是,不是,不是,是,公共卫生学院,公共卫生与预防医学,40,全日制,293
杭州医学院,不是,不是,不是,是,公共卫生学院,公共卫生,30,全日制,293
浙江警察学院,不是,不是,不是,是,不区分院系,警务,54,全日制,323
中国美术学院,不是,不是,是,不是,建筑艺术学院,建筑学,32,全日制,323
中国美术学院,不是,不是,是,不是,建筑艺术学院,风景园林,13,全日制,326
中国美术学院,不是,不是,是,不是,艺术人文学院,艺术学,54,全日制,351
中国美术学院,不是,不是,是,不是,艺术管理与教育学院,艺术学,18,全日制,361
中国美术学院,不是,不是,是,不是,绘画艺术学院,艺术学,13,全日制,353
中国美术学院,不是,不是,是,不是,建筑艺术学院,建筑学,32,全日制,323
中国美术学院,不是,不是,是,不是,建筑艺术学院,风景园林,13,全日制,326
中国美术学院,不是,不是,是,不是,艺术人文学院,艺术学,54,全日制,351
中国美术学院,不是,不是,是,不是,艺术管理与教育学院,艺术学,18,全日制,361
中国美术学院,不是,不是,是,不是,绘画艺术学院,艺术学,13,全日制,353
中国美术学院,不是,不是,是,不是,雕塑与公共艺术学院,艺术学,10,全日制,356
中国美术学院,不是,不是,是,不是,跨媒体艺术学院,艺术学,8,全日制,361
中国美术学院,不是,不是,是,不是,视觉中国协同创新中心,艺术学,16,全日制,352
中国美术学院,不是,不是,是,不是,电影学院,艺术学,7,全日制,356
中国美术学院,不是,不是,是,不是,动画与游戏学院,艺术学,5,全日制,368
中共浙江省委党校,不是,不是,不是,不是,不区分院系,哲学,7,全日制,321
中共浙江省委党校,不是,不是,不是,不是,不区分院系,理论经济学,6,全日制,323
中共浙江省委党校,不是,不是,不是,不是,不区分院系,政治学,8,全日制,323
中共浙江省委党校,不是,不是,不是,不是,不区分院系,马克思主义理论,12,全日制,323
中共浙江省委党校,不是,不是,不是,不是,不区分院系,中共党史党建学,10,全日制,323
自然资源部第二海洋研究所,不是,不是,不是,不是,卫星海洋环境动力学实验室,物理海洋学,11,全日制,274
自然资源部第二海洋研究所,不是,不是,不是,不是,海洋生态系统动力学实验室,海洋化学,8,全日制,274
自然资源部第二海洋研究所,不是,不是,不是,不是,海洋生态系统动力学实验室,海洋生物学,10,全日制,274
自然资源部第二海洋研究所,不是,不是,不是,不是,海岸带与海岛研究中心,海洋地质,3,全日制,274
自然资源部第二海洋研究所,不是,不是,不是,不是,海底科学实验室,海洋地质,11,全日制,274
衢州学院,不是,不是,不是,是,机械工程学院,机械,19,全日制,260
衢州学院,不是,不是,不是,是,化学与材料工程学院,材料与化工,19,全日制,260
浙江外国语学院,不是,不是,不是,是,教育学院,教育管理,5,全日制,341
浙江外国语学院,不是,不是,不是,是,英语语言文化学院,学科教学（英语）,9,全日制,341
浙江外国语学院,不是,不是,不是,是,教育学院,小学教育,6,全日制,341
浙江外国语学院,不是,不是,不是,是,英语语言文化学院,英语笔译,9,全日制,351
浙江外国语学院,不是,不是,不是,是,西方语言文化学院,俄语笔译,2,全日制,351
杭州应用声学研究所,不是,不是,不是,不是,不区分院系,光学工程,2,全日制,310
杭州应用声学研究所,不是,不是,不是,不是,不区分院系,水声工程,18,全日制,310
中国科学院宁波材料技术与工程研究所,不是,不是,不是,不是,不区分院系,生物医学工程,1,全日制,293
中国科学院宁波材料技术与工程研究所,不是,不是,不是,不是,不区分院系,机械,4,全日制,293
浙大宁波理工学院,不是,不是,不是,是,传媒与法学院,新闻与传播,13,全日制,351
浙大宁波理工学院,不是,不是,不是,是,机电与能源工程学院,机械,20,全日制,260
浙大宁波理工学院,不是,不是,不是,是,材料科学与工程学院,材料工程,10,全日制,260
浙大宁波理工学院,不是,不是,不是,是,生物与化学工程学院,化学工程,10,全日制,260
浙江音乐学院,不是,不是,不是,是,作曲与指挥系,艺术学,5,全日制,351
浙江音乐学院,不是,不是,不是,是,戏剧系,艺术学,2,全日制,351
浙江音乐学院,不是,不是,不是,是,舞蹈学院,艺术学,5,全日制,351
浙江音乐学院,不是,不是,不是,是,音乐学系,艺术学,21,全日制,351
浙江音乐学院,不是,不是,不是,是,音乐教育学院,艺术学,5,全日制,351
浙江音乐学院,不是,不是,不是,是,作曲与指挥系,艺术学,5,全日制,351
浙江音乐学院,不是,不是,不是,是,戏剧系,艺术学,2,全日制,351
浙江音乐学院,不是,不是,不是,是,舞蹈学院,艺术学,5,全日制,351
浙江音乐学院,不是,不是,不是,是,音乐学系,艺术学,21,全日制,351
浙江音乐学院,不是,不是,不是,是,音乐教育学院,艺术学,5,全日制,351
中国科学技术大学,是,是,是,不是,人文与社会科学学院,哲学,10,全日制,370
中国科学技术大学,是,是,是,不是,马克思主义学院,哲学,1,全日制,355
中国科学技术大学,是,是,是,不是,管理学院,金融,100,全日制,365
中国科学技术大学,是,是,是,不是,管理学院,应用统计,30,全日制,333
中国科学技术大学,是,是,是,不是,马克思主义学院,马克思主义理论,16,全日制,350
中国科学技术大学,是,是,是,不是,人文与社会科学学院,哲学,10,全日制,370
中国科学技术大学,是,是,是,不是,马克思主义学院,哲学,1,全日制,355
中国科学技术大学,是,是,是,不是,管理学院,金融,100,全日制,365
中国科学技术大学,是,是,是,不是,管理学院,应用统计,30,全日制,333
中国科学技术大学,是,是,是,不是,马克思主义学院,马克思主义理论,16,全日制,350
中国科学技术大学,是,是,是,不是,公共事务学院,知识产权,28,全日制,365
中国科学技术大学,是,是,是,不是,人文与社会科学学院,新闻与传播,53,全日制,360
中国科学技术大学,是,是,是,不是,数学科学学院,数学,100,全日制,330
中国科学技术大学,是,是,是,不是,物理学院,物理学,183,全日制,330
中国科学技术大学,是,是,是,不是,物理学院,物理学,2,全日制,330
中国科学技术大学,是,是,是,不是,国家同步辐射实验室,物理学,6,全日制,310
中国科学技术大学,是,是,是,不是,合肥微尺度物质科学国家研究中心,物理学,6,全日制,330
中国科学技术大学,是,是,是,不是,核科学技术学院,物理学,12,全日制,310
中国科学技术大学,是,是,是,不是,环境科学与光电技术学院,物理学,6,全日制,310
中国科学技术大学,是,是,是,不是,稀土学院（赣江创新院）,物理学,6,全日制,310
中国科学技术大学,是,是,是,不是,研究生院科学岛分院（合肥物质院）,物理学,65,全日制,310
中国科学技术大学,是,是,是,不是,精准智能化学全国重点实验室,物理学,6,全日制,310
中国科学技术大学,是,是,是,不是,化学与材料科学学院,化学,287,全日制,310
中国科学技术大学,是,是,是,不是,化学与材料科学学院,化学,5,全日制,310
中国科学技术大学,是,是,是,不是,国家同步辐射实验室,化学,5,全日制,310
中国科学技术大学,是,是,是,不是,合肥微尺度物质科学国家研究中心,化学,41,全日制,310
中国科学技术大学,是,是,是,不是,纳米技术与纳米仿生学院（苏州纳米所）,化学,5,全日制,310
中国科学技术大学,是,是,是,不是,应用化学与工程学院（长春应化所）,化学,140,全日制,310
中国科学技术大学,是,是,是,不是,稀土学院（赣江创新院）,化学,5,全日制,310
中国科学技术大学,是,是,是,不是,精准智能化学全国重点实验室,化学,18,全日制,310
中国科学技术大学,是,是,是,不是,物理学院,天文学,28,全日制,320
中国科学技术大学,是,是,是,不是,南京天文仪器研制中心,天文学,4,全日制,310
中国科学技术大学,是,是,是,不是,天文与空间科学学院（紫台）,天文学,50,全日制,310
中国科学技术大学,是,是,是,不是,地球和空间科学学院,大气科学,21,全日制,310
中国科学技术大学,是,是,是,不是,地球和空间科学学院,地球物理学,56,全日制,310
合肥工业大学,不是,是,是,不是,经济学院,理论经济学,18,全日制,334
合肥工业大学,不是,是,是,不是,经济学院,应用经济学,20,全日制,333
合肥工业大学,不是,是,是,不是,经济学院,金融,65,全日制,348
合肥工业大学,不是,是,是,不是,数学学院,应用统计,8,非全日制,323
合肥工业大学,不是,是,是,不是,经济学院,国际商务,10,全日制,323
合肥工业大学,不是,是,是,不是,经济学院,理论经济学,18,全日制,334
合肥工业大学,不是,是,是,不是,经济学院,应用经济学,20,全日制,333
合肥工业大学,不是,是,是,不是,经济学院,金融,65,全日制,348
合肥工业大学,不是,是,是,不是,数学学院,应用统计,8,非全日制,323
合肥工业大学,不是,是,是,不是,经济学院,国际商务,10,全日制,323
合肥工业大学,不是,是,是,不是,经济学院,国际商务,8,非全日制,323
合肥工业大学,不是,是,是,不是,文法学院,法学,10,全日制,323
合肥工业大学,不是,是,是,不是,马克思主义学院,马克思主义理论,67,全日制,329
合肥工业大学,不是,是,是,不是,文法学院,法律（非法学）,15,全日制,323
合肥工业大学,不是,是,是,不是,文法学院,法律（法学）,15,全日制,323
合肥工业大学,不是,是,是,不是,马克思主义学院,社会工作,10,非全日制,325
合肥工业大学,不是,是,是,不是,外国语学院,英语语言文学,10,全日制,377
合肥工业大学,不是,是,是,不是,外国语学院,外国语言学及应用语言学,10,全日制,368
合肥工业大学,不是,是,是,不是,外国语学院,英语笔译,24,全日制,354
合肥工业大学,不是,是,是,不是,外国语学院,英语笔译,10,非全日制,354
合肥工业大学,不是,是,是,不是,文法学院,新闻与传播,10,全日制,351
合肥工业大学,不是,是,是,不是,文法学院,新闻与传播,15,非全日制,351
合肥工业大学,不是,是,是,不是,数学学院,数学,75,全日制,308
合肥工业大学,不是,是,是,不是,物理学院,物理学,13,全日制,274
合肥工业大学,不是,是,是,不是,化学与化工学院,化学,19,全日制,323
合肥工业大学,不是,是,是,不是,资源与环境工程学院,地理学,16,全日制,316
合肥工业大学,不是,是,是,不是,资源与环境工程学院,地质学,30,全日制,301
合肥工业大学,不是,是,是,不是,食品与生物工程学院,生物学,25,全日制,334
合肥工业大学,不是,是,是,不是,土木与水利工程学院,力学,20,全日制,270
合肥工业大学,不是,是,是,不是,机械工程学院,机械制造及其自动化,40,全日制,304
合肥工业大学,不是,是,是,不是,机械工程学院,机械电子工程,40,全日制,295
合肥工业大学,不是,是,是,不是,机械工程学院,机械设计及理论,40,全日制,295
合肥工业大学,不是,是,是,不是,汽车与交通工程学院,车辆工程,30,全日制,304
合肥工业大学,不是,是,是,不是,物理学院,光学工程,15,全日制,260
合肥工业大学,不是,是,是,不是,仪器科学与光电工程学院,仪器科学与技术,65,全日制,260
合肥工业大学,不是,是,是,不是,化学与化工学院,材料学,18,全日制,260
合肥工业大学,不是,是,是,不是,汽车与交通工程学院,动力工程及工程热物理,15,全日制,251
合肥工业大学,不是,是,是,不是,机械工程学院,流体机械及工程,16,全日制,257
合肥工业大学,不是,是,是,不是,电气与自动化工程学院,电气工程,93,全日制,315
安徽大学,不是,是,是,不是,哲学学院,马克思主义哲学,4,全日制,321
安徽大学,不是,是,是,不是,哲学学院,中国哲学,4,全日制,321
安徽大学,不是,是,是,不是,哲学学院,外国哲学,5,全日制,321
安徽大学,不是,是,是,不是,哲学学院,逻辑学,2,全日制,321
安徽大学,不是,是,是,不是,哲学学院,伦理学,3,全日制,321
安徽大学,不是,是,是,不是,哲学学院,马克思主义哲学,4,全日制,321
安徽大学,不是,是,是,不是,哲学学院,中国哲学,4,全日制,321
安徽大学,不是,是,是,不是,哲学学院,外国哲学,5,全日制,321
安徽大学,不是,是,是,不是,哲学学院,逻辑学,2,全日制,321
安徽大学,不是,是,是,不是,哲学学院,伦理学,3,全日制,321
安徽大学,不是,是,是,不是,哲学学院,美学,2,全日制,321
安徽大学,不是,是,是,不是,哲学学院,宗教学,2,全日制,321
安徽大学,不是,是,是,不是,哲学学院,科学技术哲学,4,全日制,321
安徽大学,不是,是,是,不是,哲学学院,应用伦理,16,全日制,321
安徽大学,不是,是,是,不是,经济学院,政治经济学,5,全日制,323
安徽大学,不是,是,是,不是,经济学院,西方经济学,5,全日制,323
安徽大学,不是,是,是,不是,经济学院,世界经济,3,全日制,323
安徽大学,不是,是,是,不是,经济学院,国民经济学,2,全日制,323
安徽大学,不是,是,是,不是,经济学院,区域经济学,9,全日制,323
安徽大学,不是,是,是,不是,经济学院,财政学,8,全日制,323
安徽大学,不是,是,是,不是,经济学院,金融学,18,全日制,323
安徽大学,不是,是,是,不是,经济学院,产业经济学,23,全日制,323
安徽大学,不是,是,是,不是,经济学院,国际贸易学,10,全日制,323
安徽大学,不是,是,是,不是,经济学院,劳动经济学,2,全日制,323
安徽大学,不是,是,是,不是,经济学院,数量经济学,2,全日制,323
安徽大学,不是,是,是,不是,经济学院,金融,87,全日制,332
安徽大学,不是,是,是,不是,大数据与统计学院,应用统计,65,全日制,366
安徽大学,不是,是,是,不是,经济学院,税务,48,全日制,332
安徽大学,不是,是,是,不是,经济学院,国际商务,18,全日制,323
安徽大学,不是,是,是,不是,经济学院,数字经济,25,全日制,323
安徽大学,不是,是,是,不是,法学院,法学理论,2,全日制,364
安徽大学,不是,是,是,不是,法学院,法律史,2,全日制,364
安徽大学,不是,是,是,不是,法学院,宪法学与行政法学,16,全日制,364
安徽大学,不是,是,是,不是,法学院,刑法学,7,全日制,364
安徽大学,不是,是,是,不是,法学院,民商法学,19,全日制,364
安徽大学,不是,是,是,不是,法学院,诉讼法学,15,全日制,364
安徽大学,不是,是,是,不是,法学院,经济法学,12,全日制,364
安徽大学,不是,是,是,不是,法学院,环境与资源保护法学,6,全日制,364
安徽大学,不是,是,是,不是,法学院,国际法学,11,全日制,364
安徽大学,不是,是,是,不是,社会与政治学院,政治学,21,全日制,347
安徽大学,不是,是,是,不是,社会与政治学院,社会学,33,全日制,337
安徽大学,不是,是,是,不是,马克思主义学院,马克思主义理论,54,全日制,360
安徽大学,不是,是,是,不是,法学院,法律（非法学）,80,全日制,336
安徽大学,不是,是,是,不是,法学院,法律（法学）,36,全日制,323
安徽师范大学,不是,不是,不是,是,马克思主义学院,哲学,19,全日制,321
安徽师范大学,不是,不是,不是,是,经济管理学院,理论经济学,12,全日制,323
安徽师范大学,不是,不是,不是,是,经济管理学院,金融,33,全日制,323
安徽师范大学,不是,不是,不是,是,数学与统计学院,应用统计,45,全日制,323
安徽师范大学,不是,不是,不是,是,经济管理学院,数字经济,16,全日制,323
安徽师范大学,不是,不是,不是,是,马克思主义学院,哲学,19,全日制,321
安徽师范大学,不是,不是,不是,是,经济管理学院,理论经济学,12,全日制,323
安徽师范大学,不是,不是,不是,是,经济管理学院,金融,33,全日制,323
安徽师范大学,不是,不是,不是,是,数学与统计学院,应用统计,45,全日制,323
安徽师范大学,不是,不是,不是,是,经济管理学院,数字经济,16,全日制,323
安徽师范大学,不是,不是,不是,是,法学院,法学,24,全日制,323
安徽师范大学,不是,不是,不是,是,法学院,政治学,6,全日制,323
安徽师范大学,不是,不是,不是,是,法学院,社会学,6,全日制,323
安徽师范大学,不是,不是,不是,是,马克思主义学院,马克思主义理论,67,全日制,343
安徽师范大学,不是,不是,不是,是,法学院,法律（非法学）,42,全日制,323
安徽师范大学,不是,不是,不是,是,法学院,法律（法学）,30,全日制,323
安徽师范大学,不是,不是,不是,是,法学院,社会工作,25,全日制,323
安徽师范大学,不是,不是,不是,是,教育科学学院,教育学,26,全日制,341
安徽师范大学,不是,不是,不是,是,文学院,课程与教学论,4,全日制,341
安徽师范大学,不是,不是,不是,是,物理与电子信息学院,课程与教学论,3,全日制,341
安徽师范大学,不是,不是,不是,是,教育科学学院,学前教育学,7,全日制,341
安徽师范大学,不是,不是,不是,是,教育科学学院,高等教育学,5,全日制,341
安徽师范大学,不是,不是,不是,是,教育科学学院,教育技术学,8,全日制,341
安徽师范大学,不是,不是,不是,是,教育科学学院,心理学,24,全日制,341
安徽师范大学,不是,不是,不是,是,体育学院,体育学,34,全日制,304
安徽师范大学,不是,不是,不是,是,文学院,教育,15,非全日制,341
安徽师范大学,不是,不是,不是,是,历史学院,教育,3,非全日制,341
安徽师范大学,不是,不是,不是,是,外国语学院,教育,15,非全日制,341
安徽师范大学,不是,不是,不是,是,数学与统计学院,教育,4,非全日制,341
安徽师范大学,不是,不是,不是,是,物理与电子信息学院,教育,3,非全日制,341
安徽农业大学,不是,不是,不是,是,经济管理学院全日制,应用经济学,10,全日制,323
安徽农业大学,不是,不是,不是,是,经济管理学院全日制,金融,24,全日制,323
安徽农业大学,不是,不是,不是,是,信息与人工智能学院全日制,应用统计,8,全日制,323
安徽农业大学,不是,不是,不是,是,马克思主义学院全日制,马克思主义基本原理,11,全日制,345
安徽农业大学,不是,不是,不是,是,马克思主义学院全日制,马克思主义中国化研究,12,全日制,341
安徽农业大学,不是,不是,不是,是,经济管理学院全日制,应用经济学,10,全日制,323
安徽农业大学,不是,不是,不是,是,经济管理学院全日制,金融,24,全日制,323
安徽农业大学,不是,不是,不是,是,信息与人工智能学院全日制,应用统计,8,全日制,323
安徽农业大学,不是,不是,不是,是,马克思主义学院全日制,马克思主义基本原理,11,全日制,345
安徽农业大学,不是,不是,不是,是,马克思主义学院全日制,马克思主义中国化研究,12,全日制,341
安徽农业大学,不是,不是,不是,是,马克思主义学院全日制,思想政治教育,12,全日制,323
安徽农业大学,不是,不是,不是,是,人文社会科学学院全日制,社会工作,26,全日制,323
安徽农业大学,不是,不是,不是,是,人文社会科学学院全日制,应用心理,17,全日制,341
安徽农业大学,不是,不是,不是,是,人文社会科学学院全日制,中国语言文学,13,全日制,351
安徽农业大学,不是,不是,不是,是,外国语学院全日制,翻译,21,全日制,355
安徽农业大学,不是,不是,不是,是,外国语学院非全日制,翻译,5,非全日制,351
安徽农业大学,不是,不是,不是,是,材料与化学学院全日制,化学,22,全日制,274
安徽农业大学,不是,不是,不是,是,生命科学学院全日制,生物学,113,全日制,274
安徽农业大学,不是,不是,不是,是,资源与环境学院全日制,生态学,35,全日制,274
安徽农业大学,不是,不是,不是,是,工学院全日制,机械工程,25,全日制,260
安徽农业大学,不是,不是,不是,是,信息与人工智能学院全日制,计算机科学与技术,34,全日制,263
安徽农业大学,不是,不是,不是,是,材料与化学学院全日制,纺织科学与工程,11,全日制,260
安徽农业大学,不是,不是,不是,是,工学院全日制,农业机械化工程,16,全日制,251
安徽农业大学,不是,不是,不是,是,工学院全日制,农业水土工程,5,全日制,251
安徽农业大学,不是,不是,不是,是,工学院全日制,农业生物环境与能源工程,6,全日制,251
安徽农业大学,不是,不是,不是,是,工学院全日制,农业电气化与自动化,6,全日制,251
安徽农业大学,不是,不是,不是,是,材料与化学学院全日制,林业工程,31,全日制,260
安徽农业大学,不是,不是,不是,是,资源与环境学院全日制,环境科学与工程,30,全日制,260
安徽农业大学,不是,不是,不是,是,林学与园林学院全日制,城乡规划学,8,全日制,260
安徽农业大学,不是,不是,不是,是,工学院全日制,电子信息,15,全日制,260
安徽医科大学,不是,不是,不是,是,马克思主义学院,马克思主义基本原理,9,全日制,323
安徽医科大学,不是,不是,不是,是,马克思主义学院,马克思主义中国化研究,6,全日制,323
安徽医科大学,不是,不是,不是,是,马克思主义学院,思想政治教育,7,全日制,323
安徽医科大学,不是,不是,不是,是,马克思主义学院,中国近现代史基本问题研究,6,全日制,323
安徽医科大学,不是,不是,不是,是,马克思主义学院,马克思主义基本原理,9,全日制,323
安徽医科大学,不是,不是,不是,是,马克思主义学院,马克思主义中国化研究,6,全日制,323
安徽医科大学,不是,不是,不是,是,马克思主义学院,思想政治教育,7,全日制,323
安徽医科大学,不是,不是,不是,是,马克思主义学院,中国近现代史基本问题研究,6,全日制,323
安徽医科大学,不是,不是,不是,是,精神卫生与心理科学学院,基础心理学,6,全日制,341
安徽医科大学,不是,不是,不是,是,精神卫生与心理科学学院,发展与教育心理学,2,全日制,341
安徽医科大学,不是,不是,不是,是,精神卫生与心理科学学院,应用心理学,6,全日制,341
安徽医科大学,不是,不是,不是,是,精神卫生与心理科学学院,应用心理,2,全日制,341
安徽医科大学,不是,不是,不是,是,精神卫生与心理科学学院,应用心理,22,非全日制,341
安徽医科大学,不是,不是,不是,是,生命科学学院,微生物学,2,全日制,274
安徽医科大学,不是,不是,不是,是,基础医学院（一）,微生物学,4,全日制,274
安徽医科大学,不是,不是,不是,是,基础医学院（二）,微生物学,7,全日制,274
安徽医科大学,不是,不是,不是,是,生命科学学院,遗传学,10,全日制,274
安徽医科大学,不是,不是,不是,是,生命科学学院,细胞生物学,21,全日制,274
安徽医科大学,不是,不是,不是,是,生命科学学院,生物化学与分子生物学,21,全日制,274
安徽医科大学,不是,不是,不是,是,基础医学院（一）,生物化学与分子生物学,21,全日制,274
安徽医科大学,不是,不是,不是,是,基础医学院（二）,生物化学与分子生物学,10,全日制,274
安徽医科大学,不是,不是,不是,是,生物医学工程学院,生物医学工程,77,全日制,260
安徽医科大学,不是,不是,不是,是,生物医学工程学院,生物医学工程,2,非全日制,260
安徽医科大学,不是,不是,不是,是,基础医学院（一）,人体解剖与组织胚胎学,14,全日制,293
安徽医科大学,不是,不是,不是,是,基础医学院（一）,免疫学,15,全日制,293
安徽医科大学,不是,不是,不是,是,基础医学院（二）,免疫学,26,全日制,293
安徽医科大学,不是,不是,不是,是,基础医学院（一）,病原生物学,15,全日制,293
安徽医科大学,不是,不是,不是,是,基础医学院（一）,病理学与病理生理学,27,全日制,293
安徽医科大学,不是,不是,不是,是,基础医学院（二）,病理学与病理生理学,9,全日制,293
安徽医科大学,不是,不是,不是,是,基础医学院（一）,放射医学,6,全日制,293
安徽医科大学,不是,不是,不是,是,基础医学院（二）,放射医学,1,全日制,293
安徽医科大学,不是,不是,不是,是,第一临床医学院（第一附属医院）,内科学,28,全日制,293
安徽医科大学,不是,不是,不是,是,第二临床医学院（第二附属医院）,内科学,20,全日制,293
安徽医科大学,不是,不是,不是,是,第一临床医学院（第一附属医院）,儿科学,2,全日制,293
安徽医科大学,不是,不是,不是,是,第一临床医学院（第一附属医院）,老年医学,3,全日制,293
安徽医科大学,不是,不是,不是,是,第一临床医学院（第一附属医院）,神经病学,12,全日制,293
安徽医科大学,不是,不是,不是,是,第二临床医学院（第二附属医院）,神经病学,2,全日制,293
安徽医科大学,不是,不是,不是,是,精神卫生与心理科学学院,精神病与精神卫生学,7,全日制,293
安徽医科大学,不是,不是,不是,是,第一临床医学院（第一附属医院）,皮肤病与性病学,3,全日制,293
安徽医科大学,不是,不是,不是,是,第二临床医学院（第二附属医院）,皮肤病与性病学,1,全日制,293
安徽医科大学,不是,不是,不是,是,第一临床医学院（第一附属医院）,影像医学与核医学,8,全日制,293
安徽医科大学,不是,不是,不是,是,第二临床医学院（第二附属医院）,影像医学与核医学,6,全日制,293
安徽医科大学,不是,不是,不是,是,第一临床医学院（第一附属医院）,临床检验诊断学,7,全日制,293
安徽医科大学,不是,不是,不是,是,第二临床医学院（第二附属医院）,临床检验诊断学,7,全日制,293
安徽医科大学,不是,不是,不是,是,第一临床医学院（第一附属医院）,外科学,55,全日制,293
安徽医科大学,不是,不是,不是,是,附属滁州医院（滁州市第一人民医院）,外科学,1,全日制,293
安徽医科大学,不是,不是,不是,是,第二临床医学院（第二附属医院）,外科学,31,全日制,293
安徽医科大学,不是,不是,不是,是,第一临床医学院（第一附属医院）,妇产科学,29,全日制,293
安徽医科大学,不是,不是,不是,是,第二临床医学院（第二附属医院）,妇产科学,3,全日制,293
安徽医科大学,不是,不是,不是,是,第一临床医学院（第一附属医院）,眼科学,2,全日制,293
安徽医科大学,不是,不是,不是,是,第二临床医学院（第二附属医院）,眼科学,10,全日制,293
安徽医科大学,不是,不是,不是,是,附属合肥医院（合肥市第二人民医院）,耳鼻咽喉科学,1,全日制,293
安徽医科大学,不是,不是,不是,是,第一临床医学院（第一附属医院）,耳鼻咽喉科学,3,全日制,293
安徽医科大学,不是,不是,不是,是,第二临床医学院（第二附属医院）,耳鼻咽喉科学,7,全日制,293
安徽医科大学,不是,不是,不是,是,第一临床医学院（第一附属医院）,肿瘤学,14,全日制,293
安徽医科大学,不是,不是,不是,是,第二临床医学院（第二附属医院）,肿瘤学,3,全日制,293
安徽工业大学,不是,不是,不是,是,商学院,区域经济学,6,全日制,323
安徽工业大学,不是,不是,不是,是,商学院,金融学,5,全日制,323
安徽工业大学,不是,不是,不是,是,商学院,产业经济学,6,全日制,323
安徽工业大学,不是,不是,不是,是,商学院,国际贸易学,5,全日制,323
安徽工业大学,不是,不是,不是,是,商学院,数量经济学,5,全日制,323
安徽工业大学,不是,不是,不是,是,商学院,区域经济学,6,全日制,323
安徽工业大学,不是,不是,不是,是,商学院,金融学,5,全日制,323
安徽工业大学,不是,不是,不是,是,商学院,产业经济学,6,全日制,323
安徽工业大学,不是,不是,不是,是,商学院,国际贸易学,5,全日制,323
安徽工业大学,不是,不是,不是,是,商学院,数量经济学,5,全日制,323
安徽工业大学,不是,不是,不是,是,商学院,金融,22,全日制,323
安徽工业大学,不是,不是,不是,是,商学院,应用统计,18,全日制,323
安徽工业大学,不是,不是,不是,是,马克思主义学院,马克思主义理论,36,全日制,344
安徽工业大学,不是,不是,不是,是,公共管理与法学院,法律（非法学）,14,全日制,323
安徽工业大学,不是,不是,不是,是,公共管理与法学院,法律（法学）,16,全日制,323
安徽工业大学,不是,不是,不是,是,外国语学院,英语笔译,20,全日制,351
安徽工业大学,不是,不是,不是,是,外国语学院,英语笔译,10,非全日制,351
安徽工业大学,不是,不是,不是,是,微电子与数据科学学院,数学,14,全日制,274
安徽工业大学,不是,不是,不是,是,化学与化工学院,化学,36,全日制,278
安徽工业大学,不是,不是,不是,是,工程研究院,化学,5,全日制,274
安徽理工大学,不是,不是,不是,是,经济与管理学院,金融,31,全日制,323
安徽理工大学,不是,不是,不是,是,数学与大数据学院,应用统计,17,全日制,323
安徽理工大学,不是,不是,不是,是,马克思主义学院,马克思主义理论,20,全日制,340
安徽理工大学,不是,不是,不是,是,外国语学院,翻译,30,全日制,351
安徽理工大学,不是,不是,不是,是,数学与大数据学院,数学,31,全日制,303
安徽理工大学,不是,不是,不是,是,经济与管理学院,金融,31,全日制,323
安徽理工大学,不是,不是,不是,是,数学与大数据学院,应用统计,17,全日制,323
安徽理工大学,不是,不是,不是,是,马克思主义学院,马克思主义理论,20,全日制,340
安徽理工大学,不是,不是,不是,是,外国语学院,翻译,30,全日制,351
安徽理工大学,不是,不是,不是,是,数学与大数据学院,数学,31,全日制,303
安徽理工大学,不是,不是,不是,是,力学与光电物理学院,力学,9,全日制,251
安徽理工大学,不是,不是,不是,是,化工与爆破学院,力学,2,全日制,251
安徽理工大学,不是,不是,不是,是,联合培养（中国科学院合肥物质科学研究院）,机械工程,5,全日制,260
安徽理工大学,不是,不是,不是,是,联合培养（合肥综合性国家科学中心能源研究院）,机械工程,4,全日制,260
安徽理工大学,不是,不是,不是,是,机电工程学院,机械工程,42,全日制,264
安徽理工大学,不是,不是,不是,是,机电工程学院,仪器科学与技术,11,全日制,260
安徽理工大学,不是,不是,不是,是,材料科学与工程学院,材料科学与工程,21,全日制,260
安徽理工大学,不是,不是,不是,是,联合培养（合肥综合性国家科学中心能源研究院）,材料科学与工程,1,全日制,260
安徽理工大学,不是,不是,不是,是,电气与信息工程学院,电气工程,34,全日制,260
安徽理工大学,不是,不是,不是,是,联合培养（合肥综合性国家科学中心能源研究院）,电气工程,6,全日制,260
安徽理工大学,不是,不是,不是,是,电气与信息工程学院,控制科学与工程,16,全日制,260
安徽理工大学,不是,不是,不是,是,计算机科学与工程学院,计算机科学与技术,23,全日制,260
安徽理工大学,不是,不是,不是,是,联合培养（合肥综合性国家科学中心能源研究院）,计算机科学与技术,4,全日制,260
安徽理工大学,不是,不是,不是,是,土木建筑学院,建筑学,10,全日制,300
安徽理工大学,不是,不是,不是,是,土木建筑学院,土木工程,42,全日制,260
安徽理工大学,不是,不是,不是,是,空间信息与测绘工程学院,测绘科学与技术,23,全日制,260
安徽理工大学,不是,不是,不是,是,化工与爆破学院,化学工程与技术,17,全日制,260
安徽理工大学,不是,不是,不是,是,地球与环境学院,地质资源与地质工程,31,全日制,251
安徽理工大学,不是,不是,不是,是,矿业工程学院,采矿工程,26,全日制,251
安徽理工大学,不是,不是,不是,是,材料科学与工程学院,矿物加工工程,10,全日制,251
安徽工程大学,不是,不是,不是,是,经济与管理学院,应用经济学,5,全日制,323
安徽工程大学,不是,不是,不是,是,数理与金融学院,金融,20,全日制,323
安徽工程大学,不是,不是,不是,是,马克思主义学院,马克思主义理论,28,全日制,323
安徽工程大学,不是,不是,不是,是,人文学院,社会工作,25,全日制,323
安徽工程大学,不是,不是,不是,是,经济与管理学院,应用经济学,5,全日制,323
安徽工程大学,不是,不是,不是,是,数理与金融学院,金融,20,全日制,323
安徽工程大学,不是,不是,不是,是,马克思主义学院,马克思主义理论,28,全日制,323
安徽工程大学,不是,不是,不是,是,人文学院,社会工作,25,全日制,323
安徽工程大学,不是,不是,不是,是,体育学院,体育,34,全日制,304
安徽工程大学,不是,不是,不是,是,外国语学院,英语笔译,23,全日制,351
安徽工程大学,不是,不是,不是,是,数理与金融学院,数学,12,全日制,274
安徽工程大学,不是,不是,不是,是,化学与环境工程学院,化学,36,全日制,274
安徽工程大学,不是,不是,不是,是,数理与金融学院,系统科学,42,全日制,274
安徽建筑大学,不是,不是,不是,是,数理学院,应用统计,12,全日制,323
安徽建筑大学,不是,不是,不是,是,经济与管理学院,数字经济,20,全日制,323
安徽建筑大学,不是,不是,不是,是,公共管理学院,法律（法学）,12,全日制,323
安徽建筑大学,不是,不是,不是,是,材料与化学工程学院,化学,25,全日制,274
安徽建筑大学,不是,不是,不是,是,材料与化学工程学院,材料科学与工程,15,全日制,260
安徽建筑大学,不是,不是,不是,是,数理学院,应用统计,12,全日制,323
安徽建筑大学,不是,不是,不是,是,经济与管理学院,数字经济,20,全日制,323
安徽建筑大学,不是,不是,不是,是,公共管理学院,法律（法学）,12,全日制,323
安徽建筑大学,不是,不是,不是,是,材料与化学工程学院,化学,25,全日制,274
安徽建筑大学,不是,不是,不是,是,材料与化学工程学院,材料科学与工程,15,全日制,260
安徽建筑大学,不是,不是,不是,是,电子与信息工程学院,电子科学与技术,10,全日制,260
安徽建筑大学,不是,不是,不是,是,数理学院,物理电子学,6,全日制,260
安徽建筑大学,不是,不是,不是,是,机械与电气工程学院,控制理论与控制工程,10,全日制,260
安徽建筑大学,不是,不是,不是,是,联合培养（南京信息工程大学）,控制理论与控制工程,24,全日制,260
安徽建筑大学,不是,不是,不是,是,机械与电气工程学院,检测技术与自动化装置,11,全日制,260
安徽建筑大学,不是,不是,不是,是,数理学院,系统工程,12,全日制,260
安徽建筑大学,不是,不是,不是,是,电子与信息工程学院,模式识别与智能系统,10,全日制,260
安徽建筑大学,不是,不是,不是,是,建筑与规划学院,建筑学,9,全日制,260
安徽建筑大学,不是,不是,不是,是,土木工程学院,土木工程,29,全日制,260
合肥大学,不是,不是,不是,是,马克思主义学院,学科教学（思政）,8,全日制,341
合肥大学,不是,不是,不是,是,马克思主义学院,学科教学（思政）,8,全日制,341
淮北师范大学,不是,不是,不是,是,数学与统计学院,应用统计,25,全日制,323
淮北师范大学,不是,不是,不是,是,马克思主义学院,马克思主义理论,14,全日制,323
淮北师范大学,不是,不是,不是,是,法学院,法律（非法学）,12,全日制,323
淮北师范大学,不是,不是,不是,是,数学与统计学院,应用统计,25,全日制,323
淮北师范大学,不是,不是,不是,是,马克思主义学院,马克思主义理论,14,全日制,323
淮北师范大学,不是,不是,不是,是,法学院,法律（非法学）,12,全日制,323
淮北师范大学,不是,不是,不是,是,法学院,法律（法学）,10,全日制,323
安庆师范大学,不是,不是,不是,是,经济与管理学院,应用经济学,12,全日制,323
安庆师范大学,不是,不是,不是,是,经济与管理学院,国际商务,15,全日制,323
安庆师范大学,不是,不是,不是,是,经济与管理学院,数字经济,12,全日制,323
安庆师范大学,不是,不是,不是,是,马克思主义学院,马克思主义理论,22,全日制,325
安庆师范大学,不是,不是,不是,是,法学院,法律（非法学）,5,全日制,323
安庆师范大学,不是,不是,不是,是,经济与管理学院,应用经济学,12,全日制,323
安庆师范大学,不是,不是,不是,是,经济与管理学院,国际商务,15,全日制,323
安庆师范大学,不是,不是,不是,是,经济与管理学院,数字经济,12,全日制,323
安庆师范大学,不是,不是,不是,是,马克思主义学院,马克思主义理论,22,全日制,325
安庆师范大学,不是,不是,不是,是,法学院,法律（非法学）,5,全日制,323
安庆师范大学,不是,不是,不是,是,法学院,法律（法学）,25,全日制,323
安庆师范大学,不是,不是,不是,是,法学院,社会工作,12,全日制,323
安庆师范大学,不是,不是,不是,是,马克思主义学院,学科教学（思政）,22,全日制,344
安徽中医药大学,不是,不是,不是,是,马克思主义学院,马克思主义理论,8,全日制,323
安徽中医药大学,不是,不是,不是,是,人文与国际教育交流学院,国际中文教育,3,全日制,341
安徽中医药大学,不是,不是,不是,是,人文与国际教育交流学院,应用心理,3,全日制,341
安徽中医药大学,不是,不是,不是,是,中医学院,中医基础理论,8,全日制,293
安徽中医药大学,不是,不是,不是,是,中医学院,中医临床基础,8,全日制,293
安徽中医药大学,不是,不是,不是,是,马克思主义学院,马克思主义理论,8,全日制,323
安徽中医药大学,不是,不是,不是,是,人文与国际教育交流学院,国际中文教育,3,全日制,341
安徽中医药大学,不是,不是,不是,是,人文与国际教育交流学院,应用心理,3,全日制,341
安徽中医药大学,不是,不是,不是,是,中医学院,中医基础理论,8,全日制,293
安徽中医药大学,不是,不是,不是,是,中医学院,中医临床基础,8,全日制,293
安徽中医药大学,不是,不是,不是,是,中医学院,中医医史文献,7,全日制,293
安徽中医药大学,不是,不是,不是,是,中医学院,方剂学,8,全日制,293
安徽中医药大学,不是,不是,不是,是,中医学院,中医诊断学,7,全日制,293
安徽中医药大学,不是,不是,不是,是,第一临床医学院（第一附属医院、安徽省中医院）,中医内科学,11,全日制,293
安徽中医药大学,不是,不是,不是,是,安医大一附院高新院区,中医内科学,2,全日制,293
安徽中医药大学,不是,不是,不是,是,第一临床医学院（第一附属医院、安徽省中医院）,中医外科学,6,全日制,293
安徽中医药大学,不是,不是,不是,是,第一临床医学院（第一附属医院、安徽省中医院）,中医骨伤科学,8,全日制,293
安徽中医药大学,不是,不是,不是,是,第一临床医学院（第一附属医院、安徽省中医院）,中医妇科学,3,全日制,293
安徽中医药大学,不是,不是,不是,是,第一临床医学院（第一附属医院、安徽省中医院）,中医儿科学,1,全日制,293
安徽中医药大学,不是,不是,不是,是,第一临床医学院（第一附属医院、安徽省中医院）,中医五官科学,3,全日制,293
安徽中医药大学,不是,不是,不是,是,针灸推拿学院（康复医学院）,针灸推拿学,29,全日制,293
安徽中医药大学,不是,不是,不是,是,第一临床医学院（第一附属医院、安徽省中医院）,针灸推拿学,6,全日制,293
安徽中医药大学,不是,不是,不是,是,第二临床医学院（第二附属医院、安徽省针灸医院）,针灸推拿学,6,全日制,293
安徽中医药大学,不是,不是,不是,是,中西医结合学院（生命科学学院）,中西医结合基础,14,全日制,293
安徽中医药大学,不是,不是,不是,是,神经病学研究所,中西医结合临床,7,全日制,293
安徽中医药大学,不是,不是,不是,是,第一临床医学院（第一附属医院、安徽省中医院）,中西医结合临床,11,全日制,293
安徽中医药大学,不是,不是,不是,是,安医大一附院高新院区,中西医结合临床,5,全日制,293
安徽中医药大学,不是,不是,不是,是,药学院,药物化学,20,全日制,293
安徽中医药大学,不是,不是,不是,是,药学院,药剂学,32,全日制,318
安徽中医药大学,不是,不是,不是,是,药学院,生药学,9,全日制,293
安徽科技工程大学,不是,不是,不是,是,马克思主义学院,中共党史党建学,9,全日制,323
安徽科技工程大学,不是,不是,不是,是,电气与电子工程学院,电子信息,24,全日制,260
安徽科技工程大学,不是,不是,不是,是,信息与网络工程学院,计算机技术,23,全日制,260
安徽科技工程大学,不是,不是,不是,是,化学与材料工程学院,材料与化工,19,全日制,260
合肥师范学院,不是,不是,不是,是,教育与心理科学学院,教育管理,9,非全日制,341
合肥师范学院,不是,不是,不是,是,马克思主义学院,学科教学（思政）,30,全日制,341
合肥师范学院,不是,不是,不是,是,文学院,学科教学（语文）,40,全日制,341
合肥师范学院,不是,不是,不是,是,文学院,学科教学（语文）,5,非全日制,341
合肥师范学院,不是,不是,不是,是,数学与统计学院,学科教学（数学）,40,全日制,341
合肥师范学院,不是,不是,不是,是,教育与心理科学学院,教育管理,9,非全日制,341
合肥师范学院,不是,不是,不是,是,马克思主义学院,学科教学（思政）,30,全日制,341
合肥师范学院,不是,不是,不是,是,文学院,学科教学（语文）,40,全日制,341
合肥师范学院,不是,不是,不是,是,文学院,学科教学（语文）,5,非全日制,341
合肥师范学院,不是,不是,不是,是,数学与统计学院,学科教学（数学）,40,全日制,341
阜阳师范大学,不是,不是,不是,是,经济学院,金融,22,全日制,323
阜阳师范大学,不是,不是,不是,是,经济学院,数字经济,12,全日制,323
阜阳师范大学,不是,不是,不是,是,教育学院,教育管理,15,全日制,341
阜阳师范大学,不是,不是,不是,是,经济学院,金融,22,全日制,323
阜阳师范大学,不是,不是,不是,是,经济学院,数字经济,12,全日制,323
阜阳师范大学,不是,不是,不是,是,教育学院,教育管理,15,全日制,341
皖南医科大学,不是,不是,不是,是,不区分院系,马克思主义理论,6,全日制,323
皖南医科大学,不是,不是,不是,是,不区分院系,应用心理,10,全日制,341
皖南医科大学,不是,不是,不是,是,不区分院系,生物学,11,全日制,274
皖南医科大学,不是,不是,不是,是,不区分院系,人工智能,10,全日制,260
皖南医科大学,不是,不是,不是,是,不区分院系,生物与医药,9,全日制,260
皖南医科大学,不是,不是,不是,是,不区分院系,马克思主义理论,6,全日制,323
皖南医科大学,不是,不是,不是,是,不区分院系,应用心理,10,全日制,341
皖南医科大学,不是,不是,不是,是,不区分院系,生物学,11,全日制,274
皖南医科大学,不是,不是,不是,是,不区分院系,人工智能,10,全日制,260
皖南医科大学,不是,不是,不是,是,不区分院系,生物与医药,9,全日制,260
皖南医科大学,不是,不是,不是,是,不区分院系,基础医学,33,全日制,293
皖南医科大学,不是,不是,不是,是,不区分院系,内科学,10,全日制,293
皖南医科大学,不是,不是,不是,是,不区分院系,儿科学,1,全日制,293
皖南医科大学,不是,不是,不是,是,不区分院系,神经病学,4,全日制,293
皖南医科大学,不是,不是,不是,是,不区分院系,皮肤病与性病学,2,全日制,293
蚌埠医科大学,不是,不是,不是,是,不区分院系,体育,4,全日制,304
蚌埠医科大学,不是,不是,不是,是,不区分院系,应用心理,10,全日制,341
蚌埠医科大学,不是,不是,不是,是,不区分院系,生物学,18,全日制,274
蚌埠医科大学,不是,不是,不是,是,不区分院系,生物与医药,14,全日制,260
蚌埠医科大学,不是,不是,不是,是,不区分院系,生物与医药,1,非全日制,260
蚌埠医科大学,不是,不是,不是,是,不区分院系,体育,4,全日制,304
蚌埠医科大学,不是,不是,不是,是,不区分院系,应用心理,10,全日制,341
蚌埠医科大学,不是,不是,不是,是,不区分院系,生物学,18,全日制,274
蚌埠医科大学,不是,不是,不是,是,不区分院系,生物与医药,14,全日制,260
蚌埠医科大学,不是,不是,不是,是,不区分院系,生物与医药,1,非全日制,260
蚌埠医科大学,不是,不是,不是,是,不区分院系,人体解剖与组织胚胎学,6,全日制,293
蚌埠医科大学,不是,不是,不是,是,不区分院系,免疫学,12,全日制,293
蚌埠医科大学,不是,不是,不是,是,不区分院系,病原生物学,10,全日制,293
蚌埠医科大学,不是,不是,不是,是,不区分院系,病理学与病理生理学,17,全日制,293
蚌埠医科大学,不是,不是,不是,是,不区分院系,内科学,35,全日制,293
蚌埠医科大学,不是,不是,不是,是,不区分院系,儿科学,3,全日制,293
蚌埠医科大学,不是,不是,不是,是,不区分院系,老年医学,1,全日制,293
蚌埠医科大学,不是,不是,不是,是,不区分院系,神经病学,5,全日制,293
蚌埠医科大学,不是,不是,不是,是,不区分院系,精神病与精神卫生学,3,全日制,293
蚌埠医科大学,不是,不是,不是,是,不区分院系,皮肤病与性病学,2,全日制,293
滁州学院,不是,不是,不是,是,计算机与信息工程学院,计算机技术,12,全日制,260
滁州学院,不是,不是,不是,是,地理信息与旅游学院,资源与环境,30,全日制,260
滁州学院,不是,不是,不是,是,生物与食品工程学院,生物与医药,26,全日制,260
皖西学院,不是,不是,不是,是,电子与信息工程学院,电子信息,14,全日制,260
皖西学院,不是,不是,不是,是,电气与光电工程学院,电子信息,14,全日制,260
皖西学院,不是,不是,不是,是,生物与制药工程学院,中药,15,全日制,293
厦门大学,是,是,是,不是,哲学系,马克思主义哲学,9,全日制,321
厦门大学,是,是,是,不是,哲学系,中国哲学,6,全日制,321
厦门大学,是,是,是,不是,哲学系,外国哲学,7,全日制,321
厦门大学,是,是,是,不是,哲学系,逻辑学,3,全日制,321
厦门大学,是,是,是,不是,哲学系,伦理学,2,全日制,321
厦门大学,是,是,是,不是,哲学系,马克思主义哲学,9,全日制,321
厦门大学,是,是,是,不是,哲学系,中国哲学,6,全日制,321
厦门大学,是,是,是,不是,哲学系,外国哲学,7,全日制,321
厦门大学,是,是,是,不是,哲学系,逻辑学,3,全日制,321
厦门大学,是,是,是,不是,哲学系,伦理学,2,全日制,321
厦门大学,是,是,是,不是,哲学系,宗教学,2,全日制,321
厦门大学,是,是,是,不是,哲学系,科学技术哲学,4,全日制,321
厦门大学,是,是,是,不是,台湾研究院,区域经济学,5,全日制,330
厦门大学,是,是,是,不是,王亚南经济研究院,金融,25,全日制,330
厦门大学,是,是,是,不是,金融系,金融,73,全日制,330
厦门大学,是,是,是,不是,金融系,金融,40,非全日制,330
厦门大学,是,是,是,不是,邹至庄经济研究院,金融,15,全日制,330
厦门大学,是,是,是,不是,王亚南经济研究院,应用统计,25,非全日制,350
厦门大学,是,是,是,不是,统计学与数据科学系,应用统计,75,全日制,350
厦门大学,是,是,是,不是,财政系,税务,26,全日制,350
厦门大学,是,是,是,不是,国际经济与贸易系,国际商务,17,全日制,350
厦门大学,是,是,是,不是,金融系,保险,17,全日制,350
厦门大学,是,是,是,不是,财政系,资产评估,16,全日制,350
厦门大学,是,是,是,不是,邹至庄经济研究院,数字经济,20,全日制,350
厦门大学,是,是,是,不是,法学院,法学理论,7,全日制,330
厦门大学,是,是,是,不是,法学院,法律史,3,全日制,330
厦门大学,是,是,是,不是,法学院,宪法学与行政法学,6,全日制,330
厦门大学,是,是,是,不是,台湾研究院,宪法学与行政法学,4,全日制,330
厦门大学,是,是,是,不是,法学院,刑法学,6,全日制,330
厦门大学,是,是,是,不是,法学院,民商法学,13,全日制,330
厦门大学,是,是,是,不是,法学院,诉讼法学,6,全日制,330
厦门大学,是,是,是,不是,法学院,经济法学,4,全日制,330
厦门大学,是,是,是,不是,法学院,环境与资源保护法学,2,全日制,330
厦门大学,是,是,是,不是,法学院,国际法学,7,全日制,330
厦门大学,是,是,是,不是,台湾研究院,中外政治制度,6,全日制,330
厦门大学,是,是,是,不是,台湾研究院,社会学,2,全日制,330
厦门大学,是,是,是,不是,社会学系,社会学,18,全日制,330
厦门大学,是,是,是,不是,社会学系,人口学,2,全日制,330
厦门大学,是,是,是,不是,人类学与民族学系,人类学,6,全日制,330
厦门大学,是,是,是,不是,人类学与民族学系,民族学,6,全日制,330
厦门大学,是,是,是,不是,马克思主义学院,马克思主义理论,59,全日制,330
厦门大学,是,是,是,不是,法学院,法律（非法学）,78,全日制,330
厦门大学,是,是,是,不是,法学院,法律（法学）,58,全日制,330
厦门大学,是,是,是,不是,社会工作系,社会工作,25,全日制,330
厦门大学,是,是,是,不是,社会工作系,社会工作,25,非全日制,330
厦门大学,是,是,是,不是,知识产权研究院,知识产权,20,全日制,330
厦门大学,是,是,是,不是,教育研究院,课程与教学论,4,全日制,341
厦门大学,是,是,是,不是,教育研究院,教育史,2,全日制,341
厦门大学,是,是,是,不是,教育研究院,比较教育学,2,全日制,341
厦门大学,是,是,是,不是,教育研究院,高等教育学,18,全日制,341
厦门大学,是,是,是,不是,体育教学部,体育,20,全日制,340
厦门大学,是,是,是,不是,国际中文教育学院,国际中文教育,55,全日制,341
厦门大学,是,是,是,不是,中国语言文学系,文艺学,6,全日制,351
厦门大学,是,是,是,不是,国际中文教育学院,语言学及应用语言学,5,全日制,351
厦门大学,是,是,是,不是,中国语言文学系,语言学及应用语言学,2,全日制,351
厦门大学,是,是,是,不是,中国语言文学系,汉语言文字学,9,全日制,351
福州大学,不是,是,是,不是,经济与管理学院,政治经济学,3,全日制,323
福州大学,不是,是,是,不是,经济与管理学院,西方经济学,4,全日制,323
福州大学,不是,是,是,不是,经济与管理学院,人口、资源与环境经济学,4,全日制,323
福州大学,不是,是,是,不是,经济与管理学院,财政学,2,全日制,323
福州大学,不是,是,是,不是,经济与管理学院,金融学,7,全日制,323
福州大学,不是,是,是,不是,经济与管理学院,政治经济学,3,全日制,323
福州大学,不是,是,是,不是,经济与管理学院,西方经济学,4,全日制,323
福州大学,不是,是,是,不是,经济与管理学院,人口、资源与环境经济学,4,全日制,323
福州大学,不是,是,是,不是,经济与管理学院,财政学,2,全日制,323
福州大学,不是,是,是,不是,经济与管理学院,金融学,7,全日制,323
福州大学,不是,是,是,不是,经济与管理学院,产业经济学,2,全日制,323
福州大学,不是,是,是,不是,经济与管理学院,国际贸易学,3,全日制,323
福州大学,不是,是,是,不是,经济与管理学院,数量经济学,3,全日制,323
福州大学,不是,是,是,不是,经济与管理学院,金融,18,全日制,323
福州大学,不是,是,是,不是,数学与统计学院,应用统计,15,全日制,323
福州大学,不是,是,是,不是,经济与管理学院,国际商务,13,全日制,323
福州大学,不是,是,是,不是,法学院,法学,28,全日制,323
福州大学,不是,是,是,不是,人文社会科学学院,社会学,10,全日制,323
福州大学,不是,是,是,不是,马克思主义学院,马克思主义基本原理,6,全日制,323
福州大学,不是,是,是,不是,马克思主义学院,马克思主义中国化研究,6,全日制,323
福州大学,不是,是,是,不是,马克思主义学院,思想政治教育,6,全日制,323
福州大学,不是,是,是,不是,马克思主义学院,中国近现代史基本问题研究,4,全日制,323
福州大学,不是,是,是,不是,法学院,法律（非法学）,20,全日制,323
福州大学,不是,是,是,不是,法学院,法律（非法学）,15,非全日制,323
福州大学,不是,是,是,不是,法学院,法律（法学）,45,全日制,323
福州大学,不是,是,是,不是,法学院,法律（法学）,15,非全日制,323
福州大学,不是,是,是,不是,人文社会科学学院,社会工作,20,全日制,323
福州大学,不是,是,是,不是,人文社会科学学院,社会工作,40,非全日制,323
福州大学,不是,是,是,不是,人文社会科学学院,心理学,5,全日制,341
福州大学,不是,是,是,不是,人文社会科学学院,应用心理,5,全日制,341
福州大学,不是,是,是,不是,外国语学院,英语语言文学,5,全日制,351
福州大学,不是,是,是,不是,外国语学院,外国语言学及应用语言学,8,全日制,351
福州大学,不是,是,是,不是,外国语学院,英语笔译,15,全日制,351
福州大学,不是,是,是,不是,外国语学院,英语口译,5,全日制,351
福州大学,不是,是,是,不是,数学与统计学院,数学,35,全日制,274
福州大学,不是,是,是,不是,物理与信息工程学院,物理学,13,全日制,274
福州大学,不是,是,是,不是,化学学院,无机化学,8,全日制,274
福州大学,不是,是,是,不是,化学学院,分析化学,25,全日制,274
福州大学,不是,是,是,不是,化学学院,有机化学,25,全日制,274
福州大学,不是,是,是,不是,化学学院,物理化学,35,全日制,274
福州大学,不是,是,是,不是,环境与安全工程学院,地理学,8,全日制,274
福州大学,不是,是,是,不是,数字中国研究院（福建）,地理学,16,全日制,274
福州大学,不是,是,是,不是,数学与统计学院,统计学,6,全日制,274
福州大学,不是,是,是,不是,生物科学与工程学院,生物医学工程,30,全日制,274
福州大学,不是,是,是,不是,医学院,生物医学工程,4,全日制,274
福建师范大学,不是,不是,不是,是,经济学院,理论经济学,12,全日制,323
福建师范大学,不是,不是,不是,是,经济学院,应用经济学,14,全日制,323
福建师范大学,不是,不是,不是,是,经济学院,金融,47,全日制,323
福建师范大学,不是,不是,不是,是,数学与统计学院,应用统计,26,全日制,323
福建师范大学,不是,不是,不是,是,经济学院,国际商务,48,全日制,323
福建师范大学,不是,不是,不是,是,经济学院,理论经济学,12,全日制,323
福建师范大学,不是,不是,不是,是,经济学院,应用经济学,14,全日制,323
福建师范大学,不是,不是,不是,是,经济学院,金融,47,全日制,323
福建师范大学,不是,不是,不是,是,数学与统计学院,应用统计,26,全日制,323
福建师范大学,不是,不是,不是,是,经济学院,国际商务,48,全日制,323
福建师范大学,不是,不是,不是,是,马克思主义学院,马克思主义基本原理,7,全日制,323
福建师范大学,不是,不是,不是,是,中共福建省委党校,马克思主义基本原理,8,全日制,323
福建师范大学,不是,不是,不是,是,马克思主义学院,马克思主义发展史,3,全日制,323
福建师范大学,不是,不是,不是,是,马克思主义学院,马克思主义中国化研究,14,全日制,323
福建师范大学,不是,不是,不是,是,马克思主义学院,国外马克思主义研究,3,全日制,323
福建师范大学,不是,不是,不是,是,马克思主义学院,思想政治教育,14,全日制,323
福建师范大学,不是,不是,不是,是,马克思主义学院,中国近现代史基本问题研究,6,全日制,323
福建师范大学,不是,不是,不是,是,中共福建省委党校,中国近现代史基本问题研究,7,全日制,323
福建师范大学,不是,不是,不是,是,文化旅游与公共管理学院,社会工作,28,全日制,323
福建师范大学,不是,不是,不是,是,教育学院,教育学,43,全日制,341
福建师范大学,不是,不是,不是,是,心理学院,心理学,39,全日制,341
福建师范大学,不是,不是,不是,是,体育科学学院,体育人文社会学,6,全日制,304
福建师范大学,不是,不是,不是,是,体育科学学院,运动人体科学,6,全日制,304
福建师范大学,不是,不是,不是,是,体育科学学院,体育教育训练学,29,全日制,304
福建师范大学,不是,不是,不是,是,体育科学学院,民族传统体育学,7,全日制,304
福建师范大学,不是,不是,不是,是,教育学院,教育管理,15,全日制,341
福建师范大学,不是,不是,不是,是,马克思主义学院,学科教学（思政）,48,全日制,341
福建师范大学,不是,不是,不是,是,文学院,学科教学（语文）,125,全日制,341
福建师范大学,不是,不是,不是,是,数学与统计学院,学科教学（数学）,45,全日制,341
福建师范大学,不是,不是,不是,是,物理与能源学院,学科教学（物理）,31,全日制,341
福建师范大学,不是,不是,不是,是,化学与材料学院,学科教学（化学）,15,全日制,341
福建农林大学,不是,不是,不是,是,经济与管理学院,区域经济学,4,全日制,323
福建农林大学,不是,不是,不是,是,经济与管理学院,金融学,7,全日制,323
福建农林大学,不是,不是,不是,是,经济与管理学院,国际贸易学,4,全日制,323
福建农林大学,不是,不是,不是,是,经济与管理学院,金融,25,全日制,323
福建农林大学,不是,不是,不是,是,计算机与信息学院,应用统计,10,全日制,323
福建农林大学,不是,不是,不是,是,经济与管理学院,区域经济学,4,全日制,323
福建农林大学,不是,不是,不是,是,经济与管理学院,金融学,7,全日制,323
福建农林大学,不是,不是,不是,是,经济与管理学院,国际贸易学,4,全日制,323
福建农林大学,不是,不是,不是,是,经济与管理学院,金融,25,全日制,323
福建农林大学,不是,不是,不是,是,计算机与信息学院,应用统计,10,全日制,323
福建农林大学,不是,不是,不是,是,经济与管理学院,数字经济,10,全日制,323
福建农林大学,不是,不是,不是,是,马克思主义学院,马克思主义基本原理,9,全日制,323
福建农林大学,不是,不是,不是,是,马克思主义学院,马克思主义中国化研究,20,全日制,323
福建农林大学,不是,不是,不是,是,马克思主义学院,思想政治教育,20,全日制,323
福建农林大学,不是,不是,不是,是,马克思主义学院,中国近现代史基本问题研究,7,全日制,323
福建农林大学,不是,不是,不是,是,公共管理与法学院,法律（非法学）,30,全日制,323
福建农林大学,不是,不是,不是,是,公共管理与法学院,法律（法学）,40,全日制,323
福建农林大学,不是,不是,不是,是,戴尔豪西大学联合学院（国际学院）,英语笔译,16,全日制,351
福建农林大学,不是,不是,不是,是,戴尔豪西大学联合学院（国际学院）,英语口译,4,全日制,351
福建农林大学,不是,不是,不是,是,菌草与生态学院（碳中和学院）,自然地理学,10,全日制,274
福建农林大学,不是,不是,不是,是,菌草与生态学院（碳中和学院）,人文地理学,2,全日制,274
福建农林大学,不是,不是,不是,是,菌草与生态学院（碳中和学院）,地图学与地理信息系统,6,全日制,274
福建农林大学,不是,不是,不是,是,生命科学学院,生物学,60,全日制,274
福建农林大学,不是,不是,不是,是,菌草与生态学院（碳中和学院）,生态学,40,全日制,274
福建农林大学,不是,不是,不是,是,计算机与信息学院,统计学,20,全日制,274
福建农林大学,不是,不是,不是,是,机电工程学院,机械工程,7,全日制,260
福建农林大学,不是,不是,不是,是,计算机与信息学院,计算机科学与技术,20,全日制,260
福建农林大学,不是,不是,不是,是,材料工程学院,化学工程与技术,14,全日制,260
福建农林大学,不是,不是,不是,是,交通与土木工程学院,交通运输工程,15,全日制,260
福建医科大学,不是,不是,不是,是,健康学院,社会工作,9,全日制,323
福建医科大学,不是,不是,不是,是,健康学院,心理学,8,全日制,341
福建医科大学,不是,不是,不是,是,健康学院,应用心理,16,全日制,355
福建医科大学,不是,不是,不是,是,基础医学院,生理学,1,全日制,274
福建医科大学,不是,不是,不是,是,基础医学院,神经生物学,13,全日制,274
福建医科大学,不是,不是,不是,是,健康学院,社会工作,9,全日制,323
福建医科大学,不是,不是,不是,是,健康学院,心理学,8,全日制,341
福建医科大学,不是,不是,不是,是,健康学院,应用心理,16,全日制,355
福建医科大学,不是,不是,不是,是,基础医学院,生理学,1,全日制,274
福建医科大学,不是,不是,不是,是,基础医学院,神经生物学,13,全日制,274
福建医科大学,不是,不是,不是,是,基础医学院,发育生物学,1,全日制,274
福建医科大学,不是,不是,不是,是,基础医学院,细胞生物学,6,全日制,274
福建医科大学,不是,不是,不是,是,基础医学院,生物化学与分子生物学,25,全日制,274
福建医科大学,不是,不是,不是,是,基础医学院,生物物理学,1,全日制,274
福建医科大学,不是,不是,不是,是,医学影像学院,生物与医药,51,全日制,260
福建医科大学,不是,不是,不是,是,基础医学院,人体解剖与组织胚胎学,11,全日制,293
福建医科大学,不是,不是,不是,是,基础医学院,免疫学,12,全日制,293
福建医科大学,不是,不是,不是,是,基础医学院,病原生物学,14,全日制,293
福建医科大学,不是,不是,不是,是,基础医学院,病理学与病理生理学,29,全日制,293
福建医科大学,不是,不是,不是,是,基础医学院,放射医学,3,全日制,293
福建医科大学,不是,不是,不是,是,第二临床医学院,内科学,7,全日制,293
福建医科大学,不是,不是,不是,是,协和临床医学院,内科学,17,全日制,293
福建医科大学,不是,不是,不是,是,省立临床医学院,内科学,9,全日制,293
福建医科大学,不是,不是,不是,是,第一临床医学院,内科学,13,全日制,293
福建医科大学,不是,不是,不是,是,福总临床医学院,内科学,3,全日制,293
福建医科大学,不是,不是,不是,是,肿瘤临床医学院,内科学,3,全日制,293
福建医科大学,不是,不是,不是,是,临床联合单位,内科学,4,全日制,293
福建医科大学,不是,不是,不是,是,协和临床医学院,儿科学,1,全日制,293
福建医科大学,不是,不是,不是,是,福总临床医学院,儿科学,4,全日制,293
福建医科大学,不是,不是,不是,是,妇儿临床医学院,儿科学,1,全日制,293
福建医科大学,不是,不是,不是,是,临床联合单位,儿科学,1,全日制,293
福建医科大学,不是,不是,不是,是,第二临床医学院,老年医学,1,全日制,293
福建医科大学,不是,不是,不是,是,协和临床医学院,老年医学,1,全日制,293
福建医科大学,不是,不是,不是,是,第一临床医学院,老年医学,1,全日制,293
福建医科大学,不是,不是,不是,是,第二临床医学院,神经病学,1,全日制,293
福建医科大学,不是,不是,不是,是,协和临床医学院,神经病学,10,全日制,293
福建医科大学,不是,不是,不是,是,省立临床医学院,神经病学,1,全日制,293
福建医科大学,不是,不是,不是,是,第一临床医学院,神经病学,13,全日制,293
福建医科大学,不是,不是,不是,是,临床联合单位,神经病学,1,全日制,293
福建医科大学,不是,不是,不是,是,协和临床医学院,皮肤病与性病学,1,全日制,293
福建医科大学,不是,不是,不是,是,第二临床医学院,影像医学与核医学,2,全日制,293
福建医科大学,不是,不是,不是,是,协和临床医学院,影像医学与核医学,8,全日制,293
福建医科大学,不是,不是,不是,是,省立临床医学院,影像医学与核医学,1,全日制,293
福建医科大学,不是,不是,不是,是,第一临床医学院,影像医学与核医学,6,全日制,293
福建医科大学,不是,不是,不是,是,妇儿临床医学院,影像医学与核医学,1,全日制,293
福建医科大学,不是,不是,不是,是,肿瘤临床医学院,影像医学与核医学,1,全日制,293
福建医科大学,不是,不是,不是,是,临床联合单位,影像医学与核医学,2,全日制,293
福建医科大学,不是,不是,不是,是,第二临床医学院,临床检验诊断学,1,全日制,293
福建医科大学,不是,不是,不是,是,协和临床医学院,临床检验诊断学,3,全日制,293
福建医科大学,不是,不是,不是,是,省立临床医学院,临床检验诊断学,1,全日制,293
福建医科大学,不是,不是,不是,是,第一临床医学院,临床检验诊断学,4,全日制,293
福建医科大学,不是,不是,不是,是,福总临床医学院,临床检验诊断学,1,全日制,293
福建医科大学,不是,不是,不是,是,肿瘤临床医学院,临床检验诊断学,1,全日制,293
福建医科大学,不是,不是,不是,是,临床联合单位,临床检验诊断学,1,全日制,293
福建医科大学,不是,不是,不是,是,第二临床医学院,外科学,9,全日制,293
华侨大学,不是,不是,不是,是,哲学与社会发展学院,哲学,37,全日制,321
华侨大学,不是,不是,不是,是,经济与金融学院,应用经济学,42,全日制,323
华侨大学,不是,不是,不是,是,数量经济与统计研究院,应用经济学,13,全日制,323
华侨大学,不是,不是,不是,是,经济与金融学院,金融,33,全日制,323
华侨大学,不是,不是,不是,是,哲学与社会发展学院,哲学,37,全日制,321
华侨大学,不是,不是,不是,是,经济与金融学院,应用经济学,42,全日制,323
华侨大学,不是,不是,不是,是,数量经济与统计研究院,应用经济学,13,全日制,323
华侨大学,不是,不是,不是,是,经济与金融学院,金融,33,全日制,323
华侨大学,不是,不是,不是,是,数量经济与统计研究院,应用统计,18,全日制,323
华侨大学,不是,不是,不是,是,经济与金融学院,数字经济,11,全日制,323
华侨大学,不是,不是,不是,是,法学院,法学,19,全日制,323
华侨大学,不是,不是,不是,是,国际关系学院,政治学,20,全日制,323
华侨大学,不是,不是,不是,是,马克思主义学院,马克思主义理论,25,全日制,323
华侨大学,不是,不是,不是,是,法学院,法律（非法学）,19,全日制,323
华侨大学,不是,不是,不是,是,法学院,法律（法学）,19,全日制,323
华侨大学,不是,不是,不是,是,体育学院,体育,39,全日制,304
华侨大学,不是,不是,不是,是,华文学院,国际中文教育,39,全日制,341
华侨大学,不是,不是,不是,是,文学院,中国语言文学,15,全日制,351
集美大学,不是,不是,不是,是,财经学院,应用经济学,17,全日制,323
集美大学,不是,不是,不是,是,财经学院,金融,15,全日制,323
集美大学,不是,不是,不是,是,财经学院,税务,15,全日制,323
集美大学,不是,不是,不是,是,财经学院,国际商务,15,全日制,323
集美大学,不是,不是,不是,是,马克思主义学院,马克思主义理论,18,全日制,323
集美大学,不是,不是,不是,是,财经学院,应用经济学,17,全日制,323
集美大学,不是,不是,不是,是,财经学院,金融,15,全日制,323
集美大学,不是,不是,不是,是,财经学院,税务,15,全日制,323
集美大学,不是,不是,不是,是,财经学院,国际商务,15,全日制,323
集美大学,不是,不是,不是,是,马克思主义学院,马克思主义理论,18,全日制,323
集美大学,不是,不是,不是,是,海洋文化与法律学院,法律（非法学）,7,全日制,323
集美大学,不是,不是,不是,是,海洋文化与法律学院,法律（法学）,7,全日制,323
集美大学,不是,不是,不是,是,海洋文化与法律学院,社会工作,18,全日制,323
集美大学,不是,不是,不是,是,海洋文化与法律学院,社会工作,10,非全日制,323
集美大学,不是,不是,不是,是,师范学院,教育学,8,全日制,341
集美大学,不是,不是,不是,是,体育学院,体育学,17,全日制,304
集美大学,不是,不是,不是,是,师范学院,教育管理,9,全日制,341
集美大学,不是,不是,不是,是,马克思主义学院,学科教学（思政）,23,全日制,341
集美大学,不是,不是,不是,是,马克思主义学院,学科教学（思政）,6,非全日制,341
集美大学,不是,不是,不是,是,海洋文化与法律学院,学科教学（语文）,31,全日制,341
厦门理工学院,不是,不是,不是,是,经济与管理学院,数字经济,16,全日制,323
厦门理工学院,不是,不是,不是,是,体育部,体育,10,全日制,304
厦门理工学院,不是,不是,不是,是,外国语学院,英语笔译,9,全日制,351
厦门理工学院,不是,不是,不是,是,机械与汽车工程学院,机械工程,10,全日制,260
厦门理工学院,不是,不是,不是,是,材料科学与工程学院,材料科学与工程,40,全日制,260
厦门理工学院,不是,不是,不是,是,经济与管理学院,数字经济,16,全日制,323
厦门理工学院,不是,不是,不是,是,体育部,体育,10,全日制,304
厦门理工学院,不是,不是,不是,是,外国语学院,英语笔译,9,全日制,351
厦门理工学院,不是,不是,不是,是,机械与汽车工程学院,机械工程,10,全日制,260
厦门理工学院,不是,不是,不是,是,材料科学与工程学院,材料科学与工程,40,全日制,260
闽江学院,不是,不是,不是,是,新闻传播学院,新闻与传播,36,全日制,351
闽江学院,不是,不是,不是,是,计算机与大数据学院,计算机技术,72,全日制,260
闽江学院,不是,不是,不是,是,物理与电子信息工程学院,控制工程,42,全日制,260
闽江学院,不是,不是,不是,是,计算机与大数据学院,人工智能,45,全日制,260
闽南师范大学,不是,不是,不是,是,数学与统计学院,应用统计,17,全日制,323
闽南师范大学,不是,不是,不是,是,商学院,国际商务,6,全日制,323
闽南师范大学,不是,不是,不是,是,马克思主义学院,马克思主义基本原理,8,全日制,323
闽南师范大学,不是,不是,不是,是,马克思主义学院,马克思主义中国化研究,12,全日制,323
闽南师范大学,不是,不是,不是,是,马克思主义学院,思想政治教育,19,全日制,323
闽南师范大学,不是,不是,不是,是,数学与统计学院,应用统计,17,全日制,323
闽南师范大学,不是,不是,不是,是,商学院,国际商务,6,全日制,323
闽南师范大学,不是,不是,不是,是,马克思主义学院,马克思主义基本原理,8,全日制,323
闽南师范大学,不是,不是,不是,是,马克思主义学院,马克思主义中国化研究,12,全日制,323
闽南师范大学,不是,不是,不是,是,马克思主义学院,思想政治教育,19,全日制,323
闽南师范大学,不是,不是,不是,是,马克思主义学院,中国近现代史基本问题研究,7,全日制,323
闽南师范大学,不是,不是,不是,是,法学院,法律（非法学）,9,全日制,323
闽南师范大学,不是,不是,不是,是,法学院,法律（法学）,9,全日制,323
闽南师范大学,不是,不是,不是,是,法学院,社会工作,27,全日制,323
闽南师范大学,不是,不是,不是,是,教育与心理学院,课程与教学论,4,全日制,341
闽南师范大学,不是,不是,不是,是,教育与心理学院,高等教育学,3,全日制,341
闽南师范大学,不是,不是,不是,是,教育与心理学院,特殊教育学,4,全日制,341
闽南师范大学,不是,不是,不是,是,教育与心理学院,基础心理学,4,全日制,341
闽南师范大学,不是,不是,不是,是,教育与心理学院,发展与教育心理学,4,全日制,341
闽南师范大学,不是,不是,不是,是,教育与心理学院,应用心理学,6,全日制,341
闽南师范大学,不是,不是,不是,是,教育与心理学院,教育管理,8,全日制,341
闽南师范大学,不是,不是,不是,是,马克思主义学院,学科教学（思政）,30,全日制,341
闽南师范大学,不是,不是,不是,是,文学院,学科教学（语文）,77,全日制,341
闽南师范大学,不是,不是,不是,是,数学与统计学院,学科教学（数学）,43,全日制,341
闽南师范大学,不是,不是,不是,是,物理与信息工程学院,学科教学（物理）,10,全日制,341
福建理工大学,不是,不是,不是,是,互联网经贸学院,数字经济,15,全日制,323
福建理工大学,不是,不是,不是,是,法学院（知识产权学院）,法律（非法学）,5,全日制,323
福建理工大学,不是,不是,不是,是,法学院（知识产权学院）,法律（法学）,10,全日制,323
福建理工大学,不是,不是,不是,是,互联网经贸学院,数字经济,15,全日制,323
福建理工大学,不是,不是,不是,是,法学院（知识产权学院）,法律（非法学）,5,全日制,323
福建理工大学,不是,不是,不是,是,法学院（知识产权学院）,法律（法学）,10,全日制,323
福建理工大学,不是,不是,不是,是,法学院（知识产权学院）,知识产权,10,全日制,323
福建理工大学,不是,不是,不是,是,人文学院,国际中文教育,10,全日制,341
福建理工大学,不是,不是,不是,是,人文学院,翻译,10,全日制,351
福建理工大学,不是,不是,不是,是,人文学院,新闻与传播,15,全日制,351
福建中医药大学,不是,不是,不是,是,中西医结合学院中西医结合研究院,内科学,8,全日制,293
福建中医药大学,不是,不是,不是,是,中西医结合学院中西医结合研究院,影像医学与核医学,2,全日制,293
福建中医药大学,不是,不是,不是,是,中西医结合学院中西医结合研究院,临床检验诊断学,5,全日制,293
福建中医药大学,不是,不是,不是,是,中西医结合学院中西医结合研究院,外科学,10,全日制,293
福建中医药大学,不是,不是,不是,是,中西医结合学院中西医结合研究院,妇产科学,2,全日制,293
福建中医药大学,不是,不是,不是,是,中西医结合学院中西医结合研究院,内科学,8,全日制,293
福建中医药大学,不是,不是,不是,是,中西医结合学院中西医结合研究院,影像医学与核医学,2,全日制,293
福建中医药大学,不是,不是,不是,是,中西医结合学院中西医结合研究院,临床检验诊断学,5,全日制,293
福建中医药大学,不是,不是,不是,是,中西医结合学院中西医结合研究院,外科学,10,全日制,293
福建中医药大学,不是,不是,不是,是,中西医结合学院中西医结合研究院,妇产科学,2,全日制,293
福建中医药大学,不是,不是,不是,是,康复医学院,康复医学与理疗学,28,全日制,319
福建中医药大学,不是,不是,不是,是,中医学院,中医基础理论,4,全日制,293
福建中医药大学,不是,不是,不是,是,中医学院,中医临床基础,4,全日制,293
福建中医药大学,不是,不是,不是,是,中医学院,中医医史文献,4,全日制,293
福建中医药大学,不是,不是,不是,是,中医学院,中医诊断学,7,全日制,293
泉州师范学院,不是,不是,不是,是,音乐与舞蹈学院,音乐,49,全日制,351
泉州师范学院,不是,不是,不是,是,陈守仁商学院,音乐,8,全日制,351
泉州师范学院,不是,不是,不是,是,教育科学学院,音乐,19,全日制,351
泉州师范学院,不是,不是,不是,是,音乐与舞蹈学院,舞蹈,12,全日制,351
泉州师范学院,不是,不是,不是,是,陈守仁商学院,舞蹈,10,全日制,351
莆田学院,不是,不是,不是,是,商学院,国际商务,5,全日制,323
莆田学院,不是,不是,不是,是,马克思主义学院,学科教学（思政）,5,全日制,341
莆田学院,不是,不是,不是,是,文化与传播学院,学科教学（语文）,5,全日制,341
莆田学院,不是,不是,不是,是,数学与金融学院,学科教学（数学）,5,全日制,341
莆田学院,不是,不是,不是,是,外国语学院,学科教学（英语）,5,全日制,341
莆田学院,不是,不是,不是,是,商学院,国际商务,5,全日制,323
莆田学院,不是,不是,不是,是,马克思主义学院,学科教学（思政）,5,全日制,341
莆田学院,不是,不是,不是,是,文化与传播学院,学科教学（语文）,5,全日制,341
莆田学院,不是,不是,不是,是,数学与金融学院,学科教学（数学）,5,全日制,341
莆田学院,不是,不是,不是,是,外国语学院,学科教学（英语）,5,全日制,341
厦门国家会计学院,不是,不是,不是,不是,不区分院系,金融,25,全日制,323
厦门国家会计学院,不是,不是,不是,不是,不区分院系,税务,20,全日制,323
厦门国家会计学院,不是,不是,不是,不是,不区分院系,会计,45,全日制,194
厦门国家会计学院,不是,不是,不是,不是,不区分院系,会计,19,非全日制,194
厦门国家会计学院,不是,不是,不是,不是,不区分院系,审计,20,全日制,194
自然资源部第三海洋研究所,不是,不是,不是,不是,不分院系所,物理海洋学,1,全日制,274
自然资源部第三海洋研究所,不是,不是,不是,不是,不分院系所,海洋化学,3,全日制,274
自然资源部第三海洋研究所,不是,不是,不是,不是,不分院系所,海洋生物学,9,全日制,274
自然资源部第三海洋研究所,不是,不是,不是,不是,不分院系所,海洋地质,4,全日制,274
中国科学院福建物质结构研究所,不是,不是,不是,不是,不区分院系,凝聚态物理,2,全日制,274
中国科学院福建物质结构研究所,不是,不是,不是,不是,不区分院系,无机化学,10,全日制,274
中国科学院福建物质结构研究所,不是,不是,不是,不是,不区分院系,有机化学,4,全日制,274
中国科学院福建物质结构研究所,不是,不是,不是,不是,不区分院系,物理化学,6,全日制,274
中国科学院福建物质结构研究所,不是,不是,不是,不是,不区分院系,生物化学与分子生物学,1,全日制,274
武夷学院,不是,不是,不是,是,生态与资源工程学院,环境工程,28,全日制,260
武夷学院,不是,不是,不是,是,茶与食品学院,农艺与种业,28,全日制,245
武夷学院,不是,不是,不是,是,旅游学院,旅游管理,11,全日制,151
武夷学院,不是,不是,不是,是,旅游学院,旅游管理,4,非全日制,151
三明学院,不是,不是,不是,是,机电工程学院,机械工程,10,全日制,260
三明学院,不是,不是,不是,是,机电工程学院,车辆工程,10,全日制,260
三明学院,不是,不是,不是,是,机电工程学院,智能制造技术,10,全日制,260
三明学院,不是,不是,不是,是,资源与化工学院,材料工程,15,全日制,260
三明学院,不是,不是,不是,是,资源与化工学院,化学工程,15,全日制,260
龙岩学院,不是,不是,不是,是,马克思主义学院,马克思主义基本原理,3,全日制,323
龙岩学院,不是,不是,不是,是,马克思主义学院,马克思主义中国化研究,7,全日制,323
龙岩学院,不是,不是,不是,是,马克思主义学院,思想政治教育,4,全日制,323
龙岩学院,不是,不是,不是,是,物理与机电工程学院,机械工程,26,全日制,260
龙岩学院,不是,不是,不是,是,物理与机电工程学院,机械工程,1,非全日制,260
中国科学院城市环境研究所,不是,不是,不是,不是,不区分院系,生态学,2,全日制,304
中国科学院城市环境研究所,不是,不是,不是,不是,不区分院系,环境科学,3,全日制,260
中国科学院城市环境研究所,不是,不是,不是,不是,不区分院系,环境工程,5,全日制,260
中国科学院城市环境研究所,不是,不是,不是,不是,不区分院系,资源与环境,13,全日制,260
中国科学院城市环境研究所,不是,不是,不是,不是,不区分院系,环境经济与环境管理,2,全日制,274
南昌大学,不是,是,是,不是,人文学院,哲学,14,全日制,321
南昌大学,不是,是,是,不是,经济管理学院,理论经济学,20,全日制,323
南昌大学,不是,是,是,不是,经济管理学院,金融,18,全日制,323
南昌大学,不是,是,是,不是,经济管理学院,应用统计,35,全日制,323
南昌大学,不是,是,是,不是,人文学院,哲学,14,全日制,321
南昌大学,不是,是,是,不是,经济管理学院,理论经济学,20,全日制,323
南昌大学,不是,是,是,不是,经济管理学院,金融,18,全日制,323
南昌大学,不是,是,是,不是,经济管理学院,应用统计,35,全日制,323
南昌大学,不是,是,是,不是,法学院,法学,44,全日制,323
南昌大学,不是,是,是,不是,马克思主义学院,马克思主义理论,51,全日制,323
南昌大学,不是,是,是,不是,法学院,法律（非法学）,25,全日制,323
南昌大学,不是,是,是,不是,法学院,法律（法学）,25,全日制,323
南昌大学,不是,是,是,不是,公共政策与管理学院,社会工作,35,全日制,323
南昌大学,不是,是,是,不是,公共政策与管理学院,心理学,10,全日制,341
南昌大学,不是,是,是,不是,体育学院,体育学,15,全日制,304
南昌大学,不是,是,是,不是,教育发展研究院,教育,20,全日制,341
南昌大学,不是,是,是,不是,教育发展研究院,教育,33,非全日制,341
南昌大学,不是,是,是,不是,体育学院,体育,20,全日制,304
南昌大学,不是,是,是,不是,人文学院,国际中文教育,25,全日制,341
南昌大学,不是,是,是,不是,公共政策与管理学院,应用心理,9,全日制,341
南昌大学,不是,是,是,不是,人文学院,中国语言文学,53,全日制,351
南昌大学,不是,是,是,不是,外国语学院,英语语言文学,5,全日制,351
南昌大学,不是,是,是,不是,外国语学院,俄语语言文学,2,全日制,351
南昌大学,不是,是,是,不是,外国语学院,日语语言文学,2,全日制,351
南昌大学,不是,是,是,不是,外国语学院,外国语言学及应用语言学,6,全日制,351
南昌大学,不是,是,是,不是,新闻与传播学院,新闻学,18,全日制,351
南昌大学,不是,是,是,不是,新闻与传播学院,传播学,6,全日制,351
南昌大学,不是,是,是,不是,外国语学院,英语笔译,14,全日制,351
南昌大学,不是,是,是,不是,外国语学院,英语口译,10,全日制,351
南昌大学,不是,是,是,不是,新闻与传播学院,新闻与传播,46,全日制,351
南昌大学,不是,是,是,不是,人文学院,中国史,21,全日制,336
南昌大学,不是,是,是,不是,旅游学院,中国史,21,全日制,336
南昌大学,不是,是,是,不是,数学与计算机学院,数学,48,全日制,274
南昌大学,不是,是,是,不是,物理与材料学院,物理学,45,全日制,274
南昌大学,不是,是,是,不是,化学化工学院,化学,127,全日制,274
南昌大学,不是,是,是,不是,物理与材料学院,天文学,6,全日制,274
南昌大学,不是,是,是,不是,生命科学学院,植物学,12,全日制,274
南昌大学,不是,是,是,不是,生命科学学院,动物学,9,全日制,274
南昌大学,不是,是,是,不是,生命科学学院,微生物学,13,全日制,274
南昌大学,不是,是,是,不是,生命科学学院,遗传学,10,全日制,274
南昌大学,不是,是,是,不是,生命科学学院,细胞生物学,12,全日制,274
南昌大学,不是,是,是,不是,生命科学学院,生物化学与分子生物学,20,全日制,274
南昌大学,不是,是,是,不是,生命科学学院,生态学,21,全日制,274
南昌大学,不是,是,是,不是,经济管理学院,统计学,13,全日制,274
南昌大学,不是,是,是,不是,数学与计算机学院,统计学,3,全日制,274
南昌大学,不是,是,是,不是,食品学院,营养与食品卫生学,19,全日制,274
南昌大学,不是,是,是,不是,工程建设学院,力学,13,全日制,251
南昌大学,不是,是,是,不是,先进制造学院,机械工程,35,全日制,260
南昌大学,不是,是,是,不是,先进制造学院,仪器科学与技术,12,全日制,260
南昌大学,不是,是,是,不是,物理与材料学院,材料科学与工程,82,全日制,260
南昌大学,不是,是,是,不是,先进制造学院,材料加工工程,26,全日制,260
南昌大学,不是,是,是,不是,先进制造学院,动力工程及工程热物理,6,全日制,251
南昌大学,不是,是,是,不是,资源与环境学院,化工过程机械,7,全日制,251
南昌大学,不是,是,是,不是,信息工程学院,电气工程,16,全日制,260
南昌大学,不是,是,是,不是,信息工程学院,信息与通信工程,35,全日制,260
南昌大学,不是,是,是,不是,信息工程学院,控制科学与工程,16,全日制,260
南昌大学,不是,是,是,不是,数学与计算机学院,计算机科学与技术,28,全日制,260
南昌大学,不是,是,是,不是,建筑与设计学院,建筑学,20,全日制,260
南昌大学,不是,是,是,不是,工程建设学院,土木工程,29,全日制,260
江西师范大学,不是,不是,不是,是,马克思主义学院,哲学,18,全日制,321
江西师范大学,不是,不是,不是,是,马克思主义学院,哲学,18,全日制,321
江西师范大学,不是,不是,不是,是,政法学院,法学,12,全日制,344
江西师范大学,不是,不是,不是,是,马克思主义学院,马克思主义理论,83,全日制,333
江西师范大学,不是,不是,不是,是,政法学院,法律（非法学）,15,全日制,323
江西师范大学,不是,不是,不是,是,政法学院,法律（法学）,23,全日制,323
江西师范大学,不是,不是,不是,是,政法学院,社会工作,19,全日制,323
江西师范大学,不是,不是,不是,是,政法学院,社会工作,26,非全日制,323
江西师范大学,不是,不是,不是,是,心理学院,心理学,35,全日制,341
江西师范大学,不是,不是,不是,是,教育学院,教育管理,57,非全日制,341
江西师范大学,不是,不是,不是,是,马克思主义学院,学科教学（思政）,50,全日制,356
江西师范大学,不是,不是,不是,是,文学院,学科教学（语文）,57,全日制,367
江西师范大学,不是,不是,不是,是,数学与统计学院,学科教学（数学）,34,全日制,341
江西师范大学,不是,不是,不是,是,物理与通信电子学院,学科教学（物理）,25,全日制,362
江西师范大学,不是,不是,不是,是,化学与材料学院,学科教学（化学）,43,全日制,341
江西财经大学,不是,不是,不是,是,经济学院,国民经济学,5,全日制,323
江西财经大学,不是,不是,不是,是,金融学院,金融学,25,全日制,326
江西财经大学,不是,不是,不是,是,经济学院,国民经济学,5,全日制,323
江西财经大学,不是,不是,不是,是,金融学院,金融学,25,全日制,326
江西财经大学,不是,不是,不是,是,统计与数据科学学院,统计学,30,全日制,326
江西财经大学,不是,不是,不是,是,统计与数据科学学院,数量经济学,7,全日制,324
江西财经大学,不是,不是,不是,是,金融学院,金融,85,全日制,356
江西财经大学,不是,不是,不是,是,科技金融研究中心,金融,25,全日制,328
江西财经大学,不是,不是,不是,是,统计与数据科学学院,应用统计,160,全日制,335
江西财经大学,不是,不是,不是,是,金融学院,保险,10,全日制,325
江西财经大学,不是,不是,不是,是,经济学院,资产评估,68,全日制,345
江西理工大学,不是,不是,不是,是,商学院（南昌）,应用经济学,3,全日制,323
江西理工大学,不是,不是,不是,是,经济管理学院,应用经济学,5,全日制,323
江西理工大学,不是,不是,不是,是,有色金属产业发展研究院,应用经济学,2,全日制,323
江西理工大学,不是,不是,不是,是,商学院（南昌）,金融,9,全日制,323
江西理工大学,不是,不是,不是,是,经济管理学院,金融,4,全日制,323
江西理工大学,不是,不是,不是,是,商学院（南昌）,应用经济学,3,全日制,323
江西理工大学,不是,不是,不是,是,经济管理学院,应用经济学,5,全日制,323
江西理工大学,不是,不是,不是,是,有色金属产业发展研究院,应用经济学,2,全日制,323
江西理工大学,不是,不是,不是,是,商学院（南昌）,金融,9,全日制,323
江西理工大学,不是,不是,不是,是,经济管理学院,金融,4,全日制,323
江西理工大学,不是,不是,不是,是,法学院,法律史,3,全日制,323
江西理工大学,不是,不是,不是,是,法学院,宪法学与行政法学,3,全日制,323
江西理工大学,不是,不是,不是,是,法学院,刑法学,2,全日制,323
江西理工大学,不是,不是,不是,是,法学院,民商法学,3,全日制,323
江西理工大学,不是,不是,不是,是,法学院,环境与资源保护法学,5,全日制,323
江西理工大学,不是,不是,不是,是,马克思主义学院,马克思主义理论,29,全日制,323
江西理工大学,不是,不是,不是,是,法学院,法律（非法学）,12,全日制,323
江西理工大学,不是,不是,不是,是,法学院,法律（非法学）,3,非全日制,323
江西理工大学,不是,不是,不是,是,法学院,法律（法学）,13,全日制,323
江西理工大学,不是,不是,不是,是,法学院,法律（法学）,3,非全日制,323
江西理工大学,不是,不是,不是,是,体育与艺术学院,体育,9,全日制,304
江西理工大学,不是,不是,不是,是,体育与艺术学院,体育,11,非全日制,304
江西理工大学,不是,不是,不是,是,外国语学院,国际中文教育,10,全日制,341
江西理工大学,不是,不是,不是,是,外国语学院,翻译,27,全日制,351
江西理工大学,不是,不是,不是,是,理学院,数学,13,全日制,274
江西理工大学,不是,不是,不是,是,化学化工学院,化学,26,全日制,274
江西理工大学,不是,不是,不是,是,土木与测绘工程学院,自然地理学,2,全日制,274
江西理工大学,不是,不是,不是,是,土木与测绘工程学院,人文地理学,2,全日制,274
江西理工大学,不是,不是,不是,是,土木与测绘工程学院,地图学与地理信息系统,17,全日制,274
江西理工大学,不是,不是,不是,是,国际创新研究院（南昌）,环境工程,5,全日制,274
江西理工大学,不是,不是,不是,是,机电工程学院,机械工程,15,全日制,260
江西理工大学,不是,不是,不是,是,稀土学院,材料科学与工程,15,全日制,260
江西理工大学,不是,不是,不是,是,能源与机械工程学院（南昌）,材料科学与工程,2,全日制,260
江西理工大学,不是,不是,不是,是,江西先进铜产业研究院,材料科学与工程,5,全日制,260
江西理工大学,不是,不是,不是,是,国际创新研究院（南昌）,材料科学与工程,3,全日制,260
江西理工大学,不是,不是,不是,是,材料科学与工程学院,材料科学与工程,20,全日制,260
江西理工大学,不是,不是,不是,是,冶金工程学院,冶金工程,25,全日制,251
华东交通大学,不是,不是,不是,是,经济管理学院,金融学,2,全日制,323
华东交通大学,不是,不是,不是,是,经济管理学院,劳动经济学,3,全日制,323
华东交通大学,不是,不是,不是,是,经济管理学院,金融,19,全日制,323
华东交通大学,不是,不是,不是,是,经济管理学院,应用统计,18,全日制,323
华东交通大学,不是,不是,不是,是,人文社会科学学院,宪法学与行政法学,3,全日制,323
华东交通大学,不是,不是,不是,是,经济管理学院,金融学,2,全日制,323
华东交通大学,不是,不是,不是,是,经济管理学院,劳动经济学,3,全日制,323
华东交通大学,不是,不是,不是,是,经济管理学院,金融,19,全日制,323
华东交通大学,不是,不是,不是,是,经济管理学院,应用统计,18,全日制,323
华东交通大学,不是,不是,不是,是,人文社会科学学院,宪法学与行政法学,3,全日制,323
华东交通大学,不是,不是,不是,是,人文社会科学学院,刑法学,3,全日制,323
华东交通大学,不是,不是,不是,是,人文社会科学学院,民商法学,3,全日制,323
华东交通大学,不是,不是,不是,是,人文社会科学学院,经济法学,3,全日制,323
华东交通大学,不是,不是,不是,是,马克思主义学院,马克思主义理论,12,全日制,323
华东交通大学,不是,不是,不是,是,人文社会科学学院,法律（非法学）,3,全日制,323
华东交通大学,不是,不是,不是,是,人文社会科学学院,法律（非法学）,2,非全日制,323
华东交通大学,不是,不是,不是,是,人文社会科学学院,法律（法学）,3,全日制,323
华东交通大学,不是,不是,不是,是,马克思主义学院,社会工作,9,全日制,323
华东交通大学,不是,不是,不是,是,马克思主义学院,社会工作,33,非全日制,323
华东交通大学,不是,不是,不是,是,人文社会科学学院,知识产权,7,全日制,323
华东交通大学,不是,不是,不是,是,体育与健康学院,体育学,10,全日制,304
华东交通大学,不是,不是,不是,是,体育与健康学院,体育,16,全日制,304
华东交通大学,不是,不是,不是,是,体育与健康学院,体育,32,非全日制,304
华东交通大学,不是,不是,不是,是,人文社会科学学院,国际中文教育,5,全日制,341
华东交通大学,不是,不是,不是,是,人文社会科学学院,国际中文教育,21,非全日制,341
南昌航空大学,不是,不是,不是,是,经济管理学院,理论经济学,13,全日制,323
南昌航空大学,不是,不是,不是,是,经济管理学院,数字经济,24,全日制,323
南昌航空大学,不是,不是,不是,是,马克思主义学院,马克思主义理论,30,全日制,362
南昌航空大学,不是,不是,不是,是,文法学院,法律（非法学）,4,非全日制,323
南昌航空大学,不是,不是,不是,是,文法学院,法律（法学）,4,非全日制,323
南昌航空大学,不是,不是,不是,是,经济管理学院,理论经济学,13,全日制,323
南昌航空大学,不是,不是,不是,是,经济管理学院,数字经济,24,全日制,323
南昌航空大学,不是,不是,不是,是,马克思主义学院,马克思主义理论,30,全日制,362
南昌航空大学,不是,不是,不是,是,文法学院,法律（非法学）,4,非全日制,323
南昌航空大学,不是,不是,不是,是,文法学院,法律（法学）,4,非全日制,323
南昌航空大学,不是,不是,不是,是,文法学院,社会工作,4,全日制,323
南昌航空大学,不是,不是,不是,是,文法学院,社会工作,7,非全日制,323
南昌航空大学,不是,不是,不是,是,外国语学院,英语语言文学,4,全日制,351
南昌航空大学,不是,不是,不是,是,外国语学院,德语语言文学,2,全日制,351
南昌航空大学,不是,不是,不是,是,外国语学院,外国语言学及应用语言学,2,全日制,351
南昌航空大学,不是,不是,不是,是,外国语学院,英语笔译,14,全日制,351
南昌航空大学,不是,不是,不是,是,数学与信息科学学院,数学,19,全日制,274
南昌航空大学,不是,不是,不是,是,环境与化学工程学院,化学,30,全日制,274
南昌航空大学,不是,不是,不是,是,环境与化学工程学院,环境科学与工程,20,全日制,274
南昌航空大学,不是,不是,不是,是,航空制造与机械工程学院,机械工程,18,全日制,260
江西农业大学,不是,不是,不是,是,经济管理学院,应用经济学,9,全日制,323
江西农业大学,不是,不是,不是,是,马克思主义学院（政治学院）,马克思主义基本原理,6,全日制,323
江西农业大学,不是,不是,不是,是,马克思主义学院（政治学院）,马克思主义中国化研究,7,全日制,323
江西农业大学,不是,不是,不是,是,马克思主义学院（政治学院）,思想政治教育,10,全日制,323
江西农业大学,不是,不是,不是,是,职业师范学院,高等教育学,6,全日制,341
江西农业大学,不是,不是,不是,是,经济管理学院,应用经济学,9,全日制,323
江西农业大学,不是,不是,不是,是,马克思主义学院（政治学院）,马克思主义基本原理,6,全日制,323
江西农业大学,不是,不是,不是,是,马克思主义学院（政治学院）,马克思主义中国化研究,7,全日制,323
江西农业大学,不是,不是,不是,是,马克思主义学院（政治学院）,思想政治教育,10,全日制,323
江西农业大学,不是,不是,不是,是,职业师范学院,高等教育学,6,全日制,341
江西农业大学,不是,不是,不是,是,职业师范学院,职业技术教育学,7,全日制,341
江西农业大学,不是,不是,不是,是,职业师范学院,教育技术学,6,全日制,341
江西农业大学,不是,不是,不是,是,职业师范学院,教育管理,14,全日制,341
江西农业大学,不是,不是,不是,是,职业师范学院,教育管理,3,非全日制,341
江西农业大学,不是,不是,不是,是,外国语学院,学科教学（英语）,13,全日制,341
江西农业大学,不是,不是,不是,是,外国语学院,学科教学（英语）,3,非全日制,341
江西农业大学,不是,不是,不是,是,化学与材料学院,化学,5,全日制,274
江西农业大学,不是,不是,不是,是,林学院（园林与艺术学院）,植物学,2,全日制,274
江西农业大学,不是,不是,不是,是,农学院,动物学,3,全日制,274
江西农业大学,不是,不是,不是,是,生物科学与工程学院,微生物学,7,全日制,274
江西农业大学,不是,不是,不是,是,农学院,遗传学,5,全日制,274
江西农业大学,不是,不是,不是,是,生物科学与工程学院,细胞生物学,5,全日制,274
江西农业大学,不是,不是,不是,是,生物科学与工程学院,生物化学与分子生物学,5,全日制,274
江西农业大学,不是,不是,不是,是,林学院（园林与艺术学院）,生态学,8,全日制,274
江西农业大学,不是,不是,不是,是,计算机与信息工程学院,计算机科学与技术,7,全日制,260
东华理工大学,不是,不是,不是,是,马克思主义学院,马克思主义理论,21,全日制,323
东华理工大学,不是,不是,不是,是,马克思主义学院,马克思主义理论,21,全日制,323
东华理工大学,不是,不是,不是,是,师范学院,教育管理,7,全日制,341
东华理工大学,不是,不是,不是,是,师范学院,教育管理,18,非全日制,341
东华理工大学,不是,不是,不是,是,理学院,学科教学（数学）,8,全日制,341
东华理工大学,不是,不是,不是,是,理学院,学科教学（数学）,3,非全日制,341
东华理工大学,不是,不是,不是,是,理学院,学科教学（物理）,5,全日制,341
东华理工大学,不是,不是,不是,是,理学院,学科教学（物理）,3,非全日制,341
东华理工大学,不是,不是,不是,是,化学与材料学院,学科教学（化学）,4,全日制,341
赣南师范大学,不是,不是,不是,是,马克思主义学院,马克思主义理论,33,全日制,323
赣南师范大学,不是,不是,不是,是,马克思主义学院,马克思主义理论,33,全日制,323
赣南师范大学,不是,不是,不是,是,教育科学学院,教育学,16,全日制,341
赣南师范大学,不是,不是,不是,是,教育科学学院,心理学,8,全日制,341
赣南师范大学,不是,不是,不是,是,教育科学学院,教育管理,8,非全日制,341
赣南师范大学,不是,不是,不是,是,马克思主义学院,学科教学（思政）,23,全日制,341
赣南师范大学,不是,不是,不是,是,数学与计算机科学学院,学科教学（数学）,25,全日制,341
赣南师范大学,不是,不是,不是,是,物理与电子信息学院,学科教学（物理）,12,全日制,341
景德镇陶瓷大学,不是,不是,不是,是,马克思主义学院,马克思主义哲学,5,全日制,321
景德镇陶瓷大学,不是,不是,不是,是,马克思主义学院,中国哲学,5,全日制,321
景德镇陶瓷大学,不是,不是,不是,是,马克思主义学院,美学,4,全日制,321
景德镇陶瓷大学,不是,不是,不是,是,马克思主义学院,思想政治教育,18,全日制,323
景德镇陶瓷大学,不是,不是,不是,是,马克思主义学院,马克思主义哲学,5,全日制,321
景德镇陶瓷大学,不是,不是,不是,是,马克思主义学院,中国哲学,5,全日制,321
景德镇陶瓷大学,不是,不是,不是,是,马克思主义学院,美学,4,全日制,321
景德镇陶瓷大学,不是,不是,不是,是,马克思主义学院,思想政治教育,18,全日制,323
江西中医药大学,不是,不是,不是,是,人文学院,应用心理,36,全日制,341
江西中医药大学,不是,不是,不是,是,计算机学院,计算机科学与技术,20,全日制,260
江西中医药大学,不是,不是,不是,是,计算机学院,电子信息,18,全日制,260
江西中医药大学,不是,不是,不是,是,药学院,生物与医药,14,全日制,260
江西中医药大学,不是,不是,不是,是,中医学院,中医基础理论,14,全日制,293
江西中医药大学,不是,不是,不是,是,人文学院,应用心理,36,全日制,341
江西中医药大学,不是,不是,不是,是,计算机学院,计算机科学与技术,20,全日制,260
江西中医药大学,不是,不是,不是,是,计算机学院,电子信息,18,全日制,260
江西中医药大学,不是,不是,不是,是,药学院,生物与医药,14,全日制,260
江西中医药大学,不是,不是,不是,是,中医学院,中医基础理论,14,全日制,293
江西中医药大学,不是,不是,不是,是,临床医学院,中医临床基础,5,全日制,293
江西中医药大学,不是,不是,不是,是,中医学院,中医医史文献,6,全日制,293
江西中医药大学,不是,不是,不是,是,中医学院,方剂学,11,全日制,293
江西中医药大学,不是,不是,不是,是,中医学院,中医诊断学,8,全日制,293
江西中医药大学,不是,不是,不是,是,临床医学院,中医内科学,7,全日制,293
江西中医药大学,不是,不是,不是,是,二附院（创新基地医院）,中医内科学,6,全日制,293
江西中医药大学,不是,不是,不是,是,非直属附属医院,中医内科学,1,全日制,293
江西中医药大学,不是,不是,不是,是,二附院（创新基地医院）,中医外科学,5,全日制,293
江西中医药大学,不是,不是,不是,是,临床医学院,中医骨伤科学,1,全日制,293
江西中医药大学,不是,不是,不是,是,二附院（创新基地医院）,中医骨伤科学,5,全日制,293
江西中医药大学,不是,不是,不是,是,二附院（创新基地医院）,中医妇科学,5,全日制,293
江西中医药大学,不是,不是,不是,是,临床医学院,中医儿科学,5,全日制,293
江西中医药大学,不是,不是,不是,是,非直属附属医院,中医儿科学,1,全日制,293
江西中医药大学,不是,不是,不是,是,临床医学院,中医五官科学,1,全日制,293
江西中医药大学,不是,不是,不是,是,针灸推拿学院,针灸推拿学,6,全日制,293
江西水利电力大学,不是,不是,不是,是,理学院,应用统计,10,全日制,323
江西水利电力大学,不是,不是,不是,是,外国语学院,英语笔译,11,全日制,351
江西水利电力大学,不是,不是,不是,是,人文与艺术学院,出版,8,全日制,351
江西水利电力大学,不是,不是,不是,是,电气工程学院,电气工程,14,全日制,260
江西水利电力大学,不是,不是,不是,是,信息工程学院,信息与通信工程,38,全日制,260
江西水利电力大学,不是,不是,不是,是,理学院,应用统计,10,全日制,323
江西水利电力大学,不是,不是,不是,是,外国语学院,英语笔译,11,全日制,351
江西水利电力大学,不是,不是,不是,是,人文与艺术学院,出版,8,全日制,351
江西水利电力大学,不是,不是,不是,是,电气工程学院,电气工程,14,全日制,260
江西水利电力大学,不是,不是,不是,是,信息工程学院,信息与通信工程,38,全日制,260
江西水利电力大学,不是,不是,不是,是,水利工程学院,水利工程,35,全日制,251
江西水利电力大学,不是,不是,不是,是,信息工程学院,通信工程（含宽带网络、移动通信等）,9,全日制,260
江西水利电力大学,不是,不是,不是,是,信息工程学院,通信工程（含宽带网络、移动通信等）,1,非全日制,260
江西水利电力大学,不是,不是,不是,是,信息工程学院,计算机技术,12,全日制,260
江西科技师范大学,不是,不是,不是,是,马克思主义学院,马克思主义理论,15,全日制,323
江西科技师范大学,不是,不是,不是,是,马克思主义学院,中共党史党建学,12,全日制,323
江西科技师范大学,不是,不是,不是,是,经济管理与法学院,法律（非法学）,5,全日制,323
江西科技师范大学,不是,不是,不是,是,经济管理与法学院,法律（法学）,6,全日制,323
江西科技师范大学,不是,不是,不是,是,教育学部,课程与教学论,7,全日制,341
江西科技师范大学,不是,不是,不是,是,马克思主义学院,马克思主义理论,15,全日制,323
江西科技师范大学,不是,不是,不是,是,马克思主义学院,中共党史党建学,12,全日制,323
江西科技师范大学,不是,不是,不是,是,经济管理与法学院,法律（非法学）,5,全日制,323
江西科技师范大学,不是,不是,不是,是,经济管理与法学院,法律（法学）,6,全日制,323
江西科技师范大学,不是,不是,不是,是,教育学部,课程与教学论,7,全日制,341
江西科技师范大学,不是,不是,不是,是,教育学部,学前教育学,2,全日制,341
江西科技师范大学,不是,不是,不是,是,教育学部,高等教育学,8,全日制,341
江西科技师范大学,不是,不是,不是,是,教育学部,成人教育学,6,全日制,341
江西科技师范大学,不是,不是,不是,是,教育学部,职业技术教育学,8,全日制,341
江西科技师范大学,不是,不是,不是,是,体育与健康学院,体育学,13,全日制,304
江西科技师范大学,不是,不是,不是,是,教育学部,教育管理,11,全日制,341
江西科技师范大学,不是,不是,不是,是,教育学部,教育管理,20,非全日制,341
江西科技师范大学,不是,不是,不是,是,教育学部（马克思主义学院）,学科教学（思政）,6,全日制,341
江西科技师范大学,不是,不是,不是,是,教育学部（马克思主义学院）,学科教学（思政）,20,非全日制,341
江西科技师范大学,不是,不是,不是,是,教育学部（文学院）,学科教学（语文）,20,全日制,341
井冈山大学,不是,不是,不是,是,马克思主义学院,马克思主义基本原理,8,全日制,323
井冈山大学,不是,不是,不是,是,马克思主义学院,马克思主义中国化研究,8,全日制,323
井冈山大学,不是,不是,不是,是,马克思主义学院,思想政治教育,8,全日制,323
井冈山大学,不是,不是,不是,是,政法学院,社会工作,29,全日制,323
井冈山大学,不是,不是,不是,是,马克思主义学院,马克思主义基本原理,8,全日制,323
井冈山大学,不是,不是,不是,是,马克思主义学院,马克思主义中国化研究,8,全日制,323
井冈山大学,不是,不是,不是,是,马克思主义学院,思想政治教育,8,全日制,323
井冈山大学,不是,不是,不是,是,政法学院,社会工作,29,全日制,323
赣南医科大学,不是,不是,不是,是,人文社会科学学院,应用心理,6,全日制,341
赣南医科大学,不是,不是,不是,是,医学信息工程学院,生物医学工程,3,全日制,274
赣南医科大学,不是,不是,不是,是,医学信息工程学院,生物医学工程,6,全日制,260
赣南医科大学,不是,不是,不是,是,基础医学院,生物与医药,3,全日制,260
赣南医科大学,不是,不是,不是,是,创新与转化医学研究院（重大疾病新药创制全国重点实验室）,生物与医药,50,全日制,260
赣南医科大学,不是,不是,不是,是,人文社会科学学院,应用心理,6,全日制,341
赣南医科大学,不是,不是,不是,是,医学信息工程学院,生物医学工程,3,全日制,274
赣南医科大学,不是,不是,不是,是,医学信息工程学院,生物医学工程,6,全日制,260
赣南医科大学,不是,不是,不是,是,基础医学院,生物与医药,3,全日制,260
赣南医科大学,不是,不是,不是,是,创新与转化医学研究院（重大疾病新药创制全国重点实验室）,生物与医药,50,全日制,260
赣南医科大学,不是,不是,不是,是,基础医学院,基础医学,42,全日制,293
赣南医科大学,不是,不是,不是,是,第一临床医学院,内科学,12,全日制,293
赣南医科大学,不是,不是,不是,是,第一临床医学院,儿科学,4,全日制,293
赣南医科大学,不是,不是,不是,是,第一临床医学院,神经病学,2,全日制,293
赣南医科大学,不是,不是,不是,是,第一临床医学院,皮肤病与性病学,2,全日制,293
中国航空研究院602研究所,不是,不是,不是,不是,不区分院系,飞行器设计,4,全日制,260
上饶师范学院,不是,不是,不是,是,马克思主义学院,学科教学（思政）,5,全日制,341
上饶师范学院,不是,不是,不是,是,数学与计算科学学院,学科教学（数学）,5,全日制,341
上饶师范学院,不是,不是,不是,是,物理科学与智能教育学院,现代教育技术,4,全日制,341
上饶师范学院,不是,不是,不是,是,体育学院,体育教学,11,全日制,304
九江学院,不是,不是,不是,是,经济学院,国际商务,13,全日制,323
九江学院,不是,不是,不是,是,资源环境学院,环境工程,17,全日制,260
九江学院,不是,不是,不是,是,基础医学院,生物技术与工程,9,全日制,260
九江学院,不是,不是,不是,是,药学与生命科学学院,生物技术与工程,11,全日制,260
九江学院,不是,不是,不是,是,化学化工学院,制药工程,7,全日制,260
山东大学,是,是,是,不是,哲学与社会发展学院（含易学中心、犹太教中心）,哲学,28,全日制,350
山东大学,是,是,是,不是,儒学高等研究院（文史哲研究院）,中国哲学,6,全日制,350
山东大学,是,是,是,不是,儒学高等研究院（文史哲研究院）,科学技术哲学,1,全日制,350
山东大学,是,是,是,不是,经济学院,理论经济学,3,全日制,330
山东大学,是,是,是,不是,经济研究院,理论经济学,6,全日制,330
山东大学,是,是,是,不是,哲学与社会发展学院（含易学中心、犹太教中心）,哲学,28,全日制,350
山东大学,是,是,是,不是,儒学高等研究院（文史哲研究院）,中国哲学,6,全日制,350
山东大学,是,是,是,不是,儒学高等研究院（文史哲研究院）,科学技术哲学,1,全日制,350
山东大学,是,是,是,不是,经济学院,理论经济学,3,全日制,330
山东大学,是,是,是,不是,经济研究院,理论经济学,6,全日制,330
山东大学,是,是,是,不是,东北亚学院,世界经济,1,全日制,330
山东大学,是,是,是,不是,商学院,人口、资源与环境经济学,3,全日制,330
山东大学,是,是,是,不是,经济学院,应用经济学,17,全日制,330
山东大学,是,是,是,不是,商学院,应用经济学,5,全日制,330
山东大学,是,是,是,不是,经济研究院,金融学,3,全日制,330
山东大学,是,是,是,不是,经济研究院,劳动经济学,1,全日制,330
山东大学,是,是,是,不是,经济研究院,数量经济学,1,全日制,330
山东大学,是,是,是,不是,经济学院,金融,27,全日制,345
山东大学,是,是,是,不是,经济研究院,金融,11,全日制,345
山东大学,是,是,是,不是,商学院,金融,7,全日制,345
山东大学,是,是,是,不是,经济研究院,应用统计,2,全日制,335
山东大学,是,是,是,不是,金融研究院,应用统计,17,全日制,335
山东大学,是,是,是,不是,数学与统计学院,应用统计,2,全日制,335
山东大学,是,是,是,不是,数据科学研究院,应用统计,2,全日制,335
山东大学,是,是,是,不是,经济学院,税务,14,全日制,355
山东大学,是,是,是,不是,经济学院,国际商务,10,全日制,360
山东大学,是,是,是,不是,纪检监察学院,法学,4,全日制,340
山东大学,是,是,是,不是,法学院,法学理论,2,全日制,340
山东大学,是,是,是,不是,法学院,宪法学与行政法学,2,全日制,340
山东大学,是,是,是,不是,法学院,刑法学,1,全日制,340
山东大学,是,是,是,不是,法学院,民商法学,1,全日制,340
山东大学,是,是,是,不是,法学院,诉讼法学,1,全日制,340
山东大学,是,是,是,不是,法学院,经济法学,1,全日制,340
山东大学,是,是,是,不是,法学院,国际法学,2,全日制,340
山东大学,是,是,是,不是,政治学与公共管理学院（含当代社会主义研究所）,政治学理论,8,全日制,340
山东大学,是,是,是,不是,政治学与公共管理学院（含当代社会主义研究所）,科学社会主义与国际共产主义运动,3,全日制,340
山东大学,是,是,是,不是,政治学与公共管理学院（含当代社会主义研究所）,中共党史,6,全日制,340
山东大学,是,是,是,不是,东北亚学院,国际政治,2,全日制,340
山东大学,是,是,是,不是,政治学与公共管理学院（含当代社会主义研究所）,国际政治,8,全日制,340
山东大学,是,是,是,不是,政治学与公共管理学院（含当代社会主义研究所）,国际关系,4,全日制,340
山东大学,是,是,是,不是,哲学与社会发展学院（含易学中心、犹太教中心）,社会学,4,全日制,340
山东大学,是,是,是,不是,儒学高等研究院（文史哲研究院）,民俗学,4,全日制,340
山东大学,是,是,是,不是,马克思主义学院（威海）,马克思主义理论,11,全日制,340
山东大学,是,是,是,不是,马克思主义学院,马克思主义基本原理,10,全日制,340
山东大学,是,是,是,不是,马克思主义学院,马克思主义发展史,2,全日制,340
山东大学,是,是,是,不是,马克思主义学院,马克思主义中国化研究,10,全日制,340
山东大学,是,是,是,不是,马克思主义学院,国外马克思主义研究,2,全日制,340
山东大学,是,是,是,不是,马克思主义学院,思想政治教育,9,全日制,340
山东大学,是,是,是,不是,马克思主义学院,中国近现代史基本问题研究,2,全日制,340
山东大学,是,是,是,不是,马克思主义学院,中共党史党建学,10,全日制,340
山东大学,是,是,是,不是,法学院,法律（非法学）,40,全日制,325
山东大学,是,是,是,不是,纪检监察学院,法律（非法学）,2,全日制,340
山东大学,是,是,是,不是,法学院,法律（法学）,28,全日制,323
山东大学,是,是,是,不是,纪检监察学院,法律（法学）,5,全日制,340
山东大学,是,是,是,不是,哲学与社会发展学院（含易学中心、犹太教中心）,社会工作,23,全日制,370
山东大学,是,是,是,不是,纪检监察学院,社会工作,2,全日制,370
山东大学,是,是,是,不是,体育学院,体育学,3,全日制,335
山东大学,是,是,是,不是,体育学院,体育,6,全日制,360
山东大学,是,是,是,不是,国际教育学院,国际中文教育,6,全日制,355
山东大学,是,是,是,不是,文化传播学院,国际中文教育,2,全日制,355
山东大学,是,是,是,不是,儒学高等研究院（文史哲研究院）,文艺学,1,全日制,355
山东大学,是,是,是,不是,文化传播学院,文艺学,1,全日制,355
山东大学,是,是,是,不是,文学院（含文艺美学研究中心）,文艺学,4,全日制,355
山东大学,是,是,是,不是,文化传播学院,语言学及应用语言学,1,全日制,355
山东大学,是,是,是,不是,文学院（含文艺美学研究中心）,语言学及应用语言学,1,全日制,355
山东大学,是,是,是,不是,儒学高等研究院（文史哲研究院）,汉语言文字学,1,全日制,355
山东大学,是,是,是,不是,文学院（含文艺美学研究中心）,汉语言文字学,2,全日制,355
山东大学,是,是,是,不是,儒学高等研究院（文史哲研究院）,中国古典文献学,5,全日制,355
山东大学,是,是,是,不是,文学院（含文艺美学研究中心）,中国古典文献学,2,全日制,355
山东大学,是,是,是,不是,儒学高等研究院（文史哲研究院）,中国古代文学,2,全日制,355
山东大学,是,是,是,不是,文学院（含文艺美学研究中心）,中国古代文学,3,全日制,355
山东大学,是,是,是,不是,文化传播学院,中国现当代文学,2,全日制,355
山东大学,是,是,是,不是,文学院（含文艺美学研究中心）,中国现当代文学,6,全日制,355
山东大学,是,是,是,不是,文学院（含文艺美学研究中心）,比较文学与世界文学,1,全日制,355
山东大学,是,是,是,不是,外国语学院,英语语言文学,4,全日制,355
山东大学,是,是,是,不是,翻译学院,英语语言文学,4,全日制,355
山东大学,是,是,是,不是,外国语学院,俄语语言文学,2,全日制,355
山东大学,是,是,是,不是,外国语学院,法语语言文学,1,全日制,355
山东大学,是,是,是,不是,外国语学院,德语语言文学,1,全日制,355
山东大学,是,是,是,不是,外国语学院,日语语言文学,2,全日制,355
山东大学,是,是,是,不是,外国语学院,亚非语言文学,1,全日制,355
山东大学,是,是,是,不是,东北亚学院,亚非语言文学,1,全日制,355
山东大学,是,是,是,不是,外国语学院,外国语言学及应用语言学,2,全日制,355
山东大学,是,是,是,不是,新闻传播学院,新闻传播学,4,全日制,355
山东大学,是,是,是,不是,文化传播学院,新闻学,1,全日制,355
山东大学,是,是,是,不是,外国语学院,英语笔译,9,全日制,385
山东大学,是,是,是,不是,翻译学院,英语笔译,15,全日制,385
山东大学,是,是,是,不是,外国语学院,英语口译,3,全日制,385
山东大学,是,是,是,不是,外国语学院,俄语笔译,2,全日制,385
山东大学,是,是,是,不是,外国语学院,日语笔译,3,全日制,385
山东大学,是,是,是,不是,外国语学院,朝鲜语笔译,2,全日制,385
山东大学,是,是,是,不是,东北亚学院,朝鲜语口译,22,全日制,385
山东大学,是,是,是,不是,东北亚学院,朝鲜语口译,4,非全日制,385
山东大学,是,是,是,不是,新闻传播学院,新闻与传播,18,全日制,365
山东大学,是,是,是,不是,文化传播学院,新闻与传播,2,全日制,365
中国海洋大学,是,是,是,不是,经济学院,国民经济学,4,全日制,323
中国海洋大学,是,是,是,不是,经济学院,区域经济学,6,全日制,323
中国海洋大学,是,是,是,不是,经济学院,金融学,15,全日制,333
中国海洋大学,是,是,是,不是,经济学院,产业经济学,1,全日制,323
中国海洋大学,是,是,是,不是,经济学院,国际贸易学,7,全日制,323
中国海洋大学,是,是,是,不是,经济学院,国民经济学,4,全日制,323
中国海洋大学,是,是,是,不是,经济学院,区域经济学,6,全日制,323
中国海洋大学,是,是,是,不是,经济学院,金融学,15,全日制,333
中国海洋大学,是,是,是,不是,经济学院,产业经济学,1,全日制,323
中国海洋大学,是,是,是,不是,经济学院,国际贸易学,7,全日制,323
中国海洋大学,是,是,是,不是,经济学院,数量经济学,1,全日制,323
中国海洋大学,是,是,是,不是,经济学院,金融,30,全日制,346
中国海洋大学,是,是,是,不是,数学科学学院,应用统计,10,全日制,366
中国海洋大学,是,是,是,不是,经济学院,国际商务,12,全日制,332
中国海洋大学,是,是,是,不是,经济学院,保险,6,全日制,340
中国海洋大学,是,是,是,不是,法学院,法学,37,全日制,328
中国海洋大学,是,是,是,不是,国际事务与公共管理学院,政治学,1,全日制,362
中国海洋大学,是,是,是,不是,马克思主义学院,马克思主义理论,10,全日制,328
中国海洋大学,是,是,是,不是,法学院,法律（非法学）,65,全日制,323
中国海洋大学,是,是,是,不是,法学院,法律（法学）,23,全日制,323
中国海洋大学,是,是,是,不是,基础教学中心,教育管理,10,全日制,341
中国海洋大学,是,是,是,不是,基础教学中心,教育管理,45,非全日制,341
中国海洋大学,是,是,是,不是,基础教学中心,学科教学（语文）,8,全日制,371
中国海洋大学,是,是,是,不是,基础教学中心,学科教学（数学）,3,全日制,341
中国海洋大学,是,是,是,不是,基础教学中心,学科教学（英语）,9,全日制,381
中国海洋大学,是,是,是,不是,基础教学中心,现代教育技术,10,全日制,355
中国海洋大学,是,是,是,不是,基础教学中心,科学与技术教育,10,全日制,341
中国海洋大学,是,是,是,不是,基础教学中心,学前教育,8,全日制,364
中国海洋大学,是,是,是,不是,基础教学中心,职业技术教育,2,全日制,341
中国海洋大学,是,是,是,不是,基础教学中心,体育教学,7,全日制,325
中国海洋大学,是,是,是,不是,基础教学中心,运动训练,6,全日制,340
中国海洋大学,是,是,是,不是,文学与新闻传播学院,国际中文教育,17,全日制,341
中国海洋大学,是,是,是,不是,文学与新闻传播学院,中国语言文学,1,全日制,374
中国海洋大学,是,是,是,不是,外国语学院,外国语言文学,13,全日制,384
中国海洋大学,是,是,是,不是,文学与新闻传播学院,新闻与传播,19,全日制,351
中国海洋大学,是,是,是,不是,文学与新闻传播学院,中国史,4,全日制,367
中国海洋大学,是,是,是,不是,数学科学学院,数学,1,全日制,274
中国海洋大学,是,是,是,不是,信息科学与工程学部,物理学,23,全日制,277
中国海洋大学,是,是,是,不是,信息科学与工程学部,声学,5,全日制,274
中国石油大学（华东）,不是,是,是,不是,经济管理学院,应用经济学,5,全日制,333
中国石油大学（华东）,不是,是,是,不是,经济管理学院,金融,19,全日制,357
中国石油大学（华东）,不是,是,是,不是,理学院,应用统计,21,全日制,359
中国石油大学（华东）,不是,是,是,不是,文法学院,法学,14,全日制,326
中国石油大学（华东）,不是,是,是,不是,马克思主义学院,马克思主义理论,15,全日制,350
中国石油大学（华东）,不是,是,是,不是,经济管理学院,应用经济学,5,全日制,333
中国石油大学（华东）,不是,是,是,不是,经济管理学院,金融,19,全日制,357
中国石油大学（华东）,不是,是,是,不是,理学院,应用统计,21,全日制,359
中国石油大学（华东）,不是,是,是,不是,文法学院,法学,14,全日制,326
中国石油大学（华东）,不是,是,是,不是,马克思主义学院,马克思主义理论,15,全日制,350
中国石油大学（华东）,不是,是,是,不是,文法学院,法律（非法学）,13,全日制,323
中国石油大学（华东）,不是,是,是,不是,文法学院,法律（非法学）,10,非全日制,323
中国石油大学（华东）,不是,是,是,不是,文法学院,法律（法学）,12,全日制,323
中国石油大学（华东）,不是,是,是,不是,文法学院,法律（法学）,30,非全日制,323
中国石油大学（华东）,不是,是,是,不是,体育教学部,体育,6,全日制,314
中国石油大学（华东）,不是,是,是,不是,文法学院,国际中文教育,18,全日制,341
中国石油大学（华东）,不是,是,是,不是,文法学院,国际中文教育,10,非全日制,341
中国石油大学（华东）,不是,是,是,不是,外国语学院,外国语言文学,9,全日制,351
中国石油大学（华东）,不是,是,是,不是,外国语学院,英语笔译,27,全日制,360
中国石油大学（华东）,不是,是,是,不是,外国语学院,英语笔译,20,非全日制,360
中国石油大学（华东）,不是,是,是,不是,外国语学院,英语口译,7,全日制,354
中国石油大学（华东）,不是,是,是,不是,外国语学院,俄语笔译,14,全日制,352
中国石油大学（华东）,不是,是,是,不是,外国语学院,日语笔译,5,全日制,386
中国石油大学（华东）,不是,是,是,不是,理学院,数学,20,全日制,341
中国石油大学（华东）,不是,是,是,不是,理学院,物理学,20,全日制,274
山东师范大学,不是,不是,不是,是,马克思主义学部,马克思主义哲学,8,全日制,321
山东师范大学,不是,不是,不是,是,山东省齐鲁文化研究院,中国哲学,5,全日制,321
山东师范大学,不是,不是,不是,是,马克思主义学部,外国哲学,5,全日制,321
山东师范大学,不是,不是,不是,是,文学院,美学,2,全日制,321
山东师范大学,不是,不是,不是,是,经济学院,理论经济学,32,全日制,323
山东师范大学,不是,不是,不是,是,马克思主义学部,马克思主义哲学,8,全日制,321
山东师范大学,不是,不是,不是,是,山东省齐鲁文化研究院,中国哲学,5,全日制,321
山东师范大学,不是,不是,不是,是,马克思主义学部,外国哲学,5,全日制,321
山东师范大学,不是,不是,不是,是,文学院,美学,2,全日制,321
山东师范大学,不是,不是,不是,是,经济学院,理论经济学,32,全日制,323
山东师范大学,不是,不是,不是,是,数学与统计学院,应用统计,38,全日制,323
山东师范大学,不是,不是,不是,是,经济学院,国际商务,60,全日制,323
山东师范大学,不是,不是,不是,是,法学院,法律史,4,全日制,323
山东师范大学,不是,不是,不是,是,法学院,宪法学与行政法学,4,全日制,323
山东师范大学,不是,不是,不是,是,法学院,民商法学,3,全日制,323
山东师范大学,不是,不是,不是,是,法学院,诉讼法学,2,全日制,323
山东师范大学,不是,不是,不是,是,法学院,环境与资源保护法学,4,全日制,323
山东师范大学,不是,不是,不是,是,马克思主义学部,马克思主义基本原理,9,全日制,323
山东师范大学,不是,不是,不是,是,马克思主义学部,马克思主义中国化研究,15,全日制,323
山东师范大学,不是,不是,不是,是,马克思主义学部,国外马克思主义研究,6,全日制,323
山东师范大学,不是,不是,不是,是,马克思主义学部,思想政治教育,16,全日制,323
山东师范大学,不是,不是,不是,是,马克思主义学部,中国近现代史基本问题研究,6,全日制,323
山东师范大学,不是,不是,不是,是,马克思主义学部,中共党史党建学,21,全日制,323
山东师范大学,不是,不是,不是,是,法学院,法律（非法学）,25,全日制,323
山东师范大学,不是,不是,不是,是,法学院,法律（法学）,25,全日制,323
山东师范大学,不是,不是,不是,是,教育学部,教育学原理,4,全日制,341
山东师范大学,不是,不是,不是,是,数学与统计学院,课程与教学论,3,全日制,341
山东师范大学,不是,不是,不是,是,物理与电子科学学院,课程与教学论,2,全日制,341
山东师范大学,不是,不是,不是,是,生命科学学院,课程与教学论,3,全日制,341
山东师范大学,不是,不是,不是,是,外国语学院,课程与教学论,3,全日制,341
山东师范大学,不是,不是,不是,是,化学化工与材料科学学院,课程与教学论,4,全日制,341
山东师范大学,不是,不是,不是,是,教育学部,课程与教学论,12,全日制,341
山东师范大学,不是,不是,不是,是,教育学部,学前教育学,4,全日制,341
山东师范大学,不是,不是,不是,是,教育学部,高等教育学,2,全日制,341
山东师范大学,不是,不是,不是,是,教育学部,职业技术教育学,15,全日制,341
山东师范大学,不是,不是,不是,是,体育学院,体育学,20,全日制,304
青岛大学,不是,不是,不是,是,经济学院,理论经济学,12,全日制,323
青岛大学,不是,不是,不是,是,经济学院,应用经济学,35,全日制,323
青岛大学,不是,不是,不是,是,经济学院,金融,29,全日制,323
青岛大学,不是,不是,不是,是,数学与统计学院,应用统计,22,全日制,323
青岛大学,不是,不是,不是,是,经济学院,应用统计,16,全日制,323
青岛大学,不是,不是,不是,是,经济学院,理论经济学,12,全日制,323
青岛大学,不是,不是,不是,是,经济学院,应用经济学,35,全日制,323
青岛大学,不是,不是,不是,是,经济学院,金融,29,全日制,323
青岛大学,不是,不是,不是,是,数学与统计学院,应用统计,22,全日制,323
青岛大学,不是,不是,不是,是,经济学院,应用统计,16,全日制,323
青岛大学,不是,不是,不是,是,商学院,国际商务,15,全日制,323
青岛大学,不是,不是,不是,是,经济学院,国际商务,11,全日制,323
青岛大学,不是,不是,不是,是,经济学院,保险,12,全日制,323
青岛大学,不是,不是,不是,是,法学院,宪法学与行政法学,3,全日制,323
青岛大学,不是,不是,不是,是,法学院,刑法学,3,全日制,323
青岛大学,不是,不是,不是,是,法学院,民商法学,7,全日制,323
青岛大学,不是,不是,不是,是,法学院,诉讼法学,3,全日制,323
青岛大学,不是,不是,不是,是,法学院,国际法学,3,全日制,323
青岛大学,不是,不是,不是,是,政治与公共管理学院,中外政治制度,3,全日制,323
青岛大学,不是,不是,不是,是,政治与公共管理学院,国际关系,8,全日制,323
青岛大学,不是,不是,不是,是,马克思主义学院,马克思主义理论,14,全日制,323
青岛大学,不是,不是,不是,是,法学院,法律（非法学）,26,全日制,323
青岛大学,不是,不是,不是,是,法学院,法律（法学）,23,全日制,323
青岛大学,不是,不是,不是,是,法学院,法律（法学）,5,非全日制,323
青岛大学,不是,不是,不是,是,政治与公共管理学院,社会工作,21,全日制,323
青岛大学,不是,不是,不是,是,教育科学学院,教育学,28,全日制,341
青岛大学,不是,不是,不是,是,教育科学学院,心理学,6,全日制,341
青岛大学,不是,不是,不是,是,教育科学学院,教育管理,42,非全日制,341
青岛大学,不是,不是,不是,是,马克思主义学院,学科教学（思政）,10,全日制,341
青岛大学,不是,不是,不是,是,马克思主义学院,学科教学（思政）,5,非全日制,341
青岛大学,不是,不是,不是,是,文学与新闻传播学院,学科教学（语文）,16,全日制,341
青岛大学,不是,不是,不是,是,文学与新闻传播学院,学科教学（语文）,13,非全日制,341
青岛大学,不是,不是,不是,是,数学与统计学院,学科教学（数学）,16,全日制,341
青岛大学,不是,不是,不是,是,数学与统计学院,学科教学（数学）,6,非全日制,341
青岛大学,不是,不是,不是,是,物理科学学院,学科教学（物理）,10,全日制,341
青岛大学,不是,不是,不是,是,化学化工学院,学科教学（化学）,5,全日制,341
青岛大学,不是,不是,不是,是,外语学院,学科教学（英语）,10,全日制,341
青岛大学,不是,不是,不是,是,外语学院,学科教学（英语）,21,非全日制,341
青岛大学,不是,不是,不是,是,历史学院,学科教学（历史）,10,全日制,341
青岛大学,不是,不是,不是,是,历史学院,学科教学（历史）,9,非全日制,341
青岛大学,不是,不是,不是,是,环境与地理科学学院,学科教学（地理）,7,全日制,341
青岛大学,不是,不是,不是,是,环境与地理科学学院,学科教学（地理）,5,非全日制,341
青岛大学,不是,不是,不是,是,体育学院,学科教学（体育）,8,全日制,341
青岛大学,不是,不是,不是,是,教育科学学院,现代教育技术,7,全日制,341
青岛大学,不是,不是,不是,是,教育科学学院,小学教育,12,全日制,341
青岛大学,不是,不是,不是,是,教育科学学院,小学教育,19,非全日制,341
青岛大学,不是,不是,不是,是,教育科学学院,心理健康教育,7,全日制,341
青岛大学,不是,不是,不是,是,教育科学学院,学前教育,6,全日制,341
青岛大学,不是,不是,不是,是,国际教育学院,国际中文教育,20,全日制,341
青岛大学,不是,不是,不是,是,教育科学学院,应用心理,8,全日制,341
青岛大学,不是,不是,不是,是,教育科学学院,应用心理,17,非全日制,341
青岛大学,不是,不是,不是,是,文学与新闻传播学院,文艺学,3,全日制,351
青岛大学,不是,不是,不是,是,文学与新闻传播学院,汉语言文字学,3,全日制,351
青岛大学,不是,不是,不是,是,文学与新闻传播学院,中国古典文献学,3,全日制,351
青岛大学,不是,不是,不是,是,文学与新闻传播学院,中国古代文学,8,全日制,351
青岛大学,不是,不是,不是,是,文学与新闻传播学院,中国现当代文学,14,全日制,351
青岛大学,不是,不是,不是,是,文学与新闻传播学院,比较文学与世界文学,3,全日制,351
青岛大学,不是,不是,不是,是,外语学院,英语语言文学,5,全日制,351
青岛大学,不是,不是,不是,是,外语学院,德语语言文学,3,全日制,351
青岛大学,不是,不是,不是,是,外语学院,日语语言文学,2,全日制,351
青岛大学,不是,不是,不是,是,外语学院,亚非语言文学,2,全日制,351
青岛大学,不是,不是,不是,是,外语学院,外国语言学及应用语言学,9,全日制,351
青岛大学,不是,不是,不是,是,外语学院,英语笔译,16,全日制,351
青岛大学,不是,不是,不是,是,外语学院,英语口译,10,全日制,351
青岛大学,不是,不是,不是,是,外语学院,日语笔译,4,全日制,351
青岛大学,不是,不是,不是,是,外语学院,法语笔译,2,全日制,351
青岛大学,不是,不是,不是,是,外语学院,德语笔译,5,全日制,351
青岛大学,不是,不是,不是,是,外语学院,朝鲜语笔译,4,全日制,351
青岛大学,不是,不是,不是,是,文学与新闻传播学院,新闻与传播,9,全日制,351
青岛大学,不是,不是,不是,是,历史学院,中国史,15,全日制,336
山东科技大学,不是,不是,不是,是,经济管理学院,应用经济学,20,全日制,323
山东科技大学,不是,不是,不是,是,经济管理学院,金融,11,全日制,323
山东科技大学,不是,不是,不是,是,数学与系统科学学院,金融,8,全日制,323
山东科技大学,不是,不是,不是,是,财经系（济南）,金融,8,全日制,323
山东科技大学,不是,不是,不是,是,财经系（济南）,金融,6,非全日制,323
山东科技大学,不是,不是,不是,是,经济管理学院,应用经济学,20,全日制,323
山东科技大学,不是,不是,不是,是,经济管理学院,金融,11,全日制,323
山东科技大学,不是,不是,不是,是,数学与系统科学学院,金融,8,全日制,323
山东科技大学,不是,不是,不是,是,财经系（济南）,金融,8,全日制,323
山东科技大学,不是,不是,不是,是,财经系（济南）,金融,6,非全日制,323
山东科技大学,不是,不是,不是,是,经济管理学院,国际商务,18,全日制,340
山东科技大学,不是,不是,不是,是,财经学院（泰安）,保险,13,全日制,323
山东科技大学,不是,不是,不是,是,经济管理学院,数字经济,19,全日制,323
山东科技大学,不是,不是,不是,是,文法学院,法学,30,全日制,323
山东科技大学,不是,不是,不是,是,马克思主义学院,马克思主义理论,20,全日制,323
山东科技大学,不是,不是,不是,是,文法学院,法律（非法学）,27,全日制,323
山东科技大学,不是,不是,不是,是,文法学院,法律（非法学）,15,非全日制,323
山东科技大学,不是,不是,不是,是,文法学院,法律（法学）,27,全日制,323
山东科技大学,不是,不是,不是,是,文法学院,国际中文教育,8,全日制,341
山东科技大学,不是,不是,不是,是,外国语学院,外国语言文学,18,全日制,351
山东科技大学,不是,不是,不是,是,外国语学院,翻译,60,全日制,351
山东科技大学,不是,不是,不是,是,外国语学院,翻译,10,非全日制,351
山东科技大学,不是,不是,不是,是,数学与系统科学学院,数学,39,全日制,274
山东科技大学,不是,不是,不是,是,卓越工程师学院,数学,4,全日制,274
山东科技大学,不是,不是,不是,是,电子信息工程学院,物理学,14,全日制,274
山东科技大学,不是,不是,不是,是,化学与生物工程学院,化学,13,全日制,274
山东科技大学,不是,不是,不是,是,测绘与空间信息学院,地理学,15,全日制,274
山东科技大学,不是,不是,不是,是,地球科学与工程学院,地质学,35,全日制,274
山东科技大学,不是,不是,不是,是,卓越工程师学院,地质学,4,全日制,274
山东科技大学,不是,不是,不是,是,化学与生物工程学院,生物学,9,全日制,274
山东科技大学,不是,不是,不是,是,数学与系统科学学院,系统科学,20,全日制,274
山东科技大学,不是,不是,不是,是,能源与矿业工程学院,系统理论,5,全日制,274
山东科技大学,不是,不是,不是,是,能源与矿业工程学院,力学,25,全日制,251
山东科技大学,不是,不是,不是,是,机械电子工程学院,机械工程,53,全日制,260
山东科技大学,不是,不是,不是,是,交通学院,机械工程,12,全日制,260
山东科技大学,不是,不是,不是,是,卓越工程师学院,机械工程,10,全日制,260
山东科技大学,不是,不是,不是,是,材料科学与工程学院,材料科学与工程,32,全日制,260
山东科技大学,不是,不是,不是,是,卓越工程师学院,材料科学与工程,4,全日制,260
山东科技大学,不是,不是,不是,是,储能技术学院,动力工程及工程热物理,8,全日制,251
齐鲁工业大学,不是,不是,不是,是,经济与管理学部,应用经济学,6,全日制,323
齐鲁工业大学,不是,不是,不是,是,经济与管理学部,金融,45,全日制,323
齐鲁工业大学,不是,不是,不是,是,经济与管理学部,金融,2,非全日制,323
齐鲁工业大学,不是,不是,不是,是,马克思主义学院,马克思主义理论,43,全日制,323
齐鲁工业大学,不是,不是,不是,是,外国语学院,英语笔译,19,全日制,351
齐鲁工业大学,不是,不是,不是,是,经济与管理学部,应用经济学,6,全日制,323
齐鲁工业大学,不是,不是,不是,是,经济与管理学部,金融,45,全日制,323
齐鲁工业大学,不是,不是,不是,是,经济与管理学部,金融,2,非全日制,323
齐鲁工业大学,不是,不是,不是,是,马克思主义学院,马克思主义理论,43,全日制,323
齐鲁工业大学,不是,不是,不是,是,外国语学院,英语笔译,19,全日制,351
齐鲁工业大学,不是,不是,不是,是,外国语学院,英语笔译,3,非全日制,351
齐鲁工业大学,不是,不是,不是,是,数学与人工智能学部,数学,39,全日制,274
齐鲁工业大学,不是,不是,不是,是,化学与制药学部,化学,41,全日制,274
齐鲁工业大学,不是,不是,不是,是,生物工程学部,生物学,23,全日制,274
齐鲁工业大学,不是,不是,不是,是,机械工程学部,机械工程,13,全日制,260
齐鲁工业大学,不是,不是,不是,是,材料科学与工程学部,材料科学与工程,30,全日制,260
齐鲁工业大学,不是,不是,不是,是,电子电气与控制学部,控制科学与工程,28,全日制,260
齐鲁工业大学,不是,不是,不是,是,计算机科学与技术学部,计算机科学与技术,52,全日制,260
齐鲁工业大学,不是,不是,不是,是,化学与制药学部,化学工程与技术,17,全日制,260
齐鲁工业大学,不是,不是,不是,是,生物工程学部,轻工技术与工程,5,全日制,260
山东农业大学,不是,不是,不是,是,经济管理学院（商学院）,区域经济学,4,全日制,323
山东农业大学,不是,不是,不是,是,经济管理学院（商学院）,金融学,5,全日制,323
山东农业大学,不是,不是,不是,是,经济管理学院（商学院）,产业经济学,4,全日制,323
山东农业大学,不是,不是,不是,是,经济管理学院（商学院）,金融,40,全日制,323
山东农业大学,不是,不是,不是,是,马克思主义学院,马克思主义理论,22,全日制,323
山东农业大学,不是,不是,不是,是,经济管理学院（商学院）,区域经济学,4,全日制,323
山东农业大学,不是,不是,不是,是,经济管理学院（商学院）,金融学,5,全日制,323
山东农业大学,不是,不是,不是,是,经济管理学院（商学院）,产业经济学,4,全日制,323
山东农业大学,不是,不是,不是,是,经济管理学院（商学院）,金融,40,全日制,323
山东农业大学,不是,不是,不是,是,马克思主义学院,马克思主义理论,22,全日制,323
山东农业大学,不是,不是,不是,是,公共管理学院,法律（非法学）,5,全日制,323
山东农业大学,不是,不是,不是,是,公共管理学院,法律（法学）,7,全日制,323
山东农业大学,不是,不是,不是,是,外国语学院,英语笔译,12,全日制,351
山东农业大学,不是,不是,不是,是,信息科学与工程学院,数学,4,全日制,274
山东农业大学,不是,不是,不是,是,化学与材料科学学院,化学,19,全日制,274
山东农业大学,不是,不是,不是,是,生命科学学院,生物学,122,全日制,274
山东农业大学,不是,不是,不是,是,机械与电子工程学院,机械工程,9,全日制,260
山东农业大学,不是,不是,不是,是,信息科学与工程学院,计算机科学与技术,10,全日制,260
山东农业大学,不是,不是,不是,是,水利土木工程学院,土木工程,16,全日制,260
山东农业大学,不是,不是,不是,是,水利土木工程学院,水利工程,9,全日制,251
青岛科技大学,不是,不是,不是,是,经管学院,应用经济学,10,全日制,323
青岛科技大学,不是,不是,不是,是,经管学院,金融,30,全日制,323
青岛科技大学,不是,不是,不是,是,法学院,法学,15,全日制,323
青岛科技大学,不是,不是,不是,是,马克思主义学院,马克思主义理论,30,全日制,359
青岛科技大学,不是,不是,不是,是,法学院,法律（非法学）,20,全日制,323
青岛科技大学,不是,不是,不是,是,经管学院,应用经济学,10,全日制,323
青岛科技大学,不是,不是,不是,是,经管学院,金融,30,全日制,323
青岛科技大学,不是,不是,不是,是,法学院,法学,15,全日制,323
青岛科技大学,不是,不是,不是,是,马克思主义学院,马克思主义理论,30,全日制,359
青岛科技大学,不是,不是,不是,是,法学院,法律（非法学）,20,全日制,323
青岛科技大学,不是,不是,不是,是,法学院,法律（非法学）,15,非全日制,323
青岛科技大学,不是,不是,不是,是,法学院,法律（法学）,15,全日制,323
青岛科技大学,不是,不是,不是,是,法学院,法律（法学）,10,非全日制,323
青岛科技大学,不是,不是,不是,是,法学院,社会工作,20,全日制,323
青岛科技大学,不是,不是,不是,是,法学院,社会工作,16,非全日制,323
青岛科技大学,不是,不是,不是,是,外语学院,英语语言文学,5,全日制,351
青岛科技大学,不是,不是,不是,是,外语学院,俄语语言文学,3,全日制,351
青岛科技大学,不是,不是,不是,是,外语学院,外国语言学及应用语言学,5,全日制,351
青岛科技大学,不是,不是,不是,是,外语学院,英语笔译,25,全日制,351
青岛科技大学,不是,不是,不是,是,外语学院,英语笔译,5,非全日制,351
青岛科技大学,不是,不是,不是,是,传媒学院,出版,20,全日制,351
青岛科技大学,不是,不是,不是,是,传媒学院,出版,10,非全日制,351
青岛科技大学,不是,不是,不是,是,数理学院,数学,24,全日制,274
曲阜师范大学,不是,不是,不是,是,政治与公共管理学院,哲学,25,全日制,321
曲阜师范大学,不是,不是,不是,是,经济学院,理论经济学,15,全日制,323
曲阜师范大学,不是,不是,不是,是,经济学院,金融,50,全日制,323
曲阜师范大学,不是,不是,不是,是,统计与数据科学学院,应用统计,25,全日制,323
曲阜师范大学,不是,不是,不是,是,政治与公共管理学院,哲学,25,全日制,321
曲阜师范大学,不是,不是,不是,是,经济学院,理论经济学,15,全日制,323
曲阜师范大学,不是,不是,不是,是,经济学院,金融,50,全日制,323
曲阜师范大学,不是,不是,不是,是,统计与数据科学学院,应用统计,25,全日制,323
曲阜师范大学,不是,不是,不是,是,经济学院,统计学,4,全日制,323
曲阜师范大学,不是,不是,不是,是,法学院,法学,19,全日制,323
曲阜师范大学,不是,不是,不是,是,政治与公共管理学院,政治学,11,全日制,323
曲阜师范大学,不是,不是,不是,是,马克思主义学院,马克思主义理论,40,全日制,323
曲阜师范大学,不是,不是,不是,是,法学院,法律（非法学）,17,全日制,323
曲阜师范大学,不是,不是,不是,是,法学院,法律（法学）,17,全日制,323
曲阜师范大学,不是,不是,不是,是,教育学院,教育学,46,全日制,341
曲阜师范大学,不是,不是,不是,是,传媒学院,教育学,2,全日制,341
曲阜师范大学,不是,不是,不是,是,化学与化工学院,教育学,2,全日制,341
曲阜师范大学,不是,不是,不是,是,生命科学学院,教育学,1,全日制,341
曲阜师范大学,不是,不是,不是,是,数学科学学院,教育学,2,全日制,341
曲阜师范大学,不是,不是,不是,是,物理工程学院,教育学,1,全日制,341
曲阜师范大学,不是,不是,不是,是,文学院,教育学,2,全日制,341
曲阜师范大学,不是,不是,不是,是,继续教育学院（职业与继续教育研究院）,教育学,10,全日制,341
曲阜师范大学,不是,不是,不是,是,心理学院,心理学,23,全日制,341
曲阜师范大学,不是,不是,不是,是,体育科学学院,体育学,34,全日制,304
曲阜师范大学,不是,不是,不是,是,教育学院,教育管理,7,非全日制,341
曲阜师范大学,不是,不是,不是,是,马克思主义学院,学科教学（思政）,47,全日制,341
曲阜师范大学,不是,不是,不是,是,文学院,学科教学（语文）,50,全日制,341
曲阜师范大学,不是,不是,不是,是,文学院,学科教学（语文）,5,非全日制,341
济南大学,不是,不是,不是,是,商学院,应用经济学,116,全日制,323
济南大学,不是,不是,不是,是,商学院,金融,116,全日制,323
济南大学,不是,不是,不是,是,政法学院,法学,52,全日制,323
济南大学,不是,不是,不是,是,政法学院,社会学,112,全日制,323
济南大学,不是,不是,不是,是,马克思主义学院,马克思主义理论,63,全日制,323
济南大学,不是,不是,不是,是,商学院,应用经济学,116,全日制,323
济南大学,不是,不是,不是,是,商学院,金融,116,全日制,323
济南大学,不是,不是,不是,是,政法学院,法学,52,全日制,323
济南大学,不是,不是,不是,是,政法学院,社会学,112,全日制,323
济南大学,不是,不是,不是,是,马克思主义学院,马克思主义理论,63,全日制,323
济南大学,不是,不是,不是,是,政法学院,法律（非法学）,10,全日制,323
济南大学,不是,不是,不是,是,政法学院,法律（法学）,17,全日制,323
济南大学,不是,不是,不是,是,政法学院,社会工作,84,全日制,323
济南大学,不是,不是,不是,是,教育与心理科学学院,教育学,21,全日制,341
济南大学,不是,不是,不是,是,教育与心理科学学院,心理学,28,全日制,341
济南大学,不是,不是,不是,是,教育与心理科学学院,教育管理,21,非全日制,341
济南大学,不是,不是,不是,是,文学院,学科教学（语文）,19,全日制,341
济南大学,不是,不是,不是,是,文学院,学科教学（语文）,19,非全日制,341
济南大学,不是,不是,不是,是,数学科学学院,学科教学（数学）,12,全日制,341
济南大学,不是,不是,不是,是,数学科学学院,学科教学（数学）,10,非全日制,341
济南大学,不是,不是,不是,是,物理科学与技术学院,学科教学（物理）,8,全日制,341
济南大学,不是,不是,不是,是,外国语学院,学科教学（英语）,6,全日制,341
济南大学,不是,不是,不是,是,水利与环境学院,学科教学（地理）,5,全日制,341
济南大学,不是,不是,不是,是,教育与心理科学学院,心理健康教育,16,全日制,341
山东财经大学,不是,不是,不是,是,经济学院,政治经济学,6,全日制,323
山东财经大学,不是,不是,不是,是,经济学院,西方经济学,10,全日制,323
山东财经大学,不是,不是,不是,是,国际经贸学院,世界经济,10,全日制,323
山东财经大学,不是,不是,不是,是,经济学院,人口、资源与环境经济学,10,全日制,323
山东财经大学,不是,不是,不是,是,中国经济研究院（中国经济发展与安全实验室）,应用经济学,5,全日制,323
山东财经大学,不是,不是,不是,是,经济学院,政治经济学,6,全日制,323
山东财经大学,不是,不是,不是,是,经济学院,西方经济学,10,全日制,323
山东财经大学,不是,不是,不是,是,国际经贸学院,世界经济,10,全日制,323
山东财经大学,不是,不是,不是,是,经济学院,人口、资源与环境经济学,10,全日制,323
山东财经大学,不是,不是,不是,是,中国经济研究院（中国经济发展与安全实验室）,应用经济学,5,全日制,323
山东财经大学,不是,不是,不是,是,经济学院,国民经济学,9,全日制,323
山东财经大学,不是,不是,不是,是,经济学院,区域经济学,11,全日制,323
山东财经大学,不是,不是,不是,是,财政税务学院,财政学,28,全日制,323
山东财经大学,不是,不是,不是,是,金融学院,金融学,56,全日制,323
山东财经大学,不是,不是,不是,是,经济学院,产业经济学,8,全日制,323
山东财经大学,不是,不是,不是,是,国际经贸学院,国际贸易学,15,全日制,323
山东财经大学,不是,不是,不是,是,统计与数学学院,数量经济学,15,全日制,323
山东财经大学,不是,不是,不是,是,金融学院,金融,90,全日制,323
山东财经大学,不是,不是,不是,是,中国经济研究院（中国经济发展与安全实验室）,金融,5,全日制,323
山东财经大学,不是,不是,不是,是,统计与数学学院,应用统计,87,全日制,323
山东财经大学,不是,不是,不是,是,财政税务学院,税务,66,全日制,323
山东财经大学,不是,不是,不是,是,国际经贸学院,国际商务,67,全日制,323
山东财经大学,不是,不是,不是,是,保险学院,保险,66,全日制,323
山东财经大学,不是,不是,不是,是,会计学院,资产评估,15,全日制,323
山东财经大学,不是,不是,不是,是,经济学院,数字经济,12,全日制,323
烟台大学,不是,不是,不是,是,经济管理学院,应用经济学,9,全日制,323
烟台大学,不是,不是,不是,是,数学与信息科学学院,应用统计,19,全日制,323
烟台大学,不是,不是,不是,是,法学院,法学,29,全日制,323
烟台大学,不是,不是,不是,是,马克思主义学院,民族学,12,全日制,323
烟台大学,不是,不是,不是,是,马克思主义学院,马克思主义理论,15,全日制,323
烟台大学,不是,不是,不是,是,经济管理学院,应用经济学,9,全日制,323
烟台大学,不是,不是,不是,是,数学与信息科学学院,应用统计,19,全日制,323
烟台大学,不是,不是,不是,是,法学院,法学,29,全日制,323
烟台大学,不是,不是,不是,是,马克思主义学院,民族学,12,全日制,323
烟台大学,不是,不是,不是,是,马克思主义学院,马克思主义理论,15,全日制,323
烟台大学,不是,不是,不是,是,法学院,法律（非法学）,24,全日制,323
烟台大学,不是,不是,不是,是,法学院,法律（法学）,29,全日制,323
烟台大学,不是,不是,不是,是,文学与新闻传播学院,国际中文教育,10,全日制,341
烟台大学,不是,不是,不是,是,文学与新闻传播学院,中国语言文学,16,全日制,351
烟台大学,不是,不是,不是,是,外国语学院,外国语言文学,10,全日制,351
烟台大学,不是,不是,不是,是,外国语学院,英语笔译,14,全日制,351
烟台大学,不是,不是,不是,是,外国语学院,日语笔译,8,全日制,351
烟台大学,不是,不是,不是,是,外国语学院,日语笔译,5,非全日制,351
烟台大学,不是,不是,不是,是,外国语学院,朝鲜语笔译,10,全日制,351
烟台大学,不是,不是,不是,是,外国语学院,朝鲜语笔译,5,非全日制,351
山东理工大学,不是,不是,不是,是,经济学院,应用经济学,14,全日制,323
山东理工大学,不是,不是,不是,是,经济学院,金融,20,全日制,323
山东理工大学,不是,不是,不是,是,数学与统计学院,应用统计,8,全日制,323
山东理工大学,不是,不是,不是,是,法学院,法学,13,全日制,323
山东理工大学,不是,不是,不是,是,经济学院,应用经济学,14,全日制,323
山东理工大学,不是,不是,不是,是,经济学院,金融,20,全日制,323
山东理工大学,不是,不是,不是,是,数学与统计学院,应用统计,8,全日制,323
山东理工大学,不是,不是,不是,是,法学院,法学,13,全日制,323
山东理工大学,不是,不是,不是,是,法学院,社会学,6,全日制,323
山东理工大学,不是,不是,不是,是,马克思主义学院,马克思主义理论,29,全日制,323
山东理工大学,不是,不是,不是,是,法学院,法律（非法学）,5,全日制,323
山东理工大学,不是,不是,不是,是,法学院,法律（法学）,6,全日制,323
山东理工大学,不是,不是,不是,是,法学院,社会工作,6,全日制,323
山东理工大学,不是,不是,不是,是,体育学院,体育教学,9,全日制,304
山东理工大学,不是,不是,不是,是,体育学院,社会体育指导,5,全日制,304
山东理工大学,不是,不是,不是,是,文学与新闻传播学院,国际中文教育,4,全日制,341
山东理工大学,不是,不是,不是,是,文学与新闻传播学院,中国语言文学,17,全日制,351
山东理工大学,不是,不是,不是,是,齐文化研究院,中国语言文学,4,全日制,351
山东理工大学,不是,不是,不是,是,外国语学院,英语笔译,15,全日制,351
山东理工大学,不是,不是,不是,是,外国语学院,英语笔译,9,非全日制,351
山东理工大学,不是,不是,不是,是,文学与新闻传播学院,新闻与传播,8,全日制,351
山东理工大学,不是,不是,不是,是,数学与统计学院,数学,32,全日制,274
山东理工大学,不是,不是,不是,是,物理与光电工程学院,物理学,18,全日制,274
山东第一医科大学,不是,不是,不是,是,医药管理学院,社会工作,10,全日制,323
山东第一医科大学,不是,不是,不是,是,生物医学科学学院,动物学,2,全日制,274
山东第一医科大学,不是,不是,不是,是,生物医学科学学院,遗传学,1,全日制,274
山东第一医科大学,不是,不是,不是,是,生物医学科学学院,细胞生物学,10,全日制,274
山东第一医科大学,不是,不是,不是,是,生物医学科学学院,生物化学与分子生物学,13,全日制,274
山东第一医科大学,不是,不是,不是,是,医药管理学院,社会工作,10,全日制,323
山东第一医科大学,不是,不是,不是,是,生物医学科学学院,动物学,2,全日制,274
山东第一医科大学,不是,不是,不是,是,生物医学科学学院,遗传学,1,全日制,274
山东第一医科大学,不是,不是,不是,是,生物医学科学学院,细胞生物学,10,全日制,274
山东第一医科大学,不是,不是,不是,是,生物医学科学学院,生物化学与分子生物学,13,全日制,274
山东第一医科大学,不是,不是,不是,是,放射学院,生物医学工程,7,全日制,260
山东第一医科大学,不是,不是,不是,是,医学信息与人工智能学院,电子信息,12,全日制,260
山东第一医科大学,不是,不是,不是,是,临床与基础医学院,人体解剖与组织胚胎学,4,全日制,293
山东第一医科大学,不是,不是,不是,是,临床与基础医学院,免疫学,12,全日制,293
山东第一医科大学,不是,不是,不是,是,临床与基础医学院,病原生物学,13,全日制,293
山东第一医科大学,不是,不是,不是,是,临床与基础医学院,病理学与病理生理学,10,全日制,293
山东第一医科大学,不是,不是,不是,是,临床与基础医学院,法医学,2,全日制,293
山东第一医科大学,不是,不是,不是,是,临床与基础医学院,放射医学,2,全日制,293
山东第一医科大学,不是,不是,不是,是,不区分院系,内科学,38,全日制,293
山东第一医科大学,不是,不是,不是,是,不区分院系,儿科学,4,全日制,293
山东第一医科大学,不是,不是,不是,是,不区分院系,老年医学,1,全日制,293
山东第一医科大学,不是,不是,不是,是,不区分院系,神经病学,18,全日制,293
山东第一医科大学,不是,不是,不是,是,不区分院系,精神病与精神卫生学,4,全日制,293
山东第一医科大学,不是,不是,不是,是,不区分院系,皮肤病与性病学,9,全日制,293
山东第一医科大学,不是,不是,不是,是,不区分院系,影像医学与核医学,14,全日制,293
青岛理工大学,不是,不是,不是,是,商学院,应用经济学,10,全日制,323
青岛理工大学,不是,不是,不是,是,商学院,应用统计,10,全日制,323
青岛理工大学,不是,不是,不是,是,商学院,资产评估,10,全日制,323
青岛理工大学,不是,不是,不是,是,商学院,数字经济,10,全日制,323
青岛理工大学,不是,不是,不是,是,马克思主义学院,马克思主义理论,31,全日制,345
青岛理工大学,不是,不是,不是,是,商学院,应用经济学,10,全日制,323
青岛理工大学,不是,不是,不是,是,商学院,应用统计,10,全日制,323
青岛理工大学,不是,不是,不是,是,商学院,资产评估,10,全日制,323
青岛理工大学,不是,不是,不是,是,商学院,数字经济,10,全日制,323
青岛理工大学,不是,不是,不是,是,马克思主义学院,马克思主义理论,31,全日制,345
青岛理工大学,不是,不是,不是,是,人文与外国语学院,社会工作,18,全日制,323
青岛理工大学,不是,不是,不是,是,人文与外国语学院,社会工作,10,非全日制,323
青岛理工大学,不是,不是,不是,是,人文与外国语学院,国际中文教育,4,全日制,341
青岛理工大学,不是,不是,不是,是,人文与外国语学院,翻译,7,全日制,351
青岛理工大学,不是,不是,不是,是,人文与外国语学院,翻译,10,非全日制,351
青岛理工大学,不是,不是,不是,是,人文与外国语学院,新闻与传播,9,全日制,351
青岛理工大学,不是,不是,不是,是,人文与外国语学院,新闻与传播,5,非全日制,351
青岛理工大学,不是,不是,不是,是,理学院,物理学,16,全日制,274
青岛理工大学,不是,不是,不是,是,土木工程学院,力学,5,全日制,251
青岛农业大学,不是,不是,不是,是,经济管理学院（合作社学院）,国际商务,8,全日制,323
青岛农业大学,不是,不是,不是,是,外国语学院,英语笔译,12,全日制,351
青岛农业大学,不是,不是,不是,是,动漫与传媒学院,新闻与传播,7,全日制,351
青岛农业大学,不是,不是,不是,是,化学与药学院,化学,8,全日制,274
青岛农业大学,不是,不是,不是,是,生命科学学院,生物学,41,全日制,274
青岛农业大学,不是,不是,不是,是,经济管理学院（合作社学院）,国际商务,8,全日制,323
青岛农业大学,不是,不是,不是,是,外国语学院,英语笔译,12,全日制,351
青岛农业大学,不是,不是,不是,是,动漫与传媒学院,新闻与传播,7,全日制,351
青岛农业大学,不是,不是,不是,是,化学与药学院,化学,8,全日制,274
青岛农业大学,不是,不是,不是,是,生命科学学院,生物学,41,全日制,274
青岛农业大学,不是,不是,不是,是,化学与药学院,化学工程与技术,28,全日制,260
青岛农业大学,不是,不是,不是,是,机电工程学院,农业工程,25,全日制,251
青岛农业大学,不是,不是,不是,是,食品科学与工程学院,食品科学与工程,31,全日制,260
青岛农业大学,不是,不是,不是,是,理学与信息科学学院（软件服务外包学院）,电子信息,25,全日制,260
青岛农业大学,不是,不是,不是,是,理学与信息科学学院（软件服务外包学院）,电子信息,8,非全日制,260
鲁东大学,不是,不是,不是,是,数学与统计科学学院,应用统计,11,全日制,323
鲁东大学,不是,不是,不是,是,商学院,国际商务,14,全日制,323
鲁东大学,不是,不是,不是,是,马克思主义学院,马克思主义理论,22,全日制,323
鲁东大学,不是,不是,不是,是,盈科法学院,法律（非法学）,10,全日制,323
鲁东大学,不是,不是,不是,是,盈科法学院,法律（法学）,9,全日制,323
鲁东大学,不是,不是,不是,是,数学与统计科学学院,应用统计,11,全日制,323
鲁东大学,不是,不是,不是,是,商学院,国际商务,14,全日制,323
鲁东大学,不是,不是,不是,是,马克思主义学院,马克思主义理论,22,全日制,323
鲁东大学,不是,不是,不是,是,盈科法学院,法律（非法学）,10,全日制,323
鲁东大学,不是,不是,不是,是,盈科法学院,法律（法学）,9,全日制,323
鲁东大学,不是,不是,不是,是,盈科法学院,法律（法学）,7,非全日制,323
鲁东大学,不是,不是,不是,是,盈科法学院,社会工作,18,全日制,323
鲁东大学,不是,不是,不是,是,区域国别学院,国际事务,10,全日制,323
鲁东大学,不是,不是,不是,是,教育学院,教育学,11,全日制,341
鲁东大学,不是,不是,不是,是,教育学院,心理学,11,全日制,341
鲁东大学,不是,不是,不是,是,体育学院,体育学,12,全日制,304
鲁东大学,不是,不是,不是,是,教育学院,教育管理,10,非全日制,341
鲁东大学,不是,不是,不是,是,马克思主义学院,学科教学（思政）,18,全日制,341
鲁东大学,不是,不是,不是,是,人文学院,学科教学（语文）,20,全日制,365
鲁东大学,不是,不是,不是,是,数学与统计科学学院,学科教学（数学）,17,全日制,341
鲁东大学,不是,不是,不是,是,物理与光电工程学院,学科教学（物理）,10,全日制,341
鲁东大学,不是,不是,不是,是,生命科学学院,学科教学（生物）,10,全日制,341
鲁东大学,不是,不是,不是,是,外国语学院,学科教学（英语）,15,全日制,368
聊城大学,不是,不是,不是,是,商学院,应用经济学,3,全日制,323
聊城大学,不是,不是,不是,是,政治与公共管理学院,政治学,15,全日制,323
聊城大学,不是,不是,不是,是,马克思主义学院,马克思主义理论,20,全日制,323
聊城大学,不是,不是,不是,是,法学院,法律（非法学）,5,全日制,323
聊城大学,不是,不是,不是,是,法学院,法律（法学）,3,全日制,323
聊城大学,不是,不是,不是,是,商学院,应用经济学,3,全日制,323
聊城大学,不是,不是,不是,是,政治与公共管理学院,政治学,15,全日制,323
聊城大学,不是,不是,不是,是,马克思主义学院,马克思主义理论,20,全日制,323
聊城大学,不是,不是,不是,是,法学院,法律（非法学）,5,全日制,323
聊城大学,不是,不是,不是,是,法学院,法律（法学）,3,全日制,323
聊城大学,不是,不是,不是,是,教育科学学院,教育学,2,全日制,341
聊城大学,不是,不是,不是,是,高等教育研究院,教育学,5,全日制,341
聊城大学,不是,不是,不是,是,教育科学学院,心理学,2,全日制,341
聊城大学,不是,不是,不是,是,体育学院,体育学,2,全日制,304
聊城大学,不是,不是,不是,是,马克思主义学院,学科教学（思政）,26,全日制,341
聊城大学,不是,不是,不是,是,文学院,学科教学（语文）,40,全日制,341
聊城大学,不是,不是,不是,是,数学科学学院,学科教学（数学）,5,全日制,341
聊城大学,不是,不是,不是,是,物理科学与信息工程学院,学科教学（物理）,2,全日制,341
聊城大学,不是,不是,不是,是,化学化工学院,学科教学（化学）,9,全日制,341
聊城大学,不是,不是,不是,是,农业与生物学院,学科教学（生物）,4,全日制,341
聊城大学,不是,不是,不是,是,外国语学院,学科教学（英语）,33,全日制,341
聊城大学,不是,不是,不是,是,历史文化与旅游学院,学科教学（历史）,7,全日制,341
聊城大学,不是,不是,不是,是,地理与环境学院,学科教学（地理）,9,全日制,341
聊城大学,不是,不是,不是,是,音乐与舞蹈学院,学科教学（音乐）,1,全日制,341
聊城大学,不是,不是,不是,是,美术与设计学院,学科教学（美术）,2,全日制,341
山东建筑大学,不是,不是,不是,是,理学院,应用统计,8,全日制,323
山东建筑大学,不是,不是,不是,是,法学院,法学,6,全日制,323
山东建筑大学,不是,不是,不是,是,马克思主义学院,马克思主义理论,30,全日制,323
山东建筑大学,不是,不是,不是,是,法学院,法律（非法学）,18,全日制,323
山东建筑大学,不是,不是,不是,是,法学院,法律（法学）,17,全日制,323
山东建筑大学,不是,不是,不是,是,理学院,应用统计,8,全日制,323
山东建筑大学,不是,不是,不是,是,法学院,法学,6,全日制,323
山东建筑大学,不是,不是,不是,是,马克思主义学院,马克思主义理论,30,全日制,323
山东建筑大学,不是,不是,不是,是,法学院,法律（非法学）,18,全日制,323
山东建筑大学,不是,不是,不是,是,法学院,法律（法学）,17,全日制,323
山东建筑大学,不是,不是,不是,是,法学院,社会工作,7,全日制,323
山东建筑大学,不是,不是,不是,是,外国语学院,翻译,35,全日制,351
山东建筑大学,不是,不是,不是,是,外国语学院,翻译,10,非全日制,351
山东建筑大学,不是,不是,不是,是,理学院,物理学,13,全日制,274
山东建筑大学,不是,不是,不是,是,机电工程学院,机械工程,20,全日制,260
山东中医药大学,不是,不是,不是,是,马克思主义学院,马克思主义中国化研究,16,全日制,330
山东中医药大学,不是,不是,不是,是,健康学院,基础心理学,1,全日制,341
山东中医药大学,不是,不是,不是,是,健康学院,发展与教育心理学,2,全日制,341
山东中医药大学,不是,不是,不是,是,健康学院,应用心理学,8,全日制,341
山东中医药大学,不是,不是,不是,是,健康学院,应用心理,8,全日制,341
山东中医药大学,不是,不是,不是,是,马克思主义学院,马克思主义中国化研究,16,全日制,330
山东中医药大学,不是,不是,不是,是,健康学院,基础心理学,1,全日制,341
山东中医药大学,不是,不是,不是,是,健康学院,发展与教育心理学,2,全日制,341
山东中医药大学,不是,不是,不是,是,健康学院,应用心理学,8,全日制,341
山东中医药大学,不是,不是,不是,是,健康学院,应用心理,8,全日制,341
山东中医药大学,不是,不是,不是,是,中医文献与文化研究院,科学技术史,10,全日制,275
山东中医药大学,不是,不是,不是,是,中医药创新研究院,生物医学工程,2,全日制,260
山东中医药大学,不是,不是,不是,是,医学信息工程学院,生物医学工程,14,全日制,260
山东中医药大学,不是,不是,不是,是,海洋中药研究院,生物医学工程,8,全日制,260
山东中医药大学,不是,不是,不是,是,中医药创新研究院,电子信息,1,全日制,260
山东中医药大学,不是,不是,不是,是,医学信息工程学院,电子信息,36,全日制,260
山东中医药大学,不是,不是,不是,是,海洋中药研究院,电子信息,14,全日制,260
山东中医药大学,不是,不是,不是,是,第二临床医学院,内科学,5,全日制,293
山东中医药大学,不是,不是,不是,是,第二临床医学院,儿科学,2,全日制,293
山东中医药大学,不是,不是,不是,是,第二临床医学院,皮肤病与性病学,1,全日制,293
山东中医药大学,不是,不是,不是,是,第一临床医学院,影像医学与核医学,4,全日制,293
山东中医药大学,不是,不是,不是,是,第二临床医学院,临床检验诊断学,6,全日制,300
山东中医药大学,不是,不是,不是,是,第二临床医学院,外科学,6,全日制,293
山东中医药大学,不是,不是,不是,是,第二临床医学院,妇产科学,3,全日制,293
山东中医药大学,不是,不是,不是,是,眼科与视光医学院,眼科学,26,全日制,293
山东医药大学,不是,不是,不是,是,特殊教育与康复学院,应用心理,17,全日制,341
山东医药大学,不是,不是,不是,是,基础医学院,生理学,3,全日制,274
山东医药大学,不是,不是,不是,是,药学院,微生物学,9,全日制,274
山东医药大学,不是,不是,不是,是,药学院,细胞生物学,15,全日制,274
山东医药大学,不是,不是,不是,是,基础医学院,生物化学与分子生物学,2,全日制,274
山东医药大学,不是,不是,不是,是,特殊教育与康复学院,应用心理,17,全日制,341
山东医药大学,不是,不是,不是,是,基础医学院,生理学,3,全日制,274
山东医药大学,不是,不是,不是,是,药学院,微生物学,9,全日制,274
山东医药大学,不是,不是,不是,是,药学院,细胞生物学,15,全日制,274
山东医药大学,不是,不是,不是,是,基础医学院,生物化学与分子生物学,2,全日制,274
山东医药大学,不是,不是,不是,是,药学院,生物化学与分子生物学,7,全日制,274
山东医药大学,不是,不是,不是,是,基础医学院,生物与医药,1,全日制,260
山东医药大学,不是,不是,不是,是,药学院,生物与医药,16,全日制,260
山东医药大学,不是,不是,不是,是,基础医学院,人体解剖与组织胚胎学,9,全日制,293
山东医药大学,不是,不是,不是,是,基础医学院,免疫学,7,全日制,293
山东医药大学,不是,不是,不是,是,基础医学院,病原生物学,9,全日制,293
山东医药大学,不是,不是,不是,是,基础医学院,病理学与病理生理学,6,全日制,293
山东医药大学,不是,不是,不是,是,第一临床医学院（滨州附属医院）,内科学,14,全日制,293
山东医药大学,不是,不是,不是,是,第二临床医学院（烟台附属医院）,内科学,5,全日制,293
山东医药大学,不是,不是,不是,是,第一临床医学院（滨州附属医院）,儿科学,2,全日制,293
山东医药大学,不是,不是,不是,是,第二临床医学院（烟台附属医院）,儿科学,1,全日制,293
山东医药大学,不是,不是,不是,是,第一临床医学院（滨州附属医院）,老年医学,1,全日制,293
山东医药大学,不是,不是,不是,是,第一临床医学院（滨州附属医院）,神经病学,5,全日制,293
山东医药大学,不是,不是,不是,是,第二临床医学院（烟台附属医院）,神经病学,1,全日制,293
山东医药大学,不是,不是,不是,是,第一临床医学院（滨州附属医院）,精神病与精神卫生学,3,全日制,293
山东医药大学,不是,不是,不是,是,第一临床医学院（滨州附属医院）,皮肤病与性病学,1,全日制,293
山东医药大学,不是,不是,不是,是,医学影像学院,影像医学与核医学,4,全日制,293
山东医药大学,不是,不是,不是,是,第一临床医学院（滨州附属医院）,临床检验诊断学,4,全日制,293
山东医药大学,不是,不是,不是,是,第二临床医学院（烟台附属医院）,临床检验诊断学,1,全日制,293
山东医药大学,不是,不是,不是,是,第一临床医学院（滨州附属医院）,外科学,7,全日制,293
山东第二医科大学,不是,不是,不是,是,心理学院,基础心理学,2,全日制,341
山东第二医科大学,不是,不是,不是,是,心理学院,发展与教育心理学,4,全日制,341
山东第二医科大学,不是,不是,不是,是,心理学院,应用心理学,6,全日制,341
山东第二医科大学,不是,不是,不是,是,心理学院,应用心理,17,全日制,341
山东第二医科大学,不是,不是,不是,是,基础医学院,生理学,3,全日制,274
山东第二医科大学,不是,不是,不是,是,心理学院,基础心理学,2,全日制,341
山东第二医科大学,不是,不是,不是,是,心理学院,发展与教育心理学,4,全日制,341
山东第二医科大学,不是,不是,不是,是,心理学院,应用心理学,6,全日制,341
山东第二医科大学,不是,不是,不是,是,心理学院,应用心理,17,全日制,341
山东第二医科大学,不是,不是,不是,是,基础医学院,生理学,3,全日制,274
山东第二医科大学,不是,不是,不是,是,生命科学与技术学院,微生物学,11,全日制,274
山东第二医科大学,不是,不是,不是,是,生命科学与技术学院,遗传学,3,全日制,274
山东第二医科大学,不是,不是,不是,是,生命科学与技术学院,发育生物学,6,全日制,274
山东第二医科大学,不是,不是,不是,是,生命科学与技术学院,细胞生物学,13,全日制,274
山东第二医科大学,不是,不是,不是,是,基础医学院,生物化学与分子生物学,3,全日制,274
山东第二医科大学,不是,不是,不是,是,生命科学与技术学院,生物与医药,20,全日制,260
山东第二医科大学,不是,不是,不是,是,基础医学院,人体解剖与组织胚胎学,12,全日制,293
山东第二医科大学,不是,不是,不是,是,基础医学院,免疫学,12,全日制,293
山东第二医科大学,不是,不是,不是,是,基础医学院,病原生物学,7,全日制,293
山东第二医科大学,不是,不是,不是,是,基础医学院,病理学与病理生理学,20,全日制,293
山东第二医科大学,不是,不是,不是,是,基础医学院,法医学,4,全日制,293
山东第二医科大学,不是,不是,不是,是,临床医学院,内科学,22,全日制,293
山东第二医科大学,不是,不是,不是,是,临床医学院,儿科学,4,全日制,293
山东第二医科大学,不是,不是,不是,是,临床医学院,老年医学,2,全日制,293
山东第二医科大学,不是,不是,不是,是,临床医学院,神经病学,3,全日制,293
山东交通学院,不是,不是,不是,是,轨道交通学院,机器人工程,32,全日制,260
山东交通学院,不是,不是,不是,是,信息科学与电气工程学院（人工智能学院）,机器人工程,55,全日制,260
临沂大学,不是,不是,不是,是,商学院,应用统计,8,全日制,323
临沂大学,不是,不是,不是,是,数学与统计学院,应用统计,8,全日制,323
临沂大学,不是,不是,不是,是,马克思主义学院,马克思主义理论,10,全日制,323
临沂大学,不是,不是,不是,是,法学院,社会工作,10,全日制,323
临沂大学,不是,不是,不是,是,马克思主义学院,学科教学（思政）,12,全日制,341
临沂大学,不是,不是,不是,是,商学院,应用统计,8,全日制,323
临沂大学,不是,不是,不是,是,数学与统计学院,应用统计,8,全日制,323
临沂大学,不是,不是,不是,是,马克思主义学院,马克思主义理论,10,全日制,323
临沂大学,不是,不是,不是,是,法学院,社会工作,10,全日制,323
临沂大学,不是,不是,不是,是,马克思主义学院,学科教学（思政）,12,全日制,341
山东航空学院,不是,不是,不是,是,经济管理学院,数字经济,5,全日制,323
山东航空学院,不是,不是,不是,是,体育学院,体育教学,4,全日制,304
山东航空学院,不是,不是,不是,是,体育学院,运动训练,4,全日制,304
山东航空学院,不是,不是,不是,是,人文学院,博物馆,6,全日制,336
山东航空学院,不是,不是,不是,是,信息工程学院,计算机技术,6,全日制,260
山东航空学院,不是,不是,不是,是,经济管理学院,数字经济,5,全日制,323
山东航空学院,不是,不是,不是,是,体育学院,体育教学,4,全日制,304
山东航空学院,不是,不是,不是,是,体育学院,运动训练,4,全日制,304
山东航空学院,不是,不是,不是,是,人文学院,博物馆,6,全日制,336
山东航空学院,不是,不是,不是,是,信息工程学院,计算机技术,6,全日制,260
济宁医学院,不是,不是,不是,是,临床医学院（附属医院）,内科学,66,全日制,293
济宁医学院,不是,不是,不是,是,临床医学院（附属医院）,儿科学,9,全日制,293
济宁医学院,不是,不是,不是,是,临床医学院（附属医院）,老年医学,2,全日制,293
济宁医学院,不是,不是,不是,是,临床医学院（附属医院）,神经病学,21,全日制,293
济宁医学院,不是,不是,不是,是,精神卫生学院,精神病与精神卫生学,43,全日制,293
济宁医学院,不是,不是,不是,是,临床医学院（附属医院）,内科学,66,全日制,293
济宁医学院,不是,不是,不是,是,临床医学院（附属医院）,儿科学,9,全日制,293
济宁医学院,不是,不是,不是,是,临床医学院（附属医院）,老年医学,2,全日制,293
济宁医学院,不是,不是,不是,是,临床医学院（附属医院）,神经病学,21,全日制,293
济宁医学院,不是,不是,不是,是,精神卫生学院,精神病与精神卫生学,43,全日制,293
山东工商学院,不是,不是,不是,是,金融学院,财政学,6,全日制,323
山东工商学院,不是,不是,不是,是,金融学院,金融学,8,全日制,323
山东工商学院,不是,不是,不是,是,金融学院,财政学,6,全日制,323
山东工商学院,不是,不是,不是,是,金融学院,金融学,8,全日制,323
山东体育学院,不是,不是,不是,是,研究生教育学院,体育人文社会学,13,全日制,304
山东体育学院,不是,不是,不是,是,研究生教育学院,运动人体科学,8,全日制,304
山东体育学院,不是,不是,不是,是,研究生教育学院,体育教育训练学,7,全日制,304
山东体育学院,不是,不是,不是,是,研究生教育学院,民族传统体育学,4,全日制,304
山东体育学院,不是,不是,不是,是,研究生教育学院,体育教学,63,全日制,304
山东政法学院,不是,不是,不是,是,不区分院系,法律（非法学）,85,全日制,323
山东政法学院,不是,不是,不是,是,不区分院系,法律（法学）,86,全日制,323
山东艺术学院,不是,不是,不是,是,音乐学院,艺术学,17,全日制,351
山东艺术学院,不是,不是,不是,是,美术学院,艺术学,23,全日制,351
山东艺术学院,不是,不是,不是,是,戏剧学院,艺术学,1,全日制,351
山东艺术学院,不是,不是,不是,是,设计学院,艺术学,9,全日制,351
山东艺术学院,不是,不是,不是,是,艺术管理学院,艺术学,25,全日制,351
山东艺术学院,不是,不是,不是,是,音乐学院,艺术学,17,全日制,351
山东艺术学院,不是,不是,不是,是,美术学院,艺术学,23,全日制,351
山东艺术学院,不是,不是,不是,是,戏剧学院,艺术学,1,全日制,351
山东艺术学院,不是,不是,不是,是,设计学院,艺术学,9,全日制,351
山东艺术学院,不是,不是,不是,是,艺术管理学院,艺术学,25,全日制,351
中共山东省委党校（山东行政学院）,不是,不是,不是,不是,不区分院系,马克思主义哲学,3,全日制,321
中共山东省委党校（山东行政学院）,不是,不是,不是,不是,不区分院系,理论经济学,8,全日制,323
中共山东省委党校（山东行政学院）,不是,不是,不是,不是,不区分院系,马克思主义基本原理,3,全日制,323
中共山东省委党校（山东行政学院）,不是,不是,不是,不是,不区分院系,马克思主义中国化研究,6,全日制,323
山东工艺美术学院,不是,不是,不是,是,不区分院系,艺术学,17,全日制,351
山东工艺美术学院,不是,不是,不是,是,不区分院系,戏剧与影视,9,全日制,351
山东工艺美术学院,不是,不是,不是,是,不区分院系,戏剧与影视,1,非全日制,351
山东工艺美术学院,不是,不是,不是,是,不区分院系,美术与书法,16,全日制,351
山东工艺美术学院,不是,不是,不是,是,不区分院系,设计,152,全日制,351
山东非金属材料研究所,不是,不是,不是,不是,不区分院系,材料学,12,全日制,280
中国科学院海洋研究所,不是,不是,不是,不是,不区分院系,气象学,1,全日制,274
中国科学院海洋研究所,不是,不是,不是,不是,不区分院系,物理海洋学,4,全日制,274
中国科学院海洋研究所,不是,不是,不是,不是,不区分院系,海洋化学,2,全日制,280
中国科学院海洋研究所,不是,不是,不是,不是,不区分院系,海洋生物学,6,全日制,285
中国科学院海洋研究所,不是,不是,不是,不是,不区分院系,海洋地质,7,全日制,290
自然资源部第一海洋研究所,不是,不是,不是,不是,物理海洋系,物理海洋学,22,全日制,274
自然资源部第一海洋研究所,不是,不是,不是,不是,海洋化学系,海洋化学,3,全日制,274
自然资源部第一海洋研究所,不是,不是,不是,不是,海洋生物系,海洋生物学,11,全日制,274
自然资源部第一海洋研究所,不是,不是,不是,不是,海洋地质系,海洋地质,16,全日制,274
自然资源部第一海洋研究所,不是,不是,不是,不是,环境科学系,环境科学,6,全日制,274
中国科学院烟台海岸带研究所,不是,不是,不是,不是,不区分院系,地图学与地理信息系统,2,全日制,300
中国科学院烟台海岸带研究所,不是,不是,不是,不是,不区分院系,海洋化学,3,全日制,290
中国科学院烟台海岸带研究所,不是,不是,不是,不是,不区分院系,海洋生物学,4,全日制,310
中国科学院烟台海岸带研究所,不是,不是,不是,不是,不区分院系,环境科学,2,全日制,260
中国科学院烟台海岸带研究所,不是,不是,不是,不是,不区分院系,环境工程,3,全日制,260
德州学院,不是,不是,不是,是,生物物理研究院,生物医学工程,9,全日制,260
德州学院,不是,不是,不是,是,计算机与信息学院,大数据技术与工程,11,全日制,260
德州学院,不是,不是,不是,是,化学化工学院,材料工程,9,全日制,260
德州学院,不是,不是,不是,是,化学化工学院,化学工程,9,全日制,260
潍坊学院,不是,不是,不是,是,物理与电子信息学院,新一代电子信息技术（含量子技术等）,10,全日制,260
潍坊学院,不是,不是,不是,是,物理与电子信息学院,光电信息工程,9,全日制,260
潍坊学院,不是,不是,不是,是,机械与自动化学院,农机装备工程,9,全日制,260
潍坊学院,不是,不是,不是,是,机械与自动化学院,智能制造技术,10,全日制,260
潍坊学院,不是,不是,不是,是,现代农学院,农业,19,全日制,245
枣庄学院,不是,不是,不是,是,化学化工与材料科学学院,材料工程,8,全日制,260
枣庄学院,不是,不是,不是,是,化学化工与材料科学学院,化学工程,8,全日制,260
枣庄学院,不是,不是,不是,是,生命科学学院,生物技术与工程,9,全日制,260
枣庄学院,不是,不是,不是,是,食品科学与制药工程学院,生物技术与工程,5,全日制,260
中国科学院青岛生物能源与过程研究所,不是,不是,不是,不是,不区分院系,生物学,0,全日制,274
中国科学院青岛生物能源与过程研究所,不是,不是,不是,不是,不区分院系,材料科学与工程,0,全日制,260
中国科学院青岛生物能源与过程研究所,不是,不是,不是,不是,不区分院系,化学工程与技术,0,全日制,260
中国科学院青岛生物能源与过程研究所,不是,不是,不是,不是,不区分院系,材料与化工,3,全日制,260
中国科学院青岛生物能源与过程研究所,不是,不是,不是,不是,不区分院系,生物与医药,1,全日制,260
郑州大学,不是,是,是,不是,哲学学院,哲学,36,全日制,321
郑州大学,不是,是,是,不是,马克思主义学院,科学技术哲学,4,全日制,331
郑州大学,不是,是,是,不是,商学院,国民经济学,7,全日制,330
郑州大学,不是,是,是,不是,商学院,区域经济学,5,全日制,330
郑州大学,不是,是,是,不是,哲学学院,哲学,36,全日制,321
郑州大学,不是,是,是,不是,马克思主义学院,科学技术哲学,4,全日制,331
郑州大学,不是,是,是,不是,商学院,国民经济学,7,全日制,330
郑州大学,不是,是,是,不是,商学院,区域经济学,5,全日制,330
郑州大学,不是,是,是,不是,商学院,金融学,12,全日制,330
郑州大学,不是,是,是,不是,商学院,产业经济学,11,全日制,347
郑州大学,不是,是,是,不是,商学院,国际贸易学,4,全日制,325
郑州大学,不是,是,是,不是,商学院,统计学,5,全日制,330
郑州大学,不是,是,是,不是,商学院,金融,40,全日制,355
郑州大学,不是,是,是,不是,数学与统计学院,应用统计,39,全日制,363
郑州大学,不是,是,是,不是,商学院,保险,10,全日制,323
郑州大学,不是,是,是,不是,法学院,法学理论,10,全日制,355
郑州大学,不是,是,是,不是,法学院,法律史,4,全日制,336
郑州大学,不是,是,是,不是,法学院,宪法学与行政法学,18,全日制,351
郑州大学,不是,是,是,不是,法学院,刑法学,6,全日制,349
郑州大学,不是,是,是,不是,法学院,民商法学,9,全日制,333
郑州大学,不是,是,是,不是,法学院,诉讼法学,6,全日制,353
郑州大学,不是,是,是,不是,法学院,经济法学,9,全日制,361
郑州大学,不是,是,是,不是,法学院,环境与资源保护法学,4,全日制,347
郑州大学,不是,是,是,不是,法学院,国际法学,7,全日制,348
郑州大学,不是,是,是,不是,马克思主义学院,中共党史,15,全日制,362
郑州大学,不是,是,是,不是,马克思主义学院,国际关系,7,全日制,342
郑州大学,不是,是,是,不是,政治与公共管理学院,社会学,12,全日制,368
郑州大学,不是,是,是,不是,马克思主义学院,马克思主义基本原理,15,全日制,361
郑州大学,不是,是,是,不是,马克思主义学院,马克思主义发展史,9,全日制,354
郑州大学,不是,是,是,不是,马克思主义学院,马克思主义中国化研究,20,全日制,357
郑州大学,不是,是,是,不是,马克思主义学院,国外马克思主义研究,3,全日制,332
郑州大学,不是,是,是,不是,马克思主义学院,思想政治教育,18,全日制,344
郑州大学,不是,是,是,不是,马克思主义学院,中国近现代史基本问题研究,9,全日制,333
郑州大学,不是,是,是,不是,法学院,法律（非法学）,32,全日制,347
郑州大学,不是,是,是,不是,法学院,法律（非法学）,20,非全日制,347
郑州大学,不是,是,是,不是,法学院,法律（法学）,33,全日制,338
郑州大学,不是,是,是,不是,法学院,法律（法学）,20,非全日制,338
郑州大学,不是,是,是,不是,政治与公共管理学院,社会工作,49,全日制,373
郑州大学,不是,是,是,不是,教育学院,教育学,10,全日制,344
郑州大学,不是,是,是,不是,教育学院,基础心理学,3,全日制,346
郑州大学,不是,是,是,不是,教育学院,发展与教育心理学,2,全日制,341
郑州大学,不是,是,是,不是,教育学院,应用心理学,4,全日制,345
郑州大学,不是,是,是,不是,体育学院（校本部）,体育人文社会学,3,全日制,329
郑州大学,不是,是,是,不是,体育学院（校本部）,运动人体科学,8,全日制,328
郑州大学,不是,是,是,不是,体育学院（校本部）,体育教育训练学,7,全日制,308
郑州大学,不是,是,是,不是,体育学院（校本部）,民族传统体育学,2,全日制,342
郑州大学,不是,是,是,不是,教育学院,教育管理,14,全日制,342
郑州大学,不是,是,是,不是,教育学院,教育管理,23,非全日制,342
郑州大学,不是,是,是,不是,教育学院,学科教学（思政）,6,非全日制,355
郑州大学,不是,是,是,不是,体育学院（校本部）,体育教学,27,全日制,377
郑州大学,不是,是,是,不是,体育学院（校本部）,运动训练,9,全日制,382
郑州大学,不是,是,是,不是,体育学院（校本部）,社会体育指导,4,全日制,379
郑州大学,不是,是,是,不是,文学院,国际中文教育,80,全日制,355
郑州大学,不是,是,是,不是,教育学院,应用心理,15,全日制,359
郑州大学,不是,是,是,不是,教育学院,应用心理,26,非全日制,359
郑州大学,不是,是,是,不是,文学院,文艺学,7,全日制,370
郑州大学,不是,是,是,不是,文学院,语言学及应用语言学,7,全日制,351
郑州大学,不是,是,是,不是,文学院,汉语言文字学,15,全日制,355
郑州大学,不是,是,是,不是,文学院,中国古典文献学,8,全日制,355
郑州大学,不是,是,是,不是,文学院,中国古代文学,11,全日制,364
郑州大学,不是,是,是,不是,文学院,中国现当代文学,8,全日制,355
郑州大学,不是,是,是,不是,文学院,比较文学与世界文学,4,全日制,355
郑州大学,不是,是,是,不是,外国语与国际关系学院,英语语言文学,10,全日制,351
郑州大学,不是,是,是,不是,外国语与国际关系学院,俄语语言文学,3,全日制,351
郑州大学,不是,是,是,不是,外国语与国际关系学院,德语语言文学,3,全日制,351
郑州大学,不是,是,是,不是,外国语与国际关系学院,日语语言文学,5,全日制,351
郑州大学,不是,是,是,不是,外国语与国际关系学院,外国语言学及应用语言学,10,全日制,351
郑州大学,不是,是,是,不是,新闻与传播学院,新闻学,15,全日制,351
郑州大学,不是,是,是,不是,新闻与传播学院,传播学,17,全日制,351
郑州大学,不是,是,是,不是,外国语与国际关系学院,英语笔译,33,全日制,374
郑州大学,不是,是,是,不是,外国语与国际关系学院,英语口译,28,全日制,385
郑州大学,不是,是,是,不是,外国语与国际关系学院,俄语笔译,4,全日制,351
郑州大学,不是,是,是,不是,外国语与国际关系学院,日语笔译,6,全日制,353
郑州大学,不是,是,是,不是,外国语与国际关系学院,德语笔译,4,全日制,351
郑州大学,不是,是,是,不是,新闻与传播学院,新闻与传播,44,全日制,358
郑州大学,不是,是,是,不是,考古与文化遗产学院,考古学,68,全日制,336
郑州大学,不是,是,是,不是,历史学院,中国史,47,全日制,348
郑州大学,不是,是,是,不是,历史学院,世界史,28,全日制,369
郑州大学,不是,是,是,不是,考古与文化遗产学院,博物馆,8,全日制,355
郑州大学,不是,是,是,不是,数学与统计学院,基础数学,16,全日制,310
郑州大学,不是,是,是,不是,数学与统计学院,计算数学,9,全日制,325
郑州大学,不是,是,是,不是,数学与统计学院,概率论与数理统计,2,全日制,285
郑州大学,不是,是,是,不是,数学与统计学院,应用数学,2,全日制,320
郑州大学,不是,是,是,不是,数学与统计学院,运筹学与控制论,10,全日制,350
郑州大学,不是,是,是,不是,物理学院,理论物理,22,全日制,330
郑州大学,不是,是,是,不是,物理学院,粒子物理与原子核物理,19,全日制,295
郑州大学,不是,是,是,不是,物理学院,凝聚态物理,56,全日制,295
郑州大学,不是,是,是,不是,物理学院,光学,32,全日制,350
郑州大学,不是,是,是,不是,化学学院,无机化学,87,全日制,285
郑州大学,不是,是,是,不是,化学学院,分析化学,43,全日制,280
河南大学,不是,不是,是,不是,哲学与公共管理学院,哲学,20,全日制,321
河南大学,不是,不是,是,不是,经济学院,理论经济学,11,全日制,323
河南大学,不是,不是,是,不是,经济学院,应用经济学,23,全日制,327
河南大学,不是,不是,是,不是,黄河文明与可持续发展研究中心,应用经济学,2,全日制,323
河南大学,不是,不是,是,不是,中原发展研究院,应用经济学,13,全日制,335
河南大学,不是,不是,是,不是,哲学与公共管理学院,哲学,20,全日制,321
河南大学,不是,不是,是,不是,经济学院,理论经济学,11,全日制,323
河南大学,不是,不是,是,不是,经济学院,应用经济学,23,全日制,327
河南大学,不是,不是,是,不是,黄河文明与可持续发展研究中心,应用经济学,2,全日制,323
河南大学,不是,不是,是,不是,中原发展研究院,应用经济学,13,全日制,335
河南大学,不是,不是,是,不是,经济学院,金融,60,全日制,343
河南大学,不是,不是,是,不是,数学与统计学院,应用统计,39,全日制,361
河南大学,不是,不是,是,不是,经济学院,国际商务,20,全日制,323
河南大学,不是,不是,是,不是,经济学院,统计学,7,全日制,323
河南大学,不是,不是,是,不是,法学院,法学,38,全日制,345
河南大学,不是,不是,是,不是,哲学与公共管理学院,政治学,9,全日制,337
河南大学,不是,不是,是,不是,黄河文明与可持续发展研究中心,民族学,7,全日制,323
河南大学,不是,不是,是,不是,马克思主义学院,马克思主义理论,53,全日制,362
河南大学,不是,不是,是,不是,法学院,法律（非法学）,0,全日制,333
河南大学,不是,不是,是,不是,法学院,法律（非法学）,0,非全日制,333
河南大学,不是,不是,是,不是,法学院,法律（法学）,0,全日制,323
河南大学,不是,不是,是,不是,法学院,法律（法学）,0,非全日制,323
河南大学,不是,不是,是,不是,哲学与公共管理学院,社会工作,8,全日制,323
河南大学,不是,不是,是,不是,法学院,知识产权,8,全日制,360
河南大学,不是,不是,是,不是,教育学部,教育学,45,全日制,341
河南大学,不是,不是,是,不是,教育学部,心理学,30,全日制,341
河南大学,不是,不是,是,不是,体育学院,体育学,29,全日制,304
河南大学,不是,不是,是,不是,武术学院,体育学,6,全日制,330
河南大学,不是,不是,是,不是,教育学部,教育管理,0,全日制,351
河南大学,不是,不是,是,不是,教育学部,教育管理,0,非全日制,351
河南大学,不是,不是,是,不是,哲学与公共管理学院,学科教学（思政）,13,全日制,376
河南大学,不是,不是,是,不是,马克思主义学院,学科教学（思政）,22,全日制,377
河南大学,不是,不是,是,不是,文学院,学科教学（语文）,52,全日制,379
河南大学,不是,不是,是,不是,数学与统计学院,学科教学（数学）,20,全日制,341
河南大学,不是,不是,是,不是,物理与电子学院,学科教学（物理）,14,全日制,341
河南大学,不是,不是,是,不是,化学与分子科学学院,学科教学（化学）,15,全日制,355
河南大学,不是,不是,是,不是,生命科学学院,学科教学（生物）,20,全日制,356
河南大学,不是,不是,是,不是,外语学院,学科教学（英语）,36,全日制,370
河南大学,不是,不是,是,不是,历史文化学院,学科教学（历史）,33,全日制,379
河南大学,不是,不是,是,不是,教育学部,现代教育技术,16,全日制,344
河南大学,不是,不是,是,不是,教育学部,小学教育,17,全日制,380
河南大学,不是,不是,是,不是,教育学部,心理健康教育,12,全日制,365
河南大学,不是,不是,是,不是,教育学部,学前教育,16,全日制,388
河南大学,不是,不是,是,不是,文化旅游学院,职业技术教育,11,全日制,353
河南大学,不是,不是,是,不是,体育学院,体育教学,84,全日制,336
河南大学,不是,不是,是,不是,武术学院,体育教学,14,全日制,324
河南大学,不是,不是,是,不是,体育学院,运动训练,13,全日制,329
河南农业大学,不是,不是,不是,是,马克思主义学院,马克思主义理论,27,全日制,337
河南农业大学,不是,不是,不是,是,文法学院,法律（非法学）,7,全日制,323
河南农业大学,不是,不是,不是,是,文法学院,法律（非法学）,8,非全日制,323
河南农业大学,不是,不是,不是,是,文法学院,法律（法学）,6,全日制,323
河南农业大学,不是,不是,不是,是,文法学院,社会工作,16,全日制,369
河南农业大学,不是,不是,不是,是,马克思主义学院,马克思主义理论,27,全日制,337
河南农业大学,不是,不是,不是,是,文法学院,法律（非法学）,7,全日制,323
河南农业大学,不是,不是,不是,是,文法学院,法律（非法学）,8,非全日制,323
河南农业大学,不是,不是,不是,是,文法学院,法律（法学）,6,全日制,323
河南农业大学,不是,不是,不是,是,文法学院,社会工作,16,全日制,369
河南农业大学,不是,不是,不是,是,文法学院,社会工作,8,非全日制,369
河南农业大学,不是,不是,不是,是,文法学院,国际中文教育,12,全日制,341
河南农业大学,不是,不是,不是,是,文法学院,国际中文教育,6,非全日制,341
河南农业大学,不是,不是,不是,是,外国语学院,英语笔译,18,全日制,351
河南农业大学,不是,不是,不是,是,外国语学院,英语笔译,11,非全日制,351
河南农业大学,不是,不是,不是,是,理学院,化学,15,全日制,274
河南农业大学,不是,不是,不是,是,生命科学学院,植物学,20,全日制,274
河南农业大学,不是,不是,不是,是,生命科学学院,动物学,9,全日制,274
河南农业大学,不是,不是,不是,是,生命科学学院,微生物学,24,全日制,326
河南农业大学,不是,不是,不是,是,生命科学学院,遗传学,7,全日制,274
河南农业大学,不是,不是,不是,是,生命科学学院,细胞生物学,5,全日制,327
河南农业大学,不是,不是,不是,是,生命科学学院,生物化学与分子生物学,16,全日制,274
河南农业大学,不是,不是,不是,是,林学院,生态学,20,全日制,274
河南农业大学,不是,不是,不是,是,信息与管理科学学院,计算机科学与技术,10,全日制,260
河南农业大学,不是,不是,不是,是,风景园林与艺术学院,建筑学,5,全日制,260
河南师范大学,不是,不是,不是,是,政治与公共管理学院,哲学,9,全日制,364
河南师范大学,不是,不是,不是,是,政治与公共管理学院,应用伦理,9,全日制,321
河南师范大学,不是,不是,不是,是,商学院,应用经济学,9,全日制,323
河南师范大学,不是,不是,不是,是,商学院,金融,24,全日制,323
河南师范大学,不是,不是,不是,是,法学院,法学,15,全日制,357
河南师范大学,不是,不是,不是,是,政治与公共管理学院,哲学,9,全日制,364
河南师范大学,不是,不是,不是,是,政治与公共管理学院,应用伦理,9,全日制,321
河南师范大学,不是,不是,不是,是,商学院,应用经济学,9,全日制,323
河南师范大学,不是,不是,不是,是,商学院,金融,24,全日制,323
河南师范大学,不是,不是,不是,是,法学院,法学,15,全日制,357
河南师范大学,不是,不是,不是,是,政治与公共管理学院,政治学,16,全日制,332
河南师范大学,不是,不是,不是,是,社会事业学院,社会学,11,全日制,323
河南师范大学,不是,不是,不是,是,马克思主义学院,马克思主义理论,45,全日制,358
河南师范大学,不是,不是,不是,是,法学院,法律（非法学）,15,全日制,323
河南师范大学,不是,不是,不是,是,法学院,法律（非法学）,10,非全日制,323
河南师范大学,不是,不是,不是,是,法学院,法律（法学）,23,全日制,323
河南师范大学,不是,不是,不是,是,法学院,法律（法学）,10,非全日制,323
河南师范大学,不是,不是,不是,是,社会事业学院,社会工作,50,全日制,323
河南师范大学,不是,不是,不是,是,政治与公共管理学院,国际事务,10,全日制,323
河南师范大学,不是,不是,不是,是,教育学部,教育学,18,全日制,341
河南师范大学,不是,不是,不是,是,教育学部,课程与教学论,3,全日制,341
河南师范大学,不是,不是,不是,是,教育学部,心理学,5,全日制,341
河南师范大学,不是,不是,不是,是,体育学院,体育学,16,全日制,304
河南师范大学,不是,不是,不是,是,教育学部,教育管理,11,全日制,341
河南师范大学,不是,不是,不是,是,政治与公共管理学院,学科教学（思政）,38,全日制,372
河南师范大学,不是,不是,不是,是,马克思主义学院,学科教学（思政）,25,全日制,341
河南师范大学,不是,不是,不是,是,文学院,学科教学（语文）,79,全日制,375
河南师范大学,不是,不是,不是,是,文学院,学科教学（语文）,16,非全日制,375
河南科技大学,不是,不是,不是,是,商学院,应用经济学,9,全日制,323
河南科技大学,不是,不是,不是,是,商学院,金融,29,全日制,323
河南科技大学,不是,不是,不是,是,数学与统计学院,应用统计,11,全日制,323
河南科技大学,不是,不是,不是,是,法学院,法学,10,全日制,323
河南科技大学,不是,不是,不是,是,马克思主义学院,马克思主义理论,34,全日制,330
河南科技大学,不是,不是,不是,是,商学院,应用经济学,9,全日制,323
河南科技大学,不是,不是,不是,是,商学院,金融,29,全日制,323
河南科技大学,不是,不是,不是,是,数学与统计学院,应用统计,11,全日制,323
河南科技大学,不是,不是,不是,是,法学院,法学,10,全日制,323
河南科技大学,不是,不是,不是,是,马克思主义学院,马克思主义理论,34,全日制,330
河南科技大学,不是,不是,不是,是,法学院,法律（非法学）,4,全日制,323
河南科技大学,不是,不是,不是,是,法学院,法律（非法学）,2,非全日制,323
河南科技大学,不是,不是,不是,是,法学院,法律（法学）,3,全日制,323
河南科技大学,不是,不是,不是,是,法学院,法律（法学）,2,非全日制,323
河南科技大学,不是,不是,不是,是,法学院,知识产权,2,全日制,323
河南科技大学,不是,不是,不是,是,法学院,知识产权,1,非全日制,323
河南科技大学,不是,不是,不是,是,体育学院,体育,6,全日制,304
河南科技大学,不是,不是,不是,是,人文学院,国际中文教育,7,全日制,341
河南科技大学,不是,不是,不是,是,外国语学院,英语语言文学,4,全日制,351
河南科技大学,不是,不是,不是,是,外国语学院,日语语言文学,2,全日制,351
河南科技大学,不是,不是,不是,是,外国语学院,外国语言学及应用语言学,6,全日制,351
河南科技大学,不是,不是,不是,是,外国语学院,翻译,42,全日制,351
河南科技大学,不是,不是,不是,是,外国语学院,翻译,7,非全日制,351
河南科技大学,不是,不是,不是,是,人文学院,中国史,13,全日制,336
河南科技大学,不是,不是,不是,是,数学与统计学院,数学,14,全日制,274
河南科技大学,不是,不是,不是,是,物理工程学院,物理学,17,全日制,274
河南科技大学,不是,不是,不是,是,化学化工学院,化学,6,全日制,274
河南科技大学,不是,不是,不是,是,食品与生物工程学院,生物学,18,全日制,274
河南科技大学,不是,不是,不是,是,农学院,生物学,7,全日制,274
河南科技大学,不是,不是,不是,是,动物科技学院,生物学,1,全日制,274
河南科技大学,不是,不是,不是,是,基础医学与法医学院,生物学,5,全日制,274
河南科技大学,不是,不是,不是,是,农学院,生态学,8,全日制,274
河南科技大学,不是,不是,不是,是,数学与统计学院,统计学,11,全日制,274
河南科技大学,不是,不是,不是,是,信息工程学院,计算机科学与技术,15,全日制,274
河南科技大学,不是,不是,不是,是,化学化工学院,药学,4,全日制,274
河南科技大学,不是,不是,不是,是,土木建筑学院,力学,5,全日制,251
河南科技大学,不是,不是,不是,是,机电工程学院,机械工程,44,全日制,260
河南科技大学,不是,不是,不是,是,机电工程学院,仪器科学与技术,4,全日制,260
河南科技大学,不是,不是,不是,是,材料科学与工程学院,材料科学与工程,61,全日制,260
河南理工大学,不是,不是,不是,是,财经学院,金融,28,全日制,323
河南理工大学,不是,不是,不是,是,数学与信息科学学院,应用统计,10,全日制,323
河南理工大学,不是,不是,不是,是,马克思主义学院,马克思主义理论,27,全日制,340
河南理工大学,不是,不是,不是,是,文法学院,法律（非法学）,5,全日制,323
河南理工大学,不是,不是,不是,是,文法学院,法律（法学）,5,全日制,323
河南理工大学,不是,不是,不是,是,财经学院,金融,28,全日制,323
河南理工大学,不是,不是,不是,是,数学与信息科学学院,应用统计,10,全日制,323
河南理工大学,不是,不是,不是,是,马克思主义学院,马克思主义理论,27,全日制,340
河南理工大学,不是,不是,不是,是,文法学院,法律（非法学）,5,全日制,323
河南理工大学,不是,不是,不是,是,文法学院,法律（法学）,5,全日制,323
河南理工大学,不是,不是,不是,是,马克思主义学院,学科教学（思政）,25,全日制,341
河南理工大学,不是,不是,不是,是,外国语学院,学科教学（英语）,16,全日制,365
河南理工大学,不是,不是,不是,是,体育学院,体育,36,全日制,304
河南理工大学,不是,不是,不是,是,文法学院,国际中文教育,23,全日制,341
河南理工大学,不是,不是,不是,是,文法学院,中国语言文学,17,全日制,351
河南理工大学,不是,不是,不是,是,外国语学院,英语笔译,33,全日制,351
河南理工大学,不是,不是,不是,是,数学与信息科学学院,数学,27,全日制,274
河南理工大学,不是,不是,不是,是,测绘与国土信息工程学院,地理学,11,全日制,274
河南理工大学,不是,不是,不是,是,资源环境学院,地质学,24,全日制,274
河南理工大学,不是,不是,不是,是,土木工程学院,力学,8,全日制,251
河南工业大学,不是,不是,不是,是,经济贸易学院,应用经济学,10,全日制,323
河南工业大学,不是,不是,不是,是,经济贸易学院,金融,25,全日制,323
河南工业大学,不是,不是,不是,是,经济贸易学院,金融,10,非全日制,323
河南工业大学,不是,不是,不是,是,数学与统计学院,应用统计,10,全日制,323
河南工业大学,不是,不是,不是,是,经济贸易学院,国际商务,10,全日制,323
河南工业大学,不是,不是,不是,是,经济贸易学院,应用经济学,10,全日制,323
河南工业大学,不是,不是,不是,是,经济贸易学院,金融,25,全日制,323
河南工业大学,不是,不是,不是,是,经济贸易学院,金融,10,非全日制,323
河南工业大学,不是,不是,不是,是,数学与统计学院,应用统计,10,全日制,323
河南工业大学,不是,不是,不是,是,经济贸易学院,国际商务,10,全日制,323
河南工业大学,不是,不是,不是,是,经济贸易学院,数字经济,10,全日制,323
河南工业大学,不是,不是,不是,是,法学院,法学,10,全日制,323
河南工业大学,不是,不是,不是,是,马克思主义学院,马克思主义理论,31,全日制,323
河南工业大学,不是,不是,不是,是,法学院,知识产权,10,全日制,323
河南工业大学,不是,不是,不是,是,外语学院,英语语言文学,7,全日制,351
河南工业大学,不是,不是,不是,是,外语学院,日语语言文学,2,全日制,351
河南工业大学,不是,不是,不是,是,外语学院,外国语言学及应用语言学,7,全日制,351
河南工业大学,不是,不是,不是,是,新闻与传播学院,新闻传播学,10,全日制,351
河南工业大学,不是,不是,不是,是,外语学院,翻译,12,全日制,351
河南工业大学,不是,不是,不是,是,新闻与传播学院,新闻与传播,29,全日制,372
华北水利水电大学,不是,不是,不是,是,管理与经济学院,应用经济学,4,全日制,323
华北水利水电大学,不是,不是,不是,是,数学与统计学院,应用统计,7,全日制,323
华北水利水电大学,不是,不是,不是,是,管理与经济学院,国际商务,9,全日制,323
华北水利水电大学,不是,不是,不是,是,管理与经济学院,资产评估,3,全日制,323
华北水利水电大学,不是,不是,不是,是,管理与经济学院,资产评估,1,非全日制,323
华北水利水电大学,不是,不是,不是,是,管理与经济学院,应用经济学,4,全日制,323
华北水利水电大学,不是,不是,不是,是,数学与统计学院,应用统计,7,全日制,323
华北水利水电大学,不是,不是,不是,是,管理与经济学院,国际商务,9,全日制,323
华北水利水电大学,不是,不是,不是,是,管理与经济学院,资产评估,3,全日制,323
华北水利水电大学,不是,不是,不是,是,管理与经济学院,资产评估,1,非全日制,323
华北水利水电大学,不是,不是,不是,是,马克思主义学院,马克思主义理论,17,全日制,323
华北水利水电大学,不是,不是,不是,是,法学院,法律（非法学）,11,全日制,323
华北水利水电大学,不是,不是,不是,是,法学院,法律（法学）,9,全日制,323
华北水利水电大学,不是,不是,不是,是,外国语学院,国际中文教育,8,全日制,341
华北水利水电大学,不是,不是,不是,是,外国语学院,翻译,27,全日制,351
华北水利水电大学,不是,不是,不是,是,数学与统计学院,数学,23,全日制,274
华北水利水电大学,不是,不是,不是,是,测绘与地理信息学院,地理学,10,全日制,274
华北水利水电大学,不是,不是,不是,是,土木与交通学院,工程力学,3,全日制,251
华北水利水电大学,不是,不是,不是,是,机械学院,机械工程,7,全日制,260
华北水利水电大学,不是,不是,不是,是,能源与动力工程学院,动力工程及工程热物理,4,全日制,251
华北水利水电大学,不是,不是,不是,是,电气工程学院,电气工程,5,全日制,260
华北水利水电大学,不是,不是,不是,是,电气工程学院,控制科学与工程,5,全日制,260
华北水利水电大学,不是,不是,不是,是,信息工程学院,计算机科学与技术,10,全日制,260
华北水利水电大学,不是,不是,不是,是,地球科学与工程学院,土木工程,6,全日制,260
郑州轻工业大学,不是,不是,不是,是,经济与管理学院,国际商务,5,全日制,323
郑州轻工业大学,不是,不是,不是,是,马克思主义学院,马克思主义理论,23,全日制,323
郑州轻工业大学,不是,不是,不是,是,政法学院,社会工作,22,全日制,323
郑州轻工业大学,不是,不是,不是,是,体育学院,体育,10,全日制,304
郑州轻工业大学,不是,不是,不是,是,外国语学院,国际中文教育,5,全日制,341
郑州轻工业大学,不是,不是,不是,是,经济与管理学院,国际商务,5,全日制,323
郑州轻工业大学,不是,不是,不是,是,马克思主义学院,马克思主义理论,23,全日制,323
郑州轻工业大学,不是,不是,不是,是,政法学院,社会工作,22,全日制,323
郑州轻工业大学,不是,不是,不是,是,体育学院,体育,10,全日制,304
郑州轻工业大学,不是,不是,不是,是,外国语学院,国际中文教育,5,全日制,341
郑州轻工业大学,不是,不是,不是,是,外国语学院,英语笔译,10,全日制,351
郑州轻工业大学,不是,不是,不是,是,外国语学院,朝鲜语口译,4,全日制,351
郑州轻工业大学,不是,不是,不是,是,数学与信息科学学院,数学,11,全日制,274
郑州轻工业大学,不是,不是,不是,是,机电工程学院,机械工程,13,全日制,260
郑州轻工业大学,不是,不是,不是,是,电子信息学院,光学工程,8,全日制,260
郑州轻工业大学,不是,不是,不是,是,材料与化学工程学院,材料科学与工程,3,全日制,260
郑州轻工业大学,不是,不是,不是,是,电子信息学院,材料科学与工程,2,全日制,260
郑州轻工业大学,不是,不是,不是,是,能源与动力工程学院,动力工程及工程热物理,4,全日制,251
郑州轻工业大学,不是,不是,不是,是,电气信息工程学院,电气工程,21,全日制,260
郑州轻工业大学,不是,不是,不是,是,电子信息学院,信息与通信工程,5,全日制,260
河南中医药大学,不是,不是,不是,是,马克思主义学院,马克思主义理论,20,全日制,360
河南中医药大学,不是,不是,不是,是,外语学院,翻译,11,全日制,351
河南中医药大学,不是,不是,不是,是,药学院,生物与医药,20,全日制,260
河南中医药大学,不是,不是,不是,是,医学院,人体解剖与组织胚胎学,2,全日制,293
河南中医药大学,不是,不是,不是,是,医学院,免疫学,7,全日制,293
河南中医药大学,不是,不是,不是,是,马克思主义学院,马克思主义理论,20,全日制,360
河南中医药大学,不是,不是,不是,是,外语学院,翻译,11,全日制,351
河南中医药大学,不是,不是,不是,是,药学院,生物与医药,20,全日制,260
河南中医药大学,不是,不是,不是,是,医学院,人体解剖与组织胚胎学,2,全日制,293
河南中医药大学,不是,不是,不是,是,医学院,免疫学,7,全日制,293
河南中医药大学,不是,不是,不是,是,医学院,病原生物学,2,全日制,293
河南中医药大学,不是,不是,不是,是,医学院,病理学与病理生理学,7,全日制,293
河南中医药大学,不是,不是,不是,是,第一临床医学院（中西医结合学院）,内科学,5,全日制,293
河南中医药大学,不是,不是,不是,是,第五临床医学院,内科学,4,全日制,293
河南中医药大学,不是,不是,不是,是,第一临床医学院（中西医结合学院）,儿科学,3,全日制,293
河南中医药大学,不是,不是,不是,是,第一临床医学院（中西医结合学院）,神经病学,5,全日制,293
河南中医药大学,不是,不是,不是,是,针灸推拿学院,影像医学与核医学,9,全日制,293
河南中医药大学,不是,不是,不是,是,第一临床医学院（中西医结合学院）,临床检验诊断学,2,全日制,293
河南中医药大学,不是,不是,不是,是,第二临床医学院,外科学,3,全日制,293
河南中医药大学,不是,不是,不是,是,第一临床医学院（中西医结合学院）,外科学,9,全日制,293
河南中医药大学,不是,不是,不是,是,第五临床医学院,外科学,2,全日制,293
河南中医药大学,不是,不是,不是,是,第一临床医学院（中西医结合学院）,眼科学,1,全日制,293
河南中医药大学,不是,不是,不是,是,第一临床医学院（中西医结合学院）,耳鼻咽喉科学,3,全日制,293
河南中医药大学,不是,不是,不是,是,第一临床医学院（中西医结合学院）,肿瘤学,2,全日制,293
河南中医药大学,不是,不是,不是,是,第二临床医学院,急诊医学,1,全日制,293
河南医药大学,不是,不是,不是,是,马克思主义学院,马克思主义理论,15,全日制,323
河南医药大学,不是,不是,不是,是,心理学院,心理学,10,全日制,341
河南医药大学,不是,不是,不是,是,卫生健康管理学院,心理学,1,全日制,341
河南医药大学,不是,不是,不是,是,心理学院,应用心理,5,全日制,341
河南医药大学,不是,不是,不是,是,马克思主义学院,马克思主义理论,15,全日制,323
河南医药大学,不是,不是,不是,是,心理学院,心理学,10,全日制,341
河南医药大学,不是,不是,不是,是,卫生健康管理学院,心理学,1,全日制,341
河南医药大学,不是,不是,不是,是,心理学院,应用心理,5,全日制,341
河南医药大学,不是,不是,不是,是,卫生健康管理学院,应用心理,2,全日制,341
河南医药大学,不是,不是,不是,是,外语学院,翻译,5,全日制,351
河南医药大学,不是,不是,不是,是,基础医学院,生物学,3,全日制,274
河南医药大学,不是,不是,不是,是,生命科学技术学院,生物学,15,全日制,274
河南医药大学,不是,不是,不是,是,河南省医用组织再生重点实验室,生物学,3,全日制,274
河南医药大学,不是,不是,不是,是,健康中原研究院,生物学,5,全日制,274
河南医药大学,不是,不是,不是,是,河南省医学科学院,生物学,4,全日制,274
河南医药大学,不是,不是,不是,是,精神神经医学研究院,生物学,5,全日制,274
河南医药大学,不是,不是,不是,是,医学工程学院,生物医学工程,10,全日制,260
河南医药大学,不是,不是,不是,是,医学工程学院,电子信息,10,全日制,260
河南医药大学,不是,不是,不是,是,基础医学院,生物与医药,10,全日制,260
河南医药大学,不是,不是,不是,是,医学工程学院,生物与医药,10,全日制,260
河南医药大学,不是,不是,不是,是,生命科学技术学院,生物与医药,22,全日制,260
河南医药大学,不是,不是,不是,是,河南省医用组织再生重点实验室,生物与医药,5,全日制,260
中原工学院,不是,不是,不是,是,马克思主义学院,哲学,15,全日制,321
中原工学院,不是,不是,不是,是,经济管理学院,区域经济学,2,全日制,323
中原工学院,不是,不是,不是,是,经济管理学院,金融学,2,全日制,323
中原工学院,不是,不是,不是,是,经济管理学院,产业经济学,2,全日制,323
中原工学院,不是,不是,不是,是,经济管理学院,国际贸易学,2,全日制,323
中原工学院,不是,不是,不是,是,马克思主义学院,哲学,15,全日制,321
中原工学院,不是,不是,不是,是,经济管理学院,区域经济学,2,全日制,323
中原工学院,不是,不是,不是,是,经济管理学院,金融学,2,全日制,323
中原工学院,不是,不是,不是,是,经济管理学院,产业经济学,2,全日制,323
中原工学院,不是,不是,不是,是,经济管理学院,国际贸易学,2,全日制,323
中原工学院,不是,不是,不是,是,经济管理学院,劳动经济学,1,全日制,323
中原工学院,不是,不是,不是,是,经济管理学院,金融,9,全日制,323
中原工学院,不是,不是,不是,是,数学与信息科学学院,应用统计,8,全日制,323
中原工学院,不是,不是,不是,是,马克思主义学院,马克思主义理论,15,全日制,323
中原工学院,不是,不是,不是,是,法学院（知识产权学院）,法律（非法学）,12,全日制,323
中原工学院,不是,不是,不是,是,法学院（知识产权学院）,法律（法学）,12,全日制,323
中原工学院,不是,不是,不是,是,法学院（知识产权学院）,社会工作,8,全日制,323
中原工学院,不是,不是,不是,是,法学院（知识产权学院）,知识产权,6,全日制,323
中原工学院,不是,不是,不是,是,外国语学院,国际中文教育,6,全日制,341
中原工学院,不是,不是,不是,是,外国语学院,翻译,15,全日制,351
中原工学院,不是,不是,不是,是,外国语学院,新闻与传播,2,全日制,351
中原工学院,不是,不是,不是,是,新闻与数字传播学院,新闻与传播,20,全日制,351
中原工学院,不是,不是,不是,是,智慧能源与环境学院,动力工程及工程热物理,4,全日制,251
信阳师范大学,不是,不是,不是,是,商学院,理论经济学,10,全日制,323
信阳师范大学,不是,不是,不是,是,数学与统计学院,应用统计,20,全日制,323
信阳师范大学,不是,不是,不是,是,马克思主义学院,马克思主义理论,17,全日制,323
信阳师范大学,不是,不是,不是,是,法学与社会学学院,法律（非法学）,12,全日制,323
信阳师范大学,不是,不是,不是,是,法学与社会学学院,法律（法学）,15,全日制,323
信阳师范大学,不是,不是,不是,是,商学院,理论经济学,10,全日制,323
信阳师范大学,不是,不是,不是,是,数学与统计学院,应用统计,20,全日制,323
信阳师范大学,不是,不是,不是,是,马克思主义学院,马克思主义理论,17,全日制,323
信阳师范大学,不是,不是,不是,是,法学与社会学学院,法律（非法学）,12,全日制,323
信阳师范大学,不是,不是,不是,是,法学与社会学学院,法律（法学）,15,全日制,323
信阳师范大学,不是,不是,不是,是,法学与社会学学院,社会工作,15,全日制,323
信阳师范大学,不是,不是,不是,是,教育科学学院,教育学,10,全日制,341
信阳师范大学,不是,不是,不是,是,教育科学学院,心理学,10,全日制,341
信阳师范大学,不是,不是,不是,是,教育科学学院,教育管理,10,全日制,341
信阳师范大学,不是,不是,不是,是,马克思主义学院,学科教学（思政）,30,全日制,341
河南财经政法大学,不是,不是,不是,是,马克思主义学院,哲学,8,全日制,321
河南财经政法大学,不是,不是,不是,是,经济学部,理论经济学,11,全日制,323
河南财经政法大学,不是,不是,不是,是,经济学部,应用经济学,30,全日制,323
河南财经政法大学,不是,不是,不是,是,经济学部,金融,47,全日制,323
河南财经政法大学,不是,不是,不是,是,马克思主义学院,哲学,8,全日制,321
河南财经政法大学,不是,不是,不是,是,经济学部,理论经济学,11,全日制,323
河南财经政法大学,不是,不是,不是,是,经济学部,应用经济学,30,全日制,323
河南财经政法大学,不是,不是,不是,是,经济学部,金融,47,全日制,323
河南财经政法大学,不是,不是,不是,是,经济学部,应用统计,42,全日制,323
河南财经政法大学,不是,不是,不是,是,经济学部,税务,45,全日制,331
河南财经政法大学,不是,不是,不是,是,经济学部,国际商务,30,全日制,331
河南财经政法大学,不是,不是,不是,是,经济学部,保险,5,全日制,323
河南财经政法大学,不是,不是,不是,是,管理学部,资产评估,4,全日制,323
河南科技学院,不是,不是,不是,是,数学科学学院,应用统计,6,全日制,323
河南科技学院,不是,不是,不是,是,经济与管理学院,国际商务,7,全日制,323
河南科技学院,不是,不是,不是,是,教育科学学院,教育管理,14,非全日制,341
河南科技学院,不是,不是,不是,是,马克思主义学院,学科教学（思政）,10,全日制,341
河南科技学院,不是,不是,不是,是,马克思主义学院,学科教学（思政）,5,非全日制,341
河南科技学院,不是,不是,不是,是,数学科学学院,应用统计,6,全日制,323
河南科技学院,不是,不是,不是,是,经济与管理学院,国际商务,7,全日制,323
河南科技学院,不是,不是,不是,是,教育科学学院,教育管理,14,非全日制,341
河南科技学院,不是,不是,不是,是,马克思主义学院,学科教学（思政）,10,全日制,341
河南科技学院,不是,不是,不是,是,马克思主义学院,学科教学（思政）,5,非全日制,341
河南科技学院,不是,不是,不是,是,文法学院,学科教学（语文）,6,全日制,341
河南科技学院,不是,不是,不是,是,文法学院,学科教学（语文）,5,非全日制,341
河南科技学院,不是,不是,不是,是,数学科学学院,学科教学（数学）,5,全日制,341
河南科技学院,不是,不是,不是,是,数学科学学院,学科教学（数学）,5,非全日制,341
河南科技学院,不是,不是,不是,是,外国语学院,学科教学（英语）,8,全日制,341
洛阳师范学院,不是,不是,不是,是,马克思主义学院,学科教学（思政）,28,全日制,341
洛阳师范学院,不是,不是,不是,是,文学院,学科教学（语文）,35,全日制,341
洛阳师范学院,不是,不是,不是,是,数学科学学院,学科教学（数学）,30,全日制,341
洛阳师范学院,不是,不是,不是,是,物理与电子信息学院,学科教学（物理）,15,全日制,341
洛阳师范学院,不是,不是,不是,是,化学化工学院,学科教学（化学）,15,全日制,341
洛阳师范学院,不是,不是,不是,是,马克思主义学院,学科教学（思政）,28,全日制,341
洛阳师范学院,不是,不是,不是,是,文学院,学科教学（语文）,35,全日制,341
洛阳师范学院,不是,不是,不是,是,数学科学学院,学科教学（数学）,30,全日制,341
洛阳师范学院,不是,不是,不是,是,物理与电子信息学院,学科教学（物理）,15,全日制,341
洛阳师范学院,不是,不是,不是,是,化学化工学院,学科教学（化学）,15,全日制,341
南阳师范学院,不是,不是,不是,是,数学与统计学院,应用统计,3,全日制,323
南阳师范学院,不是,不是,不是,是,经济与管理学院,应用统计,3,全日制,323
南阳师范学院,不是,不是,不是,是,经济与管理学院,国际商务,8,全日制,323
南阳师范学院,不是,不是,不是,是,马克思主义学院,马克思主义理论,26,全日制,323
南阳师范学院,不是,不是,不是,是,法学院,法律（非法学）,7,全日制,323
南阳师范学院,不是,不是,不是,是,数学与统计学院,应用统计,3,全日制,323
南阳师范学院,不是,不是,不是,是,经济与管理学院,应用统计,3,全日制,323
南阳师范学院,不是,不是,不是,是,经济与管理学院,国际商务,8,全日制,323
南阳师范学院,不是,不是,不是,是,马克思主义学院,马克思主义理论,26,全日制,323
南阳师范学院,不是,不是,不是,是,法学院,法律（非法学）,7,全日制,323
南阳师范学院,不是,不是,不是,是,法学院,法律（法学）,7,全日制,323
南阳师范学院,不是,不是,不是,是,教育科学学院,教育管理,5,全日制,341
南阳师范学院,不是,不是,不是,是,文学院,学科教学（语文）,9,全日制,341
南阳师范学院,不是,不是,不是,是,数学与统计学院,学科教学（数学）,10,全日制,341
郑州航空工业管理学院,不是,不是,不是,是,经济学院,应用经济学,7,全日制,323
郑州航空工业管理学院,不是,不是,不是,是,经济学院,金融,18,全日制,323
郑州航空工业管理学院,不是,不是,不是,是,经济学院,应用统计,18,全日制,323
郑州航空工业管理学院,不是,不是,不是,是,经济学院,数字经济,10,全日制,323
郑州航空工业管理学院,不是,不是,不是,是,文法学院,法律（非法学）,8,全日制,323
郑州航空工业管理学院,不是,不是,不是,是,经济学院,应用经济学,7,全日制,323
郑州航空工业管理学院,不是,不是,不是,是,经济学院,金融,18,全日制,323
郑州航空工业管理学院,不是,不是,不是,是,经济学院,应用统计,18,全日制,323
郑州航空工业管理学院,不是,不是,不是,是,经济学院,数字经济,10,全日制,323
郑州航空工业管理学院,不是,不是,不是,是,文法学院,法律（非法学）,8,全日制,323
郑州航空工业管理学院,不是,不是,不是,是,文法学院,法律（法学）,8,全日制,323
郑州航空工业管理学院,不是,不是,不是,是,文法学院,国际中文教育,9,全日制,341
郑州航空工业管理学院,不是,不是,不是,是,外国语学院,英语笔译,22,全日制,351
郑州航空工业管理学院,不是,不是,不是,是,材料学院,材料科学与工程,8,全日制,260
郑州航空工业管理学院,不是,不是,不是,是,土木与环境学院,土木工程,4,全日制,260
安阳师范学院,不是,不是,不是,是,数学与统计学院,应用统计,8,全日制,323
安阳师范学院,不是,不是,不是,是,经济学院,国际商务,8,全日制,323
安阳师范学院,不是,不是,不是,是,法学院,社会工作,8,全日制,323
安阳师范学院,不是,不是,不是,是,马克思主义学院,学科教学（思政）,24,全日制,341
安阳师范学院,不是,不是,不是,是,文学院,学科教学（语文）,9,全日制,341
安阳师范学院,不是,不是,不是,是,数学与统计学院,应用统计,8,全日制,323
安阳师范学院,不是,不是,不是,是,经济学院,国际商务,8,全日制,323
安阳师范学院,不是,不是,不是,是,法学院,社会工作,8,全日制,323
安阳师范学院,不是,不是,不是,是,马克思主义学院,学科教学（思政）,24,全日制,341
安阳师范学院,不是,不是,不是,是,文学院,学科教学（语文）,9,全日制,341
网络空间部队信息工程大学,不是,不是,不是,是,不区分院系,数学,3,全日制,274
网络空间部队信息工程大学,不是,不是,不是,是,不区分院系,地理学,6,全日制,346
网络空间部队信息工程大学,不是,不是,不是,是,不区分院系,电子科学与技术,4,全日制,260
网络空间部队信息工程大学,不是,不是,不是,是,不区分院系,信息与通信工程,52,全日制,261
网络空间部队信息工程大学,不是,不是,不是,是,不区分院系,控制科学与工程,2,全日制,260
网络空间部队信息工程大学,不是,不是,不是,是,不区分院系,数学,3,全日制,274
网络空间部队信息工程大学,不是,不是,不是,是,不区分院系,地理学,6,全日制,346
网络空间部队信息工程大学,不是,不是,不是,是,不区分院系,电子科学与技术,4,全日制,260
网络空间部队信息工程大学,不是,不是,不是,是,不区分院系,信息与通信工程,52,全日制,261
网络空间部队信息工程大学,不是,不是,不是,是,不区分院系,控制科学与工程,2,全日制,260
郑州烟草研究院,不是,不是,不是,不是,不区分院系,食品科学,27,全日制,275
中钢集团洛阳耐火材料研究院,不是,不是,不是,不是,不区分院系,材料科学与工程,8,全日制,260
郑州机械研究所,不是,不是,不是,不是,强度、成套工程技术研究中心,固体力学,2,全日制,251
郑州机械研究所,不是,不是,不是,不是,强度、成套工程技术研究中心,工程力学,3,全日制,251
郑州机械研究所,不是,不是,不是,不是,齿轮传动工程技术研究中心,机械设计及理论,3,全日制,260
郑州机械研究所,不是,不是,不是,不是,铸锻、焊接工程技术研究中心,材料加工工程,3,全日制,260
河南城建学院,不是,不是,不是,是,数理学院,材料与化工,2,全日制,260
河南城建学院,不是,不是,不是,是,材料与化工学院,材料与化工,14,全日制,260
河南城建学院,不是,不是,不是,是,市政与环境工程学院,资源与环境,15,全日制,260
河南城建学院,不是,不是,不是,是,测绘与城市空间信息学院,资源与环境,6,全日制,260
河南城建学院,不是,不是,不是,是,生命科学与工程学院,资源与环境,2,全日制,260
中国航空工业第613研究所,不是,不是,不是,不是,不区分院系,光学工程,1,全日制,310
中国航空工业第613研究所,不是,不是,不是,不是,不区分院系,系统工程,1,全日制,310
中国航空工业第613研究所,不是,不是,不是,不是,不区分院系,导航、制导与控制,1,全日制,310
平顶山学院,不是,不是,不是,是,文学院,学科教学（语文）,5,全日制,341
平顶山学院,不是,不是,不是,是,教师教育学院,小学教育,5,全日制,341
郑州机电工程研究所,不是,不是,不是,不是,不区分院系,兵器发射理论与技术,3,全日制,300
郑州机电工程研究所,不是,不是,不是,不是,不区分院系,火炮、自动武器与弹药工程,2,全日制,300
洛阳船舶材料研究所,不是,不是,不是,不是,不区分院系,材料科学与工程,12,全日制,280
中国航空研究院（014中心）,不是,不是,不是,不是,不区分院系,光学工程,1,全日制,260
中国航空研究院（014中心）,不是,不是,不是,不是,不区分院系,导航、制导与控制,3,全日制,260
中国航空研究院（014中心）,不是,不是,不是,不是,不区分院系,飞行器设计,2,全日制,251
中国航空研究院（014中心）,不是,不是,不是,不是,不区分院系,航空宇航推进理论与工程,2,全日制,251
中国航空研究院（014中心）,不是,不是,不是,不是,不区分院系,管理科学与工程,2,全日制,333
黄冈师范学院,不是,不是,不是,是,教育学院（一多书院）,教育管理,10,全日制,341
黄冈师范学院,不是,不是,不是,是,马克思主义学院,学科教学（思政）,25,全日制,341
黄冈师范学院,不是,不是,不是,是,马克思主义学院,学科教学（思政）,5,非全日制,341
黄冈师范学院,不是,不是,不是,是,文学院（苏东坡书院）,学科教学（语文）,50,全日制,341
黄冈师范学院,不是,不是,不是,是,文学院（苏东坡书院）,学科教学（语文）,5,非全日制,341
华中科技大学,是,是,是,不是,哲学学院,哲学,25,全日制,355
华中科技大学,是,是,是,不是,经济学院,理论经济学,29,全日制,330
华中科技大学,是,是,是,不是,经济学院,应用经济学,29,全日制,330
华中科技大学,是,是,是,不是,经济学院,金融,39,全日制,340
华中科技大学,是,是,是,不是,经济学院,金融,10,非全日制,340
华中科技大学,是,是,是,不是,哲学学院,哲学,25,全日制,355
华中科技大学,是,是,是,不是,经济学院,理论经济学,29,全日制,330
华中科技大学,是,是,是,不是,经济学院,应用经济学,29,全日制,330
华中科技大学,是,是,是,不是,经济学院,金融,39,全日制,340
华中科技大学,是,是,是,不是,经济学院,金融,10,非全日制,340
华中科技大学,是,是,是,不是,数学与统计学院,应用统计,38,全日制,365
华中科技大学,是,是,是,不是,经济学院,国际商务,27,全日制,340
华中科技大学,是,是,是,不是,经济学院,数字经济,27,全日制,340
华中科技大学,是,是,是,不是,经济学院,数字经济,5,非全日制,340
华中科技大学,是,是,是,不是,法学院,法学,32,全日制,330
华中科技大学,是,是,是,不是,社会学院,社会学,32,全日制,330
华中科技大学,是,是,是,不是,马克思主义学院,马克思主义理论,59,全日制,355
华中科技大学,是,是,是,不是,法学院,法律（非法学）,125,全日制,323
华中科技大学,是,是,是,不是,法学院,法律（非法学）,5,非全日制,323
华中科技大学,是,是,是,不是,法学院,法律（法学）,13,全日制,323
华中科技大学,是,是,是,不是,法学院,法律（法学）,5,非全日制,323
华中科技大学,是,是,是,不是,社会学院,社会工作,40,全日制,355
华中科技大学,是,是,是,不是,社会学院,社会工作,5,非全日制,355
华中科技大学,是,是,是,不是,教育科学研究院,教育学,38,全日制,345
华中科技大学,是,是,是,不是,教育科学研究院,教育管理,14,全日制,345
华中科技大学,是,是,是,不是,教育科学研究院,教育管理,15,非全日制,345
华中科技大学,是,是,是,不是,教育科学研究院,科学与技术教育,15,全日制,345
华中科技大学,是,是,是,不是,人文学院,国际中文教育,30,全日制,345
华中科技大学,是,是,是,不是,人文学院,中国语言文学,45,全日制,360
华中科技大学,是,是,是,不是,新闻与信息传播学院,新闻传播学,46,全日制,375
华中科技大学,是,是,是,不是,外国语学院,英语笔译,23,全日制,380
华中科技大学,是,是,是,不是,外国语学院,英语口译,8,全日制,380
华中科技大学,是,是,是,不是,新闻与信息传播学院,新闻与传播,42,全日制,360
华中科技大学,是,是,是,不是,新闻与信息传播学院,新闻与传播,15,非全日制,360
华中科技大学,是,是,是,不是,数学与统计学院,数学,55,全日制,300
华中科技大学,是,是,是,不是,物理学院,物理学,147,全日制,300
华中科技大学,是,是,是,不是,化学与化工学院,化学,40,全日制,325
华中科技大学,是,是,是,不是,生命科学与技术学院,生物学,44,全日制,315
华中科技大学,是,是,是,不是,数学与统计学院,统计学,10,全日制,300
华中科技大学,是,是,是,不是,航空航天学院,力学,30,全日制,300
华中科技大学,是,是,是,不是,机械科学与工程学院,机械工程,199,全日制,325
华中科技大学,是,是,是,不是,机械科学与工程学院,机械工程,2,全日制,325
华中科技大学,是,是,是,不是,光学与电子信息学院,光学工程,147,全日制,325
华中科技大学,是,是,是,不是,光学与电子信息学院,光学工程,2,全日制,325
武汉大学,是,是,是,不是,哲学学院,马克思主义哲学,10,全日制,350
武汉大学,是,是,是,不是,哲学学院,马克思主义哲学,1,全日制,350
武汉大学,是,是,是,不是,哲学学院,中国哲学,11,全日制,350
武汉大学,是,是,是,不是,哲学学院,中国哲学,1,全日制,350
武汉大学,是,是,是,不是,前沿交叉学科研究院,中国哲学,3,全日制,350
武汉大学,是,是,是,不是,哲学学院,马克思主义哲学,10,全日制,350
武汉大学,是,是,是,不是,哲学学院,马克思主义哲学,1,全日制,350
武汉大学,是,是,是,不是,哲学学院,中国哲学,11,全日制,350
武汉大学,是,是,是,不是,哲学学院,中国哲学,1,全日制,350
武汉大学,是,是,是,不是,前沿交叉学科研究院,中国哲学,3,全日制,350
武汉大学,是,是,是,不是,哲学学院,外国哲学,10,全日制,350
武汉大学,是,是,是,不是,哲学学院,外国哲学,1,全日制,350
武汉大学,是,是,是,不是,哲学学院,逻辑学,2,全日制,350
武汉大学,是,是,是,不是,哲学学院,逻辑学,1,全日制,350
武汉大学,是,是,是,不是,哲学学院,伦理学,9,全日制,350
武汉大学,是,是,是,不是,哲学学院,伦理学,1,全日制,350
武汉大学,是,是,是,不是,哲学学院,美学,3,全日制,350
武汉大学,是,是,是,不是,哲学学院,美学,1,全日制,350
武汉大学,是,是,是,不是,哲学学院,宗教学,6,全日制,350
武汉大学,是,是,是,不是,哲学学院,宗教学,1,全日制,350
武汉大学,是,是,是,不是,哲学学院,科学技术哲学,4,全日制,350
武汉大学,是,是,是,不是,哲学学院,科学技术哲学,1,全日制,350
武汉大学,是,是,是,不是,经济与管理学院,理论经济学,22,全日制,330
武汉大学,是,是,是,不是,经济与管理学院,应用经济学,50,全日制,340
武汉大学,是,是,是,不是,经济与管理学院,金融,34,全日制,370
武汉大学,是,是,是,不是,数学与统计学院,应用统计,44,全日制,380
武汉大学,是,是,是,不是,经济与管理学院,国际商务,30,全日制,365
武汉大学,是,是,是,不是,经济与管理学院,保险,25,全日制,350
武汉大学,是,是,是,不是,经济与管理学院,数字经济,30,全日制,355
武汉大学,是,是,是,不是,经济与管理学院,数字经济,150,非全日制,355
武汉大学,是,是,是,不是,法学院,法学理论,4,全日制,335
武汉大学,是,是,是,不是,法学院,法律史,6,全日制,335
武汉大学,是,是,是,不是,法学院,宪法学与行政法学,13,全日制,335
武汉大学,是,是,是,不是,法学院,刑法学,10,全日制,335
武汉大学,是,是,是,不是,法学院,民商法学,11,全日制,335
武汉大学,是,是,是,不是,法学院,诉讼法学,7,全日制,335
武汉大学,是,是,是,不是,法学院,经济法学,8,全日制,335
武汉大学,是,是,是,不是,法学院,环境与资源保护法学,9,全日制,335
武汉大学,是,是,是,不是,法学院,国际法学,27,全日制,335
武汉大学,是,是,是,不是,前沿交叉学科研究院,国际法学,22,全日制,335
武汉大学,是,是,是,不是,政治与公共管理学院,政治学理论,6,全日制,350
武汉大学,是,是,是,不是,政治与公共管理学院,政治学理论,1,全日制,350
武汉大学,是,是,是,不是,政治与公共管理学院,中外政治制度,7,全日制,350
武汉大学,是,是,是,不是,政治与公共管理学院,中外政治制度,1,全日制,350
武汉大学,是,是,是,不是,马克思主义学院,科学社会主义与国际共产主义运动,5,全日制,325
武汉大学,是,是,是,不是,政治与公共管理学院,国际政治,4,全日制,335
武汉大学,是,是,是,不是,政治与公共管理学院,国际政治,1,全日制,335
武汉大学,是,是,是,不是,政治与公共管理学院,国际关系,5,全日制,335
武汉大学,是,是,是,不是,政治与公共管理学院,国际关系,1,全日制,335
武汉大学,是,是,是,不是,前沿交叉学科研究院,国际关系,10,全日制,335
武汉大学,是,是,是,不是,社会学院,社会学,44,全日制,340
武汉大学,是,是,是,不是,社会学院,人类学,4,全日制,340
武汉大学,是,是,是,不是,社会学院,民俗学,3,全日制,340
武汉大学,是,是,是,不是,马克思主义学院,马克思主义基本原理,12,全日制,325
武汉大学,是,是,是,不是,马克思主义学院,马克思主义基本原理,2,全日制,325
武汉大学,是,是,是,不是,马克思主义学院,马克思主义发展史,5,全日制,325
武汉大学,是,是,是,不是,马克思主义学院,马克思主义发展史,2,全日制,325
武汉大学,是,是,是,不是,马克思主义学院,马克思主义中国化研究,17,全日制,325
武汉大学,是,是,是,不是,马克思主义学院,马克思主义中国化研究,2,全日制,325
武汉大学,是,是,是,不是,马克思主义学院,国外马克思主义研究,7,全日制,325
武汉大学,是,是,是,不是,马克思主义学院,国外马克思主义研究,2,全日制,325
武汉大学,是,是,是,不是,马克思主义学院,思想政治教育,30,全日制,325
武汉大学,是,是,是,不是,马克思主义学院,思想政治教育,2,全日制,325
武汉大学,是,是,是,不是,马克思主义学院,中国近现代史基本问题研究,6,全日制,325
武汉大学,是,是,是,不是,马克思主义学院,中国近现代史基本问题研究,2,全日制,325
武汉大学,是,是,是,不是,法学院,法律（非法学）,79,全日制,330
武汉大学,是,是,是,不是,法学院,法律（非法学）,1,全日制,330
武汉大学,是,是,是,不是,法学院,法律（非法学）,15,非全日制,330
武汉大学,是,是,是,不是,法学院,法律（法学）,90,全日制,323
武汉大学,是,是,是,不是,法学院,法律（法学）,1,全日制,323
武汉大学,是,是,是,不是,法学院,法律（法学）,5,非全日制,323
武汉大学,是,是,是,不是,前沿交叉学科研究院,心理学,15,全日制,341
武汉大学,是,是,是,不是,文学院,国际中文教育,36,全日制,341
武汉大学,是,是,是,不是,文学院,文艺学,7,全日制,351
华中农业大学,不是,是,是,不是,经济管理学院,金融学,2,全日制,323
华中农业大学,不是,是,是,不是,经济管理学院,产业经济学,4,全日制,323
华中农业大学,不是,是,是,不是,经济管理学院,数量经济学,2,全日制,323
华中农业大学,不是,是,是,不是,信息学院,应用统计,16,全日制,365
华中农业大学,不是,是,是,不是,信息学院,应用统计,1,非全日制,365
华中农业大学,不是,是,是,不是,经济管理学院,金融学,2,全日制,323
华中农业大学,不是,是,是,不是,经济管理学院,产业经济学,4,全日制,323
华中农业大学,不是,是,是,不是,经济管理学院,数量经济学,2,全日制,323
华中农业大学,不是,是,是,不是,信息学院,应用统计,16,全日制,365
华中农业大学,不是,是,是,不是,信息学院,应用统计,1,非全日制,365
华中农业大学,不是,是,是,不是,文法学院,法学,9,全日制,323
华中农业大学,不是,是,是,不是,文法学院,社会学,18,全日制,323
华中农业大学,不是,是,是,不是,马克思主义学院,马克思主义基本原理,7,全日制,333
华中农业大学,不是,是,是,不是,马克思主义学院,马克思主义中国化研究,9,全日制,333
华中农业大学,不是,是,是,不是,马克思主义学院,思想政治教育,7,全日制,333
华中农业大学,不是,是,是,不是,马克思主义学院,中国近现代史基本问题研究,6,全日制,333
华中农业大学,不是,是,是,不是,文法学院,法律（法学）,18,全日制,323
华中农业大学,不是,是,是,不是,文法学院,法律（法学）,1,非全日制,323
华中农业大学,不是,是,是,不是,文法学院,社会工作,18,全日制,323
华中农业大学,不是,是,是,不是,文法学院,社会工作,1,非全日制,323
华中农业大学,不是,是,是,不是,外国语学院,外国语言文学,19,全日制,351
华中农业大学,不是,是,是,不是,外国语学院,翻译,24,全日制,351
华中农业大学,不是,是,是,不是,外国语学院,翻译,1,非全日制,351
华中农业大学,不是,是,是,不是,文法学院,新闻与传播,17,全日制,351
华中农业大学,不是,是,是,不是,文法学院,新闻与传播,1,非全日制,351
华中农业大学,不是,是,是,不是,信息学院,数学,13,全日制,285
华中农业大学,不是,是,是,不是,化学学院,化学,53,全日制,274
华中农业大学,不是,是,是,不是,水产学院,水生生物学,1,全日制,274
华中农业大学,不是,是,是,不是,生命科学技术学院,微生物学,24,全日制,346
华中农业大学,不是,是,是,不是,生命科学技术学院,遗传学,4,全日制,274
华中农业大学,不是,是,是,不是,生命科学技术学院,细胞生物学,4,全日制,274
华中农业大学,不是,是,是,不是,生命科学技术学院,生物化学与分子生物学,43,全日制,343
华中农业大学,不是,是,是,不是,资源与环境学院,生态学,11,全日制,280
华中农业大学,不是,是,是,不是,园艺林学学院,生态学,1,全日制,274
华中农业大学,不是,是,是,不是,工学院,机械工程,26,全日制,260
华中农业大学,不是,是,是,不是,信息学院,计算机系统结构,3,全日制,282
华中农业大学,不是,是,是,不是,信息学院,计算机软件与理论,1,全日制,282
华中农业大学,不是,是,是,不是,信息学院,计算机应用技术,49,全日制,282
华中农业大学,不是,是,是,不是,工学院,农业机械化工程,45,全日制,251
华中农业大学,不是,是,是,不是,工学院,农业生物环境与能源工程,6,全日制,251
武汉理工大学,不是,是,是,不是,马克思主义学院,哲学,22,全日制,341
武汉理工大学,不是,是,是,不是,经济学院,应用经济学,20,全日制,324
武汉理工大学,不是,是,是,不是,经济学院,金融,14,全日制,362
武汉理工大学,不是,是,是,不是,数学与统计学院,应用统计,54,全日制,347
武汉理工大学,不是,是,是,不是,经济学院,国际商务,14,全日制,332
武汉理工大学,不是,是,是,不是,马克思主义学院,哲学,22,全日制,341
武汉理工大学,不是,是,是,不是,经济学院,应用经济学,20,全日制,324
武汉理工大学,不是,是,是,不是,经济学院,金融,14,全日制,362
武汉理工大学,不是,是,是,不是,数学与统计学院,应用统计,54,全日制,347
武汉理工大学,不是,是,是,不是,经济学院,国际商务,14,全日制,332
武汉理工大学,不是,是,是,不是,管理学院,资产评估,35,全日制,325
武汉理工大学,不是,是,是,不是,经济学院,数字经济,18,全日制,325
武汉理工大学,不是,是,是,不是,经济学院,数字经济,30,非全日制,325
武汉理工大学,不是,是,是,不是,经济学院,数字经济,4,非全日制,325
武汉理工大学,不是,是,是,不是,法学与人文社会学院,法学,10,全日制,337
武汉理工大学,不是,是,是,不是,马克思主义学院,政治学,13,全日制,348
武汉理工大学,不是,是,是,不是,马克思主义学院,马克思主义理论,76,全日制,359
武汉理工大学,不是,是,是,不是,马克思主义学院,马克思主义理论,3,非全日制,359
武汉理工大学,不是,是,是,不是,法学与人文社会学院,法律（非法学）,11,全日制,323
武汉理工大学,不是,是,是,不是,法学与人文社会学院,法律（非法学）,5,非全日制,323
武汉理工大学,不是,是,是,不是,法学与人文社会学院,法律（法学）,26,全日制,323
武汉理工大学,不是,是,是,不是,法学与人文社会学院,社会工作,22,全日制,323
武汉理工大学,不是,是,是,不是,法学与人文社会学院,社会工作,15,非全日制,323
武汉理工大学,不是,是,是,不是,法学与人文社会学院,社会工作,1,非全日制,323
武汉理工大学,不是,是,是,不是,法学与人文社会学院,教育学,7,全日制,341
武汉理工大学,不是,是,是,不是,体育学院,体育学,6,全日制,305
武汉理工大学,不是,是,是,不是,体育学院,体育,30,全日制,310
武汉理工大学,不是,是,是,不是,法学与人文社会学院,国际中文教育,7,全日制,341
武汉理工大学,不是,是,是,不是,外国语学院,外国语言文学,10,全日制,354
武汉理工大学,不是,是,是,不是,法学与人文社会学院,新闻传播学,6,全日制,351
武汉理工大学,不是,是,是,不是,外国语学院,英语笔译,37,全日制,351
武汉理工大学,不是,是,是,不是,外国语学院,英语口译,11,全日制,355
武汉理工大学,不是,是,是,不是,法学与人文社会学院,新闻与传播,25,全日制,351
武汉理工大学,不是,是,是,不是,数学与统计学院,数学,19,全日制,305
武汉理工大学,不是,是,是,不是,物理与力学学院,物理学,25,全日制,309
武汉理工大学,不是,是,是,不是,化学化工与生命科学学院,化学,18,全日制,310
武汉理工大学,不是,是,是,不是,资源与环境工程学院,地理学,20,全日制,322
武汉理工大学,不是,是,是,不是,数学与统计学院,统计学,6,全日制,305
武汉理工大学,不是,是,是,不是,船海与能源动力工程学院,力学,4,全日制,286
华中师范大学,不是,是,是,不是,马克思主义学院,哲学,26,全日制,331
华中师范大学,不是,是,是,不是,经济与工商管理学院,应用经济学,41,全日制,324
华中师范大学,不是,是,是,不是,经济与工商管理学院,金融,34,全日制,333
华中师范大学,不是,是,是,不是,数学与统计学学院,应用统计,37,全日制,361
华中师范大学,不是,是,是,不是,法学院,法学,37,全日制,346
华中师范大学,不是,是,是,不是,马克思主义学院,哲学,26,全日制,331
华中师范大学,不是,是,是,不是,经济与工商管理学院,应用经济学,41,全日制,324
华中师范大学,不是,是,是,不是,经济与工商管理学院,金融,34,全日制,333
华中师范大学,不是,是,是,不是,数学与统计学学院,应用统计,37,全日制,361
华中师范大学,不是,是,是,不是,法学院,法学,37,全日制,346
华中师范大学,不是,是,是,不是,马克思主义学院,政治学,10,全日制,323
华中师范大学,不是,是,是,不是,政治与国际关系学院,政治学,113,全日制,323
华中师范大学,不是,是,是,不是,社会学院,社会学,42,全日制,323
华中师范大学,不是,是,是,不是,马克思主义学院,马克思主义理论,84,全日制,336
华中师范大学,不是,是,是,不是,法学院,法律（非法学）,35,全日制,323
华中师范大学,不是,是,是,不是,法学院,法律（非法学）,10,非全日制,323
华中师范大学,不是,是,是,不是,法学院,法律（法学）,68,全日制,323
华中师范大学,不是,是,是,不是,法学院,法律（法学）,20,非全日制,323
华中师范大学,不是,是,是,不是,社会学院,社会工作,50,全日制,323
华中师范大学,不是,是,是,不是,社会学院,社会工作,35,非全日制,323
华中师范大学,不是,是,是,不是,教育学院,教育学,107,全日制,341
华中师范大学,不是,是,是,不是,历史文化学院,课程与教学论,1,全日制,341
华中师范大学,不是,是,是,不是,数学与统计学学院,课程与教学论,2,全日制,341
华中师范大学,不是,是,是,不是,物理科学与技术学院,课程与教学论,3,全日制,341
华中师范大学,不是,是,是,不是,生命科学学院,课程与教学论,2,全日制,341
华中师范大学,不是,是,是,不是,城市与环境科学学院,课程与教学论,2,全日制,341
华中师范大学,不是,是,是,不是,化学学院—绿色农药全国重点实验室,课程与教学论,4,全日制,341
华中师范大学,不是,是,是,不是,心理学院,心理学,76,全日制,341
华中师范大学,不是,是,是,不是,体育学院,体育学,45,全日制,304
华中师范大学,不是,是,是,不是,教育学院,教育管理,30,全日制,345
华中师范大学,不是,是,是,不是,教育学院,教育管理,3,非全日制,345
华中师范大学,不是,是,是,不是,马克思主义学院,学科教学（思政）,75,全日制,365
华中师范大学,不是,是,是,不是,文学院,学科教学（语文）,35,全日制,349
华中师范大学,不是,是,是,不是,数学与统计学学院,学科教学（数学）,37,全日制,341
中国地质大学（武汉）,不是,是,是,不是,经济管理学院,应用经济学,9,全日制,338
中国地质大学（武汉）,不是,是,是,不是,经济管理学院,应用经济学,1,非全日制,338
中国地质大学（武汉）,不是,是,是,不是,经济管理学院,金融,24,全日制,356
中国地质大学（武汉）,不是,是,是,不是,经济管理学院,应用统计,13,全日制,363
中国地质大学（武汉）,不是,是,是,不是,数学与物理学院,应用统计,10,全日制,349
中国地质大学（武汉）,不是,是,是,不是,经济管理学院,应用经济学,9,全日制,338
中国地质大学（武汉）,不是,是,是,不是,经济管理学院,应用经济学,1,非全日制,338
中国地质大学（武汉）,不是,是,是,不是,经济管理学院,金融,24,全日制,356
中国地质大学（武汉）,不是,是,是,不是,经济管理学院,应用统计,13,全日制,363
中国地质大学（武汉）,不是,是,是,不是,数学与物理学院,应用统计,10,全日制,349
中国地质大学（武汉）,不是,是,是,不是,经济管理学院,资产评估,30,全日制,324
中国地质大学（武汉）,不是,是,是,不是,公共管理学院,法学,7,全日制,323
中国地质大学（武汉）,不是,是,是,不是,马克思主义学院,马克思主义理论,22,全日制,340
中国地质大学（武汉）,不是,是,是,不是,马克思主义学院,马克思主义理论,1,非全日制,340
中国地质大学（武汉）,不是,是,是,不是,公共管理学院,法律（法学）,28,全日制,323
中国地质大学（武汉）,不是,是,是,不是,教育研究院,教育学,2,全日制,341
中国地质大学（武汉）,不是,是,是,不是,教育研究院,心理学,13,全日制,341
中国地质大学（武汉）,不是,是,是,不是,教育研究院,心理学,1,非全日制,341
中国地质大学（武汉）,不是,是,是,不是,体育学院,体育学,2,全日制,310
中国地质大学（武汉）,不是,是,是,不是,体育学院,体育,25,全日制,340
中国地质大学（武汉）,不是,是,是,不是,外国语学院,外国语言文学,6,全日制,361
中国地质大学（武汉）,不是,是,是,不是,艺术与传媒学院,新闻传播学,6,全日制,351
中国地质大学（武汉）,不是,是,是,不是,外国语学院,翻译,38,全日制,360
中国地质大学（武汉）,不是,是,是,不是,数学与物理学院,数学,10,全日制,274
中国地质大学（武汉）,不是,是,是,不是,数学与物理学院,物理学,14,全日制,274
中国地质大学（武汉）,不是,是,是,不是,材料与化学学院,化学,16,全日制,274
中国地质大学（武汉）,不是,是,是,不是,地理与信息工程学院,地理学,14,全日制,310
中国地质大学（武汉）,不是,是,是,不是,环境学院,大气科学,15,全日制,276
中国地质大学（武汉）,不是,是,是,不是,海洋学院,海洋科学,18,全日制,274
中国地质大学（武汉）,不是,是,是,不是,地球物理与空间信息学院,地球物理学,5,全日制,274
中国地质大学（武汉）,不是,是,是,不是,地球科学学院,地质学,52,全日制,278
中国地质大学（武汉）,不是,是,是,不是,资源学院,地质学,2,全日制,274
中国地质大学（武汉）,不是,是,是,不是,湖北巴东地质灾害国家野外科学观测研究站,地质学,2,全日制,274
中国地质大学（武汉）,不是,是,是,不是,环境学院,生物学,16,全日制,321
中南财经政法大学,不是,是,是,不是,哲学院,马克思主义哲学,3,全日制,364
中南财经政法大学,不是,是,是,不是,哲学院,中国哲学,1,全日制,370
中南财经政法大学,不是,是,是,不是,哲学院,外国哲学,1,全日制,365
中南财经政法大学,不是,是,是,不是,哲学院,逻辑学,1,全日制,350
中南财经政法大学,不是,是,是,不是,哲学院,应用伦理,16,全日制,370
中南财经政法大学,不是,是,是,不是,哲学院,马克思主义哲学,3,全日制,364
中南财经政法大学,不是,是,是,不是,哲学院,中国哲学,1,全日制,370
中南财经政法大学,不是,是,是,不是,哲学院,外国哲学,1,全日制,365
中南财经政法大学,不是,是,是,不是,哲学院,逻辑学,1,全日制,350
中南财经政法大学,不是,是,是,不是,哲学院,应用伦理,16,全日制,370
中南财经政法大学,不是,是,是,不是,经济学院,政治经济学,7,全日制,333
中南财经政法大学,不是,是,是,不是,经济学院,经济思想史,4,全日制,323
中南财经政法大学,不是,是,是,不是,经济学院,经济史,6,全日制,326
中南财经政法大学,不是,是,是,不是,经济学院,西方经济学,18,全日制,324
中南财经政法大学,不是,是,是,不是,经济学院,世界经济,14,全日制,344
中南财经政法大学,不是,是,是,不是,经济学院,人口、资源与环境经济学,8,全日制,324
中南财经政法大学,不是,是,是,不是,公共管理学院,区域经济学,1,全日制,332
中南财经政法大学,不是,是,是,不是,财政税务学院,财政学,21,全日制,355
中南财经政法大学,不是,是,是,不是,金融学院,金融学,33,全日制,347
中南财经政法大学,不是,是,是,不是,工商管理学院,产业经济学,8,全日制,336
中南财经政法大学,不是,是,是,不是,工商管理学院,国际贸易学,10,全日制,333
中南财经政法大学,不是,是,是,不是,公共管理学院,劳动经济学,1,全日制,324
中南财经政法大学,不是,是,是,不是,统计与数学学院,数量经济学,13,全日制,331
中南财经政法大学,不是,是,是,不是,金融学院,金融,227,全日制,368
中南财经政法大学,不是,是,是,不是,金融学院,金融,17,非全日制,368
中南财经政法大学,不是,是,是,不是,统计与数学学院,应用统计,177,全日制,323
中南财经政法大学,不是,是,是,不是,财政税务学院,税务,135,全日制,363
中南财经政法大学,不是,是,是,不是,经济学院,国际商务,24,全日制,325
中南财经政法大学,不是,是,是,不是,工商管理学院,国际商务,71,全日制,328
中南财经政法大学,不是,是,是,不是,金融学院,保险,38,全日制,324
中南财经政法大学,不是,是,是,不是,工商管理学院,资产评估,74,全日制,343
武汉科技大学,不是,不是,不是,是,马克思主义学院,哲学,10,全日制,321
武汉科技大学,不是,不是,不是,是,理学院,应用统计,40,全日制,323
武汉科技大学,不是,不是,不是,是,法学与经济学院,国际商务,33,全日制,323
武汉科技大学,不是,不是,不是,是,法学与经济学院,国际商务,5,非全日制,323
武汉科技大学,不是,不是,不是,是,马克思主义学院,马克思主义理论,20,全日制,336
武汉科技大学,不是,不是,不是,是,马克思主义学院,哲学,10,全日制,321
武汉科技大学,不是,不是,不是,是,理学院,应用统计,40,全日制,323
武汉科技大学,不是,不是,不是,是,法学与经济学院,国际商务,33,全日制,323
武汉科技大学,不是,不是,不是,是,法学与经济学院,国际商务,5,非全日制,323
武汉科技大学,不是,不是,不是,是,马克思主义学院,马克思主义理论,20,全日制,336
武汉科技大学,不是,不是,不是,是,法学与经济学院,法律（法学）,24,全日制,323
武汉科技大学,不是,不是,不是,是,法学与经济学院,法律（法学）,5,非全日制,323
武汉科技大学,不是,不是,不是,是,法学与经济学院,社会工作,64,全日制,351
武汉科技大学,不是,不是,不是,是,法学与经济学院,社会工作,10,非全日制,351
武汉科技大学,不是,不是,不是,是,法学与经济学院,社会工作,1,非全日制,351
武汉科技大学,不是,不是,不是,是,外国语学院,外国语言文学,12,全日制,351
武汉科技大学,不是,不是,不是,是,外国语学院,英语笔译,45,全日制,351
武汉科技大学,不是,不是,不是,是,外国语学院,英语笔译,10,非全日制,351
武汉科技大学,不是,不是,不是,是,理学院,数学,14,全日制,274
武汉科技大学,不是,不是,不是,是,理学院,物理学,27,全日制,274
武汉科技大学,不是,不是,不是,是,化学与化工学院,化学,38,全日制,274
武汉科技大学,不是,不是,不是,是,生命科学与健康学院,生物学,32,全日制,274
武汉科技大学,不是,不是,不是,是,医学部医学院,生物学,8,全日制,274
武汉科技大学,不是,不是,不是,是,理学院,系统科学,27,全日制,274
武汉科技大学,不是,不是,不是,是,理学院,统计学,5,全日制,300
武汉科技大学,不是,不是,不是,是,理学院,力学,15,全日制,251
武汉科技大学,不是,不是,不是,是,汽车与交通工程学院,车辆工程,8,全日制,260
武汉科技大学,不是,不是,不是,是,高性能钢铁材料及其应用省部共建协同创新中心,材料科学与工程,9,全日制,260
武汉科技大学,不是,不是,不是,是,材料学部,材料科学与工程,68,全日制,260
武汉科技大学,不是,不是,不是,是,高性能钢铁材料及其应用省部共建协同创新中心,冶金工程,2,全日制,251
湖北大学,不是,不是,不是,是,哲学学院,哲学,46,全日制,330
湖北大学,不是,不是,不是,是,商学院,理论经济学,8,全日制,323
湖北大学,不是,不是,不是,是,商学院,金融,26,全日制,323
湖北大学,不是,不是,不是,是,数学与统计学学院,应用统计,29,全日制,323
湖北大学,不是,不是,不是,是,商学院,国际商务,26,全日制,323
湖北大学,不是,不是,不是,是,哲学学院,哲学,46,全日制,330
湖北大学,不是,不是,不是,是,商学院,理论经济学,8,全日制,323
湖北大学,不是,不是,不是,是,商学院,金融,26,全日制,323
湖北大学,不是,不是,不是,是,数学与统计学学院,应用统计,29,全日制,323
湖北大学,不是,不是,不是,是,商学院,国际商务,26,全日制,323
湖北大学,不是,不是,不是,是,商学院,数字经济,8,全日制,323
湖北大学,不是,不是,不是,是,法学院,法学,26,全日制,323
湖北大学,不是,不是,不是,是,马克思主义学院,马克思主义理论,37,全日制,323
湖北大学,不是,不是,不是,是,法学院,法律（法学）,27,全日制,323
湖北大学,不是,不是,不是,是,师范学院,教育学,12,全日制,341
湖北大学,不是,不是,不是,是,师范学院,心理学,12,全日制,341
湖北大学,不是,不是,不是,是,体育学院,体育学,18,全日制,304
湖北大学,不是,不是,不是,是,师范学院,教育管理,80,非全日制,341
湖北大学,不是,不是,不是,是,马克思主义学院,学科教学（思政）,38,全日制,341
湖北大学,不是,不是,不是,是,文学院,学科教学（语文）,60,全日制,348
湖北大学,不是,不是,不是,是,文学院,学科教学（语文）,23,非全日制,348
湖北大学,不是,不是,不是,是,师范学院,学科教学（数学）,10,全日制,341
湖北大学,不是,不是,不是,是,物理学院,学科教学（物理）,32,全日制,341
湖北大学,不是,不是,不是,是,化学化工学院,学科教学（化学）,15,全日制,341
湖北大学,不是,不是,不是,是,师范学院,学科教学（生物）,7,全日制,341
湖北工业大学,不是,不是,不是,是,经济与管理学院,应用经济学,18,全日制,323
湖北工业大学,不是,不是,不是,是,经济与管理学院,金融,19,全日制,323
湖北工业大学,不是,不是,不是,是,理学院,应用统计,23,全日制,323
湖北工业大学,不是,不是,不是,是,理学院,应用统计,5,非全日制,323
湖北工业大学,不是,不是,不是,是,经济与管理学院,国际商务,19,全日制,323
湖北工业大学,不是,不是,不是,是,经济与管理学院,应用经济学,18,全日制,323
湖北工业大学,不是,不是,不是,是,经济与管理学院,金融,19,全日制,323
湖北工业大学,不是,不是,不是,是,理学院,应用统计,23,全日制,323
湖北工业大学,不是,不是,不是,是,理学院,应用统计,5,非全日制,323
湖北工业大学,不是,不是,不是,是,经济与管理学院,国际商务,19,全日制,323
湖北工业大学,不是,不是,不是,是,马克思主义学院,马克思主义理论,32,全日制,323
湖北工业大学,不是,不是,不是,是,职业技术师范学院,教育学,10,全日制,341
湖北工业大学,不是,不是,不是,是,职业技术师范学院,教育管理,5,全日制,341
湖北工业大学,不是,不是,不是,是,职业技术师范学院,教育管理,25,非全日制,341
湖北工业大学,不是,不是,不是,是,职业技术师范学院,学科教学（数学）,5,全日制,341
湖北工业大学,不是,不是,不是,是,职业技术师范学院,学科教学（物理）,5,全日制,341
湖北工业大学,不是,不是,不是,是,职业技术师范学院,学科教学（化学）,5,全日制,341
湖北工业大学,不是,不是,不是,是,职业技术师范学院,职业技术教育,13,全日制,341
湖北工业大学,不是,不是,不是,是,职业技术师范学院,职业技术教育,5,非全日制,341
湖北工业大学,不是,不是,不是,是,体育学院,体育,16,全日制,318
湖北工业大学,不是,不是,不是,是,外国语学院,国际中文教育,15,全日制,341
湖北工业大学,不是,不是,不是,是,外国语学院,国际中文教育,13,非全日制,341
湖北工业大学,不是,不是,不是,是,外国语学院,外国语言文学,16,全日制,351
湖北工业大学,不是,不是,不是,是,外国语学院,翻译,25,全日制,369
湖北工业大学,不是,不是,不是,是,外国语学院,翻译,10,非全日制,369
武汉工程大学,不是,不是,不是,是,法商学院（知识产权学院）,金融,62,全日制,323
武汉工程大学,不是,不是,不是,是,法商学院（知识产权学院）,金融,5,非全日制,323
武汉工程大学,不是,不是,不是,是,法商学院（知识产权学院）,宪法学与行政法学,0,全日制,323
武汉工程大学,不是,不是,不是,是,法商学院（知识产权学院）,民商法学,0,全日制,323
武汉工程大学,不是,不是,不是,是,法商学院（知识产权学院）,经济法学,0,全日制,323
武汉工程大学,不是,不是,不是,是,法商学院（知识产权学院）,金融,62,全日制,323
武汉工程大学,不是,不是,不是,是,法商学院（知识产权学院）,金融,5,非全日制,323
武汉工程大学,不是,不是,不是,是,法商学院（知识产权学院）,宪法学与行政法学,0,全日制,323
武汉工程大学,不是,不是,不是,是,法商学院（知识产权学院）,民商法学,0,全日制,323
武汉工程大学,不是,不是,不是,是,法商学院（知识产权学院）,经济法学,0,全日制,323
武汉工程大学,不是,不是,不是,是,法商学院（知识产权学院）,环境与资源保护法学,0,全日制,323
武汉工程大学,不是,不是,不是,是,法商学院（知识产权学院）,国际法学,0,全日制,323
武汉工程大学,不是,不是,不是,是,马克思主义学院,马克思主义基本原理,0,全日制,323
武汉工程大学,不是,不是,不是,是,马克思主义学院,马克思主义中国化研究,0,全日制,323
武汉工程大学,不是,不是,不是,是,马克思主义学院,马克思主义中国化研究,12,非全日制,323
武汉工程大学,不是,不是,不是,是,马克思主义学院,思想政治教育,0,全日制,323
武汉工程大学,不是,不是,不是,是,马克思主义学院,中国近现代史基本问题研究,0,全日制,323
武汉工程大学,不是,不是,不是,是,法商学院（知识产权学院）,法律（非法学）,8,全日制,323
武汉工程大学,不是,不是,不是,是,法商学院（知识产权学院）,法律（非法学）,5,非全日制,323
武汉工程大学,不是,不是,不是,是,法商学院（知识产权学院）,法律（法学）,18,全日制,323
武汉工程大学,不是,不是,不是,是,法商学院（知识产权学院）,法律（法学）,5,非全日制,323
武汉工程大学,不是,不是,不是,是,外语学院,英语语言文学,0,全日制,351
武汉工程大学,不是,不是,不是,是,外语学院,日语语言文学,2,全日制,351
武汉工程大学,不是,不是,不是,是,外语学院,外国语言学及应用语言学,0,全日制,351
武汉工程大学,不是,不是,不是,是,外语学院,英语笔译,40,全日制,351
武汉工程大学,不是,不是,不是,是,外语学院,英语笔译,20,非全日制,351
武汉工程大学,不是,不是,不是,是,化学与环境工程学院,无机化学,15,全日制,274
武汉工程大学,不是,不是,不是,是,化学与环境工程学院,分析化学,15,全日制,274
武汉工程大学,不是,不是,不是,是,化学与环境工程学院,有机化学,15,全日制,274
武汉工程大学,不是,不是,不是,是,化工与制药学院,物理化学,8,全日制,274
武汉工程大学,不是,不是,不是,是,化学与环境工程学院,物理化学,15,全日制,274
武汉工程大学,不是,不是,不是,是,材料科学与工程学院,高分子化学与物理,30,全日制,274
武汉工程大学,不是,不是,不是,是,化学与环境工程学院,高分子化学与物理,10,全日制,274
武汉工程大学,不是,不是,不是,是,化学与环境工程学院,环境工程,3,全日制,274
武汉工程大学,不是,不是,不是,是,机电工程学院,机械制造及其自动化,0,全日制,260
武汉纺织大学,不是,不是,不是,是,经济学院,应用经济学,10,全日制,323
武汉纺织大学,不是,不是,不是,是,经济学院,金融,30,全日制,323
武汉纺织大学,不是,不是,不是,是,经济学院,税务,10,全日制,323
武汉纺织大学,不是,不是,不是,是,马克思主义学院,马克思主义理论,50,全日制,323
武汉纺织大学,不是,不是,不是,是,经济学院,应用经济学,10,全日制,323
武汉纺织大学,不是,不是,不是,是,经济学院,金融,30,全日制,323
武汉纺织大学,不是,不是,不是,是,经济学院,税务,10,全日制,323
武汉纺织大学,不是,不是,不是,是,马克思主义学院,马克思主义理论,50,全日制,323
武汉纺织大学,不是,不是,不是,是,马克思主义学院,马克思主义理论,5,非全日制,323
武汉纺织大学,不是,不是,不是,是,外国语学院,翻译,20,全日制,351
武汉纺织大学,不是,不是,不是,是,传媒学院,新闻与传播,25,全日制,351
武汉纺织大学,不是,不是,不是,是,化学与化工学院,化学,8,全日制,274
武汉纺织大学,不是,不是,不是,是,技术研究院,化学,8,全日制,274
武汉纺织大学,不是,不是,不是,是,材料科学与工程学院,材料科学与工程,12,全日制,274
武汉纺织大学,不是,不是,不是,是,技术研究院,材料科学与工程,8,全日制,274
三峡大学,不是,不是,不是,是,经济与管理学院,应用经济学,15,全日制,323
三峡大学,不是,不是,不是,是,法学与公共管理学院,法学,32,全日制,323
三峡大学,不是,不是,不是,是,法学与公共管理学院,法学,15,非全日制,323
三峡大学,不是,不是,不是,是,民族学院,民族学,32,全日制,323
三峡大学,不是,不是,不是,是,马克思主义学院,马克思主义理论,60,全日制,323
三峡大学,不是,不是,不是,是,经济与管理学院,应用经济学,15,全日制,323
三峡大学,不是,不是,不是,是,法学与公共管理学院,法学,32,全日制,323
三峡大学,不是,不是,不是,是,法学与公共管理学院,法学,15,非全日制,323
三峡大学,不是,不是,不是,是,民族学院,民族学,32,全日制,323
三峡大学,不是,不是,不是,是,马克思主义学院,马克思主义理论,60,全日制,323
三峡大学,不是,不是,不是,是,马克思主义学院,马克思主义理论,10,非全日制,323
三峡大学,不是,不是,不是,是,法学与公共管理学院,法律（法学）,22,全日制,323
三峡大学,不是,不是,不是,是,田家炳教育学院,教育学,15,全日制,341
三峡大学,不是,不是,不是,是,田家炳教育学院,教育管理,10,非全日制,341
三峡大学,不是,不是,不是,是,马克思主义学院,学科教学（思政）,15,全日制,341
三峡大学,不是,不是,不是,是,马克思主义学院,学科教学（思政）,10,非全日制,341
三峡大学,不是,不是,不是,是,文学与传媒学院,学科教学（语文）,24,全日制,341
三峡大学,不是,不是,不是,是,外国语学院,学科教学（英语）,32,全日制,354
三峡大学,不是,不是,不是,是,田家炳教育学院,心理健康教育,14,全日制,341
三峡大学,不是,不是,不是,是,体育学院,体育教学,37,全日制,304
三峡大学,不是,不是,不是,是,体育学院,体育教学,15,非全日制,304
长江大学,不是,不是,不是,是,马克思主义学院,马克思主义理论,34,全日制,323
长江大学,不是,不是,不是,是,马克思主义学院,马克思主义理论,4,非全日制,323
长江大学,不是,不是,不是,是,法学院,法律（非法学）,6,全日制,323
长江大学,不是,不是,不是,是,法学院,法律（非法学）,4,非全日制,323
长江大学,不是,不是,不是,是,法学院,法律（法学）,14,全日制,323
长江大学,不是,不是,不是,是,马克思主义学院,马克思主义理论,34,全日制,323
长江大学,不是,不是,不是,是,马克思主义学院,马克思主义理论,4,非全日制,323
长江大学,不是,不是,不是,是,法学院,法律（非法学）,6,全日制,323
长江大学,不是,不是,不是,是,法学院,法律（非法学）,4,非全日制,323
长江大学,不是,不是,不是,是,法学院,法律（法学）,14,全日制,323
长江大学,不是,不是,不是,是,法学院,法律（法学）,6,非全日制,323
长江大学,不是,不是,不是,是,法学院,社会工作,13,全日制,323
长江大学,不是,不是,不是,是,法学院,社会工作,8,非全日制,323
长江大学,不是,不是,不是,是,教育与体育学院,教育学,10,全日制,341
长江大学,不是,不是,不是,是,物理与光电工程学院,课程与教学论,1,全日制,341
长江大学,不是,不是,不是,是,教育与体育学院,体育学,10,全日制,304
长江大学,不是,不是,不是,是,马克思主义学院,学科教学（思政）,18,全日制,341
长江大学,不是,不是,不是,是,人文与新媒体学院,学科教学（语文）,25,全日制,341
长江大学,不是,不是,不是,是,人文与新媒体学院,学科教学（语文）,2,非全日制,341
长江大学,不是,不是,不是,是,信息与数学学院,学科教学（数学）,15,全日制,341
长江大学,不是,不是,不是,是,物理与光电工程学院,学科教学（物理）,5,全日制,341
长江大学,不是,不是,不是,是,物理与光电工程学院,学科教学（物理）,2,非全日制,341
长江大学,不是,不是,不是,是,化学与环境工程学院,学科教学（化学）,5,全日制,341
长江大学,不是,不是,不是,是,化学与环境工程学院,学科教学（化学）,2,非全日制,341
长江大学,不是,不是,不是,是,外国语学院,学科教学（英语）,11,全日制,341
长江大学,不是,不是,不是,是,外国语学院,学科教学（英语）,10,非全日制,341
长江大学,不是,不是,不是,是,人文与新媒体学院,学科教学（历史）,2,全日制,341
长江大学,不是,不是,不是,是,人文与新媒体学院,学科教学（历史）,2,非全日制,341
长江大学,不是,不是,不是,是,教育与体育学院,小学教育,13,全日制,354
长江大学,不是,不是,不是,是,教育与体育学院,小学教育,3,非全日制,354
长江大学,不是,不是,不是,是,教育与体育学院,心理健康教育,11,全日制,341
长江大学,不是,不是,不是,是,教育与体育学院,学前教育,2,全日制,354
长江大学,不是,不是,不是,是,教育与体育学院,体育教学,13,全日制,339
长江大学,不是,不是,不是,是,教育与体育学院,体育教学,3,非全日制,339
长江大学,不是,不是,不是,是,教育与体育学院,运动训练,3,全日制,331
长江大学,不是,不是,不是,是,教育与体育学院,社会体育指导,3,全日制,304
长江大学,不是,不是,不是,是,教育与体育学院,应用心理,9,全日制,341
长江大学,不是,不是,不是,是,人文与新媒体学院,中国语言文学,17,全日制,351
长江大学,不是,不是,不是,是,外国语学院,外国语言文学,10,全日制,351
长江大学,不是,不是,不是,是,外国语学院,英语笔译,12,全日制,351
长江大学,不是,不是,不是,是,信息与数学学院,数学,36,全日制,274
长江大学,不是,不是,不是,是,物理与光电工程学院,物理学,21,全日制,274
长江大学,不是,不是,不是,是,地球物理与石油资源学院,地球物理学,10,全日制,274
长江大学,不是,不是,不是,是,资源与环境学院,地质学,35,全日制,274
长江大学,不是,不是,不是,是,资源与环境学院,地质学,4,非全日制,274
中南民族大学,不是,不是,不是,是,经济学院,理论经济学,13,全日制,323
中南民族大学,不是,不是,不是,是,经济学院,应用经济学,10,全日制,323
中南民族大学,不是,不是,不是,是,经济学院,金融,19,全日制,323
中南民族大学,不是,不是,不是,是,数学与统计学学院,应用统计,19,全日制,323
中南民族大学,不是,不是,不是,是,经济学院,数字经济,15,全日制,323
中南民族大学,不是,不是,不是,是,经济学院,理论经济学,13,全日制,323
中南民族大学,不是,不是,不是,是,经济学院,应用经济学,10,全日制,323
中南民族大学,不是,不是,不是,是,经济学院,金融,19,全日制,323
中南民族大学,不是,不是,不是,是,数学与统计学学院,应用统计,19,全日制,323
中南民族大学,不是,不是,不是,是,经济学院,数字经济,15,全日制,323
中南民族大学,不是,不是,不是,是,法学院,法学理论,3,全日制,323
中南民族大学,不是,不是,不是,是,法学院,宪法学与行政法学,4,全日制,323
中南民族大学,不是,不是,不是,是,法学院,刑法学,4,全日制,323
中南民族大学,不是,不是,不是,是,法学院,民商法学,3,全日制,323
中南民族大学,不是,不是,不是,是,法学院,诉讼法学,3,全日制,323
中南民族大学,不是,不是,不是,是,法学院,经济法学,6,全日制,323
中南民族大学,不是,不是,不是,是,法学院,国际法学,3,全日制,323
中南民族大学,不是,不是,不是,是,民族学与社会学学院,社会学,9,全日制,323
中南民族大学,不是,不是,不是,是,民族学与社会学学院,人类学,4,全日制,323
中南民族大学,不是,不是,不是,是,民族学与社会学学院,民俗学,2,全日制,323
中南民族大学,不是,不是,不是,是,民族学与社会学学院,民族学,16,全日制,323
中南民族大学,不是,不是,不是,是,马克思主义学院,马克思主义基本原理,5,全日制,326
中南民族大学,不是,不是,不是,是,马克思主义学院,马克思主义发展史,4,全日制,333
中南民族大学,不是,不是,不是,是,马克思主义学院,马克思主义中国化研究,16,全日制,325
中南民族大学,不是,不是,不是,是,马克思主义学院,思想政治教育,9,全日制,336
武汉轻工大学,不是,不是,不是,是,经济学院,应用经济学,8,全日制,323
武汉轻工大学,不是,不是,不是,是,经济学院,金融,14,全日制,323
武汉轻工大学,不是,不是,不是,是,马克思主义学院,马克思主义理论,28,全日制,323
武汉轻工大学,不是,不是,不是,是,外国语学院,英语笔译,15,全日制,351
武汉轻工大学,不是,不是,不是,是,硒科学与工程现代产业学院,生物学,8,全日制,274
武汉轻工大学,不是,不是,不是,是,经济学院,应用经济学,8,全日制,323
武汉轻工大学,不是,不是,不是,是,经济学院,金融,14,全日制,323
武汉轻工大学,不是,不是,不是,是,马克思主义学院,马克思主义理论,28,全日制,323
武汉轻工大学,不是,不是,不是,是,外国语学院,英语笔译,15,全日制,351
武汉轻工大学,不是,不是,不是,是,硒科学与工程现代产业学院,生物学,8,全日制,274
武汉轻工大学,不是,不是,不是,是,生命科学与技术学院,生物学,32,全日制,274
武汉轻工大学,不是,不是,不是,是,机械工程学院,机械工程,7,全日制,260
武汉轻工大学,不是,不是,不是,是,电气与电子工程学院,信息与通信工程,11,全日制,260
武汉轻工大学,不是,不是,不是,是,土木工程与建筑学院,土木工程,5,全日制,260
武汉轻工大学,不是,不是,不是,是,化学与环境工程学院,化学工程,5,全日制,260
武汉轻工大学,不是,不是,不是,是,化学与环境工程学院,化学工艺,5,全日制,260
武汉轻工大学,不是,不是,不是,是,化学与环境工程学院,生物化工,5,全日制,260
武汉轻工大学,不是,不是,不是,是,化学与环境工程学院,应用化学,5,全日制,260
武汉轻工大学,不是,不是,不是,是,食品科学与工程学院,食品科学与工程,60,全日制,260
武汉轻工大学,不是,不是,不是,是,硒科学与工程现代产业学院,食品科学,6,全日制,260
江汉大学,不是,不是,不是,是,商学院,金融,9,全日制,323
江汉大学,不是,不是,不是,是,商学院,金融,1,非全日制,323
江汉大学,不是,不是,不是,是,马克思主义学院,马克思主义理论,2,全日制,323
江汉大学,不是,不是,不是,是,马克思主义学院,马克思主义理论,1,非全日制,323
江汉大学,不是,不是,不是,是,法学院,社会工作,17,全日制,345
江汉大学,不是,不是,不是,是,商学院,金融,9,全日制,323
江汉大学,不是,不是,不是,是,商学院,金融,1,非全日制,323
江汉大学,不是,不是,不是,是,马克思主义学院,马克思主义理论,2,全日制,323
江汉大学,不是,不是,不是,是,马克思主义学院,马克思主义理论,1,非全日制,323
江汉大学,不是,不是,不是,是,法学院,社会工作,17,全日制,345
江汉大学,不是,不是,不是,是,法学院,社会工作,1,非全日制,345
江汉大学,不是,不是,不是,是,教育学院,心理学,1,全日制,341
江汉大学,不是,不是,不是,是,教育学院,心理学,1,非全日制,341
江汉大学,不是,不是,不是,是,马克思主义学院,学科教学（思政）,10,全日制,341
江汉大学,不是,不是,不是,是,马克思主义学院,学科教学（思政）,1,非全日制,341
江汉大学,不是,不是,不是,是,人文学院,学科教学（语文）,12,全日制,341
江汉大学,不是,不是,不是,是,人文学院,学科教学（语文）,2,非全日制,341
江汉大学,不是,不是,不是,是,人工智能学院,学科教学（数学）,4,全日制,341
江汉大学,不是,不是,不是,是,人工智能学院,学科教学（数学）,1,非全日制,341
江汉大学,不是,不是,不是,是,外国语学院,学科教学（英语）,14,全日制,341
湖北医药学院,不是,不是,不是,是,马克思主义学院,应用心理,14,全日制,341
湖北医药学院,不是,不是,不是,是,基础医学院,生理学,1,全日制,274
湖北医药学院,不是,不是,不是,是,基础医学院,遗传学,1,全日制,274
湖北医药学院,不是,不是,不是,是,基础医学院,生物化学与分子生物学,2,全日制,274
湖北医药学院,不是,不是,不是,是,基础医学院,免疫学,1,全日制,274
湖北医药学院,不是,不是,不是,是,马克思主义学院,应用心理,14,全日制,341
湖北医药学院,不是,不是,不是,是,基础医学院,生理学,1,全日制,274
湖北医药学院,不是,不是,不是,是,基础医学院,遗传学,1,全日制,274
湖北医药学院,不是,不是,不是,是,基础医学院,生物化学与分子生物学,2,全日制,274
湖北医药学院,不是,不是,不是,是,基础医学院,免疫学,1,全日制,274
湖北医药学院,不是,不是,不是,是,药学院,生物与医药,6,全日制,260
湖北医药学院,不是,不是,不是,是,基础医学院,人体解剖与组织胚胎学,4,全日制,293
湖北医药学院,不是,不是,不是,是,基础医学院,免疫学,5,全日制,293
湖北医药学院,不是,不是,不是,是,基础医学院,病原生物学,5,全日制,293
湖北医药学院,不是,不是,不是,是,基础医学院,病理学与病理生理学,25,全日制,293
湖北医药学院,不是,不是,不是,是,现代医学学科群专项,病理学与病理生理学,2,全日制,293
湖北医药学院,不是,不是,不是,是,第一临床学院,内科学,4,全日制,293
湖北医药学院,不是,不是,不是,是,第三临床学院,内科学,4,全日制,293
湖北医药学院,不是,不是,不是,是,第五临床学院（湖北随州）,内科学,2,全日制,293
湖北医药学院,不是,不是,不是,是,现代医学学科群专项,内科学,3,全日制,293
湖北医药学院,不是,不是,不是,是,第一临床学院,儿科学,1,全日制,293
湖北医药学院,不是,不是,不是,是,第一临床学院,神经病学,1,全日制,293
湖北医药学院,不是,不是,不是,是,第四临床学院（湖北襄阳）,神经病学,1,全日制,293
湖北医药学院,不是,不是,不是,是,现代医学学科群专项,神经病学,2,全日制,293
湖北医药学院,不是,不是,不是,是,第四临床学院（湖北襄阳）,临床检验诊断学,1,全日制,293
湖北医药学院,不是,不是,不是,是,第一临床学院,外科学,2,全日制,293
湖北医药学院,不是,不是,不是,是,第二临床学院,外科学,1,全日制,293
湖北医药学院,不是,不是,不是,是,现代医学学科群专项,外科学,4,全日制,293
湖北医药学院,不是,不是,不是,是,第一临床学院,妇产科学,1,全日制,293
湖北医药学院,不是,不是,不是,是,第四临床学院（湖北襄阳）,妇产科学,1,全日制,293
湖北医药学院,不是,不是,不是,是,第一临床学院,肿瘤学,1,全日制,293
湖北医药学院,不是,不是,不是,是,第四临床学院（湖北襄阳）,肿瘤学,2,全日制,293
湖北师范大学,不是,不是,不是,是,经济管理与法学院,法律（法学）,14,全日制,323
湖北师范大学,不是,不是,不是,是,历史文化学院,社会工作,9,全日制,346
湖北师范大学,不是,不是,不是,是,教育科学学院,教育学原理,5,全日制,341
湖北师范大学,不是,不是,不是,是,经济管理与法学院,法律（法学）,14,全日制,323
湖北师范大学,不是,不是,不是,是,历史文化学院,社会工作,9,全日制,346
湖北师范大学,不是,不是,不是,是,教育科学学院,教育学原理,5,全日制,341
湖北师范大学,不是,不是,不是,是,教育科学学院,课程与教学论,8,全日制,341
湖北师范大学,不是,不是,不是,是,教育科学学院,高等教育学,5,全日制,341
湖北师范大学,不是,不是,不是,是,教育科学学院,特殊教育学,3,全日制,341
湖北师范大学,不是,不是,不是,是,马克思主义学院,学科教学（思政）,18,全日制,341
湖北师范大学,不是,不是,不是,是,文学院,学科教学（语文）,6,全日制,341
湖北师范大学,不是,不是,不是,是,文学院,学科教学（语文）,3,非全日制,341
湖北师范大学,不是,不是,不是,是,数学与统计学院,学科教学（数学）,10,全日制,341
湖北师范大学,不是,不是,不是,是,物理与电子科学学院,学科教学（物理）,5,全日制,341
湖北师范大学,不是,不是,不是,是,化学化工学院,学科教学（化学）,3,全日制,341
湖北中医药大学,不是,不是,不是,是,医学人文学院,应用心理,10,全日制,343
湖北中医药大学,不是,不是,不是,是,外国语学院,英语笔译,18,全日制,354
湖北中医药大学,不是,不是,不是,是,信息工程学院,计算机技术,13,全日制,270
湖北中医药大学,不是,不是,不是,是,药学院,生物与医药,6,全日制,270
湖北中医药大学,不是,不是,不是,是,信息工程学院,管理科学与工程,3,全日制,270
湖北中医药大学,不是,不是,不是,是,医学人文学院,应用心理,10,全日制,343
湖北中医药大学,不是,不是,不是,是,外国语学院,英语笔译,18,全日制,354
湖北中医药大学,不是,不是,不是,是,信息工程学院,计算机技术,13,全日制,270
湖北中医药大学,不是,不是,不是,是,药学院,生物与医药,6,全日制,270
湖北中医药大学,不是,不是,不是,是,信息工程学院,管理科学与工程,3,全日制,270
湖北中医药大学,不是,不是,不是,是,基础医学院,中医基础理论,14,全日制,300
湖北中医药大学,不是,不是,不是,是,中医学院,中医临床基础,10,全日制,300
湖北中医药大学,不是,不是,不是,是,中医学院,中医医史文献,1,全日制,300
湖北中医药大学,不是,不是,不是,是,基础医学院,方剂学,3,全日制,300
湖北中医药大学,不是,不是,不是,是,基础医学院,中医诊断学,2,全日制,300
湖北中医药大学,不是,不是,不是,是,中医学院,中医内科学,6,全日制,306
湖北中医药大学,不是,不是,不是,是,中医学院,中医外科学,1,全日制,296
湖北中医药大学,不是,不是,不是,是,针灸骨伤学院,中医骨伤科学,3,全日制,300
湖北中医药大学,不是,不是,不是,是,中医学院,中医妇科学,1,全日制,300
湖北中医药大学,不是,不是,不是,是,中医学院,中医儿科学,1,全日制,300
湖北汽车工业学院,不是,不是,不是,是,汽车工程学院,力学,12,全日制,274
湖北汽车工业学院,不是,不是,不是,是,汽车工程学院,力学,12,全日制,274
湖北文理学院,不是,不是,不是,是,政法学院,社会工作,25,全日制,323
湖北文理学院,不是,不是,不是,是,政法学院,社会工作,2,非全日制,323
湖北文理学院,不是,不是,不是,是,文学与传媒学院,学科教学（语文）,4,全日制,341
湖北文理学院,不是,不是,不是,是,资源环境与旅游学院,学科教学（地理）,4,全日制,341
湖北文理学院,不是,不是,不是,是,体育学院,学科教学（体育）,3,全日制,341
湖北文理学院,不是,不是,不是,是,政法学院,社会工作,25,全日制,323
湖北文理学院,不是,不是,不是,是,政法学院,社会工作,2,非全日制,323
湖北文理学院,不是,不是,不是,是,文学与传媒学院,学科教学（语文）,4,全日制,341
湖北文理学院,不是,不是,不是,是,资源环境与旅游学院,学科教学（地理）,4,全日制,341
湖北文理学院,不是,不是,不是,是,体育学院,学科教学（体育）,3,全日制,341
湖北经济学院,不是,不是,不是,是,新财经交叉学科研究院,应用经济学,9,全日制,323
湖北经济学院,不是,不是,不是,是,金融学院,金融,70,全日制,323
湖北经济学院,不是,不是,不是,是,统计与数学学院,应用统计,10,全日制,323
湖北经济学院,不是,不是,不是,是,财政与公共管理学院,税务,50,全日制,323
湖北经济学院,不是,不是,不是,是,金融学院,保险,10,全日制,323
武汉体育学院,不是,不是,不是,是,运动医学院,心理学,15,全日制,341
武汉体育学院,不是,不是,不是,是,经济与管理学院,体育人文社会学,30,全日制,304
武汉体育学院,不是,不是,不是,是,运动医学院,运动人体科学,20,全日制,304
武汉体育学院,不是,不是,不是,是,体育教育学院,体育教育训练学,40,全日制,304
武汉体育学院,不是,不是,不是,是,足球学院,体育教育训练学,10,全日制,304
武汉体育学院,不是,不是,不是,是,运动医学院,心理学,15,全日制,341
武汉体育学院,不是,不是,不是,是,经济与管理学院,体育人文社会学,30,全日制,304
武汉体育学院,不是,不是,不是,是,运动医学院,运动人体科学,20,全日制,304
武汉体育学院,不是,不是,不是,是,体育教育学院,体育教育训练学,40,全日制,304
武汉体育学院,不是,不是,不是,是,足球学院,体育教育训练学,10,全日制,304
武汉体育学院,不是,不是,不是,是,网球学院,体育教育训练学,5,全日制,304
武汉体育学院,不是,不是,不是,是,运动训练学院,体育教育训练学,15,全日制,304
武汉体育学院,不是,不是,不是,是,艺术学院,体育教育训练学,6,全日制,304
武汉体育学院,不是,不是,不是,是,武术学院,民族传统体育学,20,全日制,304
武汉体育学院,不是,不是,不是,是,体育教育学院,体育教学,164,全日制,325
湖北民族大学,不是,不是,不是,是,数学与统计学院,应用统计,15,全日制,313
湖北民族大学,不是,不是,不是,是,民族学与社会学学院,民族学,33,全日制,313
湖北民族大学,不是,不是,不是,是,马克思主义学院,马克思主义理论,33,全日制,313
湖北民族大学,不是,不是,不是,是,法学院,法律（非法学）,13,全日制,313
湖北民族大学,不是,不是,不是,是,法学院,法律（法学）,14,全日制,313
湖北民族大学,不是,不是,不是,是,数学与统计学院,应用统计,15,全日制,313
湖北民族大学,不是,不是,不是,是,民族学与社会学学院,民族学,33,全日制,313
湖北民族大学,不是,不是,不是,是,马克思主义学院,马克思主义理论,33,全日制,313
湖北民族大学,不是,不是,不是,是,法学院,法律（非法学）,13,全日制,313
湖北民族大学,不是,不是,不是,是,法学院,法律（法学）,14,全日制,313
湖北民族大学,不是,不是,不是,是,教师教育学院,教育管理,6,全日制,331
湖北民族大学,不是,不是,不是,是,马克思主义学院,学科教学（思政）,7,全日制,331
湖北美术学院,不是,不是,不是,是,环境艺术学院,风景园林,5,全日制,328
湖北美术学院,不是,不是,不是,是,环境艺术学院,风景园林,1,非全日制,328
湖北美术学院,不是,不是,不是,是,艺术人文学院,艺术学,28,全日制,351
湖北美术学院,不是,不是,不是,是,环境艺术学院,风景园林,5,全日制,328
湖北美术学院,不是,不是,不是,是,环境艺术学院,风景园林,1,非全日制,328
湖北美术学院,不是,不是,不是,是,艺术人文学院,艺术学,28,全日制,351
武汉音乐学院,不是,不是,不是,是,不区分院系,思想政治教育,5,全日制,323
武汉音乐学院,不是,不是,不是,是,不区分院系,艺术学,51,全日制,351
武汉音乐学院,不是,不是,不是,是,不区分院系,音乐,225,全日制,351
武汉音乐学院,不是,不是,不是,是,不区分院系,音乐,2,非全日制,351
武汉音乐学院,不是,不是,不是,是,不区分院系,舞蹈,16,全日制,351
武汉邮电科学研究院,不是,不是,不是,不是,电子系,物理电子学,2,全日制,260
武汉邮电科学研究院,不是,不是,不是,不是,电子系,电磁场与微波技术,3,全日制,260
武汉邮电科学研究院,不是,不是,不是,不是,通信系,通信与信息系统,46,全日制,260
武汉邮电科学研究院,不是,不是,不是,不是,通信系,信号与信息处理,27,全日制,260
武汉邮电科学研究院,不是,不是,不是,不是,通信系,新一代电子信息技术（含量子技术等）,0,全日制,260
中共湖北省委党校,不是,不是,不是,不是,不区分院系,宪法学与行政法学,2,全日制,323
中共湖北省委党校,不是,不是,不是,不是,不区分院系,马克思主义基本原理,8,全日制,323
中共湖北省委党校,不是,不是,不是,不是,不区分院系,中共党史党建学,15,全日制,323
中共湖北省委党校,不是,不是,不是,不是,不区分院系,公共管理,20,非全日制,196
湖北省社会科学院,不是,不是,不是,不是,中部所,应用经济学,8,全日制,323
湖北省社会科学院,不是,不是,不是,不是,农经所,应用经济学,6,全日制,323
湖北省社会科学院,不是,不是,不是,不是,经济所,应用经济学,8,全日制,323
湖北省社会科学院,不是,不是,不是,不是,长江所,应用经济学,8,全日制,323
湖北省社会科学院,不是,不是,不是,不是,财贸所,应用经济学,8,全日制,323
武汉生物制品研究所,不是,不是,不是,不是,生物制品类,免疫学,16,全日制,293
武汉生物制品研究所,不是,不是,不是,不是,生物制品类,病原生物学,16,全日制,293
中国科学院水生生物研究所,不是,不是,不是,不是,不区分院系,动物学,2,全日制,274
中国科学院水生生物研究所,不是,不是,不是,不是,不区分院系,水生生物学,6,全日制,274
中国科学院水生生物研究所,不是,不是,不是,不是,不区分院系,遗传学,2,全日制,274
中国科学院水生生物研究所,不是,不是,不是,不是,不区分院系,环境科学,2,全日制,274
中国科学院水生生物研究所,不是,不是,不是,不是,不区分院系,环境工程,2,全日制,274
长江科学院,不是,不是,不是,不是,不区分院系,岩土工程,13,全日制,260
长江科学院,不是,不是,不是,不是,不区分院系,防灾减灾工程及防护工程,3,全日制,260
长江科学院,不是,不是,不是,不是,不区分院系,水文学及水资源,6,全日制,251
长江科学院,不是,不是,不是,不是,不区分院系,水力学及河流动力学,14,全日制,251
长江科学院,不是,不是,不是,不是,不区分院系,水工结构工程,5,全日制,251
中国科学院武汉病毒研究所,不是,不是,不是,不是,不区分院系,微生物学,3,全日制,312
中国科学院武汉病毒研究所,不是,不是,不是,不是,不区分院系,生物化学与分子生物学,3,全日制,312
中国科学院武汉病毒研究所,不是,不是,不是,不是,不区分院系,生物与医药,15,全日制,294
中国科学院武汉病毒研究所,不是,不是,不是,不是,不区分院系,免疫学,1,全日制,300
中国科学院武汉病毒研究所,不是,不是,不是,不是,不区分院系,病原生物学,1,全日制,300
武汉数字工程研究所,不是,不是,不是,不是,不区分院系,计算机科学与技术,9,全日制,260
武汉材料保护研究所,不是,不是,不是,不是,不区分院系,机械设计及理论,4,全日制,260
武汉材料保护研究所,不是,不是,不是,不是,不区分院系,材料学,8,全日制,260
华中光电技术研究所,不是,不是,不是,不是,光电部,光学工程,9,全日制,300
华中光电技术研究所,不是,不是,不是,不是,测控部,检测技术与自动化装置,10,全日制,300
中国地震局地震研究所,不是,不是,不是,不是,不区分院系,固体地球物理学,15,全日制,274
中国地震局地震研究所,不是,不是,不是,不是,不区分院系,防灾减灾工程及防护工程,13,全日制,260
中国地震局地震研究所,不是,不是,不是,不是,不区分院系,大地测量学与测量工程,18,全日制,260
中国科学院武汉岩土力学研究所,不是,不是,不是,不是,不区分院系,工程力学,1,全日制,251
中国科学院武汉岩土力学研究所,不是,不是,不是,不是,不区分院系,土木工程,1,全日制,260
中国科学院武汉岩土力学研究所,不是,不是,不是,不是,不区分院系,土木水利,16,全日制,260
中国科学院武汉植物园,不是,不是,不是,不是,不区分院系,植物学,3,全日制,274
中国科学院武汉植物园,不是,不是,不是,不是,不区分院系,生态学,4,全日制,274
中国科学院武汉植物园,不是,不是,不是,不是,不区分院系,生物与医药,5,全日制,260
中国科学院武汉植物园,不是,不是,不是,不是,不区分院系,园林植物与观赏园艺,0,全日制,245
武汉第二船舶设计研究所,不是,不是,不是,不是,不区分院系,船舶与海洋结构物设计制造,3,全日制,251
武汉第二船舶设计研究所,不是,不是,不是,不是,不区分院系,核能科学与工程,0,全日制,251
中钢集团武汉安全环保研究院,不是,不是,不是,不是,不区分院系,安全技术及工程,5,全日制,251
中钢集团武汉安全环保研究院,不是,不是,不是,不是,不区分院系,环境工程,3,全日制,260
武汉船舶通信研究所,不是,不是,不是,不是,不区分院系,通信与信息系统,6,全日制,290
武汉船舶通信研究所,不是,不是,不是,不是,不区分院系,信号与信息处理,4,全日制,290
武汉船舶通信研究所,不是,不是,不是,不是,不区分院系,舰船通信天线技术,2,全日制,290
中国航空研究院610所,不是,不是,不是,不是,不区分院系,航空宇航推进理论与工程,4,全日制,251
中国航空研究院610所,不是,不是,不是,不是,不区分院系,人机与环境工程,3,全日制,251
湖北理工学院,不是,不是,不是,是,机电工程学院,机械,23,全日制,260
湖北理工学院,不是,不是,不是,是,环境科学与工程学院,资源与环境,22,全日制,260
湖北理工学院,不是,不是,不是,是,医学院,生物与医药,22,全日制,260
武汉船用电力推进装置研究所,不是,不是,不是,不是,电力推进中心,电工理论与新技术,0,全日制,260
中国科学院精密测量科学与技术创新研究院,不是,不是,不是,不是,不区分院系,基础数学,1,全日制,274
中国科学院精密测量科学与技术创新研究院,不是,不是,不是,不是,不区分院系,应用数学,1,全日制,274
中国科学院精密测量科学与技术创新研究院,不是,不是,不是,不是,不区分院系,物理学,12,全日制,274
中国科学院精密测量科学与技术创新研究院,不是,不是,不是,不是,不区分院系,化学,4,全日制,274
中国科学院精密测量科学与技术创新研究院,不是,不是,不是,不是,不区分院系,自然地理学,4,全日制,325
中南大学,是,是,是,不是,人文学院,哲学,30,全日制,330
中南大学,是,是,是,不是,人文学院,哲学,2,非全日制,330
中南大学,是,是,是,不是,商学院,应用经济学,18,全日制,365
中南大学,是,是,是,不是,商学院,金融,15,全日制,365
中南大学,是,是,是,不是,数学与统计学院,应用统计,25,全日制,365
中南大学,是,是,是,不是,人文学院,哲学,30,全日制,330
中南大学,是,是,是,不是,人文学院,哲学,2,非全日制,330
中南大学,是,是,是,不是,商学院,应用经济学,18,全日制,365
中南大学,是,是,是,不是,商学院,金融,15,全日制,365
中南大学,是,是,是,不是,数学与统计学院,应用统计,25,全日制,365
中南大学,是,是,是,不是,法学院,法学,39,全日制,335
中南大学,是,是,是,不是,公共管理学院,社会学,11,全日制,335
中南大学,是,是,是,不是,马克思主义学院,马克思主义理论,24,全日制,335
中南大学,是,是,是,不是,法学院,法律（非法学）,12,全日制,340
中南大学,是,是,是,不是,法学院,法律（非法学）,4,非全日制,340
中南大学,是,是,是,不是,法学院,法律（法学）,5,全日制,340
中南大学,是,是,是,不是,法学院,法律（法学）,5,非全日制,340
中南大学,是,是,是,不是,公共管理学院,社会工作,13,全日制,340
中南大学,是,是,是,不是,公共管理学院,社会工作,2,非全日制,340
中南大学,是,是,是,不是,湘雅二医院,心理学,4,全日制,355
中南大学,是,是,是,不是,湘雅三医院,心理学,1,全日制,355
中南大学,是,是,是,不是,人文学院,教育,6,全日制,365
中南大学,是,是,是,不是,人文学院,教育,2,非全日制,365
中南大学,是,是,是,不是,体育教研部,体育,5,全日制,310
中南大学,是,是,是,不是,体育教研部,体育,1,非全日制,310
中南大学,是,是,是,不是,人文学院,中国语言文学,11,全日制,365
中南大学,是,是,是,不是,外国语学院,外国语言文学,14,全日制,365
中南大学,是,是,是,不是,外国语学院,翻译,17,全日制,365
中南大学,是,是,是,不是,外国语学院,翻译,1,非全日制,365
中南大学,是,是,是,不是,人文学院,新闻与传播,26,全日制,365
中南大学,是,是,是,不是,人文学院,新闻与传播,2,非全日制,365
中南大学,是,是,是,不是,人文学院,出版,15,非全日制,365
中南大学,是,是,是,不是,数学与统计学院,数学,34,全日制,305
中南大学,是,是,是,不是,物理学院,物理学,29,全日制,305
中南大学,是,是,是,不是,物理学院,物理学,3,非全日制,305
中南大学,是,是,是,不是,化学化工学院,化学,48,全日制,305
中南大学,是,是,是,不是,化学化工学院,化学,1,非全日制,305
中南大学,是,是,是,不是,地球科学与信息物理学院,地质学,8,全日制,305
中南大学,是,是,是,不是,生命科学学院,生物学,38,全日制,305
中南大学,是,是,是,不是,生命科学学院,生物学,4,非全日制,305
中南大学,是,是,是,不是,芙蓉实验室,生物学,2,全日制,305
中南大学,是,是,是,不是,湘雅基础医学院,生物学,13,全日制,305
中南大学,是,是,是,不是,湘雅基础医学院,生物学,5,非全日制,305
中南大学,是,是,是,不是,资源加工与生物工程学院,微生物学,5,全日制,305
中南大学,是,是,是,不是,数学与统计学院,统计学,6,全日制,305
中南大学,是,是,是,不是,土木工程学院,力学,13,全日制,305
中南大学,是,是,是,不是,机电工程学院,机械工程,20,全日制,315
中南大学,是,是,是,不是,轻合金研究院,机械工程,3,全日制,315
中南大学,是,是,是,不是,航空航天技术研究院,机械工程,2,全日制,315
中南大学,是,是,是,不是,材料科学与工程学院,材料科学与工程,15,全日制,315
中南大学,是,是,是,不是,粉末冶金研究院,材料科学与工程,18,全日制,315
中南大学,是,是,是,不是,资源加工与生物工程学院,材料科学与工程,2,全日制,315
中南大学,是,是,是,不是,轻合金研究院,材料科学与工程,2,全日制,315
中南大学,是,是,是,不是,土木工程学院,材料学,2,全日制,315
中南大学,是,是,是,不是,冶金与环境学院,冶金工程,21,全日制,305
中南大学,是,是,是,不是,化学化工学院,冶金物理化学,3,全日制,305
中南大学,是,是,是,不是,资源加工与生物工程学院,钢铁冶金,2,全日制,305
中南大学,是,是,是,不是,能源科学与工程学院,动力工程及工程热物理,8,全日制,305
中南大学,是,是,是,不是,自动化学院,电气工程,6,全日制,315
中南大学,是,是,是,不是,电子信息学院,电子科学与技术,8,全日制,315
中南大学,是,是,是,不是,电子信息学院,信息与通信工程,12,全日制,315
中南大学,是,是,是,不是,自动化学院,控制科学与工程,30,全日制,315
中南大学,是,是,是,不是,计算机学院,计算机科学与技术,42,全日制,315
中南大学,是,是,是,不是,大数据研究院,计算机科学与技术,4,全日制,315
中南大学,是,是,是,不是,建筑与艺术学院,建筑学,4,全日制,315
中南大学,是,是,是,不是,土木工程学院,土木工程,61,全日制,315
中南大学,是,是,是,不是,资源与安全工程学院,岩土工程,2,全日制,315
中南大学,是,是,是,不是,能源科学与工程学院,供热、供燃气、通风及空调工程,1,全日制,315
中南大学,是,是,是,不是,地球科学与信息物理学院,测绘科学与技术,24,全日制,315
中南大学,是,是,是,不是,化学化工学院,化学工程与技术,5,全日制,315
中南大学,是,是,是,不是,地球科学与信息物理学院,地质资源与地质工程,22,全日制,305
中南大学,是,是,是,不是,资源与安全工程学院,矿业工程,16,全日制,305
中南大学,是,是,是,不是,资源加工与生物工程学院,矿业工程,17,全日制,305
中南大学,是,是,是,不是,交通运输工程学院,交通运输工程,6,全日制,315
中南大学,是,是,是,不是,土木工程学院,道路与铁道工程,6,全日制,315
中南大学,是,是,是,不是,冶金与环境学院,环境科学与工程,10,全日制,315
中南大学,是,是,是,不是,资源与安全工程学院,安全科学与工程,15,全日制,315
中南大学,是,是,是,不是,建筑与艺术学院,建筑,8,全日制,315
中南大学,是,是,是,不是,建筑与艺术学院,建筑,2,非全日制,315
中南大学,是,是,是,不是,建筑与艺术学院,城乡规划,13,全日制,315
中南大学,是,是,是,不是,建筑与艺术学院,城乡规划,2,非全日制,315
中南大学,是,是,是,不是,自动化学院,电子信息,63,全日制,315
中南大学,是,是,是,不是,自动化学院,电子信息,2,非全日制,315
中南大学,是,是,是,不是,计算机学院,电子信息,78,全日制,315
中南大学,是,是,是,不是,大数据研究院,电子信息,12,全日制,315
中南大学,是,是,是,不是,物理学院,电子信息,23,全日制,315
中南大学,是,是,是,不是,电子信息学院,电子信息,17,全日制,315
中南大学,是,是,是,不是,电子信息学院,电子信息,8,非全日制,315
中南大学,是,是,是,不是,国家卓越工程师学院,电子信息,7,全日制,315
中南大学,是,是,是,不是,湘雅基础医学院,电子信息,2,全日制,315
湖南大学,是,是,是,不是,岳麓书院,哲学,4,全日制,360
湖南大学,是,是,是,不是,经济与贸易学院,理论经济学,5,全日制,345
湖南大学,是,是,是,不是,经济与贸易学院,应用经济学,14,全日制,345
湖南大学,是,是,是,不是,金融与统计学院,金融学,14,全日制,345
湖南大学,是,是,是,不是,金融与统计学院,金融,53,全日制,345
湖南大学,是,是,是,不是,岳麓书院,哲学,4,全日制,360
湖南大学,是,是,是,不是,经济与贸易学院,理论经济学,5,全日制,345
湖南大学,是,是,是,不是,经济与贸易学院,应用经济学,14,全日制,345
湖南大学,是,是,是,不是,金融与统计学院,金融学,14,全日制,345
湖南大学,是,是,是,不是,金融与统计学院,金融,53,全日制,345
湖南大学,是,是,是,不是,金融与统计学院,应用统计,60,非全日制,345
湖南大学,是,是,是,不是,经济与贸易学院,税务,16,全日制,345
湖南大学,是,是,是,不是,经济与贸易学院,国际商务,31,全日制,345
湖南大学,是,是,是,不是,金融与统计学院,保险,18,全日制,345
湖南大学,是,是,是,不是,经济与贸易学院,数字经济,14,全日制,345
湖南大学,是,是,是,不是,法学院,法学,13,全日制,330
湖南大学,是,是,是,不是,马克思主义学院,马克思主义理论,19,全日制,330
湖南大学,是,是,是,不是,法学院,法律（非法学）,33,全日制,323
湖南大学,是,是,是,不是,法学院,法律（非法学）,55,非全日制,323
湖南大学,是,是,是,不是,法学院,法律（法学）,38,全日制,323
湖南大学,是,是,是,不是,法学院,法律（法学）,65,非全日制,323
湖南大学,是,是,是,不是,教育科学研究院,教育学,8,全日制,345
湖南大学,是,是,是,不是,教育科学研究院,教育管理,60,非全日制,341
湖南大学,是,是,是,不是,马克思主义学院,学科教学（思政）,22,全日制,341
湖南大学,是,是,是,不是,马克思主义学院,学科教学（思政）,60,非全日制,341
湖南大学,是,是,是,不是,中国语言文学学院,学科教学（语文）,17,全日制,341
湖南大学,是,是,是,不是,中国语言文学学院,学科教学（语文）,60,非全日制,341
湖南大学,是,是,是,不是,数学学院,学科教学（数学）,60,非全日制,341
湖南大学,是,是,是,不是,外国语学院,学科教学（英语）,20,全日制,341
湖南大学,是,是,是,不是,外国语学院,学科教学（英语）,60,非全日制,341
湖南师范大学,不是,是,是,不是,公共管理学院,哲学,27,全日制,328
湖南师范大学,不是,是,是,不是,公共管理学院,应用伦理,19,非全日制,325
湖南师范大学,不是,是,是,不是,商学院,理论经济学,9,全日制,323
湖南师范大学,不是,是,是,不是,商学院,应用经济学,13,全日制,323
湖南师范大学,不是,是,是,不是,商学院,金融,20,全日制,323
湖南师范大学,不是,是,是,不是,公共管理学院,哲学,27,全日制,328
湖南师范大学,不是,是,是,不是,公共管理学院,应用伦理,19,非全日制,325
湖南师范大学,不是,是,是,不是,商学院,理论经济学,9,全日制,323
湖南师范大学,不是,是,是,不是,商学院,应用经济学,13,全日制,323
湖南师范大学,不是,是,是,不是,商学院,金融,20,全日制,323
湖南师范大学,不是,是,是,不是,数学与统计学院,应用统计,19,全日制,323
湖南师范大学,不是,是,是,不是,数学与统计学院,应用统计,10,非全日制,323
湖南师范大学,不是,是,是,不是,法学院,法学,37,全日制,336
湖南师范大学,不是,是,是,不是,公共管理学院,政治学,24,全日制,323
湖南师范大学,不是,是,是,不是,公共管理学院,社会学,12,全日制,333
湖南师范大学,不是,是,是,不是,马克思主义学院,马克思主义理论,38,全日制,365
湖南师范大学,不是,是,是,不是,法学院,法律（非法学）,25,全日制,323
湖南师范大学,不是,是,是,不是,法学院,法律（非法学）,10,非全日制,323
湖南师范大学,不是,是,是,不是,法学院,法律（法学）,15,全日制,323
湖南师范大学,不是,是,是,不是,公共管理学院,社会工作,22,全日制,343
湖南师范大学,不是,是,是,不是,教育科学学院,教育学,6,全日制,341
湖南师范大学,不是,是,是,不是,教育科学学院,教育学原理,9,全日制,342
湖南师范大学,不是,是,是,不是,化学化工学院,课程与教学论,2,全日制,341
湖南师范大学,不是,是,是,不是,教育科学学院,课程与教学论,8,全日制,341
湖南师范大学,不是,是,是,不是,历史文化学院,课程与教学论,2,全日制,341
湖南师范大学,不是,是,是,不是,生命科学学院,课程与教学论,1,全日制,341
湖南师范大学,不是,是,是,不是,数学与统计学院,课程与教学论,2,全日制,341
湖南师范大学,不是,是,是,不是,外国语学院,课程与教学论,2,全日制,352
湖南师范大学,不是,是,是,不是,文学院,课程与教学论,4,全日制,351
湖南师范大学,不是,是,是,不是,物理与电子科学学院,课程与教学论,3,全日制,349
湖南师范大学,不是,是,是,不是,教育科学学院,教育史,2,全日制,341
湖南师范大学,不是,是,是,不是,教育科学学院,比较教育学,2,全日制,341
湖南师范大学,不是,是,是,不是,教育科学学院,学前教育学,7,全日制,341
湖南师范大学,不是,是,是,不是,教育科学学院,高等教育学,12,全日制,341
湖南师范大学,不是,是,是,不是,教育科学学院,职业技术教育学,2,全日制,341
湖南师范大学,不是,是,是,不是,工程与设计学院,职业技术教育学,4,全日制,341
湖南师范大学,不是,是,是,不是,教育科学学院,特殊教育学,2,全日制,342
湖南师范大学,不是,是,是,不是,教育科学学院,心理学,39,全日制,345
湖南师范大学,不是,是,是,不是,体育学院,体育人文社会学,5,全日制,323
湖南师范大学,不是,是,是,不是,体育学院,运动人体科学,7,全日制,319
湖南师范大学,不是,是,是,不是,体育学院,体育教育训练学,10,全日制,306
湖南师范大学,不是,是,是,不是,体育学院,民族传统体育学,2,全日制,304
湖南师范大学,不是,是,是,不是,教育科学学院,教育管理,10,全日制,350
湖南师范大学,不是,是,是,不是,教育科学学院,教育管理,10,非全日制,350
湖南师范大学,不是,是,是,不是,马克思主义学院,学科教学（思政）,40,全日制,364
湖南师范大学,不是,是,是,不是,文学院,学科教学（语文）,17,全日制,370
湖南师范大学,不是,是,是,不是,文学院,学科教学（语文）,8,非全日制,370
湖南师范大学,不是,是,是,不是,数学与统计学院,学科教学（数学）,4,全日制,341
湖南师范大学,不是,是,是,不是,数学与统计学院,学科教学（数学）,10,非全日制,341
湖南师范大学,不是,是,是,不是,物理与电子科学学院,学科教学（物理）,11,全日制,364
湖南师范大学,不是,是,是,不是,化学化工学院,学科教学（化学）,9,全日制,341
湖南师范大学,不是,是,是,不是,化学化工学院,学科教学（化学）,4,非全日制,341
湖南师范大学,不是,是,是,不是,生命科学学院,学科教学（生物）,6,全日制,349
湖南师范大学,不是,是,是,不是,外国语学院,学科教学（英语）,59,全日制,341
湖南师范大学,不是,是,是,不是,外国语学院,学科教学（英语）,10,非全日制,341
湖南师范大学,不是,是,是,不是,历史文化学院,学科教学（历史）,23,全日制,367
湖南师范大学,不是,是,是,不是,地理科学学院,学科教学（地理）,16,全日制,376
湖南师范大学,不是,是,是,不是,音乐学院,学科教学（音乐）,19,全日制,370
湖南师范大学,不是,是,是,不是,美术学院,学科教学（美术）,2,非全日制,351
湖南师范大学,不是,是,是,不是,教育科学学院,现代教育技术,5,全日制,341
湖南师范大学,不是,是,是,不是,教育科学学院,现代教育技术,8,非全日制,341
湖南师范大学,不是,是,是,不是,教育科学学院,小学教育,13,全日制,363
湖南师范大学,不是,是,是,不是,教育科学学院,小学教育,19,非全日制,363
湖南师范大学,不是,是,是,不是,教育科学学院,心理健康教育,11,全日制,355
湖南师范大学,不是,是,是,不是,教育科学学院,心理健康教育,6,非全日制,355
湘潭大学,不是,不是,是,不是,哲学与历史文化学院（碧泉书院）,哲学,38,全日制,344
湘潭大学,不是,不是,是,不是,哲学与历史文化学院（碧泉书院）,应用伦理,24,全日制,321
湘潭大学,不是,不是,是,不是,商学院,理论经济学,25,全日制,323
湘潭大学,不是,不是,是,不是,商学院,应用经济学,35,全日制,323
湘潭大学,不是,不是,是,不是,商学院,金融,80,全日制,323
湘潭大学,不是,不是,是,不是,哲学与历史文化学院（碧泉书院）,哲学,38,全日制,344
湘潭大学,不是,不是,是,不是,哲学与历史文化学院（碧泉书院）,应用伦理,24,全日制,321
湘潭大学,不是,不是,是,不是,商学院,理论经济学,25,全日制,323
湘潭大学,不是,不是,是,不是,商学院,应用经济学,35,全日制,323
湘潭大学,不是,不是,是,不是,商学院,金融,80,全日制,323
湘潭大学,不是,不是,是,不是,数学与计算科学学院,应用统计,60,全日制,343
湘潭大学,不是,不是,是,不是,商学院,数字经济,36,全日制,323
湘潭大学,不是,不是,是,不是,法学学部,法学,94,全日制,335
湘潭大学,不是,不是,是,不是,马克思主义学院,马克思主义理论,57,全日制,369
湘潭大学,不是,不是,是,不是,马克思主义学院,中共党史党建学,42,全日制,323
湘潭大学,不是,不是,是,不是,法学学部,纪检监察学,25,全日制,323
湘潭大学,不是,不是,是,不是,法学学部,法律（非法学）,65,全日制,323
湘潭大学,不是,不是,是,不是,法学学部,法律（非法学）,7,非全日制,323
湘潭大学,不是,不是,是,不是,法学学部,法律（法学）,179,全日制,323
湘潭大学,不是,不是,是,不是,法学学部,法律（法学）,8,非全日制,323
长沙理工大学,不是,不是,不是,是,马克思主义学院,哲学,25,全日制,321
长沙理工大学,不是,不是,不是,是,经济与管理学院,应用经济学,36,全日制,323
长沙理工大学,不是,不是,不是,是,经济与管理学院,金融,70,全日制,323
长沙理工大学,不是,不是,不是,是,数学与统计学院,应用统计,38,全日制,323
长沙理工大学,不是,不是,不是,是,经济与管理学院,国际商务,47,全日制,323
长沙理工大学,不是,不是,不是,是,马克思主义学院,哲学,25,全日制,321
长沙理工大学,不是,不是,不是,是,经济与管理学院,应用经济学,36,全日制,323
长沙理工大学,不是,不是,不是,是,经济与管理学院,金融,70,全日制,323
长沙理工大学,不是,不是,不是,是,数学与统计学院,应用统计,38,全日制,323
长沙理工大学,不是,不是,不是,是,经济与管理学院,国际商务,47,全日制,323
长沙理工大学,不是,不是,不是,是,马克思主义学院,马克思主义理论,47,全日制,323
长沙理工大学,不是,不是,不是,是,法学院,法律（非法学）,25,全日制,323
长沙理工大学,不是,不是,不是,是,法学院,法律（非法学）,5,非全日制,323
长沙理工大学,不是,不是,不是,是,法学院,法律（法学）,35,全日制,323
长沙理工大学,不是,不是,不是,是,文学与新闻传播学院,国际中文教育,5,全日制,341
长沙理工大学,不是,不是,不是,是,文学与新闻传播学院,国际中文教育,3,非全日制,341
长沙理工大学,不是,不是,不是,是,文学与新闻传播学院,中国语言文学,27,全日制,351
长沙理工大学,不是,不是,不是,是,外国语学院,外国语言文学,19,全日制,351
长沙理工大学,不是,不是,不是,是,外国语学院,英语笔译,45,全日制,351
长沙理工大学,不是,不是,不是,是,外国语学院,英语笔译,5,非全日制,351
长沙理工大学,不是,不是,不是,是,文学与新闻传播学院,新闻与传播,25,全日制,351
长沙理工大学,不是,不是,不是,是,文学与新闻传播学院,新闻与传播,8,非全日制,351
长沙理工大学,不是,不是,不是,是,数学与统计学院,数学,49,全日制,274
长沙理工大学,不是,不是,不是,是,物理与电子科学学院,物理学,20,全日制,274
湖南农业大学,不是,不是,不是,是,经济学院,应用经济学,10,全日制,323
湖南农业大学,不是,不是,不是,是,经济学院,金融,29,全日制,323
湖南农业大学,不是,不是,不是,是,信息与智能科学技术学院,应用统计,11,全日制,323
湖南农业大学,不是,不是,不是,是,商学院,国际商务,16,全日制,323
湖南农业大学,不是,不是,不是,是,马克思主义学院,马克思主义理论,26,全日制,323
湖南农业大学,不是,不是,不是,是,经济学院,应用经济学,10,全日制,323
湖南农业大学,不是,不是,不是,是,经济学院,金融,29,全日制,323
湖南农业大学,不是,不是,不是,是,信息与智能科学技术学院,应用统计,11,全日制,323
湖南农业大学,不是,不是,不是,是,商学院,国际商务,16,全日制,323
湖南农业大学,不是,不是,不是,是,马克思主义学院,马克思主义理论,26,全日制,323
湖南农业大学,不是,不是,不是,是,教育学院,教育学,19,全日制,341
湖南农业大学,不是,不是,不是,是,教育学院,教育,16,全日制,341
湖南农业大学,不是,不是,不是,是,教育学院,教育,14,非全日制,341
湖南农业大学,不是,不是,不是,是,体育学院,体育,37,全日制,304
湖南农业大学,不是,不是,不是,是,人文与外语学院,外国语言文学,18,全日制,351
湖南农业大学,不是,不是,不是,是,人文与外语学院,翻译,39,全日制,351
湖南农业大学,不是,不是,不是,是,化学与材料科学学院,化学,32,全日制,274
湖南农业大学,不是,不是,不是,是,生物科学技术学院,生物学,68,全日制,274
湖南农业大学,不是,不是,不是,是,环境与生态学院,生态学,28,全日制,274
湖南农业大学,不是,不是,不是,是,信息与智能科学技术学院,计算机科学与技术,21,全日制,260
湖南科技大学,不是,不是,不是,是,马克思主义学院,哲学,13,全日制,321
湖南科技大学,不是,不是,不是,是,商学院,应用经济学,31,全日制,323
湖南科技大学,不是,不是,不是,是,商学院,金融,35,全日制,323
湖南科技大学,不是,不是,不是,是,法学与公共管理学院,法学,10,全日制,323
湖南科技大学,不是,不是,不是,是,马克思主义学院,马克思主义理论,66,全日制,323
湖南科技大学,不是,不是,不是,是,马克思主义学院,哲学,13,全日制,321
湖南科技大学,不是,不是,不是,是,商学院,应用经济学,31,全日制,323
湖南科技大学,不是,不是,不是,是,商学院,金融,35,全日制,323
湖南科技大学,不是,不是,不是,是,法学与公共管理学院,法学,10,全日制,323
湖南科技大学,不是,不是,不是,是,马克思主义学院,马克思主义理论,66,全日制,323
湖南科技大学,不是,不是,不是,是,法学与公共管理学院,法律（非法学）,20,全日制,323
湖南科技大学,不是,不是,不是,是,法学与公共管理学院,法律（法学）,10,全日制,323
湖南科技大学,不是,不是,不是,是,教育学院,教育学,18,全日制,341
湖南科技大学,不是,不是,不是,是,教育学院,心理学,10,全日制,341
湖南科技大学,不是,不是,不是,是,体育学院,体育学,15,全日制,304
湖南科技大学,不是,不是,不是,是,教育学院,教育管理,16,全日制,341
湖南科技大学,不是,不是,不是,是,教育学院,教育管理,14,非全日制,341
湖南科技大学,不是,不是,不是,是,马克思主义学院,学科教学（思政）,40,全日制,346
湖南科技大学,不是,不是,不是,是,马克思主义学院,学科教学（思政）,9,非全日制,346
湖南科技大学,不是,不是,不是,是,人文学院,学科教学（语文）,23,全日制,341
湖南科技大学,不是,不是,不是,是,人文学院,学科教学（语文）,20,非全日制,341
湖南科技大学,不是,不是,不是,是,物理与电子科学学院,学科教学（物理）,14,全日制,341
湖南科技大学,不是,不是,不是,是,物理与电子科学学院,学科教学（物理）,8,非全日制,341
湖南科技大学,不是,不是,不是,是,化学化工学院,学科教学（化学）,17,全日制,341
湖南科技大学,不是,不是,不是,是,化学化工学院,学科教学（化学）,5,非全日制,341
湖南科技大学,不是,不是,不是,是,生命科学与健康学院,学科教学（生物）,20,全日制,341
湖南科技大学,不是,不是,不是,是,生命科学与健康学院,学科教学（生物）,10,非全日制,341
湖南科技大学,不是,不是,不是,是,外国语学院,学科教学（英语）,27,全日制,366
南华大学,不是,不是,不是,是,马克思主义学院,哲学,10,全日制,321
南华大学,不是,不是,不是,是,经济管理与法学学院,应用经济学,10,全日制,323
南华大学,不是,不是,不是,是,经济管理与法学学院,金融,22,全日制,323
南华大学,不是,不是,不是,是,马克思主义学院,马克思主义理论,24,全日制,323
南华大学,不是,不是,不是,是,经济管理与法学学院,法律（非法学）,6,全日制,323
南华大学,不是,不是,不是,是,马克思主义学院,哲学,10,全日制,321
南华大学,不是,不是,不是,是,经济管理与法学学院,应用经济学,10,全日制,323
南华大学,不是,不是,不是,是,经济管理与法学学院,金融,22,全日制,323
南华大学,不是,不是,不是,是,马克思主义学院,马克思主义理论,24,全日制,323
南华大学,不是,不是,不是,是,经济管理与法学学院,法律（非法学）,6,全日制,323
南华大学,不是,不是,不是,是,经济管理与法学学院,法律（法学）,7,全日制,323
南华大学,不是,不是,不是,是,语言文学学院,外国语言文学,6,全日制,351
南华大学,不是,不是,不是,是,语言文学学院,翻译,15,全日制,351
南华大学,不是,不是,不是,是,数理学院,数学,20,全日制,274
南华大学,不是,不是,不是,是,化学化工学院,化学,18,全日制,274
南华大学,不是,不是,不是,是,基础医学院,生物学,44,全日制,274
南华大学,不是,不是,不是,是,南华大学军事科学院军事医学研究院研究生协作培养基地,生物学,8,全日制,274
南华大学,不是,不是,不是,是,机械工程学院,机械工程,14,全日制,260
南华大学,不是,不是,不是,是,电气工程学院,电子科学与技术,12,全日制,260
中南林业科技大学,不是,不是,不是,是,经济管理学院,应用经济学,10,全日制,323
中南林业科技大学,不是,不是,不是,是,经济管理学院,金融,35,全日制,323
中南林业科技大学,不是,不是,不是,是,经济管理学院,保险,10,全日制,323
中南林业科技大学,不是,不是,不是,是,经济管理学院,数字经济,10,全日制,323
中南林业科技大学,不是,不是,不是,是,法学院,法学,19,全日制,323
中南林业科技大学,不是,不是,不是,是,经济管理学院,应用经济学,10,全日制,323
中南林业科技大学,不是,不是,不是,是,经济管理学院,金融,35,全日制,323
中南林业科技大学,不是,不是,不是,是,经济管理学院,保险,10,全日制,323
中南林业科技大学,不是,不是,不是,是,经济管理学院,数字经济,10,全日制,323
中南林业科技大学,不是,不是,不是,是,法学院,法学,19,全日制,323
中南林业科技大学,不是,不是,不是,是,马克思主义学院,马克思主义理论,15,全日制,323
中南林业科技大学,不是,不是,不是,是,法学院,知识产权,15,全日制,323
中南林业科技大学,不是,不是,不是,是,外国语学院,翻译,40,全日制,351
中南林业科技大学,不是,不是,不是,是,生命科学与技术学院,生物学,49,全日制,274
中南林业科技大学,不是,不是,不是,是,生态环境学院,生态学,49,全日制,274
中南林业科技大学,不是,不是,不是,是,机械与智能制造学院,机械工程,19,全日制,260
中南林业科技大学,不是,不是,不是,是,电子信息与物理学院,信息与通信工程,24,全日制,260
中南林业科技大学,不是,不是,不是,是,土木工程学院,土木工程,19,全日制,260
中南林业科技大学,不是,不是,不是,是,化学与化工学院,化学工程与技术,19,全日制,260
湖南中医药大学,不是,不是,不是,是,马克思主义学院,马克思主义理论,14,全日制,323
湖南中医药大学,不是,不是,不是,是,人文与管理学院,应用心理,16,全日制,341
湖南中医药大学,不是,不是,不是,是,信息科学与工程学院,电子信息,19,全日制,260
湖南中医药大学,不是,不是,不是,是,医学院,基础医学,20,全日制,293
湖南中医药大学,不是,不是,不是,是,临床医学院,临床医学,15,全日制,293
湖南中医药大学,不是,不是,不是,是,马克思主义学院,马克思主义理论,14,全日制,323
湖南中医药大学,不是,不是,不是,是,人文与管理学院,应用心理,16,全日制,341
湖南中医药大学,不是,不是,不是,是,信息科学与工程学院,电子信息,19,全日制,260
湖南中医药大学,不是,不是,不是,是,医学院,基础医学,20,全日制,293
湖南中医药大学,不是,不是,不是,是,临床医学院,临床医学,15,全日制,293
湖南中医药大学,不是,不是,不是,是,临床医学院,临床医学,1,全日制,293
湖南中医药大学,不是,不是,不是,是,附属长沙医院,临床医学,1,全日制,293
湖南中医药大学,不是,不是,不是,是,河南省洛阳正骨医院,临床医学,1,全日制,293
湖南中医药大学,不是,不是,不是,是,针灸推拿与康复学院,康复医学与理疗学,5,全日制,293
湖南中医药大学,不是,不是,不是,是,第一附属医院（第一中医临床学院）,口腔医学,1,全日制,293
湖南中医药大学,不是,不是,不是,是,中医学院,中医基础理论,6,全日制,293
湖南中医药大学,不是,不是,不是,是,中医学院,中医临床基础,12,全日制,293
湖南中医药大学,不是,不是,不是,是,中医学院,中医临床基础,1,全日制,293
湖南中医药大学,不是,不是,不是,是,中医学院,中医医史文献,2,全日制,293
湖南中医药大学,不是,不是,不是,是,中医学院,方剂学,5,全日制,293
湖南中医药大学,不是,不是,不是,是,中医学院,中医诊断学,25,全日制,293
湖南中医药大学,不是,不是,不是,是,重庆市中医院,中医内科学,2,全日制,293
湖南中医药大学,不是,不是,不是,是,附属垫江医院,中医内科学,1,全日制,293
湖南中医药大学,不是,不是,不是,是,湖南省中医药研究院,中医内科学,1,全日制,293
湖南中医药大学,不是,不是,不是,是,第二附属医院（第二中医临床学院）,中医外科学,2,全日制,315
湖南工业大学,不是,不是,不是,是,法学院,法学,22,全日制,335
湖南工业大学,不是,不是,不是,是,马克思主义学院,马克思主义理论,29,全日制,361
湖南工业大学,不是,不是,不是,是,法学院,法律（非法学）,15,全日制,323
湖南工业大学,不是,不是,不是,是,法学院,法律（法学）,1,全日制,323
湖南工业大学,不是,不是,不是,是,体育学院,体育学,12,全日制,304
湖南工业大学,不是,不是,不是,是,法学院,法学,22,全日制,335
湖南工业大学,不是,不是,不是,是,马克思主义学院,马克思主义理论,29,全日制,361
湖南工业大学,不是,不是,不是,是,法学院,法律（非法学）,15,全日制,323
湖南工业大学,不是,不是,不是,是,法学院,法律（法学）,1,全日制,323
湖南工业大学,不是,不是,不是,是,体育学院,体育学,12,全日制,304
湖南工业大学,不是,不是,不是,是,体育学院,体育教学,32,全日制,304
湖南工业大学,不是,不是,不是,是,体育学院,运动训练,10,全日制,304
湖南工业大学,不是,不是,不是,是,理学院,数学,26,全日制,274
吉首大学,不是,不是,不是,是,商学院,应用经济学,15,全日制,313
吉首大学,不是,不是,不是,是,人文学院,民族学,16,全日制,313
吉首大学,不是,不是,不是,是,马克思主义学院,马克思主义理论,18,全日制,324
吉首大学,不是,不是,不是,是,商学院,应用经济学,15,全日制,313
吉首大学,不是,不是,不是,是,人文学院,民族学,16,全日制,313
吉首大学,不是,不是,不是,是,马克思主义学院,马克思主义理论,18,全日制,324
吉首大学,不是,不是,不是,是,体育科学学院,体育学,19,全日制,294
吉首大学,不是,不是,不是,是,马克思主义学院,学科教学（思政）,10,全日制,331
吉首大学,不是,不是,不是,是,数学与统计学院,学科教学（数学）,15,全日制,331
吉首大学,不是,不是,不是,是,物理与机电工程学院,学科教学（物理）,9,全日制,331
吉首大学,不是,不是,不是,是,外国语学院,学科教学（英语）,11,全日制,331
吉首大学,不是,不是,不是,是,人文学院,学科教学（历史）,9,全日制,331
吉首大学,不是,不是,不是,是,美术学院,学科教学（美术）,9,全日制,331
湖南理工学院,不是,不是,不是,是,经济与管理学院,应用经济学,14,全日制,323
湖南理工学院,不是,不是,不是,是,马克思主义学院,马克思主义理论,14,全日制,323
湖南理工学院,不是,不是,不是,是,法学院,法律（非法学）,9,全日制,323
湖南理工学院,不是,不是,不是,是,法学院,法律（法学）,10,全日制,323
湖南理工学院,不是,不是,不是,是,教育科学学院,教育管理,6,全日制,341
湖南理工学院,不是,不是,不是,是,经济与管理学院,应用经济学,14,全日制,323
湖南理工学院,不是,不是,不是,是,马克思主义学院,马克思主义理论,14,全日制,323
湖南理工学院,不是,不是,不是,是,法学院,法律（非法学）,9,全日制,323
湖南理工学院,不是,不是,不是,是,法学院,法律（法学）,10,全日制,323
湖南理工学院,不是,不是,不是,是,教育科学学院,教育管理,6,全日制,341
湖南理工学院,不是,不是,不是,是,马克思主义学院,学科教学（思政）,10,全日制,341
湖南理工学院,不是,不是,不是,是,数学学院,学科教学（数学）,7,全日制,341
湖南理工学院,不是,不是,不是,是,物理与电子科学学院,学科教学（物理）,5,全日制,341
湖南理工学院,不是,不是,不是,是,外国语言文学学院,学科教学（英语）,14,全日制,341
衡阳师范学院,不是,不是,不是,是,经济与管理学院,国际商务,10,全日制,323
衡阳师范学院,不是,不是,不是,是,马克思主义学院,马克思主义理论,15,全日制,323
衡阳师范学院,不是,不是,不是,是,经济与管理学院,马克思主义理论,21,全日制,323
衡阳师范学院,不是,不是,不是,是,教育科学学院,教育学,7,全日制,341
衡阳师范学院,不是,不是,不是,是,教育科学学院,教育管理,8,全日制,341
衡阳师范学院,不是,不是,不是,是,经济与管理学院,国际商务,10,全日制,323
衡阳师范学院,不是,不是,不是,是,马克思主义学院,马克思主义理论,15,全日制,323
衡阳师范学院,不是,不是,不是,是,经济与管理学院,马克思主义理论,21,全日制,323
衡阳师范学院,不是,不是,不是,是,教育科学学院,教育学,7,全日制,341
衡阳师范学院,不是,不是,不是,是,教育科学学院,教育管理,8,全日制,341
湖南工商大学,不是,不是,不是,是,经济与贸易学院,政治经济学,3,全日制,323
湖南工商大学,不是,不是,不是,是,经济与贸易学院,经济史,0,全日制,323
湖南工商大学,不是,不是,不是,是,经济与贸易学院,西方经济学,2,全日制,323
湖南工商大学,不是,不是,不是,是,经济与贸易学院,世界经济,0,全日制,323
湖南工商大学,不是,不是,不是,是,资源环境学院,人口、资源与环境经济学,4,全日制,323
湖南工商大学,不是,不是,不是,是,经济与贸易学院,政治经济学,3,全日制,323
湖南工商大学,不是,不是,不是,是,经济与贸易学院,经济史,0,全日制,323
湖南工商大学,不是,不是,不是,是,经济与贸易学院,西方经济学,2,全日制,323
湖南工商大学,不是,不是,不是,是,经济与贸易学院,世界经济,0,全日制,323
湖南工商大学,不是,不是,不是,是,资源环境学院,人口、资源与环境经济学,4,全日制,323
湖南工商大学,不是,不是,不是,是,经济与贸易学院,国民经济学,0,全日制,323
湖南工商大学,不是,不是,不是,是,公共管理与人文地理学院,区域经济学,2,全日制,323
湖南工商大学,不是,不是,不是,是,财政金融学院,财政学,1,全日制,323
湖南工商大学,不是,不是,不是,是,财政金融学院,金融学,3,全日制,323
湖南工商大学,不是,不是,不是,是,经济与贸易学院,产业经济学,2,全日制,335
湖南工商大学,不是,不是,不是,是,经济与贸易学院,国际贸易学,1,全日制,323
湖南工商大学,不是,不是,不是,是,财政金融学院,数量经济学,0,全日制,323
湖南工商大学,不是,不是,不是,是,财政金融学院,金融,14,全日制,323
湖南工商大学,不是,不是,不是,是,数学与统计学院,应用统计,16,全日制,323
湖南工商大学,不是,不是,不是,是,财政金融学院,税务,7,全日制,323
湖南城市学院,不是,不是,不是,是,马克思主义学院,学科教学（思政）,5,全日制,341
湖南城市学院,不是,不是,不是,是,人文学院,学科教学（语文）,10,全日制,341
湖南城市学院,不是,不是,不是,是,理学院,学科教学（数学）,5,全日制,341
湖南城市学院,不是,不是,不是,是,教师教育学院,小学教育,5,全日制,341
湖南工程学院,不是,不是,不是,是,计算科学与电子学院,材料工程,7,全日制,260
湖南工程学院,不是,不是,不是,是,材料与化工学院,化学工程,12,全日制,260
湖南工程学院,不是,不是,不是,是,纺织服装学院,纺织工程,10,全日制,260
湖南工程学院,不是,不是,不是,是,材料与化工学院,轻化工程（含皮革、纸张、织物加工等）,2,全日制,260
湖南工程学院,不是,不是,不是,是,电气与信息工程学院,电气工程,30,全日制,260
湖南人文科技学院,不是,不是,不是,是,农业与生物技术学院,农艺与种业,18,全日制,245
湖南人文科技学院,不是,不是,不是,是,农业与生物技术学院,资源利用与植物保护,18,全日制,245
湖南人文科技学院,不是,不是,不是,是,能源与机电工程学院,农业工程与信息技术,8,全日制,245
湖南人文科技学院,不是,不是,不是,是,信息学院,农业工程与信息技术,8,全日制,245
湖南人文科技学院,不是,不是,不是,是,商学院,农村发展,18,全日制,245
邵阳学院,不是,不是,不是,是,不区分院系,机械,71,全日制,260
邵阳学院,不是,不是,不是,是,不区分院系,生物与医药,45,全日制,260
中国人民解放军国防科技大学,是,是,是,不是,外国语学院,政治学,2,全日制,355
中国人民解放军国防科技大学,是,是,是,不是,军政基础教育学院,马克思主义理论,7,全日制,355
中国人民解放军国防科技大学,是,是,是,不是,外国语学院,政治学,2,全日制,355
中国人民解放军国防科技大学,是,是,是,不是,军政基础教育学院,马克思主义理论,7,全日制,355
中国人民解放军国防科技大学,是,是,是,不是,外国语学院,中国语言文学,2,全日制,370
中国人民解放军国防科技大学,是,是,是,不是,军政基础教育学院,外国语言文学,2,全日制,370
中国人民解放军国防科技大学,是,是,是,不是,外国语学院,外国语言文学,6,全日制,370
中国人民解放军国防科技大学,是,是,是,不是,外国语学院,翻译,17,全日制,370
中国人民解放军国防科技大学,是,是,是,不是,外国语学院,翻译,14,非全日制,370
中国人民解放军国防科技大学,是,是,是,不是,理学院,数学,12,全日制,300
中国人民解放军国防科技大学,是,是,是,不是,理学院,物理学,11,全日制,300
中国人民解放军国防科技大学,是,是,是,不是,理学院,化学,1,全日制,300
中国人民解放军国防科技大学,是,是,是,不是,气象海洋学院,大气科学,11,全日制,300
中国人民解放军国防科技大学,是,是,是,不是,气象海洋学院,海洋科学,10,全日制,300
中国人民解放军国防科技大学,是,是,是,不是,理学院,系统科学,7,全日制,300
中国人民解放军国防科技大学,是,是,是,不是,理学院,力学,2,全日制,325
中国人民解放军国防科技大学,是,是,是,不是,空天科学学院,力学,11,全日制,325
中国人民解放军国防科技大学,是,是,是,不是,智能科学学院,机械工程,13,全日制,325
中共湖南省委党校,不是,不是,不是,不是,哲学教研部,哲学,7,全日制,321
中共湖南省委党校,不是,不是,不是,不是,经济学教研部,政治经济学,2,全日制,323
中共湖南省委党校,不是,不是,不是,不是,科学社会主义教研部（政治学教研部）,政治学,8,全日制,323
中共湖南省委党校,不是,不是,不是,不是,马克思主义学院,马克思主义理论,8,全日制,323
中共湖南省委党校,不是,不是,不是,不是,党史党建教研部,中共党史党建学,11,全日制,323
湖南第一师范学院,不是,不是,不是,是,马克思主义学院,马克思主义理论,19,全日制,323
湖南第一师范学院,不是,不是,不是,是,教育学院,教育,27,全日制,341
湖南第一师范学院,不是,不是,不是,是,文学与新闻传播学院,教育,8,全日制,341
湖南第一师范学院,不是,不是,不是,是,音乐舞蹈学院,教育,5,全日制,341
长沙矿冶研究院,不是,不是,不是,不是,不区分院系,材料学,4,全日制,260
长沙矿冶研究院,不是,不是,不是,不是,不区分院系,有色金属冶金,3,全日制,251
长沙矿冶研究院,不是,不是,不是,不是,不区分院系,采矿工程,3,全日制,251
长沙矿冶研究院,不是,不是,不是,不是,不区分院系,矿物加工工程,5,全日制,251
中国科学院亚热带农业生态研究所,不是,不是,不是,不是,不区分院系,生态学,6,全日制,274
中国科学院亚热带农业生态研究所,不是,不是,不是,不是,不区分院系,资源与环境,7,全日制,260
中国科学院亚热带农业生态研究所,不是,不是,不是,不是,不区分院系,畜牧学,6,全日制,310
中国航空研究院（608研究所）,不是,不是,不是,不是,动力学院,航空宇航推进理论与工程,5,全日制,251
湖南文理学院,不是,不是,不是,是,教育科学学院,教育管理,2,全日制,341
湖南文理学院,不是,不是,不是,是,马克思主义学院,学科教学（思政）,6,全日制,341
湖南文理学院,不是,不是,不是,是,文史与法学学院,学科教学（语文）,6,全日制,341
湖南文理学院,不是,不是,不是,是,教育科学学院,小学教育,7,全日制,341
长沙矿山研究院,不是,不是,不是,不是,机械研究所,机械设计及理论,4,全日制,260
长沙矿山研究院,不是,不是,不是,不是,采矿研究所,采矿工程,5,全日制,251
长沙学院,不是,不是,不是,是,电子信息与电气工程学院,电子信息,22,全日制,260
长沙学院,不是,不是,不是,是,计算机科学与工程学院,电子信息,48,全日制,260
长沙学院,不是,不是,不是,是,材料与环境工程学院,生物与医药,10,全日制,260
长沙学院,不是,不是,不是,是,生物与化学工程学院,生物与医药,30,全日制,260
长沙学院,不是,不是,不是,是,艺术设计学院,戏剧与影视,8,全日制,351
中山大学,是,是,是,不是,哲学系,哲学,77,全日制,345
中山大学,是,是,是,不是,哲学系（珠海）,哲学,19,全日制,345
中山大学,是,是,是,不是,博雅学院,哲学,3,全日制,345
中山大学,是,是,是,不是,哲学系,应用伦理,15,非全日制,345
中山大学,是,是,是,不是,岭南学院,理论经济学,10,全日制,340
中山大学,是,是,是,不是,哲学系,哲学,77,全日制,345
中山大学,是,是,是,不是,哲学系（珠海）,哲学,19,全日制,345
中山大学,是,是,是,不是,博雅学院,哲学,3,全日制,345
中山大学,是,是,是,不是,哲学系,应用伦理,15,非全日制,345
中山大学,是,是,是,不是,岭南学院,理论经济学,10,全日制,340
中山大学,是,是,是,不是,岭南学院,应用经济学,25,全日制,340
中山大学,是,是,是,不是,国际金融学院,应用经济学,17,全日制,340
中山大学,是,是,是,不是,粤港澳发展研究院,区域经济学,5,全日制,340
中山大学,是,是,是,不是,国际金融学院,金融,44,全日制,385
中山大学,是,是,是,不是,岭南学院（深圳经济研究院）,金融,80,全日制,385
中山大学,是,是,是,不是,数学学院,应用统计,73,全日制,330
中山大学,是,是,是,不是,数学学院（珠海）,应用统计,21,全日制,330
中山大学,是,是,是,不是,岭南学院,数字经济,120,非全日制,350
中山大学,是,是,是,不是,岭南学院（深圳经济研究院）,数字经济,60,非全日制,350
中山大学,是,是,是,不是,法学院,法学,35,全日制,355
中山大学,是,是,是,不是,法学院,法学,7,非全日制,355
中山大学,是,是,是,不是,政治与公共事务管理学院,政治学理论,6,全日制,355
中山大学,是,是,是,不是,政治与公共事务管理学院,中外政治制度,13,全日制,355
中山大学,是,是,是,不是,国际关系学院,国际政治,9,全日制,355
中山大学,是,是,是,不是,国际关系学院,国际关系,9,全日制,355
中山大学,是,是,是,不是,社会学与人类学学院,社会学,18,全日制,355
中山大学,是,是,是,不是,中国语言文学系,民俗学,2,全日制,355
中山大学,是,是,是,不是,社会学与人类学学院,民族学,10,全日制,355
中山大学,是,是,是,不是,马克思主义学院,马克思主义理论,74,全日制,355
中山大学,是,是,是,不是,马克思主义学院,中共党史党建学,20,全日制,355
中山大学,是,是,是,不是,法学院,法律（非法学）,60,全日制,340
中山大学,是,是,是,不是,法学院,法律（法学）,86,全日制,340
中山大学,是,是,是,不是,人文社科研究院,法律（法学）,5,非全日制,355
中山大学,是,是,是,不是,社会学与人类学学院,社会工作,16,全日制,345
中山大学,是,是,是,不是,体育部,体育,15,全日制,315
中山大学,是,是,是,不是,中国语言文学系,国际中文教育,25,全日制,345
中山大学,是,是,是,不是,心理学系,应用心理,30,全日制,375
中山大学,是,是,是,不是,中国语言文学系,中国语言文学,51,全日制,355
中山大学,是,是,是,不是,中国语言文学系（珠海）,中国语言文学,19,全日制,355
中山大学,是,是,是,不是,外国语学院,英语语言文学,10,全日制,355
中山大学,是,是,是,不是,外国语学院,日语语言文学,6,全日制,355
中山大学,是,是,是,不是,外国语学院,外国语言学及应用语言学,10,全日制,355
中山大学,是,是,是,不是,新闻传播学院,新闻传播学,39,全日制,355
中山大学,是,是,是,不是,国际翻译学院,英语笔译,28,全日制,380
中山大学,是,是,是,不是,国际翻译学院,英语口译,17,全日制,380
中山大学,是,是,是,不是,新闻传播学院,新闻与传播,47,全日制,355
中山大学,是,是,是,不是,新闻传播学院,新闻与传播,30,非全日制,355
中山大学,是,是,是,不是,社会学与人类学学院,考古学,11,全日制,345
中山大学,是,是,是,不是,历史学系,中国史,27,全日制,345
中山大学,是,是,是,不是,历史学系（珠海）,中国史,14,全日制,345
中山大学,是,是,是,不是,历史学系,世界史,14,全日制,345
中山大学,是,是,是,不是,历史学系（珠海）,世界史,6,全日制,345
中山大学,是,是,是,不是,历史学系,博物馆,14,全日制,345
中山大学,是,是,是,不是,社会学与人类学学院,博物馆,6,全日制,345
中山大学,是,是,是,不是,社会学与人类学学院,博物馆,10,非全日制,345
中山大学,是,是,是,不是,数学学院,数学,41,全日制,290
中山大学,是,是,是,不是,数学学院（珠海）,数学,20,全日制,290
中山大学,是,是,是,不是,理学院,数学,15,全日制,290
中山大学,是,是,是,不是,物理学院,物理学,115,全日制,290
中山大学,是,是,是,不是,物理与天文学院,物理学,71,全日制,290
中山大学,是,是,是,不是,理学院,物理学,23,全日制,290
中山大学,是,是,是,不是,化学学院,化学,64,全日制,290
中山大学,是,是,是,不是,物理与天文学院,天文学,27,全日制,290
中山大学,是,是,是,不是,地理科学与规划学院,自然地理学,7,全日制,290
中山大学,是,是,是,不是,地理科学与规划学院,人文地理学,8,全日制,290
中山大学,是,是,是,不是,地理科学与规划学院,地图学与地理信息系统,11,全日制,290
中山大学,是,是,是,不是,大气科学学院,大气科学,37,全日制,290
中山大学,是,是,是,不是,大气科学学院,大气科学,18,非全日制,290
中山大学,是,是,是,不是,海洋科学学院,海洋科学,41,全日制,290
中山大学,是,是,是,不是,生命科学学院,海洋生物学,3,全日制,290
中山大学,是,是,是,不是,地球科学与工程学院,地球物理学,10,全日制,290
中山大学,是,是,是,不是,大气科学学院,空间物理学,16,全日制,290
中山大学,是,是,是,不是,地球科学与工程学院,地质学,29,全日制,290
中山大学,是,是,是,不是,生命科学学院,生物学,106,全日制,290
中山大学,是,是,是,不是,农业与生物技术学院,生物学,5,全日制,290
中山大学,是,是,是,不是,医学院,微生物学,1,全日制,290
中山大学,是,是,是,不是,中山医学院,微生物学,4,全日制,290
中山大学,是,是,是,不是,医学院,神经生物学,2,全日制,290
中山大学,是,是,是,不是,医学院,细胞生物学,1,全日制,290
中山大学,是,是,是,不是,医学院,生物化学与分子生物学,19,全日制,290
中山大学,是,是,是,不是,中山医学院,生物化学与分子生物学,2,全日制,290
中山大学,是,是,是,不是,系统科学与工程学院,系统科学,8,全日制,290
中山大学,是,是,是,不是,生命科学学院,生态学,13,全日制,290
中山大学,是,是,是,不是,生态学院,生态学,29,全日制,290
中山大学,是,是,是,不是,农业与生物技术学院,生态学,3,全日制,290
中山大学,是,是,是,不是,数学学院,统计学,8,全日制,290
中山大学,是,是,是,不是,大气科学学院,气象,28,全日制,290
中山大学,是,是,是,不是,航空航天学院,力学,15,全日制,280
中山大学,是,是,是,不是,先进制造学院,力学,11,全日制,280
中山大学,是,是,是,不是,电子与信息工程学院,光学工程,18,全日制,280
中山大学,是,是,是,不是,化学学院,材料科学与工程,5,全日制,280
中山大学,是,是,是,不是,材料科学与工程学院,材料科学与工程,31,全日制,280
中山大学,是,是,是,不是,材料学院,材料科学与工程,23,全日制,280
中山大学,是,是,是,不是,先进能源学院,动力工程及工程热物理,10,全日制,280
中山大学,是,是,是,不是,微电子科学与技术学院,电子科学与技术,2,全日制,280
中山大学,是,是,是,不是,电子与信息工程学院,电子科学与技术,19,全日制,280
中山大学,是,是,是,不是,柔性电子学院,电路与系统,2,全日制,280
中山大学,是,是,是,不是,柔性电子学院,微电子学与固体电子学,4,全日制,280
中山大学,是,是,是,不是,系统科学与工程学院,信息与通信工程,7,全日制,280
中山大学,是,是,是,不是,电子与通信工程学院,信息与通信工程,53,全日制,280
中山大学,是,是,是,不是,电子与信息工程学院,信息与通信工程,18,全日制,280
中山大学,是,是,是,不是,人工智能学院,控制科学与工程,2,全日制,280
中山大学,是,是,是,不是,智能工程学院,控制科学与工程,24,全日制,280
中山大学,是,是,是,不是,系统科学与工程学院,计算机科学与技术,8,全日制,280
中山大学,是,是,是,不是,人工智能学院,计算机科学与技术,9,全日制,280
中山大学,是,是,是,不是,计算机学院,计算机科学与技术,65,全日制,280
中山大学,是,是,是,不是,土木工程学院,土木工程,15,全日制,280
中山大学,是,是,是,不是,土木工程学院,水利工程,15,全日制,280
中山大学,是,是,是,不是,遥感科学与技术学院,测绘科学与技术,11,全日制,280
华南理工大学,是,是,是,不是,经济与金融学院,应用经济学,37,全日制,350
华南理工大学,是,是,是,不是,经济与金融学院,金融,39,全日制,350
华南理工大学,是,是,是,不是,法学院,法学理论,4,全日制,325
华南理工大学,是,是,是,不是,法学院,宪法学与行政法学,4,全日制,325
华南理工大学,是,是,是,不是,法学院,刑法学,4,全日制,325
华南理工大学,是,是,是,不是,经济与金融学院,应用经济学,37,全日制,350
华南理工大学,是,是,是,不是,经济与金融学院,金融,39,全日制,350
华南理工大学,是,是,是,不是,法学院,法学理论,4,全日制,325
华南理工大学,是,是,是,不是,法学院,宪法学与行政法学,4,全日制,325
华南理工大学,是,是,是,不是,法学院,刑法学,4,全日制,325
华南理工大学,是,是,是,不是,法学院,民商法学,8,全日制,325
华南理工大学,是,是,是,不是,法学院,诉讼法学,4,全日制,325
华南理工大学,是,是,是,不是,法学院,经济法学,11,全日制,325
华南理工大学,是,是,是,不是,法学院,国际法学,3,全日制,325
华南理工大学,是,是,是,不是,马克思主义学院,马克思主义理论,24,全日制,325
华南理工大学,是,是,是,不是,法学院,法律（非法学）,21,全日制,325
华南理工大学,是,是,是,不是,法学院,法律（法学）,51,全日制,325
华南理工大学,是,是,是,不是,社会工作研究中心,社会工作,24,全日制,325
华南理工大学,是,是,是,不是,社会工作研究中心,社会工作,45,非全日制,325
华南理工大学,是,是,是,不是,体育学院,体育,19,全日制,315
华南理工大学,是,是,是,不是,外国语学院,外国语言文学,33,全日制,355
华南理工大学,是,是,是,不是,新闻与传播学院,新闻传播学,27,全日制,355
华南理工大学,是,是,是,不是,外国语学院,英语笔译,20,全日制,355
华南理工大学,是,是,是,不是,外国语学院,日语笔译,8,全日制,355
华南理工大学,是,是,是,不是,新闻与传播学院,新闻与传播,32,全日制,355
华南理工大学,是,是,是,不是,数学学院,基础数学,20,全日制,310
华南理工大学,是,是,是,不是,数学学院,计算数学,10,全日制,310
华南理工大学,是,是,是,不是,数学学院,概率论与数理统计,8,全日制,310
华南理工大学,是,是,是,不是,数学学院,应用数学,20,全日制,310
华南理工大学,是,是,是,不是,数学学院,运筹学与控制论,7,全日制,310
华南理工大学,是,是,是,不是,物理与光电学院,理论物理,9,全日制,310
华南理工大学,是,是,是,不是,物理与光电学院,凝聚态物理,20,全日制,310
华南理工大学,是,是,是,不是,物理与光电学院,声学,4,全日制,310
华南理工大学,是,是,是,不是,物理与光电学院,光学,31,全日制,310
华南理工大学,是,是,是,不是,材料科学与工程学院,化学,9,全日制,310
南方科技大学,不是,不是,是,不是,商学院,金融,9,全日制,323
南方科技大学,不是,不是,是,不是,数学系,数学,12,全日制,274
南方科技大学,不是,不是,是,不是,统计与数据科学系,数学,5,全日制,274
南方科技大学,不是,不是,是,不是,物理系,物理学,9,全日制,274
南方科技大学,不是,不是,是,不是,商学院,金融,9,全日制,323
南方科技大学,不是,不是,是,不是,数学系,数学,12,全日制,274
南方科技大学,不是,不是,是,不是,统计与数据科学系,数学,5,全日制,274
南方科技大学,不是,不是,是,不是,物理系,物理学,9,全日制,274
南方科技大学,不是,不是,是,不是,化学系,化学,15,全日制,274
南方科技大学,不是,不是,是,不是,海洋科学与工程系,化学,1,全日制,274
南方科技大学,不是,不是,是,不是,地球与空间科学系,地球物理学,14,全日制,274
南方科技大学,不是,不是,是,不是,医学院,生物学,14,全日制,274
南方科技大学,不是,不是,是,不是,生命科学学院,生物学,20,全日制,274
南方科技大学,不是,不是,是,不是,海洋科学与工程系,生物学,2,全日制,274
南方科技大学,不是,不是,是,不是,公共卫生及应急管理学院,生物学,5,全日制,274
南方科技大学,不是,不是,是,不是,海洋科学与工程系,力学,7,全日制,251
南方科技大学,不是,不是,是,不是,力学与航空航天工程系,力学,8,全日制,251
南方医科大学,不是,不是,不是,是,公共卫生与预防医学学位评定分委员会,应用统计,20,全日制,323
南方医科大学,不是,不是,不是,是,马列与人文学位评定分委员会,马克思主义理论,12,全日制,323
南方医科大学,不是,不是,不是,是,公共管理学学位评定分委员会,法律（非法学）,3,全日制,323
南方医科大学,不是,不是,不是,是,公共管理学学位评定分委员会,法律（法学）,6,全日制,323
南方医科大学,不是,不是,不是,是,公共卫生与预防医学学位评定分委员会,心理学,6,全日制,341
南方医科大学,不是,不是,不是,是,公共卫生与预防医学学位评定分委员会,应用统计,20,全日制,323
南方医科大学,不是,不是,不是,是,马列与人文学位评定分委员会,马克思主义理论,12,全日制,323
南方医科大学,不是,不是,不是,是,公共管理学学位评定分委员会,法律（非法学）,3,全日制,323
南方医科大学,不是,不是,不是,是,公共管理学学位评定分委员会,法律（法学）,6,全日制,323
南方医科大学,不是,不是,不是,是,公共卫生与预防医学学位评定分委员会,心理学,6,全日制,341
南方医科大学,不是,不是,不是,是,公共卫生与预防医学学位评定分委员会,应用心理,15,全日制,341
南方医科大学,不是,不是,不是,是,马列与人文学位评定分委员会,英语笔译,10,全日制,351
南方医科大学,不是,不是,不是,是,基础医学、生物学学位评定分委员会,动物学,2,全日制,274
南方医科大学,不是,不是,不是,是,基础医学、生物学学位评定分委员会,生理学,2,全日制,274
南方医科大学,不是,不是,不是,是,基础医学、生物学学位评定分委员会,神经生物学,35,全日制,274
南方医科大学,不是,不是,不是,是,基础医学、生物学学位评定分委员会,遗传学,9,全日制,274
南方医科大学,不是,不是,不是,是,基础医学、生物学学位评定分委员会,发育生物学,17,全日制,274
南方医科大学,不是,不是,不是,是,基础医学、生物学学位评定分委员会,细胞生物学,19,全日制,274
南方医科大学,不是,不是,不是,是,基础医学、生物学学位评定分委员会,生物化学与分子生物学,10,全日制,274
南方医科大学,不是,不是,不是,是,生物医学工程学位评定分委员会,生物医学工程,15,全日制,260
南方医科大学,不是,不是,不是,是,生物医学工程学位评定分委员会,生物医学工程,80,全日制,260
南方医科大学,不是,不是,不是,是,基础医学、生物学学位评定分委员会,生物与医药,32,全日制,260
南方医科大学,不是,不是,不是,是,基础医学、生物学学位评定分委员会,人体解剖与组织胚胎学,21,全日制,293
南方医科大学,不是,不是,不是,是,基础医学、生物学学位评定分委员会,免疫学,34,全日制,293
南方医科大学,不是,不是,不是,是,基础医学、生物学学位评定分委员会,病原生物学,6,全日制,293
暨南大学,不是,是,是,不是,文学院,哲学,10,全日制,342
暨南大学,不是,是,是,不是,经济学院,政治经济学,8,全日制,323
暨南大学,不是,是,是,不是,经济学院,西方经济学,12,全日制,323
暨南大学,不是,是,是,不是,经济学院,世界经济,2,全日制,323
暨南大学,不是,是,是,不是,经济学院,人口、资源与环境经济学,5,全日制,323
暨南大学,不是,是,是,不是,文学院,哲学,10,全日制,342
暨南大学,不是,是,是,不是,经济学院,政治经济学,8,全日制,323
暨南大学,不是,是,是,不是,经济学院,西方经济学,12,全日制,323
暨南大学,不是,是,是,不是,经济学院,世界经济,2,全日制,323
暨南大学,不是,是,是,不是,经济学院,人口、资源与环境经济学,5,全日制,323
暨南大学,不是,是,是,不是,经济学院,国民经济学,9,全日制,347
暨南大学,不是,是,是,不是,经济学院,区域经济学,29,全日制,339
暨南大学,不是,是,是,不是,经济学院,财政学,13,全日制,343
暨南大学,不是,是,是,不是,经济学院,金融学,42,全日制,335
暨南大学,不是,是,是,不是,产业经济研究院,产业经济学,35,全日制,326
暨南大学,不是,是,是,不是,经济学院,国际贸易学,16,全日制,326
暨南大学,不是,是,是,不是,经济学院,劳动经济学,5,全日制,323
暨南大学,不是,是,是,不是,经济与社会研究院,劳动经济学,20,全日制,323
暨南大学,不是,是,是,不是,经济学院,数量经济学,5,全日制,352
暨南大学,不是,是,是,不是,经济学院,金融,148,全日制,325
暨南大学,不是,是,是,不是,深圳校区,金融,104,全日制,323
暨南大学,不是,是,是,不是,经济学院,应用统计,45,全日制,325
暨南大学,不是,是,是,不是,信息科学技术学院,应用统计,19,全日制,323
暨南大学,不是,是,是,不是,经济学院,税务,26,全日制,327
暨南大学,不是,是,是,不是,经济学院,国际商务,30,全日制,358
暨南大学,不是,是,是,不是,国际商学院,国际商务,36,全日制,323
暨南大学,不是,是,是,不是,经济学院,数字经济,26,全日制,351
暨南大学,不是,是,是,不是,产业经济研究院,数字经济,22,全日制,366
暨南大学,不是,是,是,不是,人工智能与数字经济研究中心,数字经济,100,非全日制,326
暨南大学,不是,是,是,不是,经济学院,统计学,14,全日制,344
暨南大学,不是,是,是,不是,法学院/知识产权学院,法学理论,2,全日制,323
暨南大学,不是,是,是,不是,法学院/知识产权学院,宪法学与行政法学,3,全日制,323
暨南大学,不是,是,是,不是,法学院/知识产权学院,刑法学,4,全日制,337
暨南大学,不是,是,是,不是,法学院/知识产权学院,民商法学,11,全日制,324
暨南大学,不是,是,是,不是,法学院/知识产权学院,经济法学,5,全日制,331
暨南大学,不是,是,是,不是,法学院/知识产权学院,国际法学,4,全日制,336
暨南大学,不是,是,是,不是,国际关系学院/华侨华人研究院,政治学,35,全日制,384
暨南大学,不是,是,是,不是,人文学院,社会学,15,全日制,326
暨南大学,不是,是,是,不是,马克思主义学院,马克思主义基本原理,11,全日制,357
暨南大学,不是,是,是,不是,马克思主义学院,马克思主义中国化研究,11,全日制,357
暨南大学,不是,是,是,不是,马克思主义学院,思想政治教育,11,全日制,357
暨南大学,不是,是,是,不是,法学院/知识产权学院,法律（非法学）,75,全日制,334
暨南大学,不是,是,是,不是,人文学院,法律（非法学）,23,全日制,323
暨南大学,不是,是,是,不是,珠海研究院,法律（非法学）,30,非全日制,326
暨南大学,不是,是,是,不是,知识产权研究院,法律（非法学）,30,非全日制,328
暨南大学,不是,是,是,不是,法学院/知识产权学院,法律（法学）,57,全日制,333
暨南大学,不是,是,是,不是,知识产权研究院,法律（法学）,30,非全日制,324
暨南大学,不是,是,是,不是,国际关系学院/华侨华人研究院,国际事务,22,全日制,366
暨南大学,不是,是,是,不是,管理学院,心理学,20,全日制,342
暨南大学,不是,是,是,不是,体育学院,体育教学,10,全日制,312
暨南大学,不是,是,是,不是,体育学院,运动训练,7,全日制,309
暨南大学,不是,是,是,不是,华文学院,国际中文教育,53,全日制,341
暨南大学,不是,是,是,不是,文学院,文艺学,5,全日制,351
暨南大学,不是,是,是,不是,华文学院,语言学及应用语言学,15,全日制,385
暨南大学,不是,是,是,不是,文学院,汉语言文字学,8,全日制,384
暨南大学,不是,是,是,不是,文学院,中国古典文献学,5,全日制,361
暨南大学,不是,是,是,不是,文学院,中国古代文学,12,全日制,373
暨南大学,不是,是,是,不是,文学院,中国现当代文学,14,全日制,378
暨南大学,不是,是,是,不是,文学院,中国少数民族语言文学,5,全日制,371
暨南大学,不是,是,是,不是,文学院,比较文学与世界文学,5,全日制,359
暨南大学,不是,是,是,不是,外国语学院,英语语言文学,7,全日制,399
暨南大学,不是,是,是,不是,外国语学院,法语语言文学,3,全日制,351
暨南大学,不是,是,是,不是,外国语学院,日语语言文学,4,全日制,403
暨南大学,不是,是,是,不是,外国语学院,外国语言学及应用语言学,13,全日制,399
暨南大学,不是,是,是,不是,新闻与传播学院,新闻学,33,全日制,357
暨南大学,不是,是,是,不是,新闻与传播学院,传播学,33,全日制,357
暨南大学,不是,是,是,不是,外国语学院,英语笔译,90,全日制,377
深圳大学,不是,不是,不是,是,人文学院,哲学,15,全日制,329
深圳大学,不是,不是,不是,是,经济学院,理论经济学,3,全日制,323
深圳大学,不是,不是,不是,是,中国经济特区研究中心,理论经济学,15,全日制,323
深圳大学,不是,不是,不是,是,经济学院,应用经济学,41,全日制,332
深圳大学,不是,不是,不是,是,经济学院,金融,38,非全日制,323
深圳大学,不是,不是,不是,是,人文学院,哲学,15,全日制,329
深圳大学,不是,不是,不是,是,经济学院,理论经济学,3,全日制,323
深圳大学,不是,不是,不是,是,中国经济特区研究中心,理论经济学,15,全日制,323
深圳大学,不是,不是,不是,是,经济学院,应用经济学,41,全日制,332
深圳大学,不是,不是,不是,是,经济学院,金融,38,非全日制,323
深圳大学,不是,不是,不是,是,经济学院,应用统计,21,全日制,325
深圳大学,不是,不是,不是,是,数学科学学院,应用统计,20,全日制,328
深圳大学,不是,不是,不是,是,经济学院,国际商务,24,全日制,335
深圳大学,不是,不是,不是,是,经济学院,数字经济,16,非全日制,323
深圳大学,不是,不是,不是,是,法学院,法学,30,全日制,335
深圳大学,不是,不是,不是,是,政府管理学院,政治学,11,全日制,324
深圳大学,不是,不是,不是,是,马克思主义学院,马克思主义理论,35,全日制,358
深圳大学,不是,不是,不是,是,法学院,法律（非法学）,30,全日制,330
深圳大学,不是,不是,不是,是,法学院,法律（法学）,60,非全日制,323
深圳大学,不是,不是,不是,是,涉外法治研究院,法律（法学）,35,全日制,327
深圳大学,不是,不是,不是,是,政府管理学院,社会工作,38,全日制,350
深圳大学,不是,不是,不是,是,教育学部,教育学,20,全日制,341
深圳大学,不是,不是,不是,是,心理学院,心理学,34,全日制,349
深圳大学,不是,不是,不是,是,体育学院,体育学,18,全日制,304
深圳大学,不是,不是,不是,是,教育学部,学科教学（生物）,9,全日制,341
深圳大学,不是,不是,不是,是,教育学部,现代教育技术,9,全日制,344
深圳大学,不是,不是,不是,是,教育学部,小学教育,9,全日制,352
深圳大学,不是,不是,不是,是,心理学院,心理健康教育,20,非全日制,347
深圳大学,不是,不是,不是,是,教育学部,学前教育,9,全日制,371
深圳大学,不是,不是,不是,是,体育学院,体育,21,全日制,304
深圳大学,不是,不是,不是,是,人文学院,国际中文教育,25,全日制,352
深圳大学,不是,不是,不是,是,心理学院,应用心理,45,全日制,343
华南师范大学,不是,是,是,不是,经济与管理学院,理论经济学,17,全日制,323
华南师范大学,不是,是,是,不是,经济与管理学院,应用经济学,34,全日制,323
华南师范大学,不是,是,是,不是,国际商学院,应用经济学,10,全日制,323
华南师范大学,不是,是,是,不是,经济与管理学院,理论经济学,17,全日制,323
华南师范大学,不是,是,是,不是,经济与管理学院,应用经济学,34,全日制,323
华南师范大学,不是,是,是,不是,国际商学院,应用经济学,10,全日制,323
华南师范大学,不是,是,是,不是,经济与管理学院,金融,50,全日制,323
华南师范大学,不是,是,是,不是,数学科学学院,金融,20,全日制,323
华南师范大学,不是,是,是,不是,心理学院,应用统计,15,全日制,323
华南师范大学,不是,是,是,不是,数学科学学院,应用统计,30,全日制,323
华南师范大学,不是,是,是,不是,经济与管理学院,国际商务,15,全日制,323
华南师范大学,不是,是,是,不是,国际商学院,数字经济,50,全日制,323
华南师范大学,不是,是,是,不是,法学院,法律（非法学）,25,全日制,323
华南师范大学,不是,是,是,不是,法学院,法律（法学）,40,全日制,323
华南师范大学,不是,是,是,不是,哲学与社会发展学院,社会工作,46,全日制,323
华南师范大学,不是,是,是,不是,国际文化学院,课程与教学论,4,全日制,341
华南师范大学,不是,是,是,不是,地理科学学院,课程与教学论,3,全日制,341
华南师范大学,不是,是,是,不是,历史文化学院,课程与教学论,6,全日制,341
华南师范大学,不是,是,是,不是,教育科学学院,课程与教学论,20,全日制,341
华南师范大学,不是,是,是,不是,文学院,课程与教学论,8,全日制,341
华南师范大学,不是,是,是,不是,外国语言文化学院,课程与教学论,7,全日制,341
华南师范大学,不是,是,是,不是,化学学院,课程与教学论,5,全日制,341
华南师范大学,不是,是,是,不是,马克思主义学院,课程与教学论,6,全日制,341
华南师范大学,不是,是,是,不是,生命科学学院,课程与教学论,4,全日制,341
华南师范大学,不是,是,是,不是,物理学院,课程与教学论,18,全日制,341
华南师范大学,不是,是,是,不是,教育科学学院（汕尾）,课程与教学论,10,全日制,341
华南师范大学,不是,是,是,不是,教育科学学院,教育管理,39,全日制,341
华南师范大学,不是,是,是,不是,教育科学学院,教育管理,50,非全日制,341
华南农业大学,不是,不是,是,不是,经济管理学院,应用经济学,8,全日制,323
华南农业大学,不是,不是,是,不是,经济管理学院,金融,15,全日制,323
华南农业大学,不是,不是,是,不是,马克思主义学院,马克思主义理论,17,全日制,323
华南农业大学,不是,不是,是,不是,公共管理学院,社会工作,18,全日制,323
华南农业大学,不是,不是,是,不是,公共管理学院,社会工作,24,非全日制,323
华南农业大学,不是,不是,是,不是,经济管理学院,应用经济学,8,全日制,323
华南农业大学,不是,不是,是,不是,经济管理学院,金融,15,全日制,323
华南农业大学,不是,不是,是,不是,马克思主义学院,马克思主义理论,17,全日制,323
华南农业大学,不是,不是,是,不是,公共管理学院,社会工作,18,全日制,323
华南农业大学,不是,不是,是,不是,公共管理学院,社会工作,24,非全日制,323
华南农业大学,不是,不是,是,不是,外国语学院,英语笔译,17,全日制,351
华南农业大学,不是,不是,是,不是,外国语学院,英语笔译,15,非全日制,351
华南农业大学,不是,不是,是,不是,人文与法学学院,中国史,8,全日制,336
华南农业大学,不是,不是,是,不是,数学与信息学院,数学,7,全日制,274
华南农业大学,不是,不是,是,不是,生命科学学院,生物学,46,全日制,274
华南农业大学,不是,不是,是,不是,食品学院,生物学,3,全日制,274
华南农业大学,不是,不是,是,不是,海洋学院,生物学,6,全日制,274
华南农业大学,不是,不是,是,不是,植物保护学院,生物学,3,全日制,274
华南农业大学,不是,不是,是,不是,人文与法学学院,科学技术史,9,全日制,274
华南农业大学,不是,不是,是,不是,资源环境学院,生态学,11,全日制,274
华南农业大学,不是,不是,是,不是,工程学院,机械工程,8,全日制,260
华南农业大学,不是,不是,是,不是,电子工程学院,光学工程,5,全日制,260
华南农业大学,不是,不是,是,不是,电子工程学院,信息与通信工程,5,全日制,260
华南农业大学,不是,不是,是,不是,数学与信息学院,计算机科学与技术,12,全日制,260
华南农业大学,不是,不是,是,不是,材料与能源学院,化学工程与技术,20,全日制,260
广州医科大学,不是,不是,是,不是,不区分院系,应用心理,17,全日制,341
广州医科大学,不是,不是,是,不是,不区分院系,微生物学,2,全日制,274
广州医科大学,不是,不是,是,不是,不区分院系,遗传学,3,全日制,274
广州医科大学,不是,不是,是,不是,不区分院系,发育生物学,5,全日制,274
广州医科大学,不是,不是,是,不是,不区分院系,细胞生物学,23,全日制,274
广州医科大学,不是,不是,是,不是,不区分院系,应用心理,17,全日制,341
广州医科大学,不是,不是,是,不是,不区分院系,微生物学,2,全日制,274
广州医科大学,不是,不是,是,不是,不区分院系,遗传学,3,全日制,274
广州医科大学,不是,不是,是,不是,不区分院系,发育生物学,5,全日制,274
广州医科大学,不是,不是,是,不是,不区分院系,细胞生物学,23,全日制,274
广州医科大学,不是,不是,是,不是,不区分院系,生物化学与分子生物学,38,全日制,274
广州医科大学,不是,不是,是,不是,不区分院系,生物医学工程,7,全日制,274
广州医科大学,不是,不是,是,不是,不区分院系,生物医学工程,13,全日制,260
广州医科大学,不是,不是,是,不是,不区分院系,生物技术与工程,28,全日制,260
广州医科大学,不是,不是,是,不是,不区分院系,制药工程,7,全日制,260
广州医科大学,不是,不是,是,不是,不区分院系,人体解剖与组织胚胎学,2,全日制,293
广州医科大学,不是,不是,是,不是,不区分院系,免疫学,40,全日制,293
广州医科大学,不是,不是,是,不是,不区分院系,病原生物学,6,全日制,293
广州医科大学,不是,不是,是,不是,不区分院系,病理学与病理生理学,53,全日制,293
广州医科大学,不是,不是,是,不是,不区分院系,内科学,91,全日制,293
广州医科大学,不是,不是,是,不是,不区分院系,儿科学,14,全日制,293
广州医科大学,不是,不是,是,不是,不区分院系,老年医学,2,全日制,293
广州医科大学,不是,不是,是,不是,不区分院系,神经病学,11,全日制,293
广州医科大学,不是,不是,是,不是,不区分院系,精神病与精神卫生学,9,全日制,293
广州医科大学,不是,不是,是,不是,不区分院系,皮肤病与性病学,4,全日制,293
广州大学,不是,不是,不是,是,经济与统计学院,应用经济学,10,全日制,323
广州大学,不是,不是,不是,是,经济与统计学院,金融,88,全日制,323
广州大学,不是,不是,不是,是,经济与统计学院,应用统计,38,全日制,350
广州大学,不是,不是,不是,是,法学院（律师学院）,法学,20,全日制,323
广州大学,不是,不是,不是,是,公共管理学院,社会学,6,全日制,323
广州大学,不是,不是,不是,是,经济与统计学院,应用经济学,10,全日制,323
广州大学,不是,不是,不是,是,经济与统计学院,金融,88,全日制,323
广州大学,不是,不是,不是,是,经济与统计学院,应用统计,38,全日制,350
广州大学,不是,不是,不是,是,法学院（律师学院）,法学,20,全日制,323
广州大学,不是,不是,不是,是,公共管理学院,社会学,6,全日制,323
广州大学,不是,不是,不是,是,马克思主义学院,马克思主义理论,20,全日制,323
广州大学,不是,不是,不是,是,法学院（律师学院）,法律（非法学）,32,全日制,323
广州大学,不是,不是,不是,是,法学院（律师学院）,法律（法学）,40,全日制,323
广州大学,不是,不是,不是,是,公共管理学院,社会工作,31,全日制,370
广州大学,不是,不是,不是,是,教育学院（师范学院）,教育学原理,4,全日制,341
广州大学,不是,不是,不是,是,教育学院（师范学院）,课程与教学论,3,全日制,341
广州大学,不是,不是,不是,是,外国语学院,课程与教学论,2,全日制,341
广州大学,不是,不是,不是,是,教育学院（师范学院）,学前教育学,3,全日制,341
广州大学,不是,不是,不是,是,教育学院（师范学院）,高等教育学,6,全日制,341
广州大学,不是,不是,不是,是,教育学院（师范学院）,心理学,26,全日制,341
广州大学,不是,不是,不是,是,教育学院（师范学院）,教育管理,39,非全日制,341
广州大学,不是,不是,不是,是,马克思主义学院,学科教学（思政）,24,全日制,341
广州大学,不是,不是,不是,是,人文学院,学科教学（语文）,44,全日制,365
广州大学,不是,不是,不是,是,数学与信息科学学院,学科教学（数学）,39,全日制,341
广州大学,不是,不是,不是,是,物理与材料科学学院,学科教学（物理）,12,全日制,341
广州大学,不是,不是,不是,是,化学化工学院,学科教学（化学）,13,全日制,341
广州大学,不是,不是,不是,是,生命科学学院,学科教学（生物）,10,全日制,341
广州大学,不是,不是,不是,是,外国语学院,学科教学（英语）,53,全日制,380
广州大学,不是,不是,不是,是,地理科学与遥感学院,学科教学（地理）,20,全日制,341
广州大学,不是,不是,不是,是,教育学院（师范学院）,现代教育技术,14,全日制,341
广州大学,不是,不是,不是,是,教育学院（师范学院）,小学教育,14,全日制,380
广州大学,不是,不是,不是,是,教育学院（师范学院）,心理健康教育,13,全日制,350
广州大学,不是,不是,不是,是,教育学院（师范学院）,学前教育,13,全日制,370
广州大学,不是,不是,不是,是,教育学院（师范学院）,特殊教育,10,全日制,360
广东工业大学,不是,不是,不是,是,经济学院,应用经济学,30,全日制,323
广东工业大学,不是,不是,不是,是,经济学院,金融,25,全日制,323
广东工业大学,不是,不是,不是,是,经济学院,国际商务,24,全日制,339
广东工业大学,不是,不是,不是,是,经济学院,数字经济,28,全日制,323
广东工业大学,不是,不是,不是,是,经济学院,数字经济,25,非全日制,323
广东工业大学,不是,不是,不是,是,经济学院,应用经济学,30,全日制,323
广东工业大学,不是,不是,不是,是,经济学院,金融,25,全日制,323
广东工业大学,不是,不是,不是,是,经济学院,国际商务,24,全日制,339
广东工业大学,不是,不是,不是,是,经济学院,数字经济,28,全日制,323
广东工业大学,不是,不是,不是,是,经济学院,数字经济,25,非全日制,323
广东工业大学,不是,不是,不是,是,马克思主义学院,马克思主义理论,23,全日制,323
广东工业大学,不是,不是,不是,是,法学院,法律（非法学）,15,全日制,323
广东工业大学,不是,不是,不是,是,法学院,法律（非法学）,10,非全日制,323
广东工业大学,不是,不是,不是,是,法学院,法律（法学）,21,全日制,323
广东工业大学,不是,不是,不是,是,法学院,法律（法学）,10,非全日制,323
广东工业大学,不是,不是,不是,是,法学院,社会工作,20,全日制,323
广东工业大学,不是,不是,不是,是,法学院,社会工作,10,非全日制,323
广东工业大学,不是,不是,不是,是,体育学院,体育教学,16,全日制,304
广东工业大学,不是,不是,不是,是,体育学院,体育教学,14,非全日制,304
广东工业大学,不是,不是,不是,是,体育学院,运动训练,9,全日制,304
广东工业大学,不是,不是,不是,是,体育学院,运动训练,6,非全日制,304
广东工业大学,不是,不是,不是,是,外国语学院,英语笔译,20,全日制,351
广东工业大学,不是,不是,不是,是,外国语学院,英语口译,8,全日制,351
广东工业大学,不是,不是,不是,是,外国语学院,日语笔译,10,全日制,360
广东工业大学,不是,不是,不是,是,数学与统计学院,数学,48,全日制,274
广州中医药大学,不是,不是,是,不是,马克思主义学院,科学技术哲学,9,全日制,321
广州中医药大学,不是,不是,是,不是,基础医学院,人体解剖与组织胚胎学,4,全日制,293
广州中医药大学,不是,不是,是,不是,基础医学院,免疫学,14,全日制,293
广州中医药大学,不是,不是,是,不是,基础医学院,病理学与病理生理学,7,全日制,293
广州中医药大学,不是,不是,是,不是,佛山临床医学院,病理学与病理生理学,1,全日制,293
广州中医药大学,不是,不是,是,不是,马克思主义学院,科学技术哲学,9,全日制,321
广州中医药大学,不是,不是,是,不是,基础医学院,人体解剖与组织胚胎学,4,全日制,293
广州中医药大学,不是,不是,是,不是,基础医学院,免疫学,14,全日制,293
广州中医药大学,不是,不是,是,不是,基础医学院,病理学与病理生理学,7,全日制,293
广州中医药大学,不是,不是,是,不是,佛山临床医学院,病理学与病理生理学,1,全日制,293
广州中医药大学,不是,不是,是,不是,南部战区总医院,内科学,1,全日制,293
广州中医药大学,不是,不是,是,不是,山东省临沂市人民医院,内科学,1,全日制,293
广州中医药大学,不是,不是,是,不是,南部战区总医院,儿科学,1,全日制,293
广州中医药大学,不是,不是,是,不是,深圳临床医学院,老年医学,1,全日制,293
广州中医药大学,不是,不是,是,不是,山东省临沂市人民医院,神经病学,1,全日制,293
广州中医药大学,不是,不是,是,不是,第一临床医学院,影像医学与核医学,8,全日制,293
广州中医药大学,不是,不是,是,不是,第二临床医学院,影像医学与核医学,3,全日制,293
广州中医药大学,不是,不是,是,不是,第三临床医学院,影像医学与核医学,1,全日制,293
广州中医药大学,不是,不是,是,不是,附属广州中西医结合医院,影像医学与核医学,1,全日制,293
广州中医药大学,不是,不是,是,不是,番禺区中心医院,影像医学与核医学,2,全日制,293
广州中医药大学,不是,不是,是,不是,深圳临床医学院,影像医学与核医学,1,全日制,293
广州中医药大学,不是,不是,是,不是,深圳市中西医结合医院,影像医学与核医学,1,全日制,293
广州中医药大学,不是,不是,是,不是,第六临床医学院,影像医学与核医学,1,全日制,293
广州中医药大学,不是,不是,是,不是,广州中医药大学顺德医院,影像医学与核医学,1,全日制,293
广州中医药大学,不是,不是,是,不是,广东省第二人民医院,影像医学与核医学,2,全日制,293
广州中医药大学,不是,不是,是,不是,第一临床医学院,临床检验诊断学,1,全日制,293
广州中医药大学,不是,不是,是,不是,第二临床医学院,临床检验诊断学,10,全日制,293
广州中医药大学,不是,不是,是,不是,第三临床医学院,临床检验诊断学,3,全日制,293
广州中医药大学,不是,不是,是,不是,第四临床医学院,临床检验诊断学,1,全日制,293
广州中医药大学,不是,不是,是,不是,附属广东中西医结合医院,临床检验诊断学,2,全日制,293
广州中医药大学,不是,不是,是,不是,南部战区总医院,临床检验诊断学,1,全日制,293
广州中医药大学,不是,不是,是,不是,番禺区中医院,临床检验诊断学,1,全日制,293
广州中医药大学,不是,不是,是,不是,番禺区中心医院,临床检验诊断学,1,全日制,293
广州中医药大学,不是,不是,是,不是,深圳市中西医结合医院,临床检验诊断学,1,全日制,293
广州中医药大学,不是,不是,是,不是,广州中医药大学顺德医院,临床检验诊断学,1,全日制,293
广州中医药大学,不是,不是,是,不是,广州中医药大学茂名医院,临床检验诊断学,2,全日制,293
广州中医药大学,不是,不是,是,不是,第一临床医学院,外科学,1,全日制,293
广州中医药大学,不是,不是,是,不是,第二临床医学院,外科学,1,全日制,293
广州中医药大学,不是,不是,是,不是,南部战区总医院,外科学,3,全日制,293
广州中医药大学,不是,不是,是,不是,番禺区中心医院,外科学,1,全日制,293
广州中医药大学,不是,不是,是,不是,山东省临沂市人民医院,外科学,2,全日制,293
广州中医药大学,不是,不是,是,不是,深圳临床医学院,外科学,2,全日制,293
广州中医药大学,不是,不是,是,不是,佛山临床医学院,外科学,5,全日制,293
广州中医药大学,不是,不是,是,不是,深圳市中西医结合医院,外科学,1,全日制,293
广州中医药大学,不是,不是,是,不是,广州中医药大学金沙洲医院,外科学,1,全日制,293
广州中医药大学,不是,不是,是,不是,深圳市中西医结合医院,妇产科学,1,全日制,293
广州中医药大学,不是,不是,是,不是,山东省临沂市人民医院,耳鼻咽喉科学,1,全日制,293
广州中医药大学,不是,不是,是,不是,深圳临床医学院,耳鼻咽喉科学,1,全日制,293
广州中医药大学,不是,不是,是,不是,南部战区总医院,肿瘤学,1,全日制,293
广州中医药大学,不是,不是,是,不是,深圳临床医学院,肿瘤学,2,全日制,293
广州中医药大学,不是,不是,是,不是,广东省人民医院,肿瘤学,1,全日制,293
广州中医药大学,不是,不是,是,不是,广州中医药大学金沙洲医院,肿瘤学,1,全日制,293
广州中医药大学,不是,不是,是,不是,针灸康复临床医学院,康复医学与理疗学,6,全日制,293
广州中医药大学,不是,不是,是,不是,体育健康学院,运动医学,11,全日制,293
广州中医药大学,不是,不是,是,不是,南部战区总医院,运动医学,1,全日制,293
广州中医药大学,不是,不是,是,不是,佛山临床医学院,运动医学,2,全日制,293
广州中医药大学,不是,不是,是,不是,第一临床医学院,麻醉学,5,全日制,293
广州中医药大学,不是,不是,是,不是,第二临床医学院,麻醉学,3,全日制,293
广州中医药大学,不是,不是,是,不是,第三临床医学院,麻醉学,3,全日制,293
广州中医药大学,不是,不是,是,不是,深圳临床医学院,麻醉学,1,全日制,293
广东外语外贸大学,不是,不是,不是,是,经济贸易学院,理论经济学,14,全日制,323
广东外语外贸大学,不是,不是,不是,是,经济贸易学院,区域经济学,4,全日制,323
广东外语外贸大学,不是,不是,不是,是,经济贸易学院,财政学,2,全日制,323
广东外语外贸大学,不是,不是,不是,是,金融学院,金融学,20,全日制,323
广东外语外贸大学,不是,不是,不是,是,经济贸易学院,产业经济学,18,全日制,323
广东外语外贸大学,不是,不是,不是,是,经济贸易学院,理论经济学,14,全日制,323
广东外语外贸大学,不是,不是,不是,是,经济贸易学院,区域经济学,4,全日制,323
广东外语外贸大学,不是,不是,不是,是,经济贸易学院,财政学,2,全日制,323
广东外语外贸大学,不是,不是,不是,是,金融学院,金融学,20,全日制,323
广东外语外贸大学,不是,不是,不是,是,经济贸易学院,产业经济学,18,全日制,323
广东外语外贸大学,不是,不是,不是,是,经济贸易学院,国际贸易学,19,全日制,323
广东外语外贸大学,不是,不是,不是,是,金融学院,金融,84,全日制,330
广东外语外贸大学,不是,不是,不是,是,数学与统计学院,应用统计,20,全日制,323
广东外语外贸大学,不是,不是,不是,是,经济贸易学院,税务,20,全日制,354
广东外语外贸大学,不是,不是,不是,是,经济贸易学院,国际商务,70,全日制,343
广东外语外贸大学,不是,不是,不是,是,国际治理创新学院,国际商务,30,全日制,323
广东外语外贸大学,不是,不是,不是,是,金融学院,保险,20,全日制,323
广东外语外贸大学,不是,不是,不是,是,经济贸易学院,数字经济,18,全日制,328
广东外语外贸大学,不是,不是,不是,是,经济贸易学院,数字经济,10,非全日制,328
广东外语外贸大学,不是,不是,不是,是,数学与统计学院,统计学,10,全日制,323
广东外语外贸大学,不是,不是,不是,是,法学院,宪法学与行政法学,9,全日制,334
广东外语外贸大学,不是,不是,不是,是,法学院,刑法学,3,全日制,323
广东外语外贸大学,不是,不是,不是,是,法学院,民商法学,17,全日制,338
广东外语外贸大学,不是,不是,不是,是,法学院,诉讼法学,5,全日制,335
广东外语外贸大学,不是,不是,不是,是,法学院,经济法学,11,全日制,329
汕头大学,不是,不是,不是,是,商学院,区域经济学,5,全日制,323
汕头大学,不是,不是,不是,是,商学院,金融学,5,全日制,323
汕头大学,不是,不是,不是,是,商学院,产业经济学,5,全日制,323
汕头大学,不是,不是,不是,是,马克思主义学院,马克思主义基本原理,14,全日制,323
汕头大学,不是,不是,不是,是,法学院,法律（非法学）,21,全日制,323
汕头大学,不是,不是,不是,是,商学院,区域经济学,5,全日制,323
汕头大学,不是,不是,不是,是,商学院,金融学,5,全日制,323
汕头大学,不是,不是,不是,是,商学院,产业经济学,5,全日制,323
汕头大学,不是,不是,不是,是,马克思主义学院,马克思主义基本原理,14,全日制,323
汕头大学,不是,不是,不是,是,法学院,法律（非法学）,21,全日制,323
汕头大学,不是,不是,不是,是,法学院,法律（非法学）,27,非全日制,323
汕头大学,不是,不是,不是,是,法学院,法律（法学）,22,全日制,323
汕头大学,不是,不是,不是,是,高等教育研究所,教育学,11,全日制,341
汕头大学,不是,不是,不是,是,高等教育研究所,教育管理,20,非全日制,354
汕头大学,不是,不是,不是,是,马克思主义学院,学科教学（思政）,15,非全日制,354
汕头大学,不是,不是,不是,是,文学院,学科教学（语文）,19,非全日制,341
汕头大学,不是,不是,不是,是,数学与计算机学院,学科教学（数学）,17,非全日制,341
汕头大学,不是,不是,不是,是,文学院,学科教学（英语）,22,非全日制,348
汕头大学,不是,不是,不是,是,高等教育研究所,小学教育,10,全日制,350
汕头大学,不是,不是,不是,是,高等教育研究所,小学教育,15,非全日制,350
汕头大学,不是,不是,不是,是,文学院,中国语言文学,29,全日制,351
汕头大学,不是,不是,不是,是,文学院,英语语言文学,10,全日制,351
汕头大学,不是,不是,不是,是,长江新闻与传播学院,新闻传播学,10,全日制,351
汕头大学,不是,不是,不是,是,文学院,英语笔译,6,全日制,351
汕头大学,不是,不是,不是,是,长江新闻与传播学院,新闻与传播,22,全日制,351
汕头大学,不是,不是,不是,是,数学与计算机学院,基础数学,21,全日制,274
汕头大学,不是,不是,不是,是,数学与计算机学院,计算数学,6,全日制,274
汕头大学,不是,不是,不是,是,数学与计算机学院,概率论与数理统计,7,全日制,274
汕头大学,不是,不是,不是,是,数学与计算机学院,应用数学,7,全日制,274
佛山大学,不是,不是,不是,是,经济贸易学院,国际商务,42,全日制,323
佛山大学,不是,不是,不是,是,马克思主义学院,学科教学（思政）,15,全日制,341
佛山大学,不是,不是,不是,是,人文学院,学科教学（语文）,22,全日制,341
佛山大学,不是,不是,不是,是,数学学院,学科教学（数学）,18,全日制,341
佛山大学,不是,不是,不是,是,人文学院,学科教学（英语）,18,全日制,341
佛山大学,不是,不是,不是,是,经济贸易学院,国际商务,42,全日制,323
佛山大学,不是,不是,不是,是,马克思主义学院,学科教学（思政）,15,全日制,341
佛山大学,不是,不是,不是,是,人文学院,学科教学（语文）,22,全日制,341
佛山大学,不是,不是,不是,是,数学学院,学科教学（数学）,18,全日制,341
佛山大学,不是,不是,不是,是,人文学院,学科教学（英语）,18,全日制,341
佛山大学,不是,不是,不是,是,人文学院,学科教学（体育）,6,全日制,341
佛山大学,不是,不是,不是,是,人文学院,现代教育技术,18,全日制,341
佛山大学,不是,不是,不是,是,数学学院,数学,15,全日制,274
佛山大学,不是,不是,不是,是,机电工程与自动化学院,机械工程,30,全日制,260
佛山大学,不是,不是,不是,是,物理与光电工程学院,光学工程,18,全日制,260
东莞理工学院,不是,不是,不是,是,经济与管理学院,国际商务,15,全日制,323
东莞理工学院,不是,不是,不是,是,经济与管理学院,数字经济,10,全日制,323
东莞理工学院,不是,不是,不是,是,法律与社会工作学院（知识产权学院）,社会工作,15,全日制,385
东莞理工学院,不是,不是,不是,是,经济与管理学院,国际商务,15,全日制,323
东莞理工学院,不是,不是,不是,是,经济与管理学院,数字经济,10,全日制,323
东莞理工学院,不是,不是,不是,是,法律与社会工作学院（知识产权学院）,社会工作,15,全日制,385
广东海洋大学,不是,不是,不是,是,经济学院,应用经济学,12,全日制,323
广东海洋大学,不是,不是,不是,是,马克思主义学院,马克思主义理论,7,全日制,323
广东海洋大学,不是,不是,不是,是,法政学院,法律（非法学）,10,全日制,323
广东海洋大学,不是,不是,不是,是,法政学院,法律（法学）,9,全日制,323
广东海洋大学,不是,不是,不是,是,文学与新闻传播学院,新闻与传播,5,全日制,351
广东海洋大学,不是,不是,不是,是,经济学院,应用经济学,12,全日制,323
广东海洋大学,不是,不是,不是,是,马克思主义学院,马克思主义理论,7,全日制,323
广东海洋大学,不是,不是,不是,是,法政学院,法律（非法学）,10,全日制,323
广东海洋大学,不是,不是,不是,是,法政学院,法律（法学）,9,全日制,323
广东海洋大学,不是,不是,不是,是,文学与新闻传播学院,新闻与传播,5,全日制,351
广东海洋大学,不是,不是,不是,是,海洋与气象学院,海洋科学,36,全日制,274
广东海洋大学,不是,不是,不是,是,电子与信息工程学院,海洋科学,10,全日制,274
广东海洋大学,不是,不是,不是,是,化学与环境学院,海洋科学,10,全日制,274
广东海洋大学,不是,不是,不是,是,海洋与气象学院,气象,5,全日制,274
广东海洋大学,不是,不是,不是,是,海洋与气象学院,气象,5,非全日制,274
广东医科大学,不是,不是,不是,是,人文与管理学院,社会工作,5,全日制,323
广东医科大学,不是,不是,不是,是,人文与管理学院,应用心理,6,全日制,341
广东医科大学,不是,不是,不是,是,基础医学院,生理学,5,全日制,274
广东医科大学,不是,不是,不是,是,基础医学院,生物化学与分子生物学,9,全日制,274
广东医科大学,不是,不是,不是,是,生物医学工程学院,生物医学工程,7,全日制,260
广东医科大学,不是,不是,不是,是,人文与管理学院,社会工作,5,全日制,323
广东医科大学,不是,不是,不是,是,人文与管理学院,应用心理,6,全日制,341
广东医科大学,不是,不是,不是,是,基础医学院,生理学,5,全日制,274
广东医科大学,不是,不是,不是,是,基础医学院,生物化学与分子生物学,9,全日制,274
广东医科大学,不是,不是,不是,是,生物医学工程学院,生物医学工程,7,全日制,260
广东医科大学,不是,不是,不是,是,生物医学工程学院,电子信息,10,全日制,260
广东医科大学,不是,不是,不是,是,基础医学院,生物与医药,7,全日制,260
广东医科大学,不是,不是,不是,是,基础医学院,人体解剖与组织胚胎学,6,全日制,293
广东医科大学,不是,不是,不是,是,基础医学院,病原生物学,3,全日制,293
广东医科大学,不是,不是,不是,是,基础医学院,病理学与病理生理学,10,全日制,293
广东医科大学,不是,不是,不是,是,第一临床医学院,内科学,27,全日制,293
广东医科大学,不是,不是,不是,是,第一临床医学院,儿科学,3,全日制,293
广东医科大学,不是,不是,不是,是,第一临床医学院,神经病学,15,全日制,293
广东财经大学,不是,不是,不是,是,经济学院,理论经济学,9,全日制,323
广东财经大学,不是,不是,不是,是,经济学院,国民经济学,8,全日制,323
广东财经大学,不是,不是,不是,是,经济学院,区域经济学,8,全日制,323
广东财经大学,不是,不是,不是,是,经济学院,理论经济学,9,全日制,323
广东财经大学,不是,不是,不是,是,经济学院,国民经济学,8,全日制,323
广东财经大学,不是,不是,不是,是,经济学院,区域经济学,8,全日制,323
广东财经大学,不是,不是,不是,是,金融学院,金融学,9,全日制,323
广东财经大学,不是,不是,不是,是,经济学院,产业经济学,8,全日制,323
广东财经大学,不是,不是,不是,是,经济学院,国际贸易学,8,全日制,323
广东财经大学,不是,不是,不是,是,金融硕士教育中心,金融,107,全日制,335
广东技术师范大学,不是,不是,不是,是,民族学院,民族学,19,全日制,323
广东技术师范大学,不是,不是,不是,是,马克思主义学院,中共党史党建学,10,全日制,323
广东技术师范大学,不是,不是,不是,是,民族学院,民族学,19,全日制,323
广东技术师范大学,不是,不是,不是,是,马克思主义学院,中共党史党建学,10,全日制,323
广东技术师范大学,不是,不是,不是,是,教育科学学院,教育管理,6,全日制,341
广东技术师范大学,不是,不是,不是,是,教育科学学院,教育管理,16,非全日制,341
广东技术师范大学,不是,不是,不是,是,马克思主义学院,学科教学（思政）,38,全日制,341
五邑大学,不是,不是,不是,是,数学与计算科学学院,数学,12,全日制,274
五邑大学,不是,不是,不是,是,应用物理与材料学院,材料科学与工程,22,全日制,260
五邑大学,不是,不是,不是,是,电子与信息工程学院,信息与通信工程,20,全日制,260
五邑大学,不是,不是,不是,是,环境与化学工程学院,化学工程与技术,19,全日制,260
五邑大学,不是,不是,不是,是,纺织科学与工程学院,纺织科学与工程,19,全日制,260
仲恺农业工程学院,不是,不是,不是,是,机电工程学院,农业工程,12,全日制,251
仲恺农业工程学院,不是,不是,不是,是,资源与环境学院,环境科学与工程,6,全日制,260
仲恺农业工程学院,不是,不是,不是,是,轻工食品学院,食品科学与工程,12,全日制,260
仲恺农业工程学院,不是,不是,不是,是,机电工程学院,农业工程,12,全日制,251
仲恺农业工程学院,不是,不是,不是,是,资源与环境学院,环境科学与工程,6,全日制,260
仲恺农业工程学院,不是,不是,不是,是,轻工食品学院,食品科学与工程,12,全日制,260
仲恺农业工程学院,不是,不是,不是,是,自动化学院,控制工程,10,全日制,260
广东药科大学,不是,不是,不是,是,生命科学与生物制药学院,生物工程,10,全日制,260
广东药科大学,不是,不是,不是,是,医药信息工程学院,电子信息,15,全日制,260
广东药科大学,不是,不是,不是,是,医药化工学院,生物与医药,48,全日制,260
广东药科大学,不是,不是,不是,是,食品科学学院,食品与营养,22,全日制,245
广东药科大学,不是,不是,不是,是,基础医学院,基础医学,39,全日制,293
广东药科大学,不是,不是,不是,是,生命科学与生物制药学院,生物工程,10,全日制,260
广东药科大学,不是,不是,不是,是,医药信息工程学院,电子信息,15,全日制,260
广东药科大学,不是,不是,不是,是,医药化工学院,生物与医药,48,全日制,260
广东药科大学,不是,不是,不是,是,食品科学学院,食品与营养,22,全日制,245
广东药科大学,不是,不是,不是,是,基础医学院,基础医学,39,全日制,293
广东石油化工学院,不是,不是,不是,是,自动化学院,控制科学与工程,15,全日制,260
广东石油化工学院,不是,不是,不是,是,电子信息工程学院,新一代电子信息技术（含量子技术等）,8,全日制,260
广东石油化工学院,不是,不是,不是,是,计算机学院,计算机技术,9,全日制,260
广东石油化工学院,不是,不是,不是,是,自动化学院,控制工程,12,全日制,260
广东石油化工学院,不是,不是,不是,是,理学院,光电信息工程,4,全日制,260
肇庆学院,不是,不是,不是,是,数学与统计学院,应用统计,10,全日制,323
肇庆学院,不是,不是,不是,是,经济与管理学院,国际商务,10,全日制,323
肇庆学院,不是,不是,不是,是,教育科学学院,教育管理,5,全日制,341
肇庆学院,不是,不是,不是,是,教育科学学院,教育管理,5,非全日制,341
肇庆学院,不是,不是,不是,是,马克思主义学院,学科教学（思政）,12,全日制,341
广州体育学院,不是,不是,不是,是,研究生院,体育人文社会学,17,全日制,304
广州体育学院,不是,不是,不是,是,研究生院,运动人体科学,17,全日制,304
广州体育学院,不是,不是,不是,是,研究生院,体育教育训练学,43,全日制,304
广州体育学院,不是,不是,不是,是,研究生院,民族传统体育学,3,全日制,304
广州体育学院,不是,不是,不是,是,研究生院,体育教学,119,全日制,304
广东金融学院,不是,不是,不是,是,不区分院系,应用经济学,5,全日制,323
广东金融学院,不是,不是,不是,是,金融与投资学院,金融,45,全日制,323
广东金融学院,不是,不是,不是,是,金融数学与统计学院,应用统计,20,全日制,323
广东金融学院,不是,不是,不是,是,经济贸易学院,国际商务,20,全日制,323
广东金融学院,不是,不是,不是,是,保险学院,保险,20,全日制,323
广州美术学院,不是,不是,不是,是,美术教育学院,学科教学（美术）,7,全日制,366
广州美术学院,不是,不是,不是,是,美术教育学院,学科教学（美术）,3,非全日制,366
广州美术学院,不是,不是,不是,是,艺术与人文学院,博物馆,10,全日制,358
广州美术学院,不是,不是,不是,是,美术教育学院,学科教学（美术）,7,全日制,366
广州美术学院,不是,不是,不是,是,美术教育学院,学科教学（美术）,3,非全日制,366
广州美术学院,不是,不是,不是,是,艺术与人文学院,博物馆,10,全日制,358
广东省社会科学院,不是,不是,不是,不是,本院,政治经济学,2,全日制,323
广东省社会科学院,不是,不是,不是,不是,本院,西方经济学,3,全日制,323
广东省社会科学院,不是,不是,不是,不是,本院,人口、资源与环境经济学,2,全日制,323
广东省社会科学院,不是,不是,不是,不是,本院,区域经济学,1,全日制,323
广东省社会科学院,不是,不是,不是,不是,本院,金融学,2,全日制,323
星海音乐学院,不是,不是,不是,是,不区分院系,艺术学,20,全日制,351
星海音乐学院,不是,不是,不是,是,不区分院系,音乐,134,全日制,351
星海音乐学院,不是,不是,不是,是,不区分院系,舞蹈,10,全日制,351
中国科学院广州化学研究所,不是,不是,不是,不是,不区分院系,有机化学,2,全日制,274
中国科学院广州化学研究所,不是,不是,不是,不是,不区分院系,高分子化学与物理,5,全日制,274
中国科学院广州化学研究所,不是,不是,不是,不是,不区分院系,应用化学,2,全日制,260
中国科学院广州化学研究所,不是,不是,不是,不是,不区分院系,材料与化工,11,全日制,260
中共广东省委党校,不是,不是,不是,不是,不区分院系,哲学,10,全日制,321
中共广东省委党校,不是,不是,不是,不是,不区分院系,理论经济学,10,全日制,323
中共广东省委党校,不是,不是,不是,不是,不区分院系,政治学理论,12,全日制,323
中共广东省委党校,不是,不是,不是,不是,不区分院系,中外政治制度,5,全日制,323
中共广东省委党校,不是,不是,不是,不是,不区分院系,中共党史,15,全日制,323
中国科学院华南植物园,不是,不是,不是,不是,不区分院系,植物学,6,全日制,310
中国科学院华南植物园,不是,不是,不是,不是,不区分院系,生物化学与分子生物学,5,全日制,295
中国科学院华南植物园,不是,不是,不是,不是,不区分院系,生态学,8,全日制,320
中国科学院华南植物园,不是,不是,不是,不是,不区分院系,资源与环境,9,全日制,260
中国科学院华南植物园,不是,不是,不是,不是,不区分院系,生物与医药,12,全日制,285
中国科学院广州能源研究所,不是,不是,不是,不是,不区分院系,地质学,1,全日制,310
中国科学院广州能源研究所,不是,不是,不是,不是,不区分院系,材料科学与工程,3,全日制,300
中国科学院广州能源研究所,不是,不是,不是,不是,不区分院系,动力工程及工程热物理,14,全日制,300
中国科学院广州能源研究所,不是,不是,不是,不是,不区分院系,化学工程与技术,5,全日制,300
中国科学院广州能源研究所,不是,不是,不是,不是,不区分院系,环境科学与工程,2,全日制,300
中国科学院广州地球化学研究所,不是,不是,不是,不是,不区分院系,海洋地质,1,全日制,281
中国科学院广州地球化学研究所,不是,不是,不是,不是,不区分院系,固体地球物理学,1,全日制,281
中国科学院广州地球化学研究所,不是,不是,不是,不是,不区分院系,矿物学、岩石学、矿床学,11,全日制,277
中国科学院广州地球化学研究所,不是,不是,不是,不是,不区分院系,地球化学,15,全日制,281
中国科学院广州地球化学研究所,不是,不是,不是,不是,不区分院系,构造地质学,1,全日制,281
中国科学院南海海洋研究所,不是,不是,不是,不是,不区分院系,物理海洋学,2,全日制,275
中国科学院南海海洋研究所,不是,不是,不是,不是,不区分院系,海洋生物学,2,全日制,275
中国科学院南海海洋研究所,不是,不是,不是,不是,不区分院系,海洋地质,2,全日制,275
中国科学院南海海洋研究所,不是,不是,不是,不是,不区分院系,环境科学,1,全日制,270
中国科学院南海海洋研究所,不是,不是,不是,不是,不区分院系,环境工程,2,全日制,270
韶关学院,不是,不是,不是,是,信息工程学院,机械,6,全日制,260
韶关学院,不是,不是,不是,是,智能工程学院,机械,10,全日制,260
韶关学院,不是,不是,不是,是,生物与农业学院,农业,14,全日制,245
韶关学院,不是,不是,不是,是,食品学院,农业,6,全日制,245
中国科学院广州生物医药与健康研究院,不是,不是,不是,不是,不区分院系,发育生物学,1,全日制,315
中国科学院广州生物医药与健康研究院,不是,不是,不是,不是,不区分院系,细胞生物学,1,全日制,315
中国科学院广州生物医药与健康研究院,不是,不是,不是,不是,不区分院系,生物化学与分子生物学,1,全日制,315
中国科学院广州生物医药与健康研究院,不是,不是,不是,不是,不区分院系,药物化学,1,全日制,300
广东省心血管病研究所,不是,不是,不是,不是,不区分院系,内科学,9,全日制,293
广东省心血管病研究所,不是,不是,不是,不是,不区分院系,影像医学与核医学,2,全日制,293
广东省心血管病研究所,不是,不是,不是,不是,不区分院系,临床检验诊断学,1,全日制,293
广东省心血管病研究所,不是,不是,不是,不是,不区分院系,内科学,9,全日制,293
广东省心血管病研究所,不是,不是,不是,不是,不区分院系,影像医学与核医学,2,全日制,293
广东省心血管病研究所,不是,不是,不是,不是,不区分院系,临床检验诊断学,1,全日制,293
惠州学院,不是,不是,不是,是,教育科学学院,教育管理,15,非全日制,341
惠州学院,不是,不是,不是,是,教育科学学院,学科教学（语文）,10,全日制,341
惠州学院,不是,不是,不是,是,教育科学学院,学科教学（语文）,5,非全日制,341
惠州学院,不是,不是,不是,是,教育科学学院,学科教学（数学）,10,全日制,341
惠州学院,不是,不是,不是,是,教育科学学院,学科教学（数学）,5,非全日制,341
岭南师范学院,不是,不是,不是,是,社会与公共管理学院,社会工作,3,全日制,323
重庆大学,是,是,是,不是,人文社会科学高等研究院,哲学,4,全日制,340
重庆大学,是,是,是,不是,经济与工商管理学院,应用经济学,38,全日制,345
重庆大学,是,是,是,不是,经济与工商管理学院,金融,14,全日制,345
重庆大学,是,是,是,不是,经济与工商管理学院,金融,11,非全日制,345
重庆大学,是,是,是,不是,数学与统计学院,应用统计,76,全日制,360
重庆大学,是,是,是,不是,人文社会科学高等研究院,哲学,4,全日制,340
重庆大学,是,是,是,不是,经济与工商管理学院,应用经济学,38,全日制,345
重庆大学,是,是,是,不是,经济与工商管理学院,金融,14,全日制,345
重庆大学,是,是,是,不是,经济与工商管理学院,金融,11,非全日制,345
重庆大学,是,是,是,不是,数学与统计学院,应用统计,76,全日制,360
重庆大学,是,是,是,不是,法学院,法学,56,全日制,335
重庆大学,是,是,是,不是,马克思主义学院,马克思主义理论,47,全日制,345
重庆大学,是,是,是,不是,法学院,法律（非法学）,60,全日制,335
重庆大学,是,是,是,不是,法学院,法律（法学）,61,全日制,335
重庆大学,是,是,是,不是,公共管理学院,社会工作,30,全日制,335
重庆大学,是,是,是,不是,体育学院,体育,13,全日制,315
重庆大学,是,是,是,不是,外国语学院,国际中文教育,22,全日制,345
重庆大学,是,是,是,不是,人文社会科学高等研究院,中国语言文学,22,全日制,360
重庆大学,是,是,是,不是,外国语学院,外国语言文学,32,全日制,385
重庆大学,是,是,是,不是,新闻学院,新闻传播学,20,全日制,360
重庆大学,是,是,是,不是,外国语学院,翻译,38,全日制,360
重庆大学,是,是,是,不是,新闻学院,新闻与传播,74,全日制,360
重庆大学,是,是,是,不是,人文社会科学高等研究院,中国史,8,全日制,345
重庆大学,是,是,是,不是,数学与统计学院,数学,33,全日制,300
重庆大学,是,是,是,不是,物理学院,物理学,68,全日制,300
重庆大学,是,是,是,不是,化学化工学院,化学,90,全日制,300
重庆大学,是,是,是,不是,生命科学学院,生物学,41,全日制,300
重庆大学,是,是,是,不是,环境与生态学院,生态学,19,全日制,350
重庆大学,是,是,是,不是,数学与统计学院,统计学,7,全日制,300
重庆大学,是,是,是,不是,生物工程学院,生物医学工程,30,全日制,340
西南大学,不是,是,是,不是,国家治理学院,马克思主义哲学,2,全日制,321
西南大学,不是,是,是,不是,国家治理学院,中国哲学,3,全日制,321
西南大学,不是,是,是,不是,国家治理学院,外国哲学,4,全日制,349
西南大学,不是,是,是,不是,国家治理学院,逻辑学,2,全日制,343
西南大学,不是,是,是,不是,国家治理学院,伦理学,4,全日制,321
西南大学,不是,是,是,不是,国家治理学院,马克思主义哲学,2,全日制,321
西南大学,不是,是,是,不是,国家治理学院,中国哲学,3,全日制,321
西南大学,不是,是,是,不是,国家治理学院,外国哲学,4,全日制,349
西南大学,不是,是,是,不是,国家治理学院,逻辑学,2,全日制,343
西南大学,不是,是,是,不是,国家治理学院,伦理学,4,全日制,321
西南大学,不是,是,是,不是,文学院,美学,2,全日制,364
西南大学,不是,是,是,不是,国家治理学院,宗教学,1,全日制,321
西南大学,不是,是,是,不是,国家治理学院,科学技术哲学,1,全日制,321
西南大学,不是,是,是,不是,经济管理学院,国民经济学,4,全日制,323
西南大学,不是,是,是,不是,经济管理学院,区域经济学,4,全日制,362
西南大学,不是,是,是,不是,经济管理学院,金融学,8,全日制,346
西南大学,不是,是,是,不是,经济管理学院,产业经济学,3,全日制,354
西南大学,不是,是,是,不是,经济管理学院,金融,21,全日制,360
西南大学,不是,是,是,不是,数学与统计学院,应用统计,18,全日制,349
西南大学,不是,是,是,不是,法学院,法学理论,4,全日制,337
西南大学,不是,是,是,不是,法学院,宪法学与行政法学,6,全日制,328
西南大学,不是,是,是,不是,法学院,刑法学,4,全日制,358
西南大学,不是,是,是,不是,法学院,民商法学,6,全日制,323
西南大学,不是,是,是,不是,法学院,经济法学,7,全日制,324
西南大学,不是,是,是,不是,法学院,国际法学,4,全日制,329
西南大学,不是,是,是,不是,国家治理学院,社会学,10,全日制,351
西南大学,不是,是,是,不是,历史文化学院·民族学院,民族学,5,全日制,323
西南大学,不是,是,是,不是,马克思主义学院,马克思主义基本原理,6,全日制,323
西南大学,不是,是,是,不是,马克思主义学院,马克思主义发展史,2,全日制,323
西南大学,不是,是,是,不是,马克思主义学院,马克思主义中国化研究,9,全日制,347
西南大学,不是,是,是,不是,马克思主义学院,国外马克思主义研究,3,全日制,348
西南大学,不是,是,是,不是,马克思主义学院,思想政治教育,10,全日制,363
西南大学,不是,是,是,不是,马克思主义学院,中国近现代史基本问题研究,7,全日制,323
西南大学,不是,是,是,不是,法学院,法律（非法学）,32,全日制,323
西南大学,不是,是,是,不是,法学院,法律（法学）,28,全日制,323
西南大学,不是,是,是,不是,国家治理学院,社会工作,44,全日制,343
西南大学,不是,是,是,不是,教育学部,教育学原理,8,全日制,342
西南大学,不是,是,是,不是,西南民族教育与心理研究中心,教育学原理,7,全日制,345
西南大学,不是,是,是,不是,教育学部,课程与教学论,13,全日制,343
西南大学,不是,是,是,不是,教育学部,教育史,2,全日制,345
西南大学,不是,是,是,不是,教育学部,比较教育学,5,全日制,345
西南大学,不是,是,是,不是,教育学部,学前教育学,7,全日制,341
西南大学,不是,是,是,不是,教育学部,高等教育学,6,全日制,341
西南大学,不是,是,是,不是,教育学部,职业技术教育学,2,全日制,341
西南大学,不是,是,是,不是,教育学部,特殊教育学,3,全日制,344
西南大学,不是,是,是,不是,教育学部,教育技术学,16,全日制,348
西南大学,不是,是,是,不是,西南民族教育与心理研究中心,教育技术学,1,全日制,341
西南大学,不是,是,是,不是,心理学部,心理学,54,全日制,345
西南大学,不是,是,是,不是,西南民族教育与心理研究中心,发展与教育心理学,1,全日制,341
西南大学,不是,是,是,不是,体育学院,体育学,12,全日制,336
西南大学,不是,是,是,不是,教育学部,教育管理,40,非全日制,358
西南大学,不是,是,是,不是,教师教育学院,学科教学（思政）,14,全日制,375
西南大学,不是,是,是,不是,教师教育学院,学科教学（语文）,14,全日制,388
西南大学,不是,是,是,不是,教师教育学院,学科教学（数学）,7,全日制,362
西南大学,不是,是,是,不是,教师教育学院,学科教学（物理）,6,全日制,389
西南大学,不是,是,是,不是,教师教育学院,学科教学（化学）,7,全日制,341
西南大学,不是,是,是,不是,教师教育学院,学科教学（生物）,3,全日制,396
西南大学,不是,是,是,不是,教师教育学院,学科教学（英语）,7,全日制,387
重庆医科大学,不是,不是,不是,是,不区分院系,应用统计,14,全日制,323
重庆医科大学,不是,不是,不是,是,不区分院系,马克思主义基本原理,1,全日制,323
重庆医科大学,不是,不是,不是,是,不区分院系,马克思主义中国化研究,3,全日制,323
重庆医科大学,不是,不是,不是,是,不区分院系,思想政治教育,5,全日制,323
重庆医科大学,不是,不是,不是,是,不区分院系,应用心理,7,全日制,341
重庆医科大学,不是,不是,不是,是,不区分院系,应用统计,14,全日制,323
重庆医科大学,不是,不是,不是,是,不区分院系,马克思主义基本原理,1,全日制,323
重庆医科大学,不是,不是,不是,是,不区分院系,马克思主义中国化研究,3,全日制,323
重庆医科大学,不是,不是,不是,是,不区分院系,思想政治教育,5,全日制,323
重庆医科大学,不是,不是,不是,是,不区分院系,应用心理,7,全日制,341
重庆医科大学,不是,不是,不是,是,不区分院系,英语笔译,10,全日制,351
重庆医科大学,不是,不是,不是,是,不区分院系,动物学,1,全日制,274
重庆医科大学,不是,不是,不是,是,不区分院系,生理学,9,全日制,274
重庆医科大学,不是,不是,不是,是,不区分院系,神经生物学,8,全日制,274
重庆医科大学,不是,不是,不是,是,不区分院系,遗传学,8,全日制,274
重庆医科大学,不是,不是,不是,是,不区分院系,细胞生物学,12,全日制,274
重庆医科大学,不是,不是,不是,是,不区分院系,生物化学与分子生物学,33,全日制,274
重庆医科大学,不是,不是,不是,是,不区分院系,生物医学工程,7,全日制,260
重庆医科大学,不是,不是,不是,是,不区分院系,生物医学工程,34,全日制,295
重庆医科大学,不是,不是,不是,是,不区分院系,大数据技术与工程,22,全日制,260
重庆医科大学,不是,不是,不是,是,不区分院系,人体解剖与组织胚胎学,13,全日制,293
重庆医科大学,不是,不是,不是,是,不区分院系,免疫学,37,全日制,293
重庆医科大学,不是,不是,不是,是,不区分院系,病原生物学,6,全日制,293
重庆医科大学,不是,不是,不是,是,不区分院系,病理学与病理生理学,16,全日制,293
重庆医科大学,不是,不是,不是,是,不区分院系,法医学,8,全日制,293
重庆医科大学,不是,不是,不是,是,不区分院系,放射医学,9,全日制,293
重庆医科大学,不是,不是,不是,是,不区分院系,内科学,76,全日制,293
重庆医科大学,不是,不是,不是,是,不区分院系,儿科学,67,全日制,293
重庆医科大学,不是,不是,不是,是,不区分院系,老年医学,3,全日制,293
重庆医科大学,不是,不是,不是,是,不区分院系,神经病学,27,全日制,293
重庆邮电大学,不是,不是,不是,是,经济管理学院,数字经济,5,全日制,323
重庆邮电大学,不是,不是,不是,是,网络空间安全与信息法学院,法学,32,全日制,323
重庆邮电大学,不是,不是,不是,是,马克思主义学院,马克思主义理论,45,全日制,356
重庆邮电大学,不是,不是,不是,是,网络空间安全与信息法学院,法律（非法学）,5,全日制,323
重庆邮电大学,不是,不是,不是,是,经济管理学院,数字经济,5,全日制,323
重庆邮电大学,不是,不是,不是,是,网络空间安全与信息法学院,法学,32,全日制,323
重庆邮电大学,不是,不是,不是,是,马克思主义学院,马克思主义理论,45,全日制,356
重庆邮电大学,不是,不是,不是,是,网络空间安全与信息法学院,法律（非法学）,5,全日制,323
重庆邮电大学,不是,不是,不是,是,体育学院,体育教学,13,全日制,304
重庆邮电大学,不是,不是,不是,是,外国语学院,翻译,27,全日制,351
西南政法大学,不是,不是,不是,是,马克思主义学院,哲学,31,全日制,337
西南政法大学,不是,不是,不是,是,马克思主义学院,应用伦理,20,全日制,321
西南政法大学,不是,不是,不是,是,经济学院,理论经济学,10,全日制,323
西南政法大学,不是,不是,不是,是,经济学院,应用经济学,10,全日制,323
西南政法大学,不是,不是,不是,是,经济学院,金融,40,全日制,332
西南政法大学,不是,不是,不是,是,马克思主义学院,哲学,31,全日制,337
西南政法大学,不是,不是,不是,是,马克思主义学院,应用伦理,20,全日制,321
西南政法大学,不是,不是,不是,是,经济学院,理论经济学,10,全日制,323
西南政法大学,不是,不是,不是,是,经济学院,应用经济学,10,全日制,323
西南政法大学,不是,不是,不是,是,经济学院,金融,40,全日制,332
西南政法大学,不是,不是,不是,是,商学院,税务,47,全日制,339
西南政法大学,不是,不是,不是,是,经济学院,国际商务,30,全日制,325
西南政法大学,不是,不是,不是,是,经济学院,保险,20,全日制,323
西南政法大学,不是,不是,不是,是,行政法学院,法学理论,49,全日制,335
西南政法大学,不是,不是,不是,是,行政法学院,法律史,23,全日制,340
西南政法大学,不是,不是,不是,是,行政法学院,宪法学与行政法学,48,全日制,333
西南政法大学,不是,不是,不是,是,行政法学院,宪法学与行政法学,1,全日制,333
西南政法大学,不是,不是,不是,是,法学院,刑法学,86,全日制,351
西南政法大学,不是,不是,不是,是,法学院,刑法学,1,全日制,351
西南政法大学,不是,不是,不是,是,民商法学院,民商法学,105,全日制,355
重庆交通大学,不是,不是,不是,是,经济与管理学院,数字经济,25,全日制,323
重庆交通大学,不是,不是,不是,是,马克思主义学院,马克思主义理论,48,全日制,323
重庆交通大学,不是,不是,不是,是,旅游与传媒学院,国际中文教育,25,全日制,341
重庆交通大学,不是,不是,不是,是,外国语学院,英语语言文学,28,全日制,351
重庆交通大学,不是,不是,不是,是,外国语学院,日语语言文学,5,全日制,351
重庆交通大学,不是,不是,不是,是,经济与管理学院,数字经济,25,全日制,323
重庆交通大学,不是,不是,不是,是,马克思主义学院,马克思主义理论,48,全日制,323
重庆交通大学,不是,不是,不是,是,旅游与传媒学院,国际中文教育,25,全日制,341
重庆交通大学,不是,不是,不是,是,外国语学院,英语语言文学,28,全日制,351
重庆交通大学,不是,不是,不是,是,外国语学院,日语语言文学,5,全日制,351
重庆交通大学,不是,不是,不是,是,外国语学院,英语笔译,21,全日制,351
重庆交通大学,不是,不是,不是,是,旅游与传媒学院,新闻与传播,32,全日制,351
重庆交通大学,不是,不是,不是,是,材料科学与工程学院,物理学,12,全日制,274
重庆交通大学,不是,不是,不是,是,数学与统计学院,系统科学,51,全日制,274
重庆交通大学,不是,不是,不是,是,土木工程学院,力学,16,全日制,251
重庆师范大学,不是,不是,不是,是,马克思主义学院,马克思主义哲学,3,全日制,321
重庆师范大学,不是,不是,不是,是,马克思主义学院,外国哲学,2,全日制,321
重庆师范大学,不是,不是,不是,是,马克思主义学院,伦理学,2,全日制,321
重庆师范大学,不是,不是,不是,是,经济与管理学院,金融,29,全日制,323
重庆师范大学,不是,不是,不是,是,马克思主义学院,马克思主义哲学,3,全日制,321
重庆师范大学,不是,不是,不是,是,马克思主义学院,外国哲学,2,全日制,321
重庆师范大学,不是,不是,不是,是,马克思主义学院,伦理学,2,全日制,321
重庆师范大学,不是,不是,不是,是,经济与管理学院,金融,29,全日制,323
重庆师范大学,不是,不是,不是,是,数学科学学院,应用统计,8,全日制,323
重庆师范大学,不是,不是,不是,是,马克思主义学院,马克思主义基本原理,10,全日制,323
重庆师范大学,不是,不是,不是,是,马克思主义学院,马克思主义发展史,1,全日制,323
重庆师范大学,不是,不是,不是,是,马克思主义学院,马克思主义中国化研究,10,全日制,323
重庆师范大学,不是,不是,不是,是,马克思主义学院,思想政治教育,22,全日制,323
重庆师范大学,不是,不是,不是,是,马克思主义学院,中国近现代史基本问题研究,2,全日制,323
重庆师范大学,不是,不是,不是,是,历史与社会学院,社会工作,17,全日制,323
重庆师范大学,不是,不是,不是,是,教育科学学院,教育学原理,6,全日制,341
重庆师范大学,不是,不是,不是,是,教育科学学院,课程与教学论,10,全日制,341
重庆师范大学,不是,不是,不是,是,教育科学学院,比较教育学,1,全日制,341
重庆师范大学,不是,不是,不是,是,教育科学学院,学前教育学,7,全日制,341
重庆师范大学,不是,不是,不是,是,教育科学学院,高等教育学,1,全日制,341
重庆师范大学,不是,不是,不是,是,教育科学学院,职业技术教育学,2,全日制,341
重庆师范大学,不是,不是,不是,是,教育科学学院,特殊教育学,10,全日制,341
重庆师范大学,不是,不是,不是,是,马克思主义学院,学科教学（思政）,74,全日制,362
重庆师范大学,不是,不是,不是,是,文学院,学科教学（语文）,86,全日制,352
重庆师范大学,不是,不是,不是,是,文学院,学科教学（语文）,13,非全日制,352
重庆师范大学,不是,不是,不是,是,数学科学学院,学科教学（数学）,96,全日制,370
重庆师范大学,不是,不是,不是,是,数学科学学院,学科教学（数学）,17,非全日制,370
重庆师范大学,不是,不是,不是,是,物理与电子工程学院,学科教学（物理）,28,全日制,341
重庆师范大学,不是,不是,不是,是,化学学院,学科教学（化学）,17,全日制,341
重庆师范大学,不是,不是,不是,是,生命科学学院,学科教学（生物）,29,全日制,357
重庆师范大学,不是,不是,不是,是,生命科学学院,学科教学（生物）,7,非全日制,357
重庆师范大学,不是,不是,不是,是,外国语学院,学科教学（英语）,88,全日制,354
重庆师范大学,不是,不是,不是,是,外国语学院,学科教学（英语）,8,非全日制,354
重庆理工大学,不是,不是,不是,是,经济金融学院,应用经济学,28,全日制,323
重庆理工大学,不是,不是,不是,是,经济金融学院,金融,19,全日制,323
重庆理工大学,不是,不是,不是,是,经济金融学院,资产评估,72,全日制,323
重庆理工大学,不是,不是,不是,是,马克思主义学院,马克思主义基本原理,4,全日制,323
重庆理工大学,不是,不是,不是,是,经济金融学院,应用经济学,28,全日制,323
重庆理工大学,不是,不是,不是,是,经济金融学院,金融,19,全日制,323
重庆理工大学,不是,不是,不是,是,经济金融学院,资产评估,72,全日制,323
重庆理工大学,不是,不是,不是,是,马克思主义学院,马克思主义基本原理,4,全日制,323
重庆理工大学,不是,不是,不是,是,马克思主义学院,马克思主义中国化研究,6,全日制,323
重庆理工大学,不是,不是,不是,是,马克思主义学院,思想政治教育,17,全日制,323
重庆理工大学,不是,不是,不是,是,重庆知识产权学院,知识产权,30,全日制,323
重庆理工大学,不是,不是,不是,是,重庆知识产权学院,知识产权,9,非全日制,323
重庆科技大学,不是,不是,不是,是,数理科学学院,应用统计,13,全日制,323
重庆科技大学,不是,不是,不是,是,外国语学院,国际商务,4,全日制,323
重庆科技大学,不是,不是,不是,是,经济与金融学院,国际商务,22,全日制,323
重庆科技大学,不是,不是,不是,是,化学化工学院,化学,39,全日制,274
重庆科技大学,不是,不是,不是,是,冶金与动力工程学院,化学,3,全日制,274
重庆科技大学,不是,不是,不是,是,数理科学学院,应用统计,13,全日制,323
重庆科技大学,不是,不是,不是,是,外国语学院,国际商务,4,全日制,323
重庆科技大学,不是,不是,不是,是,经济与金融学院,国际商务,22,全日制,323
重庆科技大学,不是,不是,不是,是,化学化工学院,化学,39,全日制,274
重庆科技大学,不是,不是,不是,是,冶金与动力工程学院,化学,3,全日制,274
重庆科技大学,不是,不是,不是,是,材料与新能源学院,化学,13,全日制,274
重庆科技大学,不是,不是,不是,是,石油与天然气工程学院,石油与天然气工程,16,全日制,260
重庆科技大学,不是,不是,不是,是,电子与电气工程学院,新一代电子信息技术（含量子技术等）,10,全日制,260
重庆科技大学,不是,不是,不是,是,计算机科学与工程学院（人工智能学院）,计算机技术,32,全日制,260
重庆科技大学,不是,不是,不是,是,电子与电气工程学院,控制工程,27,全日制,260
重庆工商大学,不是,不是,不是,是,成渝地区双城经济圈建设研究院,国民经济学,1,全日制,323
重庆工商大学,不是,不是,不是,是,成渝地区双城经济圈建设研究院,区域经济学,20,全日制,323
重庆工商大学,不是,不是,不是,是,经济学院,财政学,5,全日制,323
重庆工商大学,不是,不是,不是,是,金融学院,金融学,30,全日制,323
重庆工商大学,不是,不是,不是,是,成渝地区双城经济圈建设研究院,国民经济学,1,全日制,323
重庆工商大学,不是,不是,不是,是,成渝地区双城经济圈建设研究院,区域经济学,20,全日制,323
重庆工商大学,不是,不是,不是,是,经济学院,财政学,5,全日制,323
重庆工商大学,不是,不是,不是,是,金融学院,金融学,30,全日制,323
重庆工商大学,不是,不是,不是,是,经济学院,产业经济学,25,全日制,323
重庆工商大学,不是,不是,不是,是,经济学院,国际贸易学,5,全日制,323
重庆工商大学,不是,不是,不是,是,成渝地区双城经济圈建设研究院,数量经济学,1,全日制,323
重庆工商大学,不是,不是,不是,是,金融学院,金融,80,全日制,323
重庆工商大学,不是,不是,不是,是,数学与统计学院,应用统计,41,全日制,323
重庆工商大学,不是,不是,不是,是,经济学院,税务,31,全日制,342
重庆工商大学,不是,不是,不是,是,工商管理学院,国际商务,35,全日制,323
重庆工商大学,不是,不是,不是,是,金融学院,保险,15,全日制,323
重庆工商大学,不是,不是,不是,是,经济学院,数字经济,15,全日制,323
重庆工商大学,不是,不是,不是,是,法学与社会学学院,社会学,19,全日制,350
四川外国语大学,不是,不是,不是,是,国际金融与贸易学院,金融,15,全日制,323
四川外国语大学,不是,不是,不是,是,国际金融与贸易学院,国际商务,52,全日制,323
四川外国语大学,不是,不是,不是,是,马克思主义学院,马克思主义理论,25,全日制,360
四川外国语大学,不是,不是,不是,是,国际法学与社会学院,法律（非法学）,15,全日制,323
四川外国语大学,不是,不是,不是,是,国际法学与社会学院,社会工作,47,全日制,323
四川外国语大学,不是,不是,不是,是,国际金融与贸易学院,金融,15,全日制,323
四川外国语大学,不是,不是,不是,是,国际金融与贸易学院,国际商务,52,全日制,323
四川外国语大学,不是,不是,不是,是,马克思主义学院,马克思主义理论,25,全日制,360
四川外国语大学,不是,不是,不是,是,国际法学与社会学院,法律（非法学）,15,全日制,323
四川外国语大学,不是,不是,不是,是,国际法学与社会学院,社会工作,47,全日制,323
四川外国语大学,不是,不是,不是,是,国际教育学院,教育学,13,全日制,341
四川外国语大学,不是,不是,不是,是,国际教育学院,教育管理,25,非全日制,341
四川外国语大学,不是,不是,不是,是,国际教育学院,学科教学（英语）,52,全日制,341
四川外国语大学,不是,不是,不是,是,中国语言文化学院,国际中文教育,48,全日制,341
四川外国语大学,不是,不是,不是,是,中国语言文化学院,文艺学,4,全日制,351
重庆文理学院,不是,不是,不是,是,师范学院,学科教学（思政）,12,全日制,341
重庆文理学院,不是,不是,不是,是,师范学院,学科教学（语文）,12,全日制,341
重庆文理学院,不是,不是,不是,是,师范学院,小学教育,12,全日制,341
重庆文理学院,不是,不是,不是,是,师范学院,心理健康教育,10,全日制,341
重庆文理学院,不是,不是,不是,是,材料科学与工程学院,化学,29,全日制,274
重庆三峡科技大学,不是,不是,不是,是,财经学院,国际商务,20,全日制,323
重庆三峡科技大学,不是,不是,不是,是,马克思主义学院,学科教学（思政）,30,全日制,341
重庆三峡科技大学,不是,不是,不是,是,文学院,学科教学（语文）,40,全日制,341
重庆三峡科技大学,不是,不是,不是,是,数学与统计学院,学科教学（数学）,40,全日制,341
重庆三峡科技大学,不是,不是,不是,是,教师教育学院,学科教学（物理）,10,全日制,341
重庆三峡科技大学,不是,不是,不是,是,财经学院,国际商务,20,全日制,323
重庆三峡科技大学,不是,不是,不是,是,马克思主义学院,学科教学（思政）,30,全日制,341
重庆三峡科技大学,不是,不是,不是,是,文学院,学科教学（语文）,40,全日制,341
重庆三峡科技大学,不是,不是,不是,是,数学与统计学院,学科教学（数学）,40,全日制,341
重庆三峡科技大学,不是,不是,不是,是,教师教育学院,学科教学（物理）,10,全日制,341
重庆三峡科技大学,不是,不是,不是,是,环境与化学工程学院,学科教学（化学）,10,全日制,341
重庆三峡科技大学,不是,不是,不是,是,生物与食品工程学院,学科教学（生物）,10,全日制,341
重庆三峡科技大学,不是,不是,不是,是,外国语学院,学科教学（英语）,45,全日制,370
重庆三峡科技大学,不是,不是,不是,是,体育与健康学院,学科教学（体育）,20,全日制,341
重庆三峡科技大学,不是,不是,不是,是,美术学院,学科教学（美术）,20,全日制,341
陆军军医大学,不是,不是,不是,是,不区分院系,应用心理,14,全日制,341
陆军军医大学,不是,不是,不是,是,不区分院系,动物学,1,全日制,274
陆军军医大学,不是,不是,不是,是,不区分院系,生理学,8,全日制,274
陆军军医大学,不是,不是,不是,是,不区分院系,微生物学,9,全日制,274
陆军军医大学,不是,不是,不是,是,不区分院系,神经生物学,3,全日制,274
陆军军医大学,不是,不是,不是,是,不区分院系,应用心理,14,全日制,341
陆军军医大学,不是,不是,不是,是,不区分院系,动物学,1,全日制,274
陆军军医大学,不是,不是,不是,是,不区分院系,生理学,8,全日制,274
陆军军医大学,不是,不是,不是,是,不区分院系,微生物学,9,全日制,274
陆军军医大学,不是,不是,不是,是,不区分院系,神经生物学,3,全日制,274
陆军军医大学,不是,不是,不是,是,不区分院系,遗传学,1,全日制,274
陆军军医大学,不是,不是,不是,是,不区分院系,发育生物学,5,全日制,274
陆军军医大学,不是,不是,不是,是,不区分院系,细胞生物学,7,全日制,274
陆军军医大学,不是,不是,不是,是,不区分院系,生物化学与分子生物学,8,全日制,274
陆军军医大学,不是,不是,不是,是,不区分院系,生物医学工程,24,全日制,260
陆军军医大学,不是,不是,不是,是,不区分院系,电子信息,8,全日制,260
陆军军医大学,不是,不是,不是,是,不区分院系,人体解剖与组织胚胎学,20,全日制,293
陆军军医大学,不是,不是,不是,是,不区分院系,免疫学,16,全日制,293
陆军军医大学,不是,不是,不是,是,不区分院系,病原生物学,10,全日制,293
陆军军医大学,不是,不是,不是,是,不区分院系,病理学与病理生理学,12,全日制,293
陆军军医大学,不是,不是,不是,是,不区分院系,内科学,74,全日制,293
陆军军医大学,不是,不是,不是,是,不区分院系,儿科学,3,全日制,293
陆军军医大学,不是,不是,不是,是,不区分院系,老年医学,1,全日制,293
陆军军医大学,不是,不是,不是,是,不区分院系,神经病学,16,全日制,293
陆军军医大学,不是,不是,不是,是,不区分院系,皮肤病与性病学,8,全日制,293
四川美术学院,不是,不是,不是,是,建筑与环境艺术学院,风景园林,32,全日制,260
四川美术学院,不是,不是,不是,是,马克思主义学院,艺术学,5,全日制,351
四川美术学院,不是,不是,不是,是,艺术人文学院,艺术学,79,全日制,351
四川美术学院,不是,不是,不是,是,艺术教育学院,艺术学,7,全日制,351
四川美术学院,不是,不是,不是,是,影视动画学院,戏剧与影视,44,全日制,351
中共重庆市委党校,不是,不是,不是,不是,哲学教研部,马克思主义哲学,3,全日制,321
中共重庆市委党校,不是,不是,不是,不是,经济学教研部,政治经济学,4,全日制,323
长江师范学院,不是,不是,不是,是,教师教育学院,教育管理,4,全日制,341
长江师范学院,不是,不是,不是,是,马克思主义学院,学科教学（思政）,11,全日制,341
长江师范学院,不是,不是,不是,是,教师教育学院,学科教学（语文）,14,全日制,341
长江师范学院,不是,不是,不是,是,数学与统计学院,学科教学（数学）,8,全日制,341
长江师范学院,不是,不是,不是,是,电子信息工程学院,学科教学（物理）,4,全日制,341
中国科学院重庆绿色智能技术研究院,不是,不是,不是,不是,不区分院系,生态学,3,全日制,274
中国科学院重庆绿色智能技术研究院,不是,不是,不是,不是,不区分院系,光学工程,1,全日制,260
中国科学院重庆绿色智能技术研究院,不是,不是,不是,不是,不区分院系,材料物理与化学,1,全日制,260
中国科学院重庆绿色智能技术研究院,不是,不是,不是,不是,不区分院系,计算机软件与理论,1,全日制,260
中国科学院重庆绿色智能技术研究院,不是,不是,不是,不是,不区分院系,环境科学,1,全日制,260
西南民族大学,不是,不是,不是,是,哲学学院,哲学,35,全日制,321
西南民族大学,不是,不是,不是,是,经济学院,应用经济学,24,全日制,323
西南民族大学,不是,不是,不是,是,经济学院,金融,44,全日制,323
西南民族大学,不是,不是,不是,是,数学学院,应用统计,12,全日制,323
西南民族大学,不是,不是,不是,是,经济学院,国际商务,7,全日制,323
西南民族大学,不是,不是,不是,是,哲学学院,哲学,35,全日制,321
西南民族大学,不是,不是,不是,是,经济学院,应用经济学,24,全日制,323
西南民族大学,不是,不是,不是,是,经济学院,金融,44,全日制,323
西南民族大学,不是,不是,不是,是,数学学院,应用统计,12,全日制,323
西南民族大学,不是,不是,不是,是,经济学院,国际商务,7,全日制,323
西南民族大学,不是,不是,不是,是,经济学院,保险,8,全日制,323
西南民族大学,不是,不是,不是,是,民族学与社会学学院、西南民族研究院,社会学,21,全日制,323
西南民族大学,不是,不是,不是,是,民族学与社会学学院、西南民族研究院,民族学,47,全日制,323
西南民族大学,不是,不是,不是,是,马克思主义学院,马克思主义理论,24,全日制,327
西南民族大学,不是,不是,不是,是,法学院,法律（非法学）,26,全日制,323
西南民族大学,不是,不是,不是,是,法学院,法律（法学）,26,全日制,323
西南民族大学,不是,不是,不是,是,民族学与社会学学院、西南民族研究院,社会工作,10,全日制,323
西南民族大学,不是,不是,不是,是,教育学与心理学学院,教育管理,14,全日制,341
西南民族大学,不是,不是,不是,是,马克思主义学院,学科教学（思政）,24,全日制,341
西南民族大学,不是,不是,不是,是,数学学院,学科教学（数学）,7,全日制,341
西南民族大学,不是,不是,不是,是,教育学与心理学学院,小学教育,10,全日制,341
西南民族大学,不是,不是,不是,是,教育学与心理学学院,学前教育,8,全日制,341
西南民族大学,不是,不是,不是,是,体育学院,体育教学,12,全日制,304
西南民族大学,不是,不是,不是,是,教育学与心理学学院,应用心理,19,全日制,365
成都信息工程大学,不是,不是,不是,是,统计学院,应用经济学,5,全日制,323
成都信息工程大学,不是,不是,不是,是,统计学院,金融,6,全日制,323
成都信息工程大学,不是,不是,不是,是,统计学院,应用统计,29,全日制,323
成都信息工程大学,不是,不是,不是,是,物流学院,国际商务,12,全日制,323
成都信息工程大学,不是,不是,不是,是,马克思主义学院,马克思主义理论,8,全日制,323
成都信息工程大学,不是,不是,不是,是,统计学院,应用经济学,5,全日制,323
成都信息工程大学,不是,不是,不是,是,统计学院,金融,6,全日制,323
成都信息工程大学,不是,不是,不是,是,统计学院,应用统计,29,全日制,323
成都信息工程大学,不是,不是,不是,是,物流学院,国际商务,12,全日制,323
成都信息工程大学,不是,不是,不是,是,马克思主义学院,马克思主义理论,8,全日制,323
成都信息工程大学,不是,不是,不是,是,文化艺术学院,社会工作,18,全日制,323
成都信息工程大学,不是,不是,不是,是,文化艺术学院,社会工作,9,非全日制,323
成都信息工程大学,不是,不是,不是,是,文化艺术学院,国际中文教育,9,全日制,341
成都信息工程大学,不是,不是,不是,是,文化艺术学院,国际中文教育,1,非全日制,341
成都信息工程大学,不是,不是,不是,是,外国语学院,英语笔译,5,全日制,351
成都信息工程大学,不是,不是,不是,是,应用数学学院,数学,15,全日制,274
成都信息工程大学,不是,不是,不是,是,大气科学学院,大气科学,71,全日制,274
成都信息工程大学,不是,不是,不是,是,联合培养专项—高原院,大气科学,8,全日制,274
成都信息工程大学,不是,不是,不是,是,统计学院,统计学,22,全日制,274
成都信息工程大学,不是,不是,不是,是,大气科学学院,气象,26,全日制,274
四川大学,是,是,是,不是,哲学系,哲学,25,全日制,355
四川大学,是,是,是,不是,道教与宗教文化研究所,美学,6,全日制,355
四川大学,是,是,是,不是,道教与宗教文化研究所,宗教学,19,全日制,355
四川大学,是,是,是,不是,经济学院,理论经济学,42,全日制,325
四川大学,是,是,是,不是,经济学院,应用经济学,44,全日制,325
四川大学,是,是,是,不是,哲学系,哲学,25,全日制,355
四川大学,是,是,是,不是,道教与宗教文化研究所,美学,6,全日制,355
四川大学,是,是,是,不是,道教与宗教文化研究所,宗教学,19,全日制,355
四川大学,是,是,是,不是,经济学院,理论经济学,42,全日制,325
四川大学,是,是,是,不是,经济学院,应用经济学,44,全日制,325
四川大学,是,是,是,不是,经济学院,金融,58,全日制,365
四川大学,是,是,是,不是,经济学院,应用统计,14,全日制,365
四川大学,是,是,是,不是,数学学院,应用统计,28,全日制,365
四川大学,是,是,是,不是,法学院,法学,108,全日制,335
四川大学,是,是,是,不是,公共管理学院,政治学,5,全日制,335
四川大学,是,是,是,不是,马克思主义学院,政治学,6,全日制,335
四川大学,是,是,是,不是,国际关系学院,政治学,38,全日制,335
四川大学,是,是,是,不是,公共管理学院,社会学,15,全日制,335
四川大学,是,是,是,不是,马克思主义学院,马克思主义理论,67,全日制,365
四川大学,是,是,是,不是,法学院,法律（非法学）,48,全日制,335
四川大学,是,是,是,不是,法学院,法律（非法学）,20,非全日制,335
四川大学,是,是,是,不是,法学院,法律（法学）,25,全日制,335
四川大学,是,是,是,不是,法学院,法律（法学）,10,非全日制,335
四川大学,是,是,是,不是,公共管理学院,社会工作,8,全日制,340
四川大学,是,是,是,不是,体育学院/体育科学研究所,体育学,14,全日制,320
四川大学,是,是,是,不是,体育学院/体育科学研究所,体育教学,16,全日制,340
四川大学,是,是,是,不是,文学与新闻学院（新闻学院、出版学院）,国际中文教育,67,全日制,345
四川大学,是,是,是,不是,公共管理学院,应用心理,13,全日制,345
四川大学,是,是,是,不是,文学与新闻学院（新闻学院、出版学院）,文艺学,11,全日制,355
四川大学,是,是,是,不是,文学与新闻学院（新闻学院、出版学院）,语言学及应用语言学,9,全日制,355
四川大学,是,是,是,不是,文学与新闻学院（新闻学院、出版学院）,汉语言文字学,14,全日制,355
四川大学,是,是,是,不是,文学与新闻学院（新闻学院、出版学院）,中国古典文献学,8,全日制,355
四川大学,是,是,是,不是,文学与新闻学院（新闻学院、出版学院）,中国古代文学,16,全日制,355
四川大学,是,是,是,不是,文学与新闻学院（新闻学院、出版学院）,中国现当代文学,15,全日制,355
四川大学,是,是,是,不是,文学与新闻学院（新闻学院、出版学院）,中国少数民族语言文学,3,全日制,355
四川大学,是,是,是,不是,文学与新闻学院（新闻学院、出版学院）,比较文学与世界文学,15,全日制,355
四川大学,是,是,是,不是,外国语学院,英语语言文学,32,全日制,355
四川大学,是,是,是,不是,外国语学院,俄语语言文学,7,全日制,355
四川大学,是,是,是,不是,外国语学院,法语语言文学,6,全日制,355
四川大学,是,是,是,不是,外国语学院,日语语言文学,5,全日制,355
四川大学,是,是,是,不是,外国语学院,西班牙语语言文学,3,全日制,355
四川大学,是,是,是,不是,外国语学院,外国语言学及应用语言学,10,全日制,355
四川大学,是,是,是,不是,文学与新闻学院（新闻学院、出版学院）,新闻学,9,全日制,355
四川大学,是,是,是,不是,文学与新闻学院（新闻学院、出版学院）,传播学,11,全日制,355
四川大学,是,是,是,不是,外国语学院,英语笔译,28,全日制,365
四川大学,是,是,是,不是,外国语学院,英语口译,8,全日制,365
四川大学,是,是,是,不是,文学与新闻学院（新闻学院、出版学院）,新闻与传播,68,全日制,360
四川大学,是,是,是,不是,文学与新闻学院（新闻学院、出版学院）,出版,16,全日制,355
四川大学,是,是,是,不是,历史文化学院（旅游学院、考古文博学院）,考古学,16,全日制,336
四川大学,是,是,是,不是,历史文化学院（旅游学院、考古文博学院）,中国史,38,全日制,336
四川大学,是,是,是,不是,历史文化学院（旅游学院、考古文博学院）,世界史,15,全日制,336
四川大学,是,是,是,不是,历史文化学院（旅游学院、考古文博学院）,博物馆,15,全日制,340
四川大学,是,是,是,不是,历史文化学院（旅游学院、考古文博学院）,博物馆,10,非全日制,340
四川大学,是,是,是,不是,数学学院,数学,2,全日制,305
四川大学,是,是,是,不是,数学学院,数学,1,全日制,305
四川大学,是,是,是,不是,物理学院,物理学,53,全日制,305
四川大学,是,是,是,不是,原子核科学技术研究所/辐射物理及技术教育部重点实验室,物理学,1,全日制,305
四川大学,是,是,是,不是,原子与分子物理研究所,物理学,32,全日制,305
四川大学,是,是,是,不是,化学学院,化学,103,全日制,305
四川大学,是,是,是,不是,化学学院,化学,1,全日制,305
四川大学,是,是,是,不是,生物医学工程学院/生物材料工程研究中心,化学,2,全日制,305
四川大学,是,是,是,不是,原子核科学技术研究所/辐射物理及技术教育部重点实验室,化学,2,全日制,305
四川大学,是,是,是,不是,原子与分子物理研究所,化学,4,全日制,305
四川大学,是,是,是,不是,分析测试中心,化学,12,全日制,305
四川大学,是,是,是,不是,生物治疗全国重点实验室/国家综合性新药研究开发技术大平台/生物治疗协同创新中心,有机化学,2,全日制,305
四川大学,是,是,是,不是,生命科学学院,生物学,136,全日制,305
四川大学,是,是,是,不是,医学前沿科学中心,生物学,7,全日制,305
四川大学,是,是,是,不是,口腔医学院/口腔疾病防治全国重点实验室,生物学,14,全日制,305
四川大学,是,是,是,不是,生物治疗全国重点实验室/国家综合性新药研究开发技术大平台/生物治疗协同创新中心,微生物学,2,全日制,305
四川大学,是,是,是,不是,生物治疗全国重点实验室/国家综合性新药研究开发技术大平台/生物治疗协同创新中心,遗传学,7,全日制,305
四川大学,是,是,是,不是,生物治疗全国重点实验室/国家综合性新药研究开发技术大平台/生物治疗协同创新中心,细胞生物学,18,全日制,305
四川大学,是,是,是,不是,生物治疗全国重点实验室/国家综合性新药研究开发技术大平台/生物治疗协同创新中心,生物化学与分子生物学,18,全日制,305
四川大学,是,是,是,不是,生命科学学院,生态学,17,全日制,305
四川大学,是,是,是,不是,数学学院,统计学,9,全日制,305
四川大学,是,是,是,不是,建筑与环境学院,力学,14,全日制,300
电子科技大学,是,是,是,不是,经济与管理学院,应用经济学,16,全日制,330
电子科技大学,是,是,是,不是,经济与管理学院,金融,25,全日制,330
电子科技大学,是,是,是,不是,经济与管理学院,金融,4,非全日制,330
电子科技大学,是,是,是,不是,马克思主义学院,马克思主义理论,63,全日制,360
电子科技大学,是,是,是,不是,生命科学与技术学院,心理学,11,全日制,341
电子科技大学,是,是,是,不是,经济与管理学院,应用经济学,16,全日制,330
电子科技大学,是,是,是,不是,经济与管理学院,金融,25,全日制,330
电子科技大学,是,是,是,不是,经济与管理学院,金融,4,非全日制,330
电子科技大学,是,是,是,不是,马克思主义学院,马克思主义理论,63,全日制,360
电子科技大学,是,是,是,不是,生命科学与技术学院,心理学,11,全日制,341
电子科技大学,是,是,是,不是,外国语学院,外国语言文学,36,全日制,365
电子科技大学,是,是,是,不是,公共管理学院,新闻传播学,9,全日制,365
电子科技大学,是,是,是,不是,外国语学院,翻译,40,全日制,365
电子科技大学,是,是,是,不是,外国语学院,翻译,5,非全日制,365
电子科技大学,是,是,是,不是,公共管理学院,新闻与传播,17,全日制,355
电子科技大学,是,是,是,不是,数学科学学院,数学,78,全日制,300
电子科技大学,是,是,是,不是,物理学院,物理学,66,全日制,300
电子科技大学,是,是,是,不是,医学院,生物学,25,全日制,300
电子科技大学,是,是,是,不是,生命科学与技术学院,生物学,41,全日制,300
电子科技大学,是,是,是,不是,电子科学技术研究院,系统科学,16,全日制,300
电子科技大学,是,是,是,不是,数学科学学院,统计学,16,全日制,300
电子科技大学,是,是,是,不是,机械与电气工程学院,机械工程,58,全日制,310
电子科技大学,是,是,是,不是,光电科学与工程学院,光学工程,109,全日制,310
电子科技大学,是,是,是,不是,基础与前沿研究院,光学工程,11,全日制,310
电子科技大学,是,是,是,不是,自动化工程学院,仪器科学与技术,67,全日制,310
电子科技大学,是,是,是,不是,材料与能源学院,材料科学与工程,106,全日制,310
电子科技大学,是,是,是,不是,基础与前沿研究院,材料科学与工程,30,全日制,310
电子科技大学,是,是,是,不是,电子科学与工程学院,材料科学与工程,26,全日制,310
电子科技大学,是,是,是,不是,机械与电气工程学院,电气工程,37,全日制,310
电子科技大学,是,是,是,不是,电子科学与工程学院,电子科学与技术,181,全日制,310
电子科技大学,是,是,是,不是,电子科学与工程学院,电子科学与技术,2,全日制,310
电子科技大学,是,是,是,不是,信息与通信工程学院,信息与通信工程,319,全日制,310
电子科技大学,是,是,是,不是,信息与通信工程学院,信息与通信工程,1,全日制,310
电子科技大学,是,是,是,不是,通信抗干扰全国重点实验室,信息与通信工程,76,全日制,310
电子科技大学,是,是,是,不是,自动化工程学院,控制科学与工程,75,全日制,310
西南交通大学,不是,是,是,不是,经济管理学院,应用经济学,15,全日制,350
西南交通大学,不是,是,是,不是,数学学院,应用统计,10,全日制,330
西南交通大学,不是,是,是,不是,公共管理学院,法学,9,全日制,323
西南交通大学,不是,是,是,不是,马克思主义学院,马克思主义理论,60,全日制,325
西南交通大学,不是,是,是,不是,马克思主义学院,马克思主义理论,5,非全日制,325
西南交通大学,不是,是,是,不是,经济管理学院,应用经济学,15,全日制,350
西南交通大学,不是,是,是,不是,数学学院,应用统计,10,全日制,330
西南交通大学,不是,是,是,不是,公共管理学院,法学,9,全日制,323
西南交通大学,不是,是,是,不是,马克思主义学院,马克思主义理论,60,全日制,325
西南交通大学,不是,是,是,不是,马克思主义学院,马克思主义理论,5,非全日制,325
西南交通大学,不是,是,是,不是,公共管理学院,法律（非法学）,13,全日制,323
西南交通大学,不是,是,是,不是,公共管理学院,法律（法学）,14,全日制,323
西南交通大学,不是,是,是,不是,心理研究与咨询中心,心理学,5,全日制,341
西南交通大学,不是,是,是,不是,体育学院,体育,35,全日制,325
西南交通大学,不是,是,是,不是,外国语学院,国际中文教育,10,全日制,341
西南交通大学,不是,是,是,不是,心理研究与咨询中心,应用心理,27,全日制,385
西南交通大学,不是,是,是,不是,人文学院,中国语言文学,46,全日制,358
西南交通大学,不是,是,是,不是,外国语学院,外国语言文学,28,全日制,351
西南交通大学,不是,是,是,不是,人文学院,新闻传播学,24,全日制,355
西南交通大学,不是,是,是,不是,外国语学院,英语笔译,28,全日制,370
西南交通大学,不是,是,是,不是,联合培养专项,英语笔译,5,全日制,351
西南交通大学,不是,是,是,不是,人文学院,新闻与传播,18,全日制,385
西南交通大学,不是,是,是,不是,数学学院,数学,67,全日制,275
西南交通大学,不是,是,是,不是,物理科学与技术学院,物理学,95,全日制,330
西南交通大学,不是,是,是,不是,化学学院,化学,25,全日制,355
西南交通大学,不是,是,是,不是,生命科学与工程学院,生物学,28,全日制,320
西南交通大学,不是,是,是,不是,交通运输与物流学院,系统科学,12,全日制,274
西南交通大学,不是,是,是,不是,数学学院,统计学,25,全日制,290
西南交通大学,不是,是,是,不是,力学与航空航天学院,力学,67,全日制,285
西南交通大学,不是,是,是,不是,机械工程学院,机械工程,76,全日制,310
西南交通大学,不是,是,是,不是,机械工程学院,车辆工程,22,全日制,295
西南交通大学,不是,是,是,不是,轨道交通运载系统全国重点实验室,车辆工程,31,全日制,305
西南交通大学,不是,是,是,不是,材料科学与工程学院,材料科学与工程,57,全日制,310
西南交通大学,不是,是,是,不是,化学学院,材料科学与工程,10,全日制,285
西南交通大学,不是,是,是,不是,机械工程学院,动力工程及工程热物理,18,全日制,270
西南交通大学,不是,是,是,不是,电气工程学院,电气工程,104,全日制,335
西南交通大学,不是,是,是,不是,物理科学与技术学院,电子科学与技术,20,全日制,270
西南财经大学,不是,是,是,不是,经济学院,政治经济学,18,全日制,323
西南财经大学,不是,是,是,不是,经济学院,经济史,2,全日制,323
西南财经大学,不是,是,是,不是,经济学院,西方经济学,25,全日制,323
西南财经大学,不是,是,是,不是,经济与管理研究院,西方经济学,23,全日制,323
西南财经大学,不是,是,是,不是,经济学院,世界经济,7,全日制,323
西南财经大学,不是,是,是,不是,经济学院,政治经济学,18,全日制,323
西南财经大学,不是,是,是,不是,经济学院,经济史,2,全日制,323
西南财经大学,不是,是,是,不是,经济学院,西方经济学,25,全日制,323
西南财经大学,不是,是,是,不是,经济与管理研究院,西方经济学,23,全日制,323
西南财经大学,不是,是,是,不是,经济学院,世界经济,7,全日制,323
西南财经大学,不是,是,是,不是,经济学院,人口、资源与环境经济学,4,全日制,323
西南财经大学,不是,是,是,不是,中国西部经济研究院,国民经济学,5,全日制,323
西南财经大学,不是,是,是,不是,中国西部经济研究院,区域经济学,6,全日制,323
西南财经大学,不是,是,是,不是,财政税务学院,财政学,18,全日制,323
西南财经大学,不是,是,是,不是,财政税务学院,财政学,3,全日制,323
西南财经大学,不是,是,是,不是,经济与管理研究院,金融学,24,全日制,323
西南财经大学,不是,是,是,不是,金融学院,金融学,61,全日制,323
西南财经大学,不是,是,是,不是,中国金融研究院,金融学,53,全日制,323
西南财经大学,不是,是,是,不是,中国西部经济研究院,产业经济学,9,全日制,323
西南财经大学,不是,是,是,不是,中国西部经济研究院,产业经济学,2,全日制,323
西南财经大学,不是,是,是,不是,国际商学院,国际贸易学,25,全日制,323
西南财经大学,不是,是,是,不是,公共管理学院,劳动经济学,4,全日制,323
西南财经大学,不是,是,是,不是,统计与数据科学学院,数量经济学,17,全日制,323
西南财经大学,不是,是,是,不是,金融学院,金融,325,全日制,323
西南财经大学,不是,是,是,不是,统计与数据科学学院,应用统计,113,全日制,323
西南财经大学,不是,是,是,不是,财政税务学院,税务,123,全日制,323
西南财经大学,不是,是,是,不是,国际商学院,国际商务,125,全日制,323
西南财经大学,不是,是,是,不是,金融学院,保险,90,全日制,323
西南财经大学,不是,是,是,不是,财政税务学院,资产评估,54,全日制,323
西南财经大学,不是,是,是,不是,经济学院,数字经济,36,全日制,323
西南石油大学,不是,不是,是,不是,经济管理学院,应用经济学,25,全日制,323
西南石油大学,不是,不是,是,不是,理学院,应用统计,59,全日制,323
西南石油大学,不是,不是,是,不是,理学院,应用统计,8,非全日制,323
西南石油大学,不是,不是,是,不是,法学院,社会学,25,全日制,323
西南石油大学,不是,不是,是,不是,马克思主义学院,马克思主义理论,62,全日制,337
西南石油大学,不是,不是,是,不是,经济管理学院,应用经济学,25,全日制,323
西南石油大学,不是,不是,是,不是,理学院,应用统计,59,全日制,323
西南石油大学,不是,不是,是,不是,理学院,应用统计,8,非全日制,323
西南石油大学,不是,不是,是,不是,法学院,社会学,25,全日制,323
西南石油大学,不是,不是,是,不是,马克思主义学院,马克思主义理论,62,全日制,337
西南石油大学,不是,不是,是,不是,马克思主义学院,中共党史党建学,35,全日制,323
西南石油大学,不是,不是,是,不是,法学院,法律（非法学）,34,全日制,323
西南石油大学,不是,不是,是,不是,法学院,法律（非法学）,14,非全日制,323
西南石油大学,不是,不是,是,不是,法学院,法律（法学）,30,全日制,323
西南石油大学,不是,不是,是,不是,法学院,法律（法学）,14,非全日制,323
西南石油大学,不是,不是,是,不是,法学院,法律（法学）,1,非全日制,323
西南石油大学,不是,不是,是,不是,法学院,社会工作,57,全日制,323
西南石油大学,不是,不是,是,不是,法学院,社会工作,24,非全日制,323
西南石油大学,不是,不是,是,不是,法学院,社会工作,1,非全日制,323
西南石油大学,不是,不是,是,不是,体育学院,体育教学,13,全日制,304
西南石油大学,不是,不是,是,不是,体育学院,运动训练,12,全日制,304
西南石油大学,不是,不是,是,不是,外国语学院,外国语言学及应用语言学,24,全日制,351
西南石油大学,不是,不是,是,不是,外国语学院,英语笔译,61,全日制,351
西南石油大学,不是,不是,是,不是,外国语学院,俄语笔译,20,全日制,351
西南石油大学,不是,不是,是,不是,理学院,数学,29,全日制,274
四川农业大学,不是,是,是,不是,经济学院,金融,50,全日制,323
四川农业大学,不是,是,是,不是,经济学院,金融,20,非全日制,323
四川农业大学,不是,是,是,不是,马克思主义学院,马克思主义理论,43,全日制,349
四川农业大学,不是,是,是,不是,法学院,法律（非法学）,8,全日制,323
四川农业大学,不是,是,是,不是,经济学院,金融,50,全日制,323
四川农业大学,不是,是,是,不是,经济学院,金融,20,非全日制,323
四川农业大学,不是,是,是,不是,马克思主义学院,马克思主义理论,43,全日制,349
四川农业大学,不是,是,是,不是,法学院,法律（非法学）,8,全日制,323
四川农业大学,不是,是,是,不是,法学院,法律（法学）,14,全日制,323
四川农业大学,不是,是,是,不是,法学院,法律（法学）,15,非全日制,323
四川农业大学,不是,是,是,不是,体育学院,体育,12,全日制,304
四川农业大学,不是,是,是,不是,人文学院,英语笔译,14,全日制,351
四川农业大学,不是,是,是,不是,生命科学学院,植物学,10,全日制,274
四川农业大学,不是,是,是,不是,生命科学学院,动物学,8,全日制,274
四川农业大学,不是,是,是,不是,生命科学学院,微生物学,4,全日制,274
四川农业大学,不是,是,是,不是,生命科学学院,细胞生物学,6,全日制,295
四川农业大学,不是,是,是,不是,生命科学学院,生物化学与分子生物学,9,全日制,274
四川农业大学,不是,是,是,不是,水稻研究所,生物化学与分子生物学,16,全日制,300
四川农业大学,不是,是,是,不是,玉米研究所,生物化学与分子生物学,10,全日制,274
四川农业大学,不是,是,是,不是,国家重点实验室,生物化学与分子生物学,4,全日制,274
四川农业大学,不是,是,是,不是,土木工程学院,土木工程,5,全日制,260
四川农业大学,不是,是,是,不是,土木工程学院,市政工程,3,全日制,260
四川农业大学,不是,是,是,不是,机电学院,农业机械化工程,6,全日制,251
四川农业大学,不是,是,是,不是,水利水电学院,农业水土工程,7,全日制,251
四川农业大学,不是,是,是,不是,机电学院,农业电气化与自动化,6,全日制,251
成都理工大学,不是,不是,是,不是,商学院,应用经济学,35,全日制,323
成都理工大学,不是,不是,是,不是,商学院,金融,21,全日制,325
成都理工大学,不是,不是,是,不是,商学院,金融,1,全日制,325
成都理工大学,不是,不是,是,不是,商学院,国际商务,21,全日制,346
成都理工大学,不是,不是,是,不是,商学院,应用经济学,35,全日制,323
成都理工大学,不是,不是,是,不是,商学院,金融,21,全日制,325
成都理工大学,不是,不是,是,不是,商学院,金融,1,全日制,325
成都理工大学,不是,不是,是,不是,商学院,国际商务,21,全日制,346
成都理工大学,不是,不是,是,不是,马克思主义学院,马克思主义理论,85,全日制,346
成都理工大学,不是,不是,是,不是,体育学院,体育,21,全日制,304
成都理工大学,不是,不是,是,不是,外国语学院,外国语言文学,14,全日制,351
成都理工大学,不是,不是,是,不是,传播科学与艺术学院,新闻传播学,23,全日制,351
成都理工大学,不是,不是,是,不是,外国语学院,英语笔译,50,全日制,375
成都理工大学,不是,不是,是,不是,外国语学院,英语口译,16,全日制,353
成都理工大学,不是,不是,是,不是,材料与化学化工学院（锂资源与锂电产业学院）,化学,36,全日制,287
成都中医药大学,不是,不是,是,不是,马克思主义学院,马克思主义理论,21,全日制,323
成都中医药大学,不是,不是,是,不是,医学与生命科学学院,内科学,5,全日制,293
成都中医药大学,不是,不是,是,不是,马克思主义学院,马克思主义理论,21,全日制,323
成都中医药大学,不是,不是,是,不是,医学与生命科学学院,内科学,5,全日制,293
成都中医药大学,不是,不是,是,不是,医学与生命科学学院,影像医学与核医学,5,全日制,293
成都中医药大学,不是,不是,是,不是,医学技术学院,临床检验诊断学,23,全日制,322
成都中医药大学,不是,不是,是,不是,医学与生命科学学院,外科学,2,全日制,293
成都中医药大学,不是,不是,是,不是,医学与生命科学学院,妇产科学,3,全日制,293
成都中医药大学,不是,不是,是,不是,眼科学院,眼科学,4,全日制,293
成都中医药大学,不是,不是,是,不是,医学与生命科学学院,肿瘤学,4,全日制,293
成都中医药大学,不是,不是,是,不是,养生康复学院,康复医学与理疗学,20,全日制,337
成都中医药大学,不是,不是,是,不是,医学与生命科学学院,运动医学,1,全日制,293
成都中医药大学,不是,不是,是,不是,公共卫生学院,流行病与卫生统计学,6,全日制,377
成都中医药大学,不是,不是,是,不是,公共卫生学院,劳动卫生与环境卫生学,9,全日制,293
成都中医药大学,不是,不是,是,不是,公共卫生学院,营养与食品卫生学,3,全日制,293
成都中医药大学,不是,不是,是,不是,公共卫生学院,儿少卫生与妇幼保健学,2,全日制,293
成都中医药大学,不是,不是,是,不是,公共卫生学院,卫生毒理学,3,全日制,293
成都中医药大学,不是,不是,是,不是,基础医学院,中医基础理论,5,全日制,293
成都中医药大学,不是,不是,是,不是,基础医学院,中医临床基础,7,全日制,293
四川师范大学,不是,不是,不是,是,哲学学院,哲学,17,全日制,321
四川师范大学,不是,不是,不是,是,文学院,美学,14,全日制,321
四川师范大学,不是,不是,不是,是,经济与管理学院,理论经济学,25,全日制,323
四川师范大学,不是,不是,不是,是,经济与管理学院,应用经济学,11,全日制,323
四川师范大学,不是,不是,不是,是,数学科学学院,应用统计,10,全日制,323
四川师范大学,不是,不是,不是,是,哲学学院,哲学,17,全日制,321
四川师范大学,不是,不是,不是,是,文学院,美学,14,全日制,321
四川师范大学,不是,不是,不是,是,经济与管理学院,理论经济学,25,全日制,323
四川师范大学,不是,不是,不是,是,经济与管理学院,应用经济学,11,全日制,323
四川师范大学,不是,不是,不是,是,数学科学学院,应用统计,10,全日制,323
四川师范大学,不是,不是,不是,是,法学院,法学,15,全日制,323
四川师范大学,不是,不是,不是,是,马克思主义学院,马克思主义理论,12,全日制,333
四川师范大学,不是,不是,不是,是,法学院,法律（非法学）,10,全日制,323
四川师范大学,不是,不是,不是,是,法学院,法律（法学）,19,全日制,323
四川师范大学,不是,不是,不是,是,教育科学学院,教育学,34,全日制,341
四川师范大学,不是,不是,不是,是,心理学院,心理学,23,全日制,341
四川师范大学,不是,不是,不是,是,脑与心理科学研究院,心理学,48,全日制,341
四川师范大学,不是,不是,不是,是,体育学院,体育学,8,全日制,304
四川师范大学,不是,不是,不是,是,教育科学学院,教育管理,45,非全日制,350
四川师范大学,不是,不是,不是,是,马克思主义学院,学科教学（思政）,43,全日制,368
四川师范大学,不是,不是,不是,是,文学院,学科教学（语文）,45,全日制,352
四川师范大学,不是,不是,不是,是,数学科学学院,学科教学（数学）,27,全日制,348
四川师范大学,不是,不是,不是,是,物理与电子工程学院,学科教学（物理）,23,全日制,341
四川师范大学,不是,不是,不是,是,化学与材料科学学院,学科教学（化学）,24,全日制,351
四川师范大学,不是,不是,不是,是,生命科学学院,学科教学（生物）,33,全日制,344
西南科技大学,不是,不是,不是,是,经济管理学院,应用经济学,10,全日制,323
西南科技大学,不是,不是,不是,是,经济管理学院,金融,25,全日制,323
西南科技大学,不是,不是,不是,是,法学院,刑法学,10,全日制,323
西南科技大学,不是,不是,不是,是,法学院,民商法学,10,全日制,323
西南科技大学,不是,不是,不是,是,法学院,经济法学,10,全日制,323
西南科技大学,不是,不是,不是,是,经济管理学院,应用经济学,10,全日制,323
西南科技大学,不是,不是,不是,是,经济管理学院,金融,25,全日制,323
西南科技大学,不是,不是,不是,是,法学院,刑法学,10,全日制,323
西南科技大学,不是,不是,不是,是,法学院,民商法学,10,全日制,323
西南科技大学,不是,不是,不是,是,法学院,经济法学,10,全日制,323
西南科技大学,不是,不是,不是,是,马克思主义学院,马克思主义理论,50,全日制,323
西南科技大学,不是,不是,不是,是,法学院,法律（非法学）,20,全日制,323
西南科技大学,不是,不是,不是,是,法学院,法律（法学）,10,全日制,323
西南科技大学,不是,不是,不是,是,体育与健康学院,体育,8,全日制,304
西南科技大学,不是,不是,不是,是,文学与艺术学院,国际中文教育,40,全日制,341
西南科技大学,不是,不是,不是,是,文学与艺术学院,中国语言文学,15,全日制,351
西南科技大学,不是,不是,不是,是,外国语学院,外国语言文学,20,全日制,351
西南科技大学,不是,不是,不是,是,外国语学院,英语笔译,40,全日制,351
西南科技大学,不是,不是,不是,是,外国语学院,英语口译,20,全日制,351
成都大学,不是,不是,不是,是,马克思主义学院,马克思主义理论,7,全日制,323
成都大学,不是,不是,不是,是,法学院,法律（非法学）,20,全日制,323
成都大学,不是,不是,不是,是,法学院,法律（法学）,9,全日制,323
成都大学,不是,不是,不是,是,师范学院,学科教学（语文）,12,全日制,358
成都大学,不是,不是,不是,是,师范学院,小学教育,36,全日制,360
成都大学,不是,不是,不是,是,马克思主义学院,马克思主义理论,7,全日制,323
成都大学,不是,不是,不是,是,法学院,法律（非法学）,20,全日制,323
成都大学,不是,不是,不是,是,法学院,法律（法学）,9,全日制,323
成都大学,不是,不是,不是,是,师范学院,学科教学（语文）,12,全日制,358
成都大学,不是,不是,不是,是,师范学院,小学教育,36,全日制,360
成都大学,不是,不是,不是,是,师范学院,心理健康教育,12,全日制,365
成都大学,不是,不是,不是,是,师范学院,学前教育,37,全日制,361
成都大学,不是,不是,不是,是,师范学院,特殊教育,8,全日制,341
成都大学,不是,不是,不是,是,体育学院,体育教学,48,全日制,323
成都大学,不是,不是,不是,是,体育学院,运动训练,27,全日制,304
西南医科大学,不是,不是,不是,是,法学院,法律（非法学）,20,全日制,323
西南医科大学,不是,不是,不是,是,法学院,法律（法学）,29,全日制,323
西南医科大学,不是,不是,不是,是,体育学院,体育教学,13,全日制,321
西南医科大学,不是,不是,不是,是,体育学院,运动训练,13,全日制,304
西南医科大学,不是,不是,不是,是,体育学院,社会体育指导,5,全日制,304
西南医科大学,不是,不是,不是,是,法学院,法律（非法学）,20,全日制,323
西南医科大学,不是,不是,不是,是,法学院,法律（法学）,29,全日制,323
西南医科大学,不是,不是,不是,是,体育学院,体育教学,13,全日制,321
西南医科大学,不是,不是,不是,是,体育学院,运动训练,13,全日制,304
西南医科大学,不是,不是,不是,是,体育学院,社会体育指导,5,全日制,304
西南医科大学,不是,不是,不是,是,人文与管理学院,应用心理,30,全日制,341
西南医科大学,不是,不是,不是,是,基础医学院,生物技术与工程,8,全日制,260
西南医科大学,不是,不是,不是,是,基础医学院,制药工程,2,全日制,260
西南医科大学,不是,不是,不是,是,基础医学院,人体解剖与组织胚胎学,7,全日制,293
西南医科大学,不是,不是,不是,是,基础医学院,免疫学,8,全日制,293
西南医科大学,不是,不是,不是,是,基础医学院,病原生物学,12,全日制,293
西南医科大学,不是,不是,不是,是,基础医学院,病理学与病理生理学,15,全日制,293
西南医科大学,不是,不是,不是,是,心血管医学研究所,病理学与病理生理学,15,全日制,293
西南医科大学,不是,不是,不是,是,基础医学院,法医学,1,全日制,293
西南医科大学,不是,不是,不是,是,临床医学院,内科学,35,全日制,293
西南医科大学,不是,不是,不是,是,临床医学院,儿科学,2,全日制,293
西南医科大学,不是,不是,不是,是,临床医学院,神经病学,1,全日制,293
西南医科大学,不是,不是,不是,是,临床医学院,精神病与精神卫生学,4,全日制,293
西南医科大学,不是,不是,不是,是,临床医学院,皮肤病与性病学,5,全日制,293
西南医科大学,不是,不是,不是,是,临床医学院,影像医学与核医学,19,全日制,293
西华师范大学,不是,不是,不是,是,政治与行政学院,政治学,52,全日制,323
西华师范大学,不是,不是,不是,是,马克思主义学院,马克思主义理论,87,全日制,323
西华师范大学,不是,不是,不是,是,法学院,法律（非法学）,10,全日制,323
西华师范大学,不是,不是,不是,是,法学院,法律（非法学）,3,非全日制,323
西华师范大学,不是,不是,不是,是,法学院,法律（法学）,17,全日制,323
西华师范大学,不是,不是,不是,是,政治与行政学院,政治学,52,全日制,323
西华师范大学,不是,不是,不是,是,马克思主义学院,马克思主义理论,87,全日制,323
西华师范大学,不是,不是,不是,是,法学院,法律（非法学）,10,全日制,323
西华师范大学,不是,不是,不是,是,法学院,法律（非法学）,3,非全日制,323
西华师范大学,不是,不是,不是,是,法学院,法律（法学）,17,全日制,323
西华师范大学,不是,不是,不是,是,法学院,法律（法学）,5,非全日制,323
西华师范大学,不是,不是,不是,是,教育学院,教育学,45,全日制,341
西华师范大学,不是,不是,不是,是,体育学院,体育学,21,全日制,304
西华师范大学,不是,不是,不是,是,教育学院,教育管理,10,非全日制,341
西华师范大学,不是,不是,不是,是,政治与行政学院,学科教学（思政）,28,全日制,341
西华师范大学,不是,不是,不是,是,政治与行政学院,学科教学（思政）,5,非全日制,341
西华师范大学,不是,不是,不是,是,文学院,学科教学（语文）,76,全日制,361
西华师范大学,不是,不是,不是,是,文学院,学科教学（语文）,19,非全日制,361
西华师范大学,不是,不是,不是,是,物理与天文学院,学科教学（物理）,28,全日制,341
西华大学,不是,不是,不是,是,经济学院,应用经济学,16,全日制,323
西华大学,不是,不是,不是,是,国际经济与管理研究院,应用经济学,5,全日制,323
西华大学,不是,不是,不是,是,经济学院,金融,13,全日制,323
西华大学,不是,不是,不是,是,经济学院,数字经济,5,全日制,323
西华大学,不是,不是,不是,是,法学与社会学学院,社会学,10,全日制,323
西华大学,不是,不是,不是,是,经济学院,应用经济学,16,全日制,323
西华大学,不是,不是,不是,是,国际经济与管理研究院,应用经济学,5,全日制,323
西华大学,不是,不是,不是,是,经济学院,金融,13,全日制,323
西华大学,不是,不是,不是,是,经济学院,数字经济,5,全日制,323
西华大学,不是,不是,不是,是,法学与社会学学院,社会学,10,全日制,323
西华大学,不是,不是,不是,是,马克思主义学院,马克思主义理论,51,全日制,334
西华大学,不是,不是,不是,是,法学与社会学学院,法律（非法学）,16,全日制,323
西华大学,不是,不是,不是,是,法学与社会学学院,法律（法学）,20,全日制,323
西华大学,不是,不是,不是,是,法学与社会学学院,社会工作,15,全日制,340
西华大学,不是,不是,不是,是,法学与社会学学院,社会工作,3,非全日制,340
西华大学,不是,不是,不是,是,马克思主义学院,学科教学（思政）,10,全日制,341
西华大学,不是,不是,不是,是,文学与新闻传播学院,学科教学（语文）,5,全日制,341
西华大学,不是,不是,不是,是,心理健康教育中心,心理健康教育,7,全日制,341
西华大学,不是,不是,不是,是,文学与新闻传播学院,国际中文教育,5,全日制,341
西华大学,不是,不是,不是,是,文学与新闻传播学院,中国语言文学,33,全日制,351
四川轻化工大学,不是,不是,不是,是,数学与统计学院,应用统计,7,全日制,323
四川轻化工大学,不是,不是,不是,是,法学院,法律（非法学）,16,全日制,323
四川轻化工大学,不是,不是,不是,是,法学院,法律（非法学）,2,非全日制,323
四川轻化工大学,不是,不是,不是,是,法学院,法律（法学）,17,全日制,323
四川轻化工大学,不是,不是,不是,是,法学院,法律（法学）,2,非全日制,323
四川轻化工大学,不是,不是,不是,是,数学与统计学院,应用统计,7,全日制,323
四川轻化工大学,不是,不是,不是,是,法学院,法律（非法学）,16,全日制,323
四川轻化工大学,不是,不是,不是,是,法学院,法律（非法学）,2,非全日制,323
四川轻化工大学,不是,不是,不是,是,法学院,法律（法学）,17,全日制,323
四川轻化工大学,不是,不是,不是,是,法学院,法律（法学）,2,非全日制,323
四川轻化工大学,不是,不是,不是,是,马克思主义学院,学科教学（思政）,17,全日制,341
四川轻化工大学,不是,不是,不是,是,人文学院,学科教学（语文）,33,全日制,341
四川轻化工大学,不是,不是,不是,是,人文学院,学科教学（语文）,4,非全日制,341
四川轻化工大学,不是,不是,不是,是,外语学院,学科教学（英语）,19,全日制,341
四川轻化工大学,不是,不是,不是,是,外语学院,学科教学（英语）,4,非全日制,341
四川轻化工大学,不是,不是,不是,是,人文学院,学科教学（历史）,9,全日制,341
四川轻化工大学,不是,不是,不是,是,体育学院,学科教学（体育）,8,全日制,341
四川轻化工大学,不是,不是,不是,是,教育与心理科学学院,心理健康教育,12,全日制,341
四川轻化工大学,不是,不是,不是,是,教育与心理科学学院,学前教育,14,全日制,341
四川轻化工大学,不是,不是,不是,是,人文学院,国际中文教育,7,全日制,341
攀枝花学院,不是,不是,不是,是,经济与管理学院,国际商务,8,全日制,323
攀枝花学院,不是,不是,不是,是,法学院,法律（非法学）,8,全日制,323
攀枝花学院,不是,不是,不是,是,法学院,法律（法学）,6,全日制,323
攀枝花学院,不是,不是,不是,是,法学院,法律（法学）,2,非全日制,323
攀枝花学院,不是,不是,不是,是,经济与管理学院,国际商务,8,全日制,323
攀枝花学院,不是,不是,不是,是,法学院,法律（非法学）,8,全日制,323
攀枝花学院,不是,不是,不是,是,法学院,法律（法学）,6,全日制,323
攀枝花学院,不是,不是,不是,是,法学院,法律（法学）,2,非全日制,323
川北医学院,不是,不是,不是,是,管理学院,社会工作,6,全日制,323
川北医学院,不是,不是,不是,是,外国语言文化系,英语笔译,4,全日制,351
川北医学院,不是,不是,不是,是,基础医学与法医学院,基础医学,3,全日制,274
川北医学院,不是,不是,不是,是,药学院,药物化学,2,全日制,274
川北医学院,不是,不是,不是,是,医学影像学院,生物医学工程,4,全日制,260
川北医学院,不是,不是,不是,是,管理学院,社会工作,6,全日制,323
川北医学院,不是,不是,不是,是,外国语言文化系,英语笔译,4,全日制,351
川北医学院,不是,不是,不是,是,基础医学与法医学院,基础医学,3,全日制,274
川北医学院,不是,不是,不是,是,药学院,药物化学,2,全日制,274
川北医学院,不是,不是,不是,是,医学影像学院,生物医学工程,4,全日制,260
川北医学院,不是,不是,不是,是,医学影像学院,人工智能,5,全日制,260
川北医学院,不是,不是,不是,是,药学院,生物技术与工程,4,全日制,260
川北医学院,不是,不是,不是,是,药学院,制药工程,2,全日制,260
川北医学院,不是,不是,不是,是,基础医学与法医学院,人体解剖与组织胚胎学,3,全日制,293
川北医学院,不是,不是,不是,是,基础医学与法医学院,免疫学,7,全日制,293
川北医学院,不是,不是,不是,是,基础医学与法医学院,病原生物学,5,全日制,293
川北医学院,不是,不是,不是,是,基础医学与法医学院,病理学与病理生理学,9,全日制,293
川北医学院,不是,不是,不是,是,临床医学院,内科学,23,全日制,293
川北医学院,不是,不是,不是,是,临床医学院,儿科学,3,全日制,293
川北医学院,不是,不是,不是,是,临床医学院,老年医学,3,全日制,293
中国民用航空飞行学院,不是,不是,不是,是,理学院,应用统计,7,全日制,323
中国民用航空飞行学院,不是,不是,不是,是,飞行技术学院,应用心理,14,全日制,341
中国民用航空飞行学院,不是,不是,不是,是,外国语学院,翻译,28,全日制,351
中国民用航空飞行学院,不是,不是,不是,是,理学院,应用统计,7,全日制,323
中国民用航空飞行学院,不是,不是,不是,是,飞行技术学院,应用心理,14,全日制,341
中国民用航空飞行学院,不是,不是,不是,是,外国语学院,翻译,28,全日制,351
成都医学院,不是,不是,不是,是,马克思主义学院,马克思主义理论,10,全日制,323
成都医学院,不是,不是,不是,是,心理学院,应用心理,10,全日制,347
成都医学院,不是,不是,不是,是,大健康与智能工程学院,生物医学工程,9,全日制,260
成都医学院,不是,不是,不是,是,生物科学与技术学院,生物与医药,20,全日制,260
成都医学院,不是,不是,不是,是,检验医学院,食品与营养,15,全日制,302
成都医学院,不是,不是,不是,是,马克思主义学院,马克思主义理论,10,全日制,323
成都医学院,不是,不是,不是,是,心理学院,应用心理,10,全日制,347
成都医学院,不是,不是,不是,是,大健康与智能工程学院,生物医学工程,9,全日制,260
成都医学院,不是,不是,不是,是,生物科学与技术学院,生物与医药,20,全日制,260
成都医学院,不是,不是,不是,是,检验医学院,食品与营养,15,全日制,302
成都医学院,不是,不是,不是,是,基础医学院,人体解剖与组织胚胎学,6,全日制,293
成都医学院,不是,不是,不是,是,基础医学院,免疫学,7,全日制,293
成都医学院,不是,不是,不是,是,基础医学院,病原生物学,7,全日制,293
成都医学院,不是,不是,不是,是,基础医学院,病理学与病理生理学,8,全日制,293
成都医学院,不是,不是,不是,是,临床医学院,内科学,15,全日制,293
四川警察学院,不是,不是,不是,是,不区分院系,警务,15,全日制,354
四川警察学院,不是,不是,不是,是,不区分院系,警务,31,非全日制,354
四川警察学院,不是,不是,不是,是,不区分院系,网络与信息安全,10,全日制,260
成都体育学院,不是,不是,不是,是,运动休闲学院,体育人文社会学,2,全日制,304
成都体育学院,不是,不是,不是,是,新闻与传播学院,体育人文社会学,10,全日制,304
成都体育学院,不是,不是,不是,是,经济管理学院,体育人文社会学,28,全日制,304
成都体育学院,不是,不是,不是,是,外国语学院,体育人文社会学,2,全日制,304
成都体育学院,不是,不是,不是,是,历史文化学院,体育人文社会学,8,全日制,304
成都体育学院,不是,不是,不是,是,运动休闲学院,体育人文社会学,2,全日制,304
成都体育学院,不是,不是,不是,是,新闻与传播学院,体育人文社会学,10,全日制,304
成都体育学院,不是,不是,不是,是,经济管理学院,体育人文社会学,28,全日制,304
成都体育学院,不是,不是,不是,是,外国语学院,体育人文社会学,2,全日制,304
成都体育学院,不是,不是,不是,是,历史文化学院,体育人文社会学,8,全日制,304
四川省社会科学院,不是,不是,不是,不是,不区分院系,哲学,5,全日制,321
四川省社会科学院,不是,不是,不是,不是,不区分院系,区域经济学,5,全日制,323
四川省社会科学院,不是,不是,不是,不是,不区分院系,金融学,5,全日制,323
四川省社会科学院,不是,不是,不是,不是,不区分院系,产业经济学,5,全日制,323
四川省社会科学院,不是,不是,不是,不是,不区分院系,劳动经济学,3,全日制,323
四川省社会科学院,不是,不是,不是,不是,不区分院系,哲学,5,全日制,321
四川省社会科学院,不是,不是,不是,不是,不区分院系,区域经济学,5,全日制,323
四川省社会科学院,不是,不是,不是,不是,不区分院系,金融学,5,全日制,323
四川省社会科学院,不是,不是,不是,不是,不区分院系,产业经济学,5,全日制,323
四川省社会科学院,不是,不是,不是,不是,不区分院系,劳动经济学,3,全日制,323
中共四川省委党校（四川行政学院）,不是,不是,不是,不是,不区分院系,哲学,6,全日制,321
中共四川省委党校（四川行政学院）,不是,不是,不是,不是,不区分院系,理论经济学,3,全日制,323
中共四川省委党校（四川行政学院）,不是,不是,不是,不是,不区分院系,应用经济学,3,全日制,323
中共四川省委党校（四川行政学院）,不是,不是,不是,不是,不区分院系,政治学,9,全日制,323
中共四川省委党校（四川行政学院）,不是,不是,不是,不是,不区分院系,马克思主义理论,13,全日制,323
四川音乐学院,不是,不是,不是,是,不区分院系,艺术学,60,全日制,351
四川音乐学院,不是,不是,不是,是,不区分院系,音乐,210,全日制,351
四川音乐学院,不是,不是,不是,是,不区分院系,舞蹈,4,全日制,351
四川音乐学院,不是,不是,不是,是,不区分院系,美术与书法,22,全日制,351
四川音乐学院,不是,不是,不是,是,不区分院系,设计,36,全日制,351
中国科学院成都生物研究所,不是,不是,不是,不是,不区分院系,植物学,3,全日制,274
中国科学院成都生物研究所,不是,不是,不是,不是,不区分院系,动物学,4,全日制,274
中国科学院成都生物研究所,不是,不是,不是,不是,不区分院系,微生物学,1,全日制,274
中国科学院成都生物研究所,不是,不是,不是,不是,不区分院系,生态学,7,全日制,274
中国科学院成都生物研究所,不是,不是,不是,不是,不区分院系,环境科学,1,全日制,274
中国科学院成都山地灾害与环境研究所,不是,不是,不是,不是,不区分院系,自然地理学,1,全日制,290
中国科学院成都山地灾害与环境研究所,不是,不是,不是,不是,不区分院系,人文地理学,0,全日制,274
中国科学院成都山地灾害与环境研究所,不是,不是,不是,不是,不区分院系,地图学与地理信息系统,1,全日制,274
中国科学院成都山地灾害与环境研究所,不是,不是,不是,不是,不区分院系,生态学,1,全日制,274
中国科学院成都山地灾害与环境研究所,不是,不是,不是,不是,不区分院系,岩土工程,3,全日制,290
中国核动力研究设计院,不是,不是,不是,不是,不区分院系,核能科学与工程,34,全日制,280
中国核动力研究设计院,不是,不是,不是,不是,不区分院系,核燃料循环与材料,15,全日制,280
中国核动力研究设计院,不是,不是,不是,不是,不区分院系,核技术及应用,2,全日制,280
中国核动力研究设计院,不是,不是,不是,不是,不区分院系,辐射防护及环境保护,2,全日制,280
中国科学院光电技术研究所,不是,不是,不是,不是,不区分院系,光学工程,4,全日制,260
中国科学院光电技术研究所,不是,不是,不是,不是,不区分院系,信号与信息处理,2,全日制,260
中国科学院光电技术研究所,不是,不是,不是,不是,不区分院系,电子信息,35,全日制,260
中国科学院光电技术研究所,不是,不是,不是,不是,不区分院系,集成电路科学与工程,3,全日制,266
西南技术物理研究所（209所）,不是,不是,不是,不是,不区分院系,光学工程,42,全日制,280
中国航空研究院611所,不是,不是,不是,不是,不区分院系,系统工程,3,全日制,315
中国航空研究院611所,不是,不是,不是,不是,不区分院系,飞行器设计,6,全日制,315
核工业西南物理研究院,不是,不是,不是,不是,不区分院系,电力电子与电力传动,5,全日制,260
核工业西南物理研究院,不是,不是,不是,不是,不区分院系,核能科学与工程,21,全日制,251
核工业西南物理研究院,不是,不是,不是,不是,不区分院系,核技术及应用,4,全日制,251
西南自动化研究所,不是,不是,不是,不是,不区分院系,计算机应用技术,15,全日制,280
电信科学技术第五研究所,不是,不是,不是,不是,不区分院系,电磁场与微波技术,1,全日制,306
电信科学技术第五研究所,不是,不是,不是,不是,不区分院系,通信与信息系统,2,全日制,306
电信科学技术第五研究所,不是,不是,不是,不是,不区分院系,信号与信息处理,4,全日制,306
中国航空研究院624所,不是,不是,不是,不是,不区分院系,航空宇航推进理论与工程,7,全日制,260
中国科学院成都计算机应用研究所,不是,不是,不是,不是,不区分院系,计算机软件与理论,5,全日制,275
中国科学院成都计算机应用研究所,不是,不是,不是,不是,不区分院系,计算机应用技术,5,全日制,275
中国科学院成都计算机应用研究所,不是,不是,不是,不是,不区分院系,计算机技术,5,全日制,270
中国科学院成都计算机应用研究所,不是,不是,不是,不是,不区分院系,人工智能,5,全日制,270
中国科学院成都有机化学研究所,不是,不是,不是,不是,不区分院系,有机化学,6,全日制,294
中国科学院成都有机化学研究所,不是,不是,不是,不是,不区分院系,高分子化学与物理,2,全日制,280
中国科学院成都有机化学研究所,不是,不是,不是,不是,不区分院系,应用化学,9,全日制,260
中国科学院成都有机化学研究所,不是,不是,不是,不是,不区分院系,材料与化工,3,全日制,260
乐山师范学院,不是,不是,不是,是,教育科学学院,小学教育,9,全日制,341
西昌学院,不是,不是,不是,是,资源与环境学院,环境工程,9,全日制,260
西昌学院,不是,不是,不是,是,农业科学学院,农艺与种业,29,全日制,245
西昌学院,不是,不是,不是,是,公共管理学院,公共管理,19,非全日制,173
内江师范学院,不是,不是,不是,是,教育科学学院,教育管理,5,全日制,341
西安交通大学,是,是,是,不是,人文社会科学学院,哲学,7,全日制,325
西安交通大学,是,是,是,不是,马克思主义学院,理论经济学,2,全日制,360
西安交通大学,是,是,是,不是,经济与金融学院,理论经济学,2,全日制,360
西安交通大学,是,是,是,不是,经济与金融学院,应用经济学,11,全日制,360
西安交通大学,是,是,是,不是,经济与金融学院,金融,23,全日制,360
西安交通大学,是,是,是,不是,人文社会科学学院,哲学,7,全日制,325
西安交通大学,是,是,是,不是,马克思主义学院,理论经济学,2,全日制,360
西安交通大学,是,是,是,不是,经济与金融学院,理论经济学,2,全日制,360
西安交通大学,是,是,是,不是,经济与金融学院,应用经济学,11,全日制,360
西安交通大学,是,是,是,不是,经济与金融学院,金融,23,全日制,360
西安交通大学,是,是,是,不是,数学与统计学院,应用统计,41,全日制,345
西安交通大学,是,是,是,不是,经济与金融学院,应用统计,23,全日制,345
西安交通大学,是,是,是,不是,经济与金融学院,税务,11,全日制,360
西安交通大学,是,是,是,不是,经济与金融学院,国际商务,18,全日制,345
西安交通大学,是,是,是,不是,法学院,法学,6,全日制,330
西安交通大学,是,是,是,不是,人文社会科学学院,社会学,8,全日制,330
西安交通大学,是,是,是,不是,马克思主义学院,马克思主义理论,50,全日制,330
西安交通大学,是,是,是,不是,法学院,法律（非法学）,15,全日制,330
西安交通大学,是,是,是,不是,法学院,法律（法学）,27,全日制,330
西安交通大学,是,是,是,不是,人文社会科学学院,社会工作,10,全日制,330
西安交通大学,是,是,是,不是,体育学院,体育,2,全日制,320
西安交通大学,是,是,是,不是,外国语学院,外国语言文学,2,全日制,355
西安交通大学,是,是,是,不是,人文社会科学学院,新闻传播学,2,全日制,355
西安交通大学,是,是,是,不是,外国语学院,英语笔译,18,全日制,355
西安交通大学,是,是,是,不是,外国语学院,英语口译,12,全日制,355
西安交通大学,是,是,是,不是,外国语学院,日语口译,8,全日制,355
西安交通大学,是,是,是,不是,新闻与新媒体学院,新闻与传播,23,全日制,355
西安交通大学,是,是,是,不是,数学与统计学院,数学,11,全日制,315
西安交通大学,是,是,是,不是,物理学院,物理学,48,全日制,315
西安交通大学,是,是,是,不是,前沿科学技术研究院,化学,4,全日制,315
西安交通大学,是,是,是,不是,化学学院,化学,39,全日制,315
西安交通大学,是,是,是,不是,生命科学与技术学院,生物学,11,全日制,315
西安交通大学,是,是,是,不是,医学部,生物学,12,全日制,315
西安交通大学,是,是,是,不是,前沿科学技术研究院,生物学,1,全日制,315
西安交通大学,是,是,是,不是,数学与统计学院,统计学,3,全日制,315
西安交通大学,是,是,是,不是,航天航空学院,力学,14,全日制,320
西安交通大学,是,是,是,不是,机械工程学院,机械工程,33,全日制,320
西安交通大学,是,是,是,不是,仪器科学与技术学院,仪器科学与技术,11,全日制,320
西安交通大学,是,是,是,不是,材料科学与工程学院,材料科学与工程,39,全日制,320
西安交通大学,是,是,是,不是,前沿科学技术研究院,材料科学与工程,9,全日制,320
西安交通大学,是,是,是,不是,物理学院,材料科学与工程,3,全日制,320
西安交通大学,是,是,是,不是,能源与动力工程学院,动力工程及工程热物理,96,全日制,320
西安交通大学,是,是,是,不是,能源与动力工程学院,动力工程及工程热物理,4,全日制,320
西安交通大学,是,是,是,不是,化学工程与技术学院,动力工程及工程热物理,2,全日制,320
西安交通大学,是,是,是,不是,电气工程学院,电气工程,42,全日制,320
西北工业大学,是,是,是,不是,公共政策与管理学院,应用经济学,17,全日制,335
西北工业大学,是,是,是,不是,数学与统计学院,统计学,6,全日制,335
西北工业大学,是,是,是,不是,数学与统计学院,统计学,2,全日制,335
西北工业大学,是,是,是,不是,数学与统计学院,应用统计,12,全日制,350
西北工业大学,是,是,是,不是,公共政策与管理学院,法学,15,全日制,330
西北工业大学,是,是,是,不是,公共政策与管理学院,应用经济学,17,全日制,335
西北工业大学,是,是,是,不是,数学与统计学院,统计学,6,全日制,335
西北工业大学,是,是,是,不是,数学与统计学院,统计学,2,全日制,335
西北工业大学,是,是,是,不是,数学与统计学院,应用统计,12,全日制,350
西北工业大学,是,是,是,不是,公共政策与管理学院,法学,15,全日制,330
西北工业大学,是,是,是,不是,马克思主义学院,马克思主义理论,43,全日制,330
西北工业大学,是,是,是,不是,马克思主义学院,马克思主义理论,1,全日制,330
西北工业大学,是,是,是,不是,公共政策与管理学院,教育学,9,全日制,341
西北工业大学,是,是,是,不是,公共政策与管理学院,体育学,7,全日制,304
西北工业大学,是,是,是,不是,公共政策与管理学院,教育,10,非全日制,341
西北工业大学,是,是,是,不是,外国语学院,英语语言文学,6,全日制,365
西北工业大学,是,是,是,不是,外国语学院,德语语言文学,5,全日制,365
西北工业大学,是,是,是,不是,外国语学院,外国语言学及应用语言学,20,全日制,365
西北工业大学,是,是,是,不是,外国语学院,英语笔译,12,全日制,365
西北工业大学,是,是,是,不是,外国语学院,英语笔译,1,全日制,365
西北工业大学,是,是,是,不是,外国语学院,英语笔译,17,非全日制,365
西北工业大学,是,是,是,不是,外国语学院,英语笔译,1,非全日制,365
西北工业大学,是,是,是,不是,外国语学院,英语口译,3,全日制,365
西北工业大学,是,是,是,不是,外国语学院,英语口译,3,非全日制,365
西北工业大学,是,是,是,不是,数学与统计学院,数学,74,全日制,310
西北工业大学,是,是,是,不是,物理科学与技术学院,凝聚态物理,12,全日制,310
西北工业大学,是,是,是,不是,航海学院,声学,1,全日制,310
西北工业大学,是,是,是,不是,物理科学与技术学院,声学,5,全日制,310
西北工业大学,是,是,是,不是,物理科学与技术学院,光学,5,全日制,310
西北工业大学,是,是,是,不是,物理科学与技术学院,无线电物理,4,全日制,310
西北工业大学,是,是,是,不是,化学与化工学院,有机化学,5,全日制,310
西北工业大学,是,是,是,不是,化学与化工学院,物理化学,2,全日制,310
西北工业大学,是,是,是,不是,化学与化工学院,高分子化学与物理,30,全日制,310
西北工业大学,是,是,是,不是,生命学院,生物学,20,全日制,310
西北工业大学,是,是,是,不是,生态环境学院,生态学,23,全日制,310
西北工业大学,是,是,是,不是,电子信息学院,教育技术学,1,全日制,310
西北工业大学,是,是,是,不是,航空学院,力学,59,全日制,300
西北工业大学,是,是,是,不是,民航学院,力学,8,全日制,300
西北工业大学,是,是,是,不是,力学与交通运载工程学院,力学,36,全日制,310
西北工业大学,是,是,是,不是,机电学院,机械工程,78,全日制,310
西北工业大学,是,是,是,不是,物理科学与技术学院,光学工程,8,全日制,310
西北工业大学,是,是,是,不是,物理科学与技术学院,材料物理与化学,12,全日制,310
西北工业大学,是,是,是,不是,材料学院,材料学,120,全日制,310
西北工业大学,是,是,是,不是,材料学院,材料学,3,全日制,310
西北工业大学,是,是,是,不是,化学与化工学院,材料学,16,全日制,310
西北工业大学,是,是,是,不是,民航学院,材料学,5,全日制,310
西北工业大学,是,是,是,不是,材料学院,材料加工工程,50,全日制,310
西北工业大学,是,是,是,不是,化学与化工学院,材料加工工程,2,全日制,310
西北工业大学,是,是,是,不是,动力与能源学院,工程热物理,18,全日制,300
西北工业大学,是,是,是,不是,动力与能源学院,热能工程,2,全日制,300
西北工业大学,是,是,是,不是,动力与能源学院,动力机械及工程,3,全日制,300
西北工业大学,是,是,是,不是,动力与能源学院,流体机械及工程,10,全日制,300
西北工业大学,是,是,是,不是,自动化学院,电气工程,49,全日制,310
西北工业大学,是,是,是,不是,电子信息学院,电子科学与技术,47,全日制,310
西北工业大学,是,是,是,不是,微电子学院,电子科学与技术,5,全日制,310
西安电子科技大学,不是,是,是,不是,人文学院,哲学,14,全日制,321
西安电子科技大学,不是,是,是,不是,经济与管理学院,应用经济学,9,全日制,325
西安电子科技大学,不是,是,是,不是,经济与管理学院,金融,17,全日制,325
西安电子科技大学,不是,是,是,不是,数学与统计学院,应用统计,9,全日制,360
西安电子科技大学,不是,是,是,不是,马克思主义学院,马克思主义理论,34,全日制,355
西安电子科技大学,不是,是,是,不是,人文学院,哲学,14,全日制,321
西安电子科技大学,不是,是,是,不是,经济与管理学院,应用经济学,9,全日制,325
西安电子科技大学,不是,是,是,不是,经济与管理学院,金融,17,全日制,325
西安电子科技大学,不是,是,是,不是,数学与统计学院,应用统计,9,全日制,360
西安电子科技大学,不是,是,是,不是,马克思主义学院,马克思主义理论,34,全日制,355
西安电子科技大学,不是,是,是,不是,人文学院,体育学,3,全日制,304
西安电子科技大学,不是,是,是,不是,人文学院,体育,6,全日制,304
西安电子科技大学,不是,是,是,不是,外国语学院,外国语言文学,11,全日制,360
西安电子科技大学,不是,是,是,不是,外国语学院,英语笔译,17,全日制,360
西安电子科技大学,不是,是,是,不是,数学与统计学院,数学,38,全日制,300
西安电子科技大学,不是,是,是,不是,物理学院,物理学,68,全日制,275
西安电子科技大学,不是,是,是,不是,数学与统计学院,统计学,4,全日制,290
西安电子科技大学,不是,是,是,不是,生命科学技术学院,生物医学工程,6,全日制,295
西安电子科技大学,不是,是,是,不是,机电工程学院,机械工程,50,全日制,320
西安电子科技大学,不是,是,是,不是,光电工程学院,光学工程,27,全日制,300
西安电子科技大学,不是,是,是,不是,机电工程学院,仪器科学与技术,13,全日制,325
西安电子科技大学,不是,是,是,不是,空间科学与技术学院,仪器科学与技术,35,全日制,320
西安电子科技大学,不是,是,是,不是,先进材料与纳米科技学院,材料科学与工程,31,全日制,290
西安电子科技大学,不是,是,是,不是,机电工程学院,电气工程,5,全日制,310
陕西师范大学,不是,是,是,不是,哲学学院,马克思主义哲学,5,全日制,339
陕西师范大学,不是,是,是,不是,哲学学院,中国哲学,5,全日制,330
陕西师范大学,不是,是,是,不是,哲学学院,外国哲学,6,全日制,321
陕西师范大学,不是,是,是,不是,哲学学院,伦理学,3,全日制,321
陕西师范大学,不是,是,是,不是,哲学学院,宗教学,3,全日制,321
陕西师范大学,不是,是,是,不是,哲学学院,马克思主义哲学,5,全日制,339
陕西师范大学,不是,是,是,不是,哲学学院,中国哲学,5,全日制,330
陕西师范大学,不是,是,是,不是,哲学学院,外国哲学,6,全日制,321
陕西师范大学,不是,是,是,不是,哲学学院,伦理学,3,全日制,321
陕西师范大学,不是,是,是,不是,哲学学院,宗教学,3,全日制,321
陕西师范大学,不是,是,是,不是,哲学学院,科学技术哲学,3,全日制,340
陕西师范大学,不是,是,是,不是,国际商学院,理论经济学,8,全日制,323
陕西师范大学,不是,是,是,不是,西北历史环境与经济社会发展研究院,理论经济学,8,全日制,323
陕西师范大学,不是,是,是,不是,国际商学院,应用经济学,10,全日制,323
陕西师范大学,不是,是,是,不是,数学与统计学院,应用统计,16,全日制,323
陕西师范大学,不是,是,是,不是,哲学学院,社会学,7,全日制,323
陕西师范大学,不是,是,是,不是,哲学学院,人口学,1,全日制,323
陕西师范大学,不是,是,是,不是,中国西部边疆研究院,马克思主义民族理论与政策,3,全日制,323
陕西师范大学,不是,是,是,不是,马克思主义学院,马克思主义基本原理,7,全日制,354
陕西师范大学,不是,是,是,不是,马克思主义学院,马克思主义发展史,4,全日制,336
陕西师范大学,不是,是,是,不是,马克思主义学院,马克思主义中国化研究,6,全日制,354
陕西师范大学,不是,是,是,不是,马克思主义学院,国外马克思主义研究,4,全日制,335
陕西师范大学,不是,是,是,不是,马克思主义学院,思想政治教育,10,全日制,379
陕西师范大学,不是,是,是,不是,教育部高校思想政治工作队伍培训研修中心,思想政治教育,3,全日制,335
陕西师范大学,不是,是,是,不是,马克思主义学院,中国近现代史基本问题研究,8,全日制,323
陕西师范大学,不是,是,是,不是,国家安全学院（政法与公共管理学院）,法律（法学）,17,全日制,323
陕西师范大学,不是,是,是,不是,哲学学院,社会工作,15,全日制,323
陕西师范大学,不是,是,是,不是,教育学部,教育学原理,7,全日制,341
陕西师范大学,不是,是,是,不是,教育学部,教育学原理,1,全日制,341
陕西师范大学,不是,是,是,不是,教育学部,课程与教学论,5,全日制,341
陕西师范大学,不是,是,是,不是,教育学部,课程与教学论,1,全日制,341
陕西师范大学,不是,是,是,不是,文学院,课程与教学论,4,全日制,341
陕西师范大学,不是,是,是,不是,历史文化学院,课程与教学论,1,全日制,341
陕西师范大学,不是,是,是,不是,外国语学院,课程与教学论,1,全日制,341
陕西师范大学,不是,是,是,不是,外国语学院,课程与教学论,1,全日制,341
陕西师范大学,不是,是,是,不是,数学与统计学院,课程与教学论,2,全日制,341
陕西师范大学,不是,是,是,不是,物理学与信息技术学院,课程与教学论,1,全日制,341
陕西师范大学,不是,是,是,不是,化学化工学院,课程与教学论,1,全日制,341
陕西师范大学,不是,是,是,不是,生命科学学院,课程与教学论,2,全日制,341
陕西师范大学,不是,是,是,不是,生命科学学院,课程与教学论,1,全日制,341
陕西师范大学,不是,是,是,不是,地理科学与旅游学院,课程与教学论,1,全日制,341
陕西师范大学,不是,是,是,不是,体育学院,课程与教学论,1,全日制,341
陕西师范大学,不是,是,是,不是,教育学部,教育史,4,全日制,341
陕西师范大学,不是,是,是,不是,教育学部,比较教育学,2,全日制,341
陕西师范大学,不是,是,是,不是,教育学部,学前教育学,6,全日制,341
陕西师范大学,不是,是,是,不是,教育学部,学前教育学,1,全日制,341
陕西师范大学,不是,是,是,不是,教育学部,高等教育学,4,全日制,341
陕西师范大学,不是,是,是,不是,教育学部,成人教育学,1,全日制,341
陕西师范大学,不是,是,是,不是,教育学部,职业技术教育学,2,全日制,341
陕西师范大学,不是,是,是,不是,教育学部,特殊教育学,3,全日制,341
西北大学,不是,是,是,不是,文学院,哲学,6,全日制,321
西北大学,不是,是,是,不是,历史学院,哲学,2,全日制,391
西北大学,不是,是,是,不是,哲学学院,哲学,15,全日制,321
西北大学,不是,是,是,不是,中国思想文化研究所,哲学,4,全日制,321
西北大学,不是,是,是,不是,经济管理学院,理论经济学,33,全日制,335
西北大学,不是,是,是,不是,文学院,哲学,6,全日制,321
西北大学,不是,是,是,不是,历史学院,哲学,2,全日制,391
西北大学,不是,是,是,不是,哲学学院,哲学,15,全日制,321
西北大学,不是,是,是,不是,中国思想文化研究所,哲学,4,全日制,321
西北大学,不是,是,是,不是,经济管理学院,理论经济学,33,全日制,335
西北大学,不是,是,是,不是,经济管理学院,应用经济学,17,全日制,351
西北大学,不是,是,是,不是,经济管理学院,金融,35,全日制,340
西北大学,不是,是,是,不是,数学学院,应用统计,35,全日制,323
西北大学,不是,是,是,不是,经济管理学院,数字经济,15,全日制,325
西北大学,不是,是,是,不是,法学院,法学,18,全日制,324
西北大学,不是,是,是,不是,马克思主义学院,马克思主义理论,25,全日制,365
西北大学,不是,是,是,不是,法学院,法律（非法学）,40,全日制,335
西北大学,不是,是,是,不是,法学院,法律（非法学）,2,全日制,335
西北大学,不是,是,是,不是,法学院,法律（法学）,60,全日制,328
西北大学,不是,是,是,不是,法学院,法律（法学）,1,全日制,328
西北大学,不是,是,是,不是,哲学学院,社会工作,34,全日制,347
西北大学,不是,是,是,不是,哲学学院,社会工作,1,全日制,347
西北大学,不是,是,是,不是,文学院,国际中文教育,20,全日制,345
西北大学,不是,是,是,不是,文学院,中国语言文学,36,全日制,352
西北大学,不是,是,是,不是,外国语学院,外国语言文学,16,全日制,352
西北农林科技大学,是,是,是,不是,经济管理学院,应用经济学,3,全日制,323
西北农林科技大学,是,是,是,不是,经济管理学院,金融,22,全日制,323
西北农林科技大学,是,是,是,不是,人文社会发展学院,社会学,10,全日制,323
西北农林科技大学,是,是,是,不是,马克思主义学院,马克思主义理论,2,全日制,323
西北农林科技大学,是,是,是,不是,人文社会发展学院,法律（法学）,13,全日制,323
西北农林科技大学,是,是,是,不是,经济管理学院,应用经济学,3,全日制,323
西北农林科技大学,是,是,是,不是,经济管理学院,金融,22,全日制,323
西北农林科技大学,是,是,是,不是,人文社会发展学院,社会学,10,全日制,323
西北农林科技大学,是,是,是,不是,马克思主义学院,马克思主义理论,2,全日制,323
西北农林科技大学,是,是,是,不是,人文社会发展学院,法律（法学）,13,全日制,323
西北农林科技大学,是,是,是,不是,人文社会发展学院,社会工作,12,全日制,323
西北农林科技大学,是,是,是,不是,语言文化学院,英语笔译,17,全日制,351
西北农林科技大学,是,是,是,不是,理学院,数学,3,全日制,274
西北农林科技大学,是,是,是,不是,理学院,物理学,5,全日制,274
西北农林科技大学,是,是,是,不是,化学与药学院,化学,14,全日制,274
西北农林科技大学,是,是,是,不是,生命科学学院,植物学,7,全日制,274
西北农林科技大学,是,是,是,不是,动物科技学院,动物学,2,全日制,274
西北农林科技大学,是,是,是,不是,生命科学学院,微生物学,19,全日制,274
西北农林科技大学,是,是,是,不是,生命科学学院,遗传学,21,全日制,274
西北农林科技大学,是,是,是,不是,动物医学院,发育生物学,1,全日制,274
西北农林科技大学,是,是,是,不是,生命科学学院,细胞生物学,3,全日制,274
西北农林科技大学,是,是,是,不是,生命科学学院,生物化学与分子生物学,11,全日制,274
西北农林科技大学,是,是,是,不是,理学院,生物物理学,2,全日制,274
西北农林科技大学,是,是,是,不是,人文社会发展学院,科学技术史,5,全日制,274
西北农林科技大学,是,是,是,不是,机械与电子工程学院,机械工程,8,全日制,260
西北农林科技大学,是,是,是,不是,信息工程学院,计算机科学与技术,2,全日制,260
西北农林科技大学,是,是,是,不是,水利与建筑工程学院,土木工程,3,全日制,260
西北农林科技大学,是,是,是,不是,水利与建筑工程学院,水利工程,20,全日制,251
西北农林科技大学,是,是,是,不是,机械与电子工程学院,农业机械化工程,2,全日制,251
西北农林科技大学,是,是,是,不是,水利与建筑工程学院,农业水土工程,23,全日制,251
长安大学,不是,是,是,不是,马克思主义学院,哲学,8,全日制,321
长安大学,不是,是,是,不是,人文学院,美学,5,全日制,335
长安大学,不是,是,是,不是,经济与管理学院,应用经济学,7,全日制,350
长安大学,不是,是,是,不是,经济与管理学院,资产评估,15,全日制,435
长安大学,不是,是,是,不是,马克思主义学院,马克思主义理论,21,全日制,361
长安大学,不是,是,是,不是,马克思主义学院,哲学,8,全日制,321
长安大学,不是,是,是,不是,人文学院,美学,5,全日制,335
长安大学,不是,是,是,不是,经济与管理学院,应用经济学,7,全日制,350
长安大学,不是,是,是,不是,经济与管理学院,资产评估,15,全日制,435
长安大学,不是,是,是,不是,马克思主义学院,马克思主义理论,21,全日制,361
长安大学,不是,是,是,不是,体育系,体育,8,全日制,305
长安大学,不是,是,是,不是,人文学院,国际中文教育,13,全日制,361
长安大学,不是,是,是,不是,外国语学院,外国语言文学,7,全日制,389
长安大学,不是,是,是,不是,外国语学院,英语笔译,5,全日制,373
长安大学,不是,是,是,不是,人文学院,新闻与传播,13,全日制,373
长安大学,不是,是,是,不是,理学院,数学,16,全日制,320
长安大学,不是,是,是,不是,土地工程学院,地理学,9,全日制,302
长安大学,不是,是,是,不是,地质工程与测绘学院,地球物理学,5,全日制,285
长安大学,不是,是,是,不是,地球科学与资源学院,地质学,29,全日制,292
长安大学,不是,是,是,不是,运输工程学院,统计学,6,全日制,313
长安大学,不是,是,是,不是,理学院,力学,8,全日制,296
长安大学,不是,是,是,不是,工程机械学院,机械工程,43,全日制,302
长安大学,不是,是,是,不是,汽车学院,车辆工程,10,全日制,311
长安大学,不是,是,是,不是,材料科学与工程学院,材料科学与工程,31,全日制,261
长安大学,不是,是,是,不是,能源与电气工程学院,动力工程及工程热物理,10,全日制,308
长安大学,不是,是,是,不是,能源与电气工程学院,电气工程,11,全日制,337
长安大学,不是,是,是,不是,信息工程学院,信息与通信工程,12,全日制,339
长安大学,不是,是,是,不是,电子与控制工程学院,控制科学与工程,14,全日制,319
长安大学,不是,是,是,不是,信息工程学院,计算机科学与技术,12,全日制,303
长安大学,不是,是,是,不是,数据科学与人工智能研究院,计算机科学与技术,5,全日制,267
长安大学,不是,是,是,不是,建筑学院,建筑学,6,全日制,293
长安大学,不是,是,是,不是,公路学院,土木工程,40,全日制,260
长安大学,不是,是,是,不是,建筑工程学院,土木工程,42,全日制,265
长安大学,不是,是,是,不是,水利与环境学院,水利工程,12,全日制,263
长安大学,不是,是,是,不是,地质工程与测绘学院,测绘科学与技术,14,全日制,275
西安建筑科技大学,不是,不是,不是,是,马克思主义学院,哲学,12,全日制,321
西安建筑科技大学,不是,不是,不是,是,马克思主义学院,马克思主义理论,75,全日制,359
西安建筑科技大学,不是,不是,不是,是,文学院,法律（非法学）,25,全日制,323
西安建筑科技大学,不是,不是,不是,是,文学院,法律（法学）,20,全日制,323
西安建筑科技大学,不是,不是,不是,是,体育学院,体育,20,全日制,304
西安建筑科技大学,不是,不是,不是,是,马克思主义学院,哲学,12,全日制,321
西安建筑科技大学,不是,不是,不是,是,马克思主义学院,马克思主义理论,75,全日制,359
西安建筑科技大学,不是,不是,不是,是,文学院,法律（非法学）,25,全日制,323
西安建筑科技大学,不是,不是,不是,是,文学院,法律（法学）,20,全日制,323
西安建筑科技大学,不是,不是,不是,是,体育学院,体育,20,全日制,304
西安建筑科技大学,不是,不是,不是,是,文学院,国际中文教育,25,全日制,341
西安建筑科技大学,不是,不是,不是,是,文学院,中国语言文学,30,全日制,351
西安建筑科技大学,不是,不是,不是,是,理学院,数学,40,全日制,274
西安建筑科技大学,不是,不是,不是,是,理学院,物理学,16,全日制,274
西安建筑科技大学,不是,不是,不是,是,环境与市政工程学院,生态学,3,全日制,274
西安建筑科技大学,不是,不是,不是,是,环境与市政工程学院,生态学,1,全日制,274
西安建筑科技大学,不是,不是,不是,是,未来技术学院,生态学,18,全日制,274
西安建筑科技大学,不是,不是,不是,是,理学院,力学,36,全日制,251
西安建筑科技大学,不是,不是,不是,是,机电工程学院,机械工程,45,全日制,260
西安建筑科技大学,不是,不是,不是,是,材料科学与工程学院,材料科学与工程,80,全日制,260
西安建筑科技大学,不是,不是,不是,是,冶金工程学院,材料加工工程,30,全日制,260
西安建筑科技大学,不是,不是,不是,是,冶金工程学院,冶金工程,25,全日制,251
西安建筑科技大学,不是,不是,不是,是,信息与控制工程学院,控制科学与工程,50,全日制,260
西安建筑科技大学,不是,不是,不是,是,信息与控制工程学院,计算机科学与技术,40,全日制,260
西安理工大学,不是,不是,不是,是,经济与管理学院,应用经济学,25,全日制,323
西安理工大学,不是,不是,不是,是,经济与管理学院专业学位中心（MBA教育中心）,金融,34,全日制,323
西安理工大学,不是,不是,不是,是,马克思主义学院,马克思主义基本原理,20,全日制,323
西安理工大学,不是,不是,不是,是,马克思主义学院,马克思主义中国化研究,18,全日制,339
西安理工大学,不是,不是,不是,是,马克思主义学院,思想政治教育,32,全日制,339
西安理工大学,不是,不是,不是,是,经济与管理学院,应用经济学,25,全日制,323
西安理工大学,不是,不是,不是,是,经济与管理学院专业学位中心（MBA教育中心）,金融,34,全日制,323
西安理工大学,不是,不是,不是,是,马克思主义学院,马克思主义基本原理,20,全日制,323
西安理工大学,不是,不是,不是,是,马克思主义学院,马克思主义中国化研究,18,全日制,339
西安理工大学,不是,不是,不是,是,马克思主义学院,思想政治教育,32,全日制,339
西安理工大学,不是,不是,不是,是,马克思主义学院,中国近现代史基本问题研究,14,全日制,323
西安理工大学,不是,不是,不是,是,人文与外国语学院,法律（非法学）,9,全日制,323
西安理工大学,不是,不是,不是,是,人文与外国语学院,法律（法学）,9,全日制,323
西安理工大学,不是,不是,不是,是,人文与外国语学院,外国语言文学,19,全日制,351
西安理工大学,不是,不是,不是,是,理学院,数学,44,全日制,305
西安理工大学,不是,不是,不是,是,理学院,物理学,15,全日制,274
西安理工大学,不是,不是,不是,是,土木建筑工程学院,力学,20,全日制,251
西安理工大学,不是,不是,不是,是,机械与精密仪器工程学院,机械工程,66,全日制,260
西安理工大学,不是,不是,不是,是,印刷包装与数字媒体学院,机械工程,4,全日制,260
西安理工大学,不是,不是,不是,是,机械与精密仪器工程学院,光学工程,12,全日制,260
西安理工大学,不是,不是,不是,是,机械与精密仪器工程学院,仪器科学与技术,40,全日制,260
西安理工大学,不是,不是,不是,是,材料科学与工程学院,材料物理与化学,22,全日制,260
西安理工大学,不是,不是,不是,是,材料科学与工程学院,材料学,28,全日制,260
西安理工大学,不是,不是,不是,是,材料科学与工程学院,材料加工工程,28,全日制,260
陕西科技大学,不是,不是,不是,是,数学与数据科学学院,应用统计,10,全日制,323
陕西科技大学,不是,不是,不是,是,经济与管理学院,数字经济,10,全日制,323
陕西科技大学,不是,不是,不是,是,马克思主义学院,马克思主义理论,19,全日制,323
陕西科技大学,不是,不是,不是,是,马克思主义学院,马克思主义理论,21,非全日制,323
陕西科技大学,不是,不是,不是,是,马克思主义学院,马克思主义理论,1,非全日制,323
陕西科技大学,不是,不是,不是,是,数学与数据科学学院,应用统计,10,全日制,323
陕西科技大学,不是,不是,不是,是,经济与管理学院,数字经济,10,全日制,323
陕西科技大学,不是,不是,不是,是,马克思主义学院,马克思主义理论,19,全日制,323
陕西科技大学,不是,不是,不是,是,马克思主义学院,马克思主义理论,21,非全日制,323
陕西科技大学,不是,不是,不是,是,马克思主义学院,马克思主义理论,1,非全日制,323
陕西科技大学,不是,不是,不是,是,经济与管理学院,知识产权,5,全日制,323
陕西科技大学,不是,不是,不是,是,经济与管理学院,知识产权,5,非全日制,323
陕西科技大学,不是,不是,不是,是,文化与教育学院,教育管理,32,非全日制,341
陕西科技大学,不是,不是,不是,是,文化与教育学院,教育管理,1,非全日制,341
陕西科技大学,不是,不是,不是,是,文化与教育学院,现代教育技术,14,全日制,341
西安科技大学,不是,不是,不是,是,管理学院,产业经济学,1,全日制,323
西安科技大学,不是,不是,不是,是,理学院,应用统计,21,全日制,323
西安科技大学,不是,不是,不是,是,理学院,应用统计,1,非全日制,323
西安科技大学,不是,不是,不是,是,马克思主义学院,马克思主义理论,64,全日制,333
西安科技大学,不是,不是,不是,是,马克思主义学院,马克思主义理论,2,非全日制,333
西安科技大学,不是,不是,不是,是,管理学院,产业经济学,1,全日制,323
西安科技大学,不是,不是,不是,是,理学院,应用统计,21,全日制,323
西安科技大学,不是,不是,不是,是,理学院,应用统计,1,非全日制,323
西安科技大学,不是,不是,不是,是,马克思主义学院,马克思主义理论,64,全日制,333
西安科技大学,不是,不是,不是,是,马克思主义学院,马克思主义理论,2,非全日制,333
西安科技大学,不是,不是,不是,是,人文与外国语学院,国际中文教育,7,全日制,341
西安科技大学,不是,不是,不是,是,人文与外国语学院,国际中文教育,4,非全日制,341
西安科技大学,不是,不是,不是,是,人文与外国语学院,翻译,24,全日制,351
西安科技大学,不是,不是,不是,是,人文与外国语学院,翻译,1,非全日制,351
西安科技大学,不是,不是,不是,是,理学院,数学,17,全日制,274
西安科技大学,不是,不是,不是,是,理学院,数学,1,非全日制,274
西安科技大学,不是,不是,不是,是,理学院,物理学,19,全日制,274
西安科技大学,不是,不是,不是,是,理学院,物理学,1,非全日制,274
西安科技大学,不是,不是,不是,是,化学与化工学院,化学,15,全日制,274
西安科技大学,不是,不是,不是,是,化学与化工学院,化学,2,非全日制,274
西安科技大学,不是,不是,不是,是,测绘科学与技术学院,地理学,12,全日制,274
西安科技大学,不是,不是,不是,是,理学院,力学,11,全日制,251
西安科技大学,不是,不是,不是,是,机械工程学院,机械工程,8,全日制,260
西安科技大学,不是,不是,不是,是,机械工程学院,仪器科学与技术,6,全日制,260
西安邮电大学,不是,不是,不是,是,经济与管理学院,应用经济学,12,全日制,323
西安邮电大学,不是,不是,不是,是,经济与管理学院,数字经济,14,全日制,323
西安邮电大学,不是,不是,不是,是,马克思主义学院,马克思主义理论,23,全日制,360
西安邮电大学,不是,不是,不是,是,理学院,物理学,21,全日制,274
西安邮电大学,不是,不是,不是,是,经济与管理学院,应用经济学,12,全日制,323
西安邮电大学,不是,不是,不是,是,经济与管理学院,数字经济,14,全日制,323
西安邮电大学,不是,不是,不是,是,马克思主义学院,马克思主义理论,23,全日制,360
西安邮电大学,不是,不是,不是,是,理学院,物理学,21,全日制,274
西安邮电大学,不是,不是,不是,是,理学院,系统科学,9,全日制,274
西安邮电大学,不是,不是,不是,是,理学院,计算机科学与技术,4,全日制,295
西安工业大学,不是,不是,不是,是,马克思主义学院,马克思主义基本原理,10,全日制,323
西安工业大学,不是,不是,不是,是,马克思主义学院,马克思主义中国化研究,10,全日制,323
西安工业大学,不是,不是,不是,是,马克思主义学院,思想政治教育,13,全日制,323
西安工业大学,不是,不是,不是,是,基础学院,体育教学,6,全日制,304
西安工业大学,不是,不是,不是,是,马克思主义学院,马克思主义基本原理,10,全日制,323
西安工业大学,不是,不是,不是,是,马克思主义学院,马克思主义中国化研究,10,全日制,323
西安工业大学,不是,不是,不是,是,马克思主义学院,思想政治教育,13,全日制,323
西安工业大学,不是,不是,不是,是,基础学院,体育教学,6,全日制,304
西安工业大学,不是,不是,不是,是,基础学院,体育教学,1,非全日制,304
西安工业大学,不是,不是,不是,是,基础学院,社会体育指导,2,全日制,304
西安工业大学,不是,不是,不是,是,基础学院,社会体育指导,1,非全日制,304
西安工业大学,不是,不是,不是,是,文学院,文艺学,3,全日制,351
西安工业大学,不是,不是,不是,是,文学院,语言学及应用语言学,3,全日制,351
西安工业大学,不是,不是,不是,是,文学院,中国古代文学,4,全日制,351
西安工业大学,不是,不是,不是,是,文学院,中国现当代文学,5,全日制,351
西安工业大学,不是,不是,不是,是,文学院,比较文学与世界文学,3,全日制,351
西安工业大学,不是,不是,不是,是,文学院,翻译,13,全日制,351
西安工业大学,不是,不是,不是,是,文学院,新闻与传播,30,全日制,351
西北政法大学,不是,不是,不是,是,哲学与社会发展学院,马克思主义哲学,10,全日制,321
西北政法大学,不是,不是,不是,是,哲学与社会发展学院,中国哲学,4,全日制,321
西北政法大学,不是,不是,不是,是,哲学与社会发展学院,外国哲学,4,全日制,321
西北政法大学,不是,不是,不是,是,哲学与社会发展学院,马克思主义哲学,10,全日制,321
西北政法大学,不是,不是,不是,是,哲学与社会发展学院,中国哲学,4,全日制,321
西北政法大学,不是,不是,不是,是,哲学与社会发展学院,外国哲学,4,全日制,321
西北政法大学,不是,不是,不是,是,经济学院,政治经济学,3,全日制,323
西北政法大学,不是,不是,不是,是,经济学院,西方经济学,4,全日制,323
西北政法大学,不是,不是,不是,是,哲学与社会发展学院,马克思主义哲学,10,全日制,321
西北政法大学,不是,不是,不是,是,哲学与社会发展学院,中国哲学,4,全日制,321
西北政法大学,不是,不是,不是,是,哲学与社会发展学院,外国哲学,4,全日制,321
西北政法大学,不是,不是,不是,是,经济学院,政治经济学,3,全日制,323
西北政法大学,不是,不是,不是,是,经济学院,西方经济学,4,全日制,323
西北政法大学,不是,不是,不是,是,经济学院,世界经济,2,全日制,323
西北政法大学,不是,不是,不是,是,经济学院,金融,30,全日制,323
西北政法大学,不是,不是,不是,是,经济学院,国际商务,30,全日制,323
西北政法大学,不是,不是,不是,是,法治学院、法律硕士教育学院,法学理论,23,全日制,344
西北政法大学,不是,不是,不是,是,法治学院、法律硕士教育学院,法律史,22,全日制,348
西北政法大学,不是,不是,不是,是,行政法学院（纪检监察学院）,宪法学与行政法学,40,全日制,345
西北政法大学,不是,不是,不是,是,刑事法学院,刑法学,80,全日制,331
西北政法大学,不是,不是,不是,是,民商法学院,民商法学,80,全日制,341
西北政法大学,不是,不是,不是,是,刑事法学院,诉讼法学,23,全日制,346
西北政法大学,不是,不是,不是,是,民商法学院,诉讼法学,21,全日制,354
西安石油大学,不是,不是,不是,是,经济管理学院,区域经济学,5,全日制,323
西安石油大学,不是,不是,不是,是,经济管理学院,金融学,5,全日制,323
西安石油大学,不是,不是,不是,是,经济管理学院,产业经济学,5,全日制,323
西安石油大学,不是,不是,不是,是,马克思主义学院,马克思主义理论,40,全日制,323
西安石油大学,不是,不是,不是,是,经济管理学院,区域经济学,5,全日制,323
西安石油大学,不是,不是,不是,是,经济管理学院,金融学,5,全日制,323
西安石油大学,不是,不是,不是,是,经济管理学院,产业经济学,5,全日制,323
西安石油大学,不是,不是,不是,是,马克思主义学院,马克思主义理论,40,全日制,323
西安石油大学,不是,不是,不是,是,人文学院,国际中文教育,25,全日制,341
西安石油大学,不是,不是,不是,是,外国语学院,英语笔译,28,全日制,351
西安石油大学,不是,不是,不是,是,人文学院,新闻与传播,9,全日制,351
西安石油大学,不是,不是,不是,是,理学院,数学,14,全日制,274
西安石油大学,不是,不是,不是,是,地球科学与工程学院,地质学,30,全日制,274
西安石油大学,不是,不是,不是,是,机械工程学院,机械工程,28,全日制,260
西安石油大学,不是,不是,不是,是,理学院,光学工程,19,全日制,260
西安石油大学,不是,不是,不是,是,电子工程学院,仪器科学与技术,20,全日制,260
西安石油大学,不是,不是,不是,是,材料科学与工程学院,材料科学与工程,39,全日制,260
西安石油大学,不是,不是,不是,是,机械工程学院,动力工程及工程热物理,15,全日制,251
西安石油大学,不是,不是,不是,是,电子工程学院,电气工程,5,全日制,260
西安工程大学,不是,不是,不是,是,理学院,应用统计,13,全日制,323
西安工程大学,不是,不是,不是,是,马克思主义学院,马克思主义理论,22,全日制,327
西安工程大学,不是,不是,不是,是,人文社会科学学院,法律（非法学）,6,全日制,323
西安工程大学,不是,不是,不是,是,人文社会科学学院,法律（法学）,6,全日制,323
西安工程大学,不是,不是,不是,是,人文社会科学学院,国际中文教育,7,全日制,341
西安工程大学,不是,不是,不是,是,理学院,应用统计,13,全日制,323
西安工程大学,不是,不是,不是,是,马克思主义学院,马克思主义理论,22,全日制,327
西安工程大学,不是,不是,不是,是,人文社会科学学院,法律（非法学）,6,全日制,323
西安工程大学,不是,不是,不是,是,人文社会科学学院,法律（法学）,6,全日制,323
西安工程大学,不是,不是,不是,是,人文社会科学学院,国际中文教育,7,全日制,341
西安工程大学,不是,不是,不是,是,人文社会科学学院,外国语言文学,7,全日制,351
西安工程大学,不是,不是,不是,是,人文社会科学学院,翻译,12,全日制,351
西安工程大学,不是,不是,不是,是,新媒体艺术学院,新闻与传播,20,全日制,351
西安工程大学,不是,不是,不是,是,新媒体艺术学院,新闻与传播,1,非全日制,351
西安工程大学,不是,不是,不是,是,理学院,数学,28,全日制,274
延安大学,不是,不是,不是,是,政法与公共管理学院,哲学,16,全日制,321
延安大学,不是,不是,不是,是,乡村发展研究院,应用经济学,6,全日制,323
延安大学,不是,不是,不是,是,经济与管理学院,应用经济学,13,全日制,323
延安大学,不是,不是,不是,是,政法与公共管理学院,政治学,36,全日制,347
延安大学,不是,不是,不是,是,马克思主义学院,马克思主义理论,76,全日制,334
延安大学,不是,不是,不是,是,政法与公共管理学院,哲学,16,全日制,321
延安大学,不是,不是,不是,是,乡村发展研究院,应用经济学,6,全日制,323
延安大学,不是,不是,不是,是,经济与管理学院,应用经济学,13,全日制,323
延安大学,不是,不是,不是,是,政法与公共管理学院,政治学,36,全日制,347
延安大学,不是,不是,不是,是,马克思主义学院,马克思主义理论,76,全日制,334
延安大学,不是,不是,不是,是,政法与公共管理学院,法律（非法学）,15,全日制,323
延安大学,不是,不是,不是,是,政法与公共管理学院,法律（法学）,12,全日制,323
延安大学,不是,不是,不是,是,教育科学学院,教育学,12,全日制,341
延安大学,不是,不是,不是,是,体育学院,体育学,22,全日制,304
延安大学,不是,不是,不是,是,教育科学学院,教育管理,10,非全日制,341
延安大学,不是,不是,不是,是,马克思主义学院,学科教学（思政）,27,全日制,341
延安大学,不是,不是,不是,是,文学与新闻传播学院,学科教学（语文）,45,全日制,354
延安大学,不是,不是,不是,是,文学与新闻传播学院,学科教学（语文）,6,非全日制,354
延安大学,不是,不是,不是,是,数学与计算机科学学院,学科教学（数学）,20,全日制,341
延安大学,不是,不是,不是,是,数学与计算机科学学院,学科教学（数学）,5,非全日制,341
西安外国语大学,不是,不是,不是,是,经济金融学院,应用经济学,15,全日制,323
西安外国语大学,不是,不是,不是,是,经济金融学院,金融,22,全日制,323
西安外国语大学,不是,不是,不是,是,非全日制硕士教育中心,金融,12,非全日制,323
西安外国语大学,不是,不是,不是,是,商学院,国际商务,35,全日制,323
西安外国语大学,不是,不是,不是,是,经济金融学院,数字经济,11,全日制,323
西安外国语大学,不是,不是,不是,是,经济金融学院,应用经济学,15,全日制,323
西安外国语大学,不是,不是,不是,是,经济金融学院,金融,22,全日制,323
西安外国语大学,不是,不是,不是,是,非全日制硕士教育中心,金融,12,非全日制,323
西安外国语大学,不是,不是,不是,是,商学院,国际商务,35,全日制,323
西安外国语大学,不是,不是,不是,是,经济金融学院,数字经济,11,全日制,323
西安外国语大学,不是,不是,不是,是,国际关系学院,政治学,20,全日制,323
西安外国语大学,不是,不是,不是,是,马克思主义学院,马克思主义理论,19,全日制,325
陕西理工大学,不是,不是,不是,是,经济管理与法学学院,应用经济学,14,全日制,323
陕西理工大学,不是,不是,不是,是,数学与计算机科学学院,应用统计,13,全日制,323
陕西理工大学,不是,不是,不是,是,马克思主义学院,马克思主义基本原理,6,全日制,323
陕西理工大学,不是,不是,不是,是,马克思主义学院,马克思主义中国化研究,6,全日制,323
陕西理工大学,不是,不是,不是,是,马克思主义学院,思想政治教育,8,全日制,323
陕西理工大学,不是,不是,不是,是,经济管理与法学学院,应用经济学,14,全日制,323
陕西理工大学,不是,不是,不是,是,数学与计算机科学学院,应用统计,13,全日制,323
陕西理工大学,不是,不是,不是,是,马克思主义学院,马克思主义基本原理,6,全日制,323
陕西理工大学,不是,不是,不是,是,马克思主义学院,马克思主义中国化研究,6,全日制,323
陕西理工大学,不是,不是,不是,是,马克思主义学院,思想政治教育,8,全日制,323
陕西理工大学,不是,不是,不是,是,经济管理与法学学院,法律（非法学）,7,全日制,323
陕西理工大学,不是,不是,不是,是,经济管理与法学学院,法律（法学）,5,全日制,323
陕西理工大学,不是,不是,不是,是,马克思主义学院,学科教学（思政）,3,全日制,341
陕西理工大学,不是,不是,不是,是,人文学院,学科教学（语文）,23,全日制,341
榆林学院,不是,不是,不是,是,马克思主义学院,中共党史党建学,18,全日制,323
榆林学院,不是,不是,不是,是,教育学院,教育管理,13,全日制,341
榆林学院,不是,不是,不是,是,马克思主义学院,学科教学（思政）,11,全日制,341
榆林学院,不是,不是,不是,是,文学院,学科教学（语文）,31,全日制,341
榆林学院,不是,不是,不是,是,数学与统计学院,学科教学（数学）,12,全日制,341
榆林学院,不是,不是,不是,是,马克思主义学院,中共党史党建学,18,全日制,323
榆林学院,不是,不是,不是,是,教育学院,教育管理,13,全日制,341
榆林学院,不是,不是,不是,是,马克思主义学院,学科教学（思政）,11,全日制,341
榆林学院,不是,不是,不是,是,文学院,学科教学（语文）,31,全日制,341
榆林学院,不是,不是,不是,是,数学与统计学院,学科教学（数学）,12,全日制,341
宝鸡文理学院,不是,不是,不是,是,马克思主义学院,马克思主义基本原理,9,全日制,323
宝鸡文理学院,不是,不是,不是,是,马克思主义学院,马克思主义中国化研究,9,全日制,323
宝鸡文理学院,不是,不是,不是,是,马克思主义学院,马克思主义基本原理,9,全日制,323
宝鸡文理学院,不是,不是,不是,是,马克思主义学院,马克思主义中国化研究,9,全日制,323
宝鸡文理学院,不是,不是,不是,是,马克思主义学院,思想政治教育,9,全日制,323
宝鸡文理学院,不是,不是,不是,是,教育学院,教育学原理,6,全日制,341
宝鸡文理学院,不是,不是,不是,是,教育学院,课程与教学论,6,全日制,341
宝鸡文理学院,不是,不是,不是,是,教育学院,教育史,6,全日制,341
宝鸡文理学院,不是,不是,不是,是,教育学院,教育管理,4,全日制,341
宝鸡文理学院,不是,不是,不是,是,教育学院,教育管理,2,非全日制,341
宝鸡文理学院,不是,不是,不是,是,文学与新闻传播学院,学科教学（语文）,26,全日制,341
宝鸡文理学院,不是,不是,不是,是,数学与信息科学学院,学科教学（数学）,20,全日制,341
宝鸡文理学院,不是,不是,不是,是,物理与光电技术学院,学科教学（物理）,7,全日制,341
陕西中医药大学,不是,不是,不是,是,人文管理学院,国际中文教育,8,全日制,341
陕西中医药大学,不是,不是,不是,是,公共卫生学院,应用心理,13,全日制,341
陕西中医药大学,不是,不是,不是,是,第二临床医学院,内科学,12,全日制,293
陕西中医药大学,不是,不是,不是,是,第二临床医学院,儿科学,4,全日制,293
陕西中医药大学,不是,不是,不是,是,第二临床医学院,神经病学,6,全日制,293
陕西中医药大学,不是,不是,不是,是,人文管理学院,国际中文教育,8,全日制,341
陕西中医药大学,不是,不是,不是,是,公共卫生学院,应用心理,13,全日制,341
陕西中医药大学,不是,不是,不是,是,第二临床医学院,内科学,12,全日制,293
陕西中医药大学,不是,不是,不是,是,第二临床医学院,儿科学,4,全日制,293
陕西中医药大学,不是,不是,不是,是,第二临床医学院,神经病学,6,全日制,293
陕西中医药大学,不是,不是,不是,是,医学技术学院,影像医学与核医学,10,全日制,293
陕西中医药大学,不是,不是,不是,是,医学技术学院,临床检验诊断学,10,全日制,303
陕西中医药大学,不是,不是,不是,是,第二临床医学院,外科学,10,全日制,293
陕西中医药大学,不是,不是,不是,是,第二临床医学院,妇产科学,6,全日制,293
陕西中医药大学,不是,不是,不是,是,第二临床医学院,眼科学,3,全日制,293
陕西中医药大学,不是,不是,不是,是,第二临床医学院,肿瘤学,4,全日制,293
陕西中医药大学,不是,不是,不是,是,第二临床医学院,麻醉学,6,全日制,293
陕西中医药大学,不是,不是,不是,是,基础医学院,中医基础理论,5,全日制,293
陕西中医药大学,不是,不是,不是,是,基础医学院,中医临床基础,4,全日制,293
陕西中医药大学,不是,不是,不是,是,人文管理学院,中医医史文献,3,全日制,293
西安财经大学,不是,不是,不是,是,经济学院,区域经济学,10,全日制,323
西安财经大学,不是,不是,不是,是,经济学院,财政学,10,全日制,323
西安财经大学,不是,不是,不是,是,经济学院,金融学,21,全日制,323
西安财经大学,不是,不是,不是,是,经济学院,产业经济学,10,全日制,323
西安财经大学,不是,不是,不是,是,经济学院,国际贸易学,6,全日制,323
西安财经大学,不是,不是,不是,是,经济学院,区域经济学,10,全日制,323
西安财经大学,不是,不是,不是,是,经济学院,财政学,10,全日制,323
西安财经大学,不是,不是,不是,是,经济学院,金融学,21,全日制,323
西安财经大学,不是,不是,不是,是,经济学院,产业经济学,10,全日制,323
西安财经大学,不是,不是,不是,是,经济学院,国际贸易学,6,全日制,323
西安医学院,不是,不是,不是,是,临床医学,内科学,66,全日制,293
西安医学院,不是,不是,不是,是,临床医学,儿科学,25,全日制,293
西安医学院,不是,不是,不是,是,临床医学,老年医学,2,全日制,293
西安医学院,不是,不是,不是,是,临床医学,神经病学,12,全日制,293
西安医学院,不是,不是,不是,是,临床医学,精神病与精神卫生学,3,全日制,293
西安医学院,不是,不是,不是,是,临床医学,内科学,66,全日制,293
西安医学院,不是,不是,不是,是,临床医学,儿科学,25,全日制,293
西安医学院,不是,不是,不是,是,临床医学,老年医学,2,全日制,293
西安医学院,不是,不是,不是,是,临床医学,神经病学,12,全日制,293
西安医学院,不是,不是,不是,是,临床医学,精神病与精神卫生学,3,全日制,293
火箭军工程大学,不是,不是,不是,是,不区分院系,信息与通信工程,6,全日制,250
火箭军工程大学,不是,不是,不是,是,不区分院系,控制科学与工程,35,全日制,290
火箭军工程大学,不是,不是,不是,是,不区分院系,计算机科学与技术,24,全日制,250
火箭军工程大学,不是,不是,不是,是,不区分院系,航空宇航科学与技术,20,全日制,241
火箭军工程大学,不是,不是,不是,是,不区分院系,兵器科学与技术,30,全日制,290
火箭军工程大学,不是,不是,不是,是,不区分院系,信息与通信工程,6,全日制,250
火箭军工程大学,不是,不是,不是,是,不区分院系,控制科学与工程,35,全日制,290
火箭军工程大学,不是,不是,不是,是,不区分院系,计算机科学与技术,24,全日制,250
火箭军工程大学,不是,不是,不是,是,不区分院系,航空宇航科学与技术,20,全日制,241
火箭军工程大学,不是,不是,不是,是,不区分院系,兵器科学与技术,30,全日制,290
空军工程大学,不是,不是,不是,是,基础部,翻译,21,全日制,351
空军工程大学,不是,不是,不是,是,基础部,翻译,4,非全日制,351
空军工程大学,不是,不是,不是,是,基础部,数学,4,全日制,274
空军工程大学,不是,不是,不是,是,航空工程学院,电子科学与技术,4,全日制,300
空军工程大学,不是,不是,不是,是,防空反导学院,电子科学与技术,22,全日制,300
空军工程大学,不是,不是,不是,是,基础部,翻译,21,全日制,351
空军工程大学,不是,不是,不是,是,基础部,翻译,4,非全日制,351
空军工程大学,不是,不是,不是,是,基础部,数学,4,全日制,274
空军工程大学,不是,不是,不是,是,航空工程学院,电子科学与技术,4,全日制,300
空军工程大学,不是,不是,不是,是,防空反导学院,电子科学与技术,22,全日制,300
空军工程大学,不是,不是,不是,是,信息与导航学院,电子科学与技术,3,全日制,300
空军工程大学,不是,不是,不是,是,基础部,电子科学与技术,7,全日制,300
空军工程大学,不是,不是,不是,是,航空工程学院,信息与通信工程,4,全日制,260
空军工程大学,不是,不是,不是,是,信息与导航学院,信息与通信工程,18,全日制,260
空军工程大学,不是,不是,不是,是,航空工程学院,控制科学与工程,5,全日制,300
空军工程大学,不是,不是,不是,是,防空反导学院,控制科学与工程,6,全日制,300
空军工程大学,不是,不是,不是,是,基础部,控制科学与工程,1,全日制,300
空军工程大学,不是,不是,不是,是,航空工程学院,交通运输工程,5,全日制,300
空军工程大学,不是,不是,不是,是,空管领航学院,交通运输工程,9,全日制,300
空军工程大学,不是,不是,不是,是,航空工程学院,航空宇航科学与技术,19,全日制,251
空军工程大学,不是,不是,不是,是,防空反导学院,航空宇航科学与技术,2,全日制,251
空军工程大学,不是,不是,不是,是,信息与导航学院,航空宇航科学与技术,3,全日制,251
空军工程大学,不是,不是,不是,是,空管领航学院,航空宇航科学与技术,7,全日制,251
空军工程大学,不是,不是,不是,是,装备管理与无人机工程学院,航空宇航科学与技术,7,全日制,251
空军工程大学,不是,不是,不是,是,基础部,航空宇航科学与技术,1,全日制,251
西安美术学院,不是,不是,不是,是,中国画学院,美术与书法,44,全日制,351
西安美术学院,不是,不是,不是,是,中国画学院,美术与书法,2,非全日制,351
西安美术学院,不是,不是,不是,是,书法系,美术与书法,10,全日制,351
西安美术学院,不是,不是,不是,是,书法系,美术与书法,1,非全日制,351
西安美术学院,不是,不是,不是,是,中国画学院,美术与书法,44,全日制,351
西安美术学院,不是,不是,不是,是,中国画学院,美术与书法,2,非全日制,351
西安美术学院,不是,不是,不是,是,书法系,美术与书法,10,全日制,351
西安美术学院,不是,不是,不是,是,书法系,美术与书法,1,非全日制,351
中共陕西省委党校,不是,不是,不是,不是,教研部,哲学,9,全日制,321
中共陕西省委党校,不是,不是,不是,不是,教研部,应用经济学,5,全日制,323
中共陕西省委党校,不是,不是,不是,不是,教研部,政治学,19,全日制,323
中共陕西省委党校,不是,不是,不是,不是,教研部,马克思主义理论,19,全日制,323
中共陕西省委党校,不是,不是,不是,不是,教研部,法律（非法学）,16,全日制,323
西安机电信息技术研究所（212所）,不是,不是,不是,不是,不区分院系,机械电子工程,10,全日制,290
西安音乐学院,不是,不是,不是,是,不区分院系,艺术学,70,全日制,351
西安音乐学院,不是,不是,不是,是,不区分院系,音乐,221,全日制,351
西安音乐学院,不是,不是,不是,是,不区分院系,舞蹈,9,全日制,351
西京学院,不是,不是,不是,是,商学院,国际商务,13,全日制,323
西京学院,不是,不是,不是,是,外国语学院,英语笔译,16,全日制,351
西京学院,不是,不是,不是,是,电子信息学院,新一代电子信息技术（含量子技术等）,35,全日制,260
西京学院,不是,不是,不是,是,计算机学院,计算机技术,50,全日制,260
西京学院,不是,不是,不是,是,电子信息学院,控制工程,22,全日制,260
西安微电子技术研究所,不是,不是,不是,不是,不区分院系,电子科学与技术,7,全日制,320
西安微电子技术研究所,不是,不是,不是,不是,不区分院系,计算机科学与技术,12,全日制,310
西安近代化学研究所（204所）,不是,不是,不是,不是,不区分院系,工程力学,10,全日制,290
西安近代化学研究所（204所）,不是,不是,不是,不是,不区分院系,材料学,9,全日制,290
西安近代化学研究所（204所）,不是,不是,不是,不是,不区分院系,应用化学,8,全日制,290
中国科学院西安光学精密机械研究所,不是,不是,不是,不是,不区分院系,光学,7,全日制,274
中国科学院西安光学精密机械研究所,不是,不是,不是,不是,不区分院系,机械制造及其自动化,3,全日制,260
中国科学院西安光学精密机械研究所,不是,不是,不是,不是,不区分院系,机械电子工程,3,全日制,260
中国科学院西安光学精密机械研究所,不是,不是,不是,不是,不区分院系,光学工程,8,全日制,260
中国科学院西安光学精密机械研究所,不是,不是,不是,不是,不区分院系,材料物理与化学,2,全日制,260
西北核技术研究所,不是,不是,不是,不是,不区分院系,核科学与技术,13,全日制,251
西安应用光学研究所（205所）,不是,不是,不是,不是,不区分院系,光学工程,19,全日制,300
西北机电工程研究所（202所）,不是,不是,不是,不是,不区分院系,火炮、自动武器与弹药工程,15,全日制,310
西安热工研究院有限公司,不是,不是,不是,不是,不区分院系,动力工程及工程热物理,10,全日制,310
陕西应用物理化学研究所（213）,不是,不是,不是,不是,不区分院系,军事化学与烟火技术,12,全日制,285
中国航空研究院631所,不是,不是,不是,不是,不区分院系,计算数学,1,全日制,274
中国航空研究院631所,不是,不是,不是,不是,不区分院系,计算机科学与技术,5,全日制,260
中国航空研究院631所,不是,不是,不是,不是,不区分院系,软件工程,2,全日制,260
西安现代控制技术研究所,不是,不是,不是,不是,不区分院系,武器系统与运用工程,21,全日制,300
中国科学院地球环境研究所,不是,不是,不是,不是,不区分院系,地球化学,1,全日制,274
中国科学院地球环境研究所,不是,不是,不是,不是,不区分院系,第四纪地质学,1,全日制,274
中国科学院地球环境研究所,不是,不是,不是,不是,不区分院系,环境科学,1,全日制,274
中国科学院地球环境研究所,不是,不是,不是,不是,不区分院系,环境工程,1,全日制,274
中国科学院地球环境研究所,不是,不是,不是,不是,不区分院系,资源与环境,3,全日制,260
中国航空研究院618所,不是,不是,不是,不是,航空六一八所,精密仪器及机械,2,全日制,260
中国航空研究院618所,不是,不是,不是,不是,航空六一八所,导航、制导与控制,7,全日制,260
航天动力技术研究院,不是,不是,不是,不是,西安航天动力技术研究所,力学,4,全日制,300
航天动力技术研究院,不是,不是,不是,不是,西安航天动力测控技术研究所,仪器科学与技术,4,全日制,300
航天动力技术研究院,不是,不是,不是,不是,西安航天复合材料研究所,材料科学与工程,7,全日制,300
航天动力技术研究院,不是,不是,不是,不是,湖北航天化学技术研究所,化学工程与技术,1,全日制,300
航天动力技术研究院,不是,不是,不是,不是,航天42所,化学工程与技术,6,全日制,300
中国航空工业集团公司西安飞机设计研究所,不是,不是,不是,不是,不区分院系,系统工程,5,全日制,310
中国航空工业集团公司西安飞机设计研究所,不是,不是,不是,不是,不区分院系,飞行器设计,6,全日制,310
中国航空研究院（630所）,不是,不是,不是,不是,不区分院系,测试计量技术及仪器,3,全日制,300
中国航空研究院（630所）,不是,不是,不是,不是,不区分院系,导航、制导与控制,3,全日制,300
中国航空研究院（630所）,不是,不是,不是,不是,不区分院系,飞行器设计,3,全日制,300
中国航空研究院（630所）,不是,不是,不是,不是,不区分院系,航空宇航推进理论与工程,2,全日制,300
中国科学院水土保持与生态环境研究中心,不是,不是,不是,不是,不区分院系,生态学,3,全日制,274
中国科学院水土保持与生态环境研究中心,不是,不是,不是,不是,不区分院系,环境工程,2,全日制,260
中国科学院水土保持与生态环境研究中心,不是,不是,不是,不是,不区分院系,土壤学,3,全日制,245
中国科学院水土保持与生态环境研究中心,不是,不是,不是,不是,不区分院系,水土保持与荒漠化防治,3,全日制,245
中国科学院国家授时中心,不是,不是,不是,不是,不区分院系,天体测量与天体力学,2,全日制,274
中国科学院国家授时中心,不是,不是,不是,不是,不区分院系,测试计量技术及仪器,2,全日制,260
中国科学院国家授时中心,不是,不是,不是,不是,不区分院系,通信与信息系统,2,全日制,260
咸阳师范学院,不是,不是,不是,是,文学与传播学院,学科教学（语文）,6,全日制,341
咸阳师范学院,不是,不是,不是,是,数学与统计学院,学科教学（数学）,4,全日制,341
咸阳师范学院,不是,不是,不是,是,教育科学学院,小学教育,8,全日制,341
咸阳师范学院,不是,不是,不是,是,历史文化学院,文物,11,全日制,266
西安精密机械研究所,不是,不是,不是,不是,不区分院系,水声工程,3,全日制,330
西安精密机械研究所,不是,不是,不是,不是,不区分院系,武器系统与运用工程,6,全日制,330
西安电子工程研究所（206所）,不是,不是,不是,不是,不区分院系,武器系统与运用工程,15,全日制,300
西安文理学院,不是,不是,不是,是,师范学院,小学教育,10,全日制,341
西安文理学院,不是,不是,不是,是,学前教育学院,学前教育,10,全日制,341
西安文理学院,不是,不是,不是,是,机械与材料工程学院,机械工程,11,全日制,260
西安文理学院,不是,不是,不是,是,历史文化旅游学院,文物,12,全日制,266
电信科学技术第四研究所（西安）,不是,不是,不是,不是,电信科学技术第四研究所（西安）,电磁场与微波技术,3,全日制,306
内蒙古大学,不是,是,是,不是,哲学学院,马克思主义哲学,7,全日制,311
内蒙古大学,不是,是,是,不是,哲学学院,中国哲学,4,全日制,311
内蒙古大学,不是,是,是,不是,哲学学院,外国哲学,3,全日制,311
内蒙古大学,不是,是,是,不是,哲学学院,伦理学,2,全日制,311
内蒙古大学,不是,是,是,不是,蒙古学学院,宗教学,2,全日制,311
内蒙古大学,不是,是,是,不是,哲学学院,马克思主义哲学,7,全日制,311
内蒙古大学,不是,是,是,不是,哲学学院,中国哲学,4,全日制,311
内蒙古大学,不是,是,是,不是,哲学学院,外国哲学,3,全日制,311
内蒙古大学,不是,是,是,不是,哲学学院,伦理学,2,全日制,311
内蒙古大学,不是,是,是,不是,蒙古学学院,宗教学,2,全日制,311
内蒙古大学,不是,是,是,不是,哲学学院,科学技术哲学,3,全日制,311
内蒙古大学,不是,是,是,不是,经济管理学院,应用经济学,24,全日制,313
内蒙古大学,不是,是,是,不是,经济管理学院,金融,40,全日制,313
内蒙古大学,不是,是,是,不是,数学科学学院,应用统计,45,全日制,313
内蒙古大学,不是,是,是,不是,法学院,法学,25,全日制,336
内蒙古大学,不是,是,是,不是,民族学与社会学学院,马克思主义民族理论与政策,5,全日制,313
内蒙古大学,不是,是,是,不是,马克思主义学院,马克思主义理论,56,全日制,313
内蒙古大学,不是,是,是,不是,法学院,法律（非法学）,85,全日制,284
内蒙古大学,不是,是,是,不是,法学院,法律（非法学）,27,非全日制,284
内蒙古大学,不是,是,是,不是,法学院,法律（法学）,45,全日制,313
内蒙古大学,不是,是,是,不是,法学院,法律（法学）,10,非全日制,313
内蒙古大学,不是,是,是,不是,民族学与社会学学院,社会工作,20,全日制,313
内蒙古大学,不是,是,是,不是,民族学与社会学学院,社会工作,15,非全日制,313
内蒙古大学,不是,是,是,不是,蒙古学学院,文艺学,3,全日制,341
内蒙古农业大学,不是,不是,不是,是,马克思主义学院,马克思主义理论,9,全日制,313
内蒙古农业大学,不是,不是,不是,是,人文社会科学学院,社会工作,5,全日制,313
内蒙古农业大学,不是,不是,不是,是,人文社会科学学院,社会工作,10,非全日制,313
内蒙古农业大学,不是,不是,不是,是,马克思主义学院,马克思主义理论,9,全日制,313
内蒙古农业大学,不是,不是,不是,是,人文社会科学学院,社会工作,5,全日制,313
内蒙古农业大学,不是,不是,不是,是,人文社会科学学院,社会工作,10,非全日制,313
内蒙古农业大学,不是,不是,不是,是,农学院,植物学,9,全日制,264
内蒙古农业大学,不是,不是,不是,是,生命科学学院,微生物学,7,全日制,264
内蒙古农业大学,不是,不是,不是,是,生命科学学院,发育生物学,7,全日制,264
内蒙古农业大学,不是,不是,不是,是,生命科学学院,生物化学与分子生物学,17,全日制,264
内蒙古农业大学,不是,不是,不是,是,理学院,生物物理学,5,全日制,264
内蒙古农业大学,不是,不是,不是,是,材料科学与艺术设计学院,材料加工工程,7,全日制,250
内蒙古农业大学,不是,不是,不是,是,计算机与信息工程学院,计算机科学与技术,15,全日制,250
内蒙古农业大学,不是,不是,不是,是,水利与土木建筑工程学院,土木工程,7,全日制,250
内蒙古农业大学,不是,不是,不是,是,水利与土木建筑工程学院,水文学及水资源,30,全日制,241
内蒙古农业大学,不是,不是,不是,是,水利与土木建筑工程学院,水工结构工程,2,全日制,241
内蒙古农业大学,不是,不是,不是,是,水利与土木建筑工程学院,水利水电工程,11,全日制,241
内蒙古农业大学,不是,不是,不是,是,机电工程学院,农业机械化工程,14,全日制,241
内蒙古农业大学,不是,不是,不是,是,水利与土木建筑工程学院,农业水土工程,9,全日制,241
内蒙古农业大学,不是,不是,不是,是,机电工程学院,农业生物环境与能源工程,7,全日制,241
内蒙古农业大学,不是,不是,不是,是,机电工程学院,农业电气化与自动化,14,全日制,241
内蒙古农业大学,不是,不是,不是,是,能源与交通工程学院,森林工程,7,全日制,250
内蒙古农业大学,不是,不是,不是,是,材料科学与艺术设计学院,木材科学与技术,15,全日制,250
内蒙古师范大学,不是,不是,不是,是,马克思主义学院,哲学,17,全日制,311
内蒙古师范大学,不是,不是,不是,是,民族学人类学学院,宗教学,6,全日制,311
内蒙古师范大学,不是,不是,不是,是,科学技术史研究院,科学技术哲学,2,全日制,311
内蒙古师范大学,不是,不是,不是,是,民族学人类学学院,社会学,20,全日制,313
内蒙古师范大学,不是,不是,不是,是,马克思主义学院,哲学,17,全日制,311
内蒙古师范大学,不是,不是,不是,是,民族学人类学学院,宗教学,6,全日制,311
内蒙古师范大学,不是,不是,不是,是,科学技术史研究院,科学技术哲学,2,全日制,311
内蒙古师范大学,不是,不是,不是,是,民族学人类学学院,社会学,20,全日制,313
内蒙古师范大学,不是,不是,不是,是,民族学人类学学院,民族学,28,全日制,313
内蒙古师范大学,不是,不是,不是,是,马克思主义学院,马克思主义理论,42,全日制,313
内蒙古师范大学,不是,不是,不是,是,教育学院,教育学原理,9,全日制,331
内蒙古师范大学,不是,不是,不是,是,教育学院,课程与教学论,4,全日制,331
内蒙古师范大学,不是,不是,不是,是,文学院,课程与教学论,2,全日制,331
内蒙古师范大学,不是,不是,不是,是,数学科学学院,课程与教学论,2,全日制,331
内蒙古师范大学,不是,不是,不是,是,物理与电子信息学院,课程与教学论,1,全日制,331
内蒙古师范大学,不是,不是,不是,是,化学与环境科学学院,课程与教学论,2,全日制,331
内蒙古师范大学,不是,不是,不是,是,教育学院,学前教育学,5,全日制,331
内蒙古师范大学,不是,不是,不是,是,心理学院,心理学,24,全日制,331
内蒙古师范大学,不是,不是,不是,是,体育学院,体育学,27,全日制,294
内蒙古师范大学,不是,不是,不是,是,马克思主义学院,学科教学（思政）,30,全日制,337
内蒙古师范大学,不是,不是,不是,是,蒙古学学院,学科教学（语文）,4,全日制,331
内蒙古工业大学,不是,不是,不是,是,经济管理学院,应用经济学,18,全日制,313
内蒙古工业大学,不是,不是,不是,是,理学院,应用统计,6,全日制,313
内蒙古工业大学,不是,不是,不是,是,人文学院,民族学,9,全日制,313
内蒙古工业大学,不是,不是,不是,是,马克思主义学院,马克思主义理论,24,全日制,313
内蒙古工业大学,不是,不是,不是,是,人文学院,法律（非法学）,14,全日制,313
内蒙古工业大学,不是,不是,不是,是,经济管理学院,应用经济学,18,全日制,313
内蒙古工业大学,不是,不是,不是,是,理学院,应用统计,6,全日制,313
内蒙古工业大学,不是,不是,不是,是,人文学院,民族学,9,全日制,313
内蒙古工业大学,不是,不是,不是,是,马克思主义学院,马克思主义理论,24,全日制,313
内蒙古工业大学,不是,不是,不是,是,人文学院,法律（非法学）,14,全日制,313
内蒙古工业大学,不是,不是,不是,是,人文学院,法律（法学）,15,非全日制,313
内蒙古工业大学,不是,不是,不是,是,人文学院,社会工作,15,全日制,313
内蒙古工业大学,不是,不是,不是,是,人文学院,社会工作,15,非全日制,313
内蒙古工业大学,不是,不是,不是,是,外国语学院,外国语言文学,13,全日制,341
内蒙古工业大学,不是,不是,不是,是,外国语学院,英语笔译,32,全日制,341
内蒙古工业大学,不是,不是,不是,是,外国语学院,英语笔译,15,非全日制,341
内蒙古工业大学,不是,不是,不是,是,理学院,数学,16,全日制,264
内蒙古工业大学,不是,不是,不是,是,理学院,物理学,16,全日制,264
内蒙古工业大学,不是,不是,不是,是,理学院,统计学,2,全日制,264
内蒙古工业大学,不是,不是,不是,是,机械工程学院,机械工程,28,全日制,250
内蒙古工业大学,不是,不是,不是,是,材料科学与工程学院,材料科学与工程,39,全日制,250
内蒙古工业大学,不是,不是,不是,是,化工学院,动力工程及工程热物理,4,全日制,241
内蒙古工业大学,不是,不是,不是,是,能源与动力工程学院,动力工程及工程热物理,35,全日制,241
内蒙古工业大学,不是,不是,不是,是,新能源学院,动力工程及工程热物理,8,全日制,241
内蒙古医科大学,不是,不是,不是,是,基础医学院,生理学,6,全日制,264
内蒙古医科大学,不是,不是,不是,是,基础医学院,细胞生物学,5,全日制,264
内蒙古医科大学,不是,不是,不是,是,基础医学院,生物化学与分子生物学,8,全日制,264
内蒙古医科大学,不是,不是,不是,是,基础医学院,人体解剖与组织胚胎学,10,全日制,283
内蒙古医科大学,不是,不是,不是,是,基础医学院,免疫学,7,全日制,283
内蒙古医科大学,不是,不是,不是,是,基础医学院,生理学,6,全日制,264
内蒙古医科大学,不是,不是,不是,是,基础医学院,细胞生物学,5,全日制,264
内蒙古医科大学,不是,不是,不是,是,基础医学院,生物化学与分子生物学,8,全日制,264
内蒙古医科大学,不是,不是,不是,是,基础医学院,人体解剖与组织胚胎学,10,全日制,283
内蒙古医科大学,不是,不是,不是,是,基础医学院,免疫学,7,全日制,283
内蒙古医科大学,不是,不是,不是,是,基础医学院,病原生物学,10,全日制,283
内蒙古医科大学,不是,不是,不是,是,基础医学院,病理学与病理生理学,17,全日制,283
内蒙古医科大学,不是,不是,不是,是,临床医学院（附属医院、教学医院）,病理学与病理生理学,2,全日制,283
内蒙古医科大学,不是,不是,不是,是,基础医学院,法医学,5,全日制,283
内蒙古医科大学,不是,不是,不是,是,基础医学院,放射医学,2,全日制,283
内蒙古医科大学,不是,不是,不是,是,临床医学院（附属医院、教学医院）,内科学,12,全日制,283
内蒙古医科大学,不是,不是,不是,是,临床医学院（附属医院、教学医院）,儿科学,2,全日制,283
内蒙古医科大学,不是,不是,不是,是,临床医学院（附属医院、教学医院）,神经病学,6,全日制,283
内蒙古医科大学,不是,不是,不是,是,精神卫生学院,精神病与精神卫生学,1,全日制,283
内蒙古医科大学,不是,不是,不是,是,临床医学院（附属医院、教学医院）,皮肤病与性病学,3,全日制,283
内蒙古医科大学,不是,不是,不是,是,临床医学院（附属医院、教学医院）,影像医学与核医学,10,全日制,283
内蒙古医科大学,不是,不是,不是,是,临床医学院（附属医院、教学医院）,临床检验诊断学,17,全日制,283
内蒙古医科大学,不是,不是,不是,是,临床医学院（附属医院、教学医院）,外科学,36,全日制,283
内蒙古医科大学,不是,不是,不是,是,临床医学院（附属医院、教学医院）,妇产科学,4,全日制,283
内蒙古医科大学,不是,不是,不是,是,临床医学院（附属医院、教学医院）,眼科学,2,全日制,283
内蒙古科技大学,不是,不是,不是,是,经济与管理学院,应用经济学,9,全日制,313
内蒙古科技大学,不是,不是,不是,是,马克思主义学院,马克思主义理论,13,全日制,313
内蒙古科技大学,不是,不是,不是,是,包头医学院马克思主义学院,马克思主义理论,3,全日制,313
内蒙古科技大学,不是,不是,不是,是,包头师范学院马克思主义学院,马克思主义理论,3,全日制,313
内蒙古科技大学,不是,不是,不是,是,文法学院,法律（非法学）,24,全日制,313
内蒙古科技大学,不是,不是,不是,是,经济与管理学院,应用经济学,9,全日制,313
内蒙古科技大学,不是,不是,不是,是,马克思主义学院,马克思主义理论,13,全日制,313
内蒙古科技大学,不是,不是,不是,是,包头医学院马克思主义学院,马克思主义理论,3,全日制,313
内蒙古科技大学,不是,不是,不是,是,包头师范学院马克思主义学院,马克思主义理论,3,全日制,313
内蒙古科技大学,不是,不是,不是,是,文法学院,法律（非法学）,24,全日制,313
内蒙古科技大学,不是,不是,不是,是,文法学院,法律（非法学）,32,非全日制,313
内蒙古科技大学,不是,不是,不是,是,文法学院,法律（法学）,21,全日制,313
内蒙古科技大学,不是,不是,不是,是,文法学院,法律（法学）,33,非全日制,313
内蒙古科技大学,不是,不是,不是,是,包头师范学院政治与法律学院,法律（法学）,2,全日制,313
内蒙古科技大学,不是,不是,不是,是,文法学院,社会工作,20,全日制,313
内蒙古科技大学,不是,不是,不是,是,文法学院,社会工作,28,非全日制,313
内蒙古科技大学,不是,不是,不是,是,包头师范学院政治与法律学院,社会工作,3,全日制,313
内蒙古科技大学,不是,不是,不是,是,包头师范学院教师教育学院,教育管理,9,非全日制,331
内蒙古科技大学,不是,不是,不是,是,文法学院,学科教学（语文）,5,全日制,331
内蒙古科技大学,不是,不是,不是,是,文法学院,学科教学（语文）,15,非全日制,331
内蒙古科技大学,不是,不是,不是,是,包头师范学院文学院,学科教学（语文）,12,全日制,331
内蒙古科技大学,不是,不是,不是,是,包头师范学院数学科学学院,学科教学（数学）,5,全日制,331
内蒙古科技大学,不是,不是,不是,是,包头师范学院物理科学与技术学院,学科教学（物理）,5,全日制,331
内蒙古科技大学,不是,不是,不是,是,包头师范学院化学学院,学科教学（化学）,3,全日制,331
内蒙古科技大学,不是,不是,不是,是,包头师范学院历史文化学院,学科教学（历史）,3,全日制,331
内蒙古科技大学,不是,不是,不是,是,包头师范学院生态环境学院,学科教学（地理）,5,全日制,331
内蒙古科技大学,不是,不是,不是,是,包头师范学院体育学院,学科教学（体育）,3,全日制,331
内蒙古科技大学,不是,不是,不是,是,包头师范学院教育科学学院,小学教育,17,全日制,331
内蒙古科技大学,不是,不是,不是,是,包头师范学院教育科学学院,小学教育,3,非全日制,331
内蒙古民族大学,不是,不是,不是,是,经济学院,国际商务,4,全日制,313
内蒙古民族大学,不是,不是,不是,是,马克思主义学院,马克思主义民族理论与政策,5,全日制,313
内蒙古民族大学,不是,不是,不是,是,马克思主义学院,马克思主义理论,12,全日制,313
内蒙古民族大学,不是,不是,不是,是,马克思主义学院,马克思主义理论,14,非全日制,313
内蒙古民族大学,不是,不是,不是,是,法学院,法律（非法学）,8,全日制,313
内蒙古民族大学,不是,不是,不是,是,经济学院,国际商务,4,全日制,313
内蒙古民族大学,不是,不是,不是,是,马克思主义学院,马克思主义民族理论与政策,5,全日制,313
内蒙古民族大学,不是,不是,不是,是,马克思主义学院,马克思主义理论,12,全日制,313
内蒙古民族大学,不是,不是,不是,是,马克思主义学院,马克思主义理论,14,非全日制,313
内蒙古民族大学,不是,不是,不是,是,法学院,法律（非法学）,8,全日制,313
内蒙古民族大学,不是,不是,不是,是,法学院,法律（非法学）,8,非全日制,313
内蒙古民族大学,不是,不是,不是,是,法学院,法律（法学）,8,全日制,313
内蒙古民族大学,不是,不是,不是,是,法学院,法律（法学）,7,非全日制,313
内蒙古民族大学,不是,不是,不是,是,教育科学学院,教育学,11,全日制,331
内蒙古民族大学,不是,不是,不是,是,体育学院,体育教育训练学,4,全日制,294
内蒙古民族大学,不是,不是,不是,是,教育科学学院,教育管理,10,非全日制,331
内蒙古民族大学,不是,不是,不是,是,马克思主义学院,学科教学（思政）,17,全日制,331
内蒙古民族大学,不是,不是,不是,是,蒙古学学院,学科教学（语文）,10,全日制,331
内蒙古民族大学,不是,不是,不是,是,文学与新闻传播学院,学科教学（语文）,20,全日制,331
内蒙古民族大学,不是,不是,不是,是,文学与新闻传播学院,学科教学（语文）,6,非全日制,331
内蒙古民族大学,不是,不是,不是,是,数学科学学院,学科教学（数学）,10,全日制,331
内蒙古民族大学,不是,不是,不是,是,数学科学学院,学科教学（数学）,6,非全日制,331
内蒙古民族大学,不是,不是,不是,是,物理与电子信息学院,学科教学（物理）,10,全日制,331
内蒙古民族大学,不是,不是,不是,是,化学与材料学院,学科教学（化学）,9,全日制,331
内蒙古民族大学,不是,不是,不是,是,生命科学与食品学院,学科教学（生物）,4,全日制,331
内蒙古民族大学,不是,不是,不是,是,外国语学院,学科教学（英语）,14,全日制,331
内蒙古民族大学,不是,不是,不是,是,外国语学院,学科教学（英语）,7,非全日制,331
内蒙古民族大学,不是,不是,不是,是,历史与旅游文化学院,学科教学（历史）,10,全日制,331
内蒙古民族大学,不是,不是,不是,是,音乐学院,学科教学（音乐）,6,全日制,331
内蒙古民族大学,不是,不是,不是,是,美术与设计学院,学科教学（美术）,12,全日制,331
内蒙古民族大学,不是,不是,不是,是,教育科学学院,小学教育,7,全日制,331
内蒙古民族大学,不是,不是,不是,是,教育科学学院,心理健康教育,5,全日制,331
内蒙古民族大学,不是,不是,不是,是,教育科学学院,学前教育,7,全日制,331
内蒙古财经大学,不是,不是,不是,是,不区分院系,政治经济学,5,全日制,313
内蒙古财经大学,不是,不是,不是,是,不区分院系,经济史,4,全日制,313
内蒙古财经大学,不是,不是,不是,是,不区分院系,西方经济学,8,全日制,313
内蒙古财经大学,不是,不是,不是,是,不区分院系,人口、资源与环境经济学,5,全日制,313
内蒙古财经大学,不是,不是,不是,是,不区分院系,区域经济学,5,全日制,313
内蒙古财经大学,不是,不是,不是,是,不区分院系,政治经济学,5,全日制,313
内蒙古财经大学,不是,不是,不是,是,不区分院系,经济史,4,全日制,313
内蒙古财经大学,不是,不是,不是,是,不区分院系,西方经济学,8,全日制,313
内蒙古财经大学,不是,不是,不是,是,不区分院系,人口、资源与环境经济学,5,全日制,313
内蒙古财经大学,不是,不是,不是,是,不区分院系,区域经济学,5,全日制,313
赤峰大学,不是,不是,不是,是,马克思主义学院,学科教学（思政）,8,全日制,331
赤峰大学,不是,不是,不是,是,蒙古学学院,学科教学（语文）,7,全日制,331
赤峰大学,不是,不是,不是,是,文学院,学科教学（语文）,15,全日制,331
赤峰大学,不是,不是,不是,是,数学与计算机科学学院,学科教学（数学）,11,全日制,331
赤峰大学,不是,不是,不是,是,马克思主义学院,学科教学（思政）,8,全日制,331
赤峰大学,不是,不是,不是,是,蒙古学学院,学科教学（语文）,7,全日制,331
赤峰大学,不是,不是,不是,是,文学院,学科教学（语文）,15,全日制,331
赤峰大学,不是,不是,不是,是,数学与计算机科学学院,学科教学（数学）,11,全日制,331
呼伦贝尔学院,不是,不是,不是,是,数理学院,学科教学（数学）,19,全日制,331
呼伦贝尔学院,不是,不是,不是,是,教育学院,小学教育,18,全日制,331
呼伦贝尔学院,不是,不是,不是,是,教育学院,学前教育,10,全日制,331
呼伦贝尔学院,不是,不是,不是,是,体育学院（冰雪运动学院）,体育教学,4,全日制,294
呼伦贝尔学院,不是,不是,不是,是,体育学院（冰雪运动学院）,运动训练,5,全日制,294
内蒙古金属材料研究所（52所）,不是,不是,不是,不是,不区分院系,材料学,20,全日制,250
内蒙古艺术学院,不是,不是,不是,是,文化艺术管理学院,艺术学,16,全日制,341
内蒙古艺术学院,不是,不是,不是,是,音乐学院,艺术学,6,全日制,341
内蒙古艺术学院,不是,不是,不是,是,美术学院,艺术学,6,全日制,341
内蒙古艺术学院,不是,不是,不是,是,非物质文化遗产学院,艺术学,3,全日制,341
内蒙古艺术学院,不是,不是,不是,是,音乐学院,音乐,53,全日制,341
广西大学,不是,是,是,不是,马克思主义学院,哲学,13,全日制,311
广西大学,不是,是,是,不是,经济学院,应用经济学,77,全日制,313
广西大学,不是,是,是,不是,经济学院,金融,60,全日制,313
广西大学,不是,是,是,不是,经济学院,金融,36,非全日制,313
广西大学,不是,是,是,不是,经济学院,国际商务,34,全日制,313
广西大学,不是,是,是,不是,马克思主义学院,哲学,13,全日制,311
广西大学,不是,是,是,不是,经济学院,应用经济学,77,全日制,313
广西大学,不是,是,是,不是,经济学院,金融,60,全日制,313
广西大学,不是,是,是,不是,经济学院,金融,36,非全日制,313
广西大学,不是,是,是,不是,经济学院,国际商务,34,全日制,313
广西大学,不是,是,是,不是,经济学院,保险,18,全日制,313
广西大学,不是,是,是,不是,法学院,法学,32,全日制,313
广西大学,不是,是,是,不是,马克思主义学院,马克思主义理论,48,全日制,313
广西大学,不是,是,是,不是,法学院,法律（非法学）,29,全日制,313
广西大学,不是,是,是,不是,法学院,法律（非法学）,37,非全日制,313
广西大学,不是,是,是,不是,法学院,法律（法学）,30,全日制,313
广西大学,不是,是,是,不是,法学院,法律（法学）,38,非全日制,313
广西大学,不是,是,是,不是,体育学院,体育,31,全日制,294
广西大学,不是,是,是,不是,文学院,国际中文教育,56,全日制,331
广西大学,不是,是,是,不是,文学院,中国语言文学,45,全日制,341
广西大学,不是,是,是,不是,外国语学院,外国语言文学,35,全日制,341
广西大学,不是,是,是,不是,新闻与传播学院,新闻传播学,23,全日制,341
广西大学,不是,是,是,不是,外国语学院,英语笔译,43,全日制,341
广西大学,不是,是,是,不是,外国语学院,英语笔译,26,非全日制,341
广西大学,不是,是,是,不是,外国语学院,英语口译,13,全日制,341
广西师范大学,不是,不是,不是,是,马克思主义学院,哲学,14,全日制,311
广西师范大学,不是,不是,不是,是,文学院/新闻与传播学院,美学,4,全日制,311
广西师范大学,不是,不是,不是,是,经济管理学院,理论经济学,25,全日制,313
广西师范大学,不是,不是,不是,是,马克思主义学院,政治经济学,2,全日制,313
广西师范大学,不是,不是,不是,是,经济管理学院,应用经济学,22,全日制,313
广西师范大学,不是,不是,不是,是,马克思主义学院,哲学,14,全日制,311
广西师范大学,不是,不是,不是,是,文学院/新闻与传播学院,美学,4,全日制,311
广西师范大学,不是,不是,不是,是,经济管理学院,理论经济学,25,全日制,313
广西师范大学,不是,不是,不是,是,马克思主义学院,政治经济学,2,全日制,313
广西师范大学,不是,不是,不是,是,经济管理学院,应用经济学,22,全日制,313
广西师范大学,不是,不是,不是,是,经济管理学院,金融,35,全日制,313
广西师范大学,不是,不是,不是,是,数学与统计学院,应用统计,39,全日制,313
广西师范大学,不是,不是,不是,是,法学院/律师学院,法学,55,全日制,313
广西师范大学,不是,不是,不是,是,马克思主义学院,政治学,3,全日制,313
广西师范大学,不是,不是,不是,是,政治与公共管理学院,政治学,8,全日制,313
广西师范大学,不是,不是,不是,是,马克思主义学院,马克思主义理论,98,全日制,313
广西师范大学,不是,不是,不是,是,法学院/律师学院,法律（非法学）,30,全日制,313
广西师范大学,不是,不是,不是,是,法学院/律师学院,法律（非法学）,25,非全日制,313
广西师范大学,不是,不是,不是,是,法学院/律师学院,法律（法学）,40,全日制,313
广西师范大学,不是,不是,不是,是,法学院/律师学院,法律（法学）,20,非全日制,313
广西师范大学,不是,不是,不是,是,政治与公共管理学院,社会工作,30,全日制,313
广西师范大学,不是,不是,不是,是,教育学部/教师教育学院,教育学,94,全日制,331
广西师范大学,不是,不是,不是,是,马克思主义学院,课程与教学论,2,全日制,331
广西师范大学,不是,不是,不是,是,外国语学院,课程与教学论,12,全日制,331
广西师范大学,不是,不是,不是,是,数学与统计学院,课程与教学论,4,全日制,331
广西师范大学,不是,不是,不是,是,化学与药学学院,课程与教学论,2,全日制,331
广西师范大学,不是,不是,不是,是,环境与资源学院,课程与教学论,20,全日制,331
广西师范大学,不是,不是,不是,是,文学院/新闻与传播学院,课程与教学论,6,全日制,331
广西师范大学,不是,不是,不是,是,教育学部/教师教育学院,心理学,22,全日制,331
广西师范大学,不是,不是,不是,是,体育与健康学院,体育学,51,全日制,294
广西医科大学,不是,不是,不是,是,马克思主义学院,马克思主义基本原理,6,全日制,313
广西医科大学,不是,不是,不是,是,马克思主义学院,马克思主义中国化研究,5,全日制,313
广西医科大学,不是,不是,不是,是,马克思主义学院,思想政治教育,7,全日制,313
广西医科大学,不是,不是,不是,是,人文社会科学学院,社会工作,21,全日制,313
广西医科大学,不是,不是,不是,是,外国语学院,翻译,15,全日制,341
广西医科大学,不是,不是,不是,是,马克思主义学院,马克思主义基本原理,6,全日制,313
广西医科大学,不是,不是,不是,是,马克思主义学院,马克思主义中国化研究,5,全日制,313
广西医科大学,不是,不是,不是,是,马克思主义学院,思想政治教育,7,全日制,313
广西医科大学,不是,不是,不是,是,人文社会科学学院,社会工作,21,全日制,313
广西医科大学,不是,不是,不是,是,外国语学院,翻译,15,全日制,341
广西医科大学,不是,不是,不是,是,基础医学院,动物学,4,全日制,264
广西医科大学,不是,不是,不是,是,基础医学院,生理学,3,全日制,264
广西医科大学,不是,不是,不是,是,基础医学院,微生物学,3,全日制,264
广西医科大学,不是,不是,不是,是,基础医学院,遗传学,2,全日制,264
广西医科大学,不是,不是,不是,是,基础医学院,细胞生物学,5,全日制,264
广西医科大学,不是,不是,不是,是,靶向肿瘤学国家重点实验室,细胞生物学,2,全日制,264
广西医科大学,不是,不是,不是,是,基础医学院,生物化学与分子生物学,8,全日制,264
广西医科大学,不是,不是,不是,是,基础医学院,人体解剖与组织胚胎学,8,全日制,283
广西医科大学,不是,不是,不是,是,基础医学院,免疫学,4,全日制,283
广西医科大学,不是,不是,不是,是,靶向肿瘤学国家重点实验室,免疫学,5,全日制,283
广西医科大学,不是,不是,不是,是,基础医学院,病原生物学,6,全日制,283
广西医科大学,不是,不是,不是,是,基础医学院,病理学与病理生理学,3,全日制,283
广西医科大学,不是,不是,不是,是,武鸣临床医学院,病理学与病理生理学,2,全日制,283
广西医科大学,不是,不是,不是,是,第一临床医学院,病理学与病理生理学,5,全日制,283
广西医科大学,不是,不是,不是,是,第二临床医学院,内科学,10,全日制,283
广西医科大学,不是,不是,不是,是,武鸣临床医学院,内科学,5,全日制,283
广西医科大学,不是,不是,不是,是,肿瘤医学院,内科学,10,全日制,283
广西医科大学,不是,不是,不是,是,第一临床医学院,内科学,44,全日制,283
广西医科大学,不是,不是,不是,是,第二临床医学院,儿科学,4,全日制,283
广西医科大学,不是,不是,不是,是,第一临床医学院,儿科学,11,全日制,283
广西医科大学,不是,不是,不是,是,第一临床医学院,老年医学,4,全日制,283
广西医科大学,不是,不是,不是,是,第二临床医学院,神经病学,2,全日制,283
广西医科大学,不是,不是,不是,是,第一临床医学院,神经病学,11,全日制,283
广西医科大学,不是,不是,不是,是,第二临床医学院,精神病与精神卫生学,2,全日制,283
广西医科大学,不是,不是,不是,是,第一临床医学院,皮肤病与性病学,5,全日制,283
广西医科大学,不是,不是,不是,是,第二临床医学院,影像医学与核医学,2,全日制,283
广西医科大学,不是,不是,不是,是,武鸣临床医学院,影像医学与核医学,1,全日制,283
广西医科大学,不是,不是,不是,是,肿瘤医学院,影像医学与核医学,10,全日制,283
广西医科大学,不是,不是,不是,是,第一临床医学院,影像医学与核医学,10,全日制,283
广西医科大学,不是,不是,不是,是,第二临床医学院,临床检验诊断学,2,全日制,283
广西医科大学,不是,不是,不是,是,武鸣临床医学院,临床检验诊断学,1,全日制,283
广西医科大学,不是,不是,不是,是,肿瘤医学院,临床检验诊断学,3,全日制,283
广西医科大学,不是,不是,不是,是,第一临床医学院,临床检验诊断学,15,全日制,283
广西医科大学,不是,不是,不是,是,靶向肿瘤学国家重点实验室,临床检验诊断学,12,全日制,283
广西医科大学,不是,不是,不是,是,第二临床医学院,外科学,10,全日制,283
广西医科大学,不是,不是,不是,是,武鸣临床医学院,外科学,5,全日制,283
广西医科大学,不是,不是,不是,是,肿瘤医学院,外科学,29,全日制,283
广西医科大学,不是,不是,不是,是,第一临床医学院,外科学,58,全日制,283
广西医科大学,不是,不是,不是,是,再生医学与医用生物资源开发应用省部共建协同创新中心,外科学,8,全日制,283
广西医科大学,不是,不是,不是,是,第二临床医学院,妇产科学,2,全日制,283
广西医科大学,不是,不是,不是,是,肿瘤医学院,妇产科学,6,全日制,283
广西医科大学,不是,不是,不是,是,第一临床医学院,妇产科学,8,全日制,283
广西医科大学,不是,不是,不是,是,第一临床医学院,眼科学,3,全日制,283
广西医科大学,不是,不是,不是,是,第二临床医学院,耳鼻咽喉科学,2,全日制,283
广西医科大学,不是,不是,不是,是,第一临床医学院,耳鼻咽喉科学,7,全日制,283
广西医科大学,不是,不是,不是,是,第二临床医学院,肿瘤学,2,全日制,283
广西医科大学,不是,不是,不是,是,武鸣临床医学院,肿瘤学,4,全日制,283
广西医科大学,不是,不是,不是,是,肿瘤医学院,肿瘤学,33,全日制,283
广西医科大学,不是,不是,不是,是,第一临床医学院,肿瘤学,11,全日制,283
广西医科大学,不是,不是,不是,是,靶向肿瘤学国家重点实验室,肿瘤学,10,全日制,283
广西医科大学,不是,不是,不是,是,第二临床医学院,康复医学与理疗学,2,全日制,283
广西医科大学,不是,不是,不是,是,第一临床医学院,康复医学与理疗学,2,全日制,283
广西医科大学,不是,不是,不是,是,第二临床医学院,麻醉学,2,全日制,283
广西医科大学,不是,不是,不是,是,肿瘤医学院,麻醉学,5,全日制,283
广西医科大学,不是,不是,不是,是,第一临床医学院,麻醉学,2,全日制,283
广西医科大学,不是,不是,不是,是,第二临床医学院,急诊医学,3,全日制,283
桂林电子科技大学,不是,不是,不是,是,商学院,理论经济学,16,全日制,313
桂林电子科技大学,不是,不是,不是,是,数学与计算科学学院,应用统计,36,全日制,313
桂林电子科技大学,不是,不是,不是,是,马克思主义学院,马克思主义理论,67,全日制,313
桂林电子科技大学,不是,不是,不是,是,法学院,法律（非法学）,13,全日制,313
桂林电子科技大学,不是,不是,不是,是,商学院,理论经济学,16,全日制,313
桂林电子科技大学,不是,不是,不是,是,数学与计算科学学院,应用统计,36,全日制,313
桂林电子科技大学,不是,不是,不是,是,马克思主义学院,马克思主义理论,67,全日制,313
桂林电子科技大学,不是,不是,不是,是,法学院,法律（非法学）,13,全日制,313
桂林电子科技大学,不是,不是,不是,是,法学院,法律（法学）,20,全日制,313
桂林电子科技大学,不是,不是,不是,是,外国语学院,外国语言文学,13,全日制,341
桂林电子科技大学,不是,不是,不是,是,外国语学院,英语笔译,18,全日制,341
桂林电子科技大学,不是,不是,不是,是,数学与计算科学学院,数学,64,全日制,264
桂林电子科技大学,不是,不是,不是,是,机电工程学院,机械工程,66,全日制,250
桂林电子科技大学,不是,不是,不是,是,光电工程学院,光学工程,38,全日制,250
桂林电子科技大学,不是,不是,不是,是,电子工程与自动化学院,仪器科学与技术,29,全日制,250
桂林理工大学,不是,不是,不是,是,商学院,应用经济学,7,全日制,313
桂林理工大学,不是,不是,不是,是,数学与统计学院,应用统计,21,全日制,313
桂林理工大学,不是,不是,不是,是,马克思主义学院,马克思主义理论,45,全日制,313
桂林理工大学,不是,不是,不是,是,外国语学院,外国语言文学,15,全日制,341
桂林理工大学,不是,不是,不是,是,外国语学院,翻译,24,全日制,341
桂林理工大学,不是,不是,不是,是,商学院,应用经济学,7,全日制,313
桂林理工大学,不是,不是,不是,是,数学与统计学院,应用统计,21,全日制,313
桂林理工大学,不是,不是,不是,是,马克思主义学院,马克思主义理论,45,全日制,313
桂林理工大学,不是,不是,不是,是,外国语学院,外国语言文学,15,全日制,341
桂林理工大学,不是,不是,不是,是,外国语学院,翻译,24,全日制,341
桂林理工大学,不是,不是,不是,是,数学与统计学院,数学,16,全日制,264
桂林理工大学,不是,不是,不是,是,物理与电子信息工程学院,物理学,43,全日制,264
桂林理工大学,不是,不是,不是,是,材料科学与工程学院,化学,23,全日制,264
桂林理工大学,不是,不是,不是,是,化学与生物工程学院,化学,56,全日制,264
桂林理工大学,不是,不是,不是,是,地球科学学院,地质学,65,全日制,264
南宁师范大学,不是,不是,不是,是,经济与管理学院,应用经济学,14,全日制,313
南宁师范大学,不是,不是,不是,是,经济与管理学院,国际商务,15,全日制,313
南宁师范大学,不是,不是,不是,是,法学与社会学院,法学,6,全日制,313
南宁师范大学,不是,不是,不是,是,法学与社会学院,社会学,7,全日制,313
南宁师范大学,不是,不是,不是,是,文学院,民俗学,8,全日制,313
南宁师范大学,不是,不是,不是,是,经济与管理学院,应用经济学,14,全日制,313
南宁师范大学,不是,不是,不是,是,经济与管理学院,国际商务,15,全日制,313
南宁师范大学,不是,不是,不是,是,法学与社会学院,法学,6,全日制,313
南宁师范大学,不是,不是,不是,是,法学与社会学院,社会学,7,全日制,313
南宁师范大学,不是,不是,不是,是,文学院,民俗学,8,全日制,313
南宁师范大学,不是,不是,不是,是,马克思主义学院,马克思主义基本原理,13,全日制,313
南宁师范大学,不是,不是,不是,是,马克思主义学院,马克思主义中国化研究,13,全日制,313
南宁师范大学,不是,不是,不是,是,马克思主义学院,思想政治教育,19,全日制,313
南宁师范大学,不是,不是,不是,是,马克思主义学院,中国近现代史基本问题研究,7,全日制,313
南宁师范大学,不是,不是,不是,是,法学与社会学院,法律（非法学）,19,全日制,313
南宁师范大学,不是,不是,不是,是,法学与社会学院,法律（法学）,19,全日制,313
南宁师范大学,不是,不是,不是,是,法学与社会学院,社会工作,17,全日制,313
南宁师范大学,不是,不是,不是,是,教育科学学院,教育学原理,10,全日制,331
南宁师范大学,不是,不是,不是,是,教育科学学院,课程与教学论,10,全日制,331
南宁师范大学,不是,不是,不是,是,教育科学学院,比较教育学,5,全日制,331
南宁师范大学,不是,不是,不是,是,教育科学学院,高等教育学,9,全日制,331
南宁师范大学,不是,不是,不是,是,职业技术师范学院,职业技术教育学,8,全日制,331
南宁师范大学,不是,不是,不是,是,教育科学学院,心理学,6,全日制,331
南宁师范大学,不是,不是,不是,是,体育与健康学院,体育人文社会学,11,全日制,294
南宁师范大学,不是,不是,不是,是,教育科学学院,教育管理,18,全日制,331
广西中医药大学,不是,不是,不是,是,外国语学院,翻译,12,全日制,341
广西中医药大学,不是,不是,不是,是,外国语学院,翻译,12,全日制,341
广西中医药大学,不是,不是,不是,是,基础医学院,中医基础理论,2,全日制,283
广西中医药大学,不是,不是,不是,是,壮医药学院,中医基础理论,2,全日制,283
广西中医药大学,不是,不是,不是,是,第一临床医学院,中医基础理论,1,全日制,283
广西中医药大学,不是,不是,不是,是,基础医学院,中医临床基础,5,全日制,283
广西中医药大学,不是,不是,不是,是,第一临床医学院,中医临床基础,1,全日制,283
广西中医药大学,不是,不是,不是,是,瑞康临床医学院,中医临床基础,1,全日制,283
广西中医药大学,不是,不是,不是,是,基础医学院,中医医史文献,5,全日制,308
广西中医药大学,不是,不是,不是,是,壮医药学院,中医医史文献,1,全日制,283
广西中医药大学,不是,不是,不是,是,基础医学院,方剂学,5,全日制,283
广西中医药大学,不是,不是,不是,是,基础医学院,中医诊断学,2,全日制,283
广西中医药大学,不是,不是,不是,是,壮医药学院,中医内科学,1,全日制,283
广西中医药大学,不是,不是,不是,是,第一临床医学院,中医内科学,18,全日制,283
广西中医药大学,不是,不是,不是,是,瑞康临床医学院,中医内科学,1,全日制,283
广西中医药大学,不是,不是,不是,是,柳州市中医医院,中医内科学,2,全日制,283
广西中医药大学,不是,不是,不是,是,壮医临床医学院,中医内科学,1,全日制,283
广西中医药大学,不是,不是,不是,是,中医药壮瑶医药研究院,中医内科学,1,全日制,283
广西中医药大学,不是,不是,不是,是,第一临床医学院,中医外科学,3,全日制,283
广西中医药大学,不是,不是,不是,是,瑞康临床医学院,中医外科学,2,全日制,283
广西中医药大学,不是,不是,不是,是,骨伤学院,中医骨伤科学,2,全日制,283
广西中医药大学,不是,不是,不是,是,第一临床医学院,中医骨伤科学,3,全日制,283
广西中医药大学,不是,不是,不是,是,瑞康临床医学院,中医骨伤科学,6,全日制,283
广西中医药大学,不是,不是,不是,是,壮医临床医学院,中医骨伤科学,1,全日制,283
广西中医药大学,不是,不是,不是,是,第一临床医学院,中医妇科学,2,全日制,283
广西中医药大学,不是,不是,不是,是,瑞康临床医学院,中医妇科学,1,全日制,313
桂林医科大学,不是,不是,不是,是,基础医学院,人体解剖与组织胚胎学,8,全日制,283
桂林医科大学,不是,不是,不是,是,基础医学院,免疫学,8,全日制,283
桂林医科大学,不是,不是,不是,是,基础医学院,病原生物学,6,全日制,283
桂林医科大学,不是,不是,不是,是,基础医学院,病理学与病理生理学,31,全日制,283
桂林医科大学,不是,不是,不是,是,第一临床医学院,内科学,11,全日制,283
桂林医科大学,不是,不是,不是,是,基础医学院,人体解剖与组织胚胎学,8,全日制,283
桂林医科大学,不是,不是,不是,是,基础医学院,免疫学,8,全日制,283
桂林医科大学,不是,不是,不是,是,基础医学院,病原生物学,6,全日制,283
桂林医科大学,不是,不是,不是,是,基础医学院,病理学与病理生理学,31,全日制,283
桂林医科大学,不是,不是,不是,是,第一临床医学院,内科学,11,全日制,283
桂林医科大学,不是,不是,不是,是,第二临床医学院,内科学,5,全日制,283
桂林医科大学,不是,不是,不是,是,第一临床医学院,儿科学,2,全日制,283
桂林医科大学,不是,不是,不是,是,第一临床医学院,老年医学,1,全日制,283
桂林医科大学,不是,不是,不是,是,第一临床医学院,神经病学,8,全日制,283
桂林医科大学,不是,不是,不是,是,第一临床医学院,皮肤病与性病学,2,全日制,283
桂林医科大学,不是,不是,不是,是,第二临床医学院,皮肤病与性病学,1,全日制,283
桂林医科大学,不是,不是,不是,是,第一临床医学院,影像医学与核医学,2,全日制,283
桂林医科大学,不是,不是,不是,是,第一临床医学院,临床检验诊断学,4,全日制,283
桂林医科大学,不是,不是,不是,是,第二临床医学院,临床检验诊断学,2,全日制,283
桂林医科大学,不是,不是,不是,是,第一临床医学院,外科学,15,全日制,283
桂林医科大学,不是,不是,不是,是,第二临床医学院,外科学,3,全日制,283
桂林医科大学,不是,不是,不是,是,第一临床医学院,妇产科学,2,全日制,283
桂林医科大学,不是,不是,不是,是,第一临床医学院,眼科学,1,全日制,283
桂林医科大学,不是,不是,不是,是,第一临床医学院,耳鼻咽喉科学,1,全日制,283
桂林医科大学,不是,不是,不是,是,第一临床医学院,肿瘤学,4,全日制,283
桂林医科大学,不是,不是,不是,是,第二临床医学院,肿瘤学,1,全日制,283
桂林医科大学,不是,不是,不是,是,第一临床医学院,麻醉学,2,全日制,283
桂林医科大学,不是,不是,不是,是,公共卫生学院,流行病与卫生统计学,7,全日制,283
桂林医科大学,不是,不是,不是,是,公共卫生学院,劳动卫生与环境卫生学,10,全日制,283
桂林医科大学,不是,不是,不是,是,公共卫生学院,营养与食品卫生学,3,全日制,283
桂林医科大学,不是,不是,不是,是,公共卫生学院,儿少卫生与妇幼保健学,2,全日制,283
桂林医科大学,不是,不是,不是,是,公共卫生学院,卫生毒理学,3,全日制,283
桂林医科大学,不是,不是,不是,是,药学院,药物化学,8,全日制,283
桂林医科大学,不是,不是,不是,是,药学院,药剂学,4,全日制,283
桂林医科大学,不是,不是,不是,是,药学院,生药学,6,全日制,283
桂林医科大学,不是,不是,不是,是,药学院,药物分析学,4,全日制,283
桂林医科大学,不是,不是,不是,是,药学院,药理学,12,全日制,283
桂林医科大学,不是,不是,不是,是,广西壮族自治区人民医院,内科学,1,全日制,300
桂林医科大学,不是,不是,不是,是,广西壮族自治区南溪山医院,内科学,1,全日制,300
桂林医科大学,不是,不是,不是,是,桂林市人民医院,内科学,1,全日制,300
广西科技大学,不是,不是,不是,是,理学院,应用统计,39,全日制,313
广西科技大学,不是,不是,不是,是,经济与管理学院,国际商务,15,全日制,313
广西科技大学,不是,不是,不是,是,经济与管理学院,资产评估,38,全日制,313
广西科技大学,不是,不是,不是,是,经济与管理学院,资产评估,10,非全日制,313
广西科技大学,不是,不是,不是,是,马克思主义学院,马克思主义理论,22,全日制,313
广西科技大学,不是,不是,不是,是,理学院,应用统计,39,全日制,313
广西科技大学,不是,不是,不是,是,经济与管理学院,国际商务,15,全日制,313
广西科技大学,不是,不是,不是,是,经济与管理学院,资产评估,38,全日制,313
广西科技大学,不是,不是,不是,是,经济与管理学院,资产评估,10,非全日制,313
广西科技大学,不是,不是,不是,是,马克思主义学院,马克思主义理论,22,全日制,313
广西科技大学,不是,不是,不是,是,人文艺术与设计学院,社会工作,33,全日制,313
广西科技大学,不是,不是,不是,是,马克思主义学院,学科教学（思政）,8,全日制,331
广西科技大学,不是,不是,不是,是,外国语学院,学科教学（英语）,8,全日制,331
广西科技大学,不是,不是,不是,是,外国语学院,学科教学（英语）,10,非全日制,331
广西民族大学,不是,不是,不是,是,经济学院,应用经济学,50,全日制,313
广西民族大学,不是,不是,不是,是,经济学院,金融,50,全日制,313
广西民族大学,不是,不是,不是,是,经济学院,税务,35,全日制,313
广西民族大学,不是,不是,不是,是,经济学院,国际商务,50,全日制,313
广西民族大学,不是,不是,不是,是,经济学院,应用经济学,50,全日制,313
广西民族大学,不是,不是,不是,是,经济学院,金融,50,全日制,313
广西民族大学,不是,不是,不是,是,经济学院,税务,35,全日制,313
广西民族大学,不是,不是,不是,是,经济学院,国际商务,50,全日制,313
广西民族大学,不是,不是,不是,是,法学院,法学,45,全日制,313
广西民族大学,不是,不是,不是,是,政治与公共管理学院,政治学,15,全日制,313
广西民族大学,不是,不是,不是,是,东盟学院,政治学,25,全日制,313
广西民族大学,不是,不是,不是,是,民族学与社会学学院,民族学,50,全日制,313
广西民族大学,不是,不是,不是,是,马克思主义学院,马克思主义理论,50,全日制,313
广西民族大学,不是,不是,不是,是,马克思主义学院,中共党史党建学,10,全日制,313
广西民族大学,不是,不是,不是,是,法学院,法律（非法学）,30,全日制,313
广西民族大学,不是,不是,不是,是,法学院,法律（法学）,50,全日制,313
广西民族大学,不是,不是,不是,是,民族学与社会学学院,社会工作,35,全日制,313
广西民族大学,不是,不是,不是,是,法学院,知识产权,35,全日制,313
北部湾大学,不是,不是,不是,是,经济管理学院,国际商务,19,全日制,313
北部湾大学,不是,不是,不是,是,经济管理学院,国际商务,3,非全日制,313
北部湾大学,不是,不是,不是,是,马克思主义学院,学科教学（思政）,6,全日制,331
北部湾大学,不是,不是,不是,是,人文学院,学科教学（语文）,7,全日制,331
北部湾大学,不是,不是,不是,是,人文学院,学科教学（语文）,2,非全日制,331
北部湾大学,不是,不是,不是,是,经济管理学院,国际商务,19,全日制,313
北部湾大学,不是,不是,不是,是,经济管理学院,国际商务,3,非全日制,313
北部湾大学,不是,不是,不是,是,马克思主义学院,学科教学（思政）,6,全日制,331
北部湾大学,不是,不是,不是,是,人文学院,学科教学（语文）,7,全日制,331
北部湾大学,不是,不是,不是,是,人文学院,学科教学（语文）,2,非全日制,331
右江民族医学院,不是,不是,不是,是,语言文化学院,英语笔译,10,全日制,341
右江民族医学院,不是,不是,不是,是,基础医学院,人体解剖与组织胚胎学,9,全日制,283
右江民族医学院,不是,不是,不是,是,基础医学院,免疫学,10,全日制,283
右江民族医学院,不是,不是,不是,是,语言文化学院,英语笔译,10,全日制,341
右江民族医学院,不是,不是,不是,是,基础医学院,人体解剖与组织胚胎学,9,全日制,283
右江民族医学院,不是,不是,不是,是,基础医学院,免疫学,10,全日制,283
右江民族医学院,不是,不是,不是,是,基础医学院,病原生物学,20,全日制,283
右江民族医学院,不是,不是,不是,是,临床医学院,病理学与病理生理学,8,全日制,283
右江民族医学院,不是,不是,不是,是,基础医学院,病理学与病理生理学,12,全日制,283
右江民族医学院,不是,不是,不是,是,临床医学院,内科学,19,全日制,283
右江民族医学院,不是,不是,不是,是,广西壮族自治区人民医院,内科学,1,全日制,283
右江民族医学院,不是,不是,不是,是,临床医学院,儿科学,1,全日制,283
广西财经学院,不是,不是,不是,是,金融与保险学院,应用经济学,5,全日制,314
广西财经学院,不是,不是,不是,是,金融与保险学院,金融,28,全日制,314
广西财经学院,不是,不是,不是,是,金融与保险学院,金融,10,非全日制,314
广西财经学院,不是,不是,不是,是,中国—东盟统计学院,应用统计,25,全日制,314
广西财经学院,不是,不是,不是,是,财政与公共管理学院,税务,20,全日制,314
广西财经学院,不是,不是,不是,是,金融与保险学院,应用经济学,5,全日制,314
广西财经学院,不是,不是,不是,是,金融与保险学院,金融,28,全日制,314
广西财经学院,不是,不是,不是,是,金融与保险学院,金融,10,非全日制,314
广西财经学院,不是,不是,不是,是,中国—东盟统计学院,应用统计,25,全日制,314
广西财经学院,不是,不是,不是,是,财政与公共管理学院,税务,20,全日制,314
广西艺术学院,不是,不是,不是,是,影视与传媒学院,新闻学,0,全日制,344
广西艺术学院,不是,不是,不是,是,影视与传媒学院,传播学,13,全日制,344
广西艺术学院,不是,不是,不是,是,影视与传媒学院,新闻与传播,13,全日制,344
广西艺术学院,不是,不是,不是,是,建筑艺术学院,风景园林,17,全日制,254
广西艺术学院,不是,不是,不是,是,建筑艺术学院,风景园林,1,非全日制,254
广西艺术学院,不是,不是,不是,是,影视与传媒学院,新闻学,0,全日制,344
广西艺术学院,不是,不是,不是,是,影视与传媒学院,传播学,13,全日制,344
广西艺术学院,不是,不是,不是,是,影视与传媒学院,新闻与传播,13,全日制,344
广西艺术学院,不是,不是,不是,是,建筑艺术学院,风景园林,17,全日制,254
广西艺术学院,不是,不是,不是,是,建筑艺术学院,风景园林,1,非全日制,254
贺州学院,不是,不是,不是,是,材料与化学工程学院,材料与化工,19,全日制,254
贺州学院,不是,不是,不是,是,食品与生物工程学院,食品与营养,19,全日制,230
贺州学院,不是,不是,不是,是,旅游与体育健康学院,旅游管理,19,全日制,141
玉林师范学院,不是,不是,不是,是,政法学院,学科教学（思政）,9,全日制,337
玉林师范学院,不是,不是,不是,是,文学与传媒学院,学科教学（语文）,8,全日制,337
玉林师范学院,不是,不是,不是,是,文学与传媒学院,学科教学（语文）,2,非全日制,337
玉林师范学院,不是,不是,不是,是,数学与统计学院,学科教学（数学）,8,全日制,337
玉林师范学院,不是,不是,不是,是,教育科学学院,小学教育,9,全日制,337
海南大学,不是,是,是,不是,人文学院,哲学,11,全日制,316
海南大学,不是,是,是,不是,国际商学院,应用经济学,31,全日制,314
海南大学,不是,是,是,不是,国际商学院,金融,19,全日制,314
海南大学,不是,是,是,不是,国际商学院,国际商务,20,全日制,314
海南大学,不是,是,是,不是,法学院,法学,40,全日制,311
海南大学,不是,是,是,不是,人文学院,哲学,11,全日制,316
海南大学,不是,是,是,不是,国际商学院,应用经济学,31,全日制,314
海南大学,不是,是,是,不是,国际商学院,金融,19,全日制,314
海南大学,不是,是,是,不是,国际商学院,国际商务,20,全日制,314
海南大学,不是,是,是,不是,法学院,法学,40,全日制,311
海南大学,不是,是,是,不是,马克思主义学院,政治学,10,全日制,311
海南大学,不是,是,是,不是,马克思主义学院,马克思主义理论,46,全日制,311
海南大学,不是,是,是,不是,纪检监察学院,纪检监察学,10,全日制,311
海南大学,不是,是,是,不是,法学院,法律（非法学）,39,全日制,311
海南大学,不是,是,是,不是,法学院,法律（非法学）,34,非全日制,311
海南大学,不是,是,是,不是,法学院,法律（法学）,37,全日制,311
海南大学,不是,是,是,不是,法学院,法律（法学）,25,非全日制,311
海南大学,不是,是,是,不是,人文学院,国际中文教育,31,全日制,337
海南大学,不是,是,是,不是,人文学院,中国语言文学,7,全日制,344
海南大学,不是,是,是,不是,外国语学院,外国语言文学,24,全日制,344
海南大学,不是,是,是,不是,外国语学院,英语笔译,12,全日制,344
海南大学,不是,是,是,不是,外国语学院,英语口译,8,全日制,344
海南大学,不是,是,是,不是,外国语学院,俄语笔译,2,全日制,344
海南大学,不是,是,是,不是,外国语学院,日语笔译,8,全日制,344
海南大学,不是,是,是,不是,国际传播与艺术学院（国际数字影视学院）,新闻与传播,15,全日制,344
海南大学,不是,是,是,不是,国际传播与艺术学院（国际数字影视学院）,新闻与传播,11,非全日制,344
海南大学,不是,是,是,不是,数学与统计学院,数学,38,全日制,265
海南大学,不是,是,是,不是,物理与光电工程学院,物理学,20,全日制,265
海南大学,不是,是,是,不是,化学化工学院,化学,16,全日制,265
海南大学,不是,是,是,不是,海洋科学学院,海洋科学,61,全日制,265
海南师范大学,不是,不是,不是,是,经济与管理学院,理论经济学,13,全日制,314
海南师范大学,不是,不是,不是,是,数学与统计学院,应用统计,9,全日制,314
海南师范大学,不是,不是,不是,是,经济与管理学院,国际商务,7,全日制,314
海南师范大学,不是,不是,不是,是,马克思主义学院,马克思主义理论,32,全日制,311
海南师范大学,不是,不是,不是,是,马克思主义学院,中共党史党建学,8,全日制,311
海南师范大学,不是,不是,不是,是,经济与管理学院,理论经济学,13,全日制,314
海南师范大学,不是,不是,不是,是,数学与统计学院,应用统计,9,全日制,314
海南师范大学,不是,不是,不是,是,经济与管理学院,国际商务,7,全日制,314
海南师范大学,不是,不是,不是,是,马克思主义学院,马克思主义理论,32,全日制,311
海南师范大学,不是,不是,不是,是,马克思主义学院,中共党史党建学,8,全日制,311
海南师范大学,不是,不是,不是,是,法学院,法律（非法学）,6,全日制,311
海南师范大学,不是,不是,不是,是,法学院,法律（法学）,6,全日制,311
海南师范大学,不是,不是,不是,是,教育学院,教育学,33,全日制,337
海南师范大学,不是,不是,不是,是,心理学院,心理学,15,全日制,337
海南师范大学,不是,不是,不是,是,体育学院,体育学,13,全日制,300
海南师范大学,不是,不是,不是,是,教育学院,教育管理,15,全日制,337
海南师范大学,不是,不是,不是,是,教育学院,教育管理,4,非全日制,337
海南师范大学,不是,不是,不是,是,教师教育学院,学科教学（思政）,14,全日制,337
海南师范大学,不是,不是,不是,是,教师教育学院,学科教学（思政）,4,非全日制,337
海南师范大学,不是,不是,不是,是,教师教育学院,学科教学（语文）,37,全日制,337
海南医科大学,不是,不是,不是,是,海南省医学科学院,生物学,25,全日制,265
海南医科大学,不是,不是,不是,是,基础医学院,生物学,17,全日制,265
海南医科大学,不是,不是,不是,是,衰老与肿瘤国际研究中心（ICAC）,细胞生物学,10,全日制,265
海南医科大学,不是,不是,不是,是,衰老与肿瘤国际研究中心（ICAC）,生物化学与分子生物学,9,全日制,265
海南医科大学,不是,不是,不是,是,衰老与肿瘤国际研究中心（ICAC）,生物物理学,1,全日制,265
海南医科大学,不是,不是,不是,是,海南省医学科学院,生物学,25,全日制,265
海南医科大学,不是,不是,不是,是,基础医学院,生物学,17,全日制,265
海南医科大学,不是,不是,不是,是,衰老与肿瘤国际研究中心（ICAC）,细胞生物学,10,全日制,265
海南医科大学,不是,不是,不是,是,衰老与肿瘤国际研究中心（ICAC）,生物化学与分子生物学,9,全日制,265
海南医科大学,不是,不是,不是,是,衰老与肿瘤国际研究中心（ICAC）,生物物理学,1,全日制,265
海南医科大学,不是,不是,不是,是,智能医学与技术学院,计算机技术,9,全日制,254
海南医科大学,不是,不是,不是,是,智能医学与技术学院,生物医学工程,8,全日制,254
海南医科大学,不是,不是,不是,是,智能医学与技术学院,大数据技术与工程,9,全日制,254
海南医科大学,不是,不是,不是,是,海南省医学科学院,基础医学,37,全日制,284
海南医科大学,不是,不是,不是,是,基础医学院,基础医学,16,全日制,284
海南医科大学,不是,不是,不是,是,衰老与肿瘤国际研究中心（ICAC）,免疫学,1,全日制,284
海南医科大学,不是,不是,不是,是,生命科学与医学技术学院,免疫学,7,全日制,284
海南医科大学,不是,不是,不是,是,生命科学与医学技术学院,病原生物学,4,全日制,284
海南医科大学,不是,不是,不是,是,海南医科大学,内科学,15,全日制,284
海南医科大学,不是,不是,不是,是,海南医科大学,儿科学,4,全日制,284
海南热带海洋学院,不是,不是,不是,是,民族学院,社会工作,15,全日制,311
海南热带海洋学院,不是,不是,不是,是,马克思主义学院,学科教学（思政）,7,全日制,337
海南热带海洋学院,不是,不是,不是,是,马克思主义学院,学科教学（思政）,7,非全日制,337
海南热带海洋学院,不是,不是,不是,是,体育与健康学院,学科教学（体育）,7,全日制,337
海南热带海洋学院,不是,不是,不是,是,民族学院,小学教育,7,全日制,337
海南热带海洋学院,不是,不是,不是,是,民族学院,社会工作,15,全日制,311
海南热带海洋学院,不是,不是,不是,是,马克思主义学院,学科教学（思政）,7,全日制,337
海南热带海洋学院,不是,不是,不是,是,马克思主义学院,学科教学（思政）,7,非全日制,337
海南热带海洋学院,不是,不是,不是,是,体育与健康学院,学科教学（体育）,7,全日制,337
海南热带海洋学院,不是,不是,不是,是,民族学院,小学教育,7,全日制,337
三亚学院,不是,不是,不是,是,盛宝金融科技商学院,金融,10,全日制,314
三亚学院,不是,不是,不是,是,管理学院,国际商务,10,全日制,314
三亚学院,不是,不是,不是,是,社会学院,社会工作,34,全日制,311
三亚学院,不是,不是,不是,是,人文与传播学院,国际中文教育,10,全日制,337
三亚学院,不是,不是,不是,是,社会学院,应用心理,10,全日制,337
中国科学院深海科学与工程研究所,不是,不是,不是,不是,不区分院系,物理海洋学,1,全日制,265
中国科学院深海科学与工程研究所,不是,不是,不是,不是,不区分院系,海洋生物学,3,全日制,275
中国科学院深海科学与工程研究所,不是,不是,不是,不是,不区分院系,海洋地质,4,全日制,265
中国科学院深海科学与工程研究所,不是,不是,不是,不是,不区分院系,机械电子工程,2,全日制,264
中国科学院深海科学与工程研究所,不是,不是,不是,不是,不区分院系,电子信息,4,全日制,264
贵州大学,不是,是,是,不是,哲学学院,哲学,52,全日制,335
贵州大学,不是,是,是,不是,经济学院,应用经济学,44,全日制,323
贵州大学,不是,是,是,不是,经济学院,金融,88,全日制,314
贵州大学,不是,是,是,不是,数学与统计学院,应用统计,40,全日制,323
贵州大学,不是,是,是,不是,法学院,法学理论,7,全日制,338
贵州大学,不是,是,是,不是,哲学学院,哲学,52,全日制,335
贵州大学,不是,是,是,不是,经济学院,应用经济学,44,全日制,323
贵州大学,不是,是,是,不是,经济学院,金融,88,全日制,314
贵州大学,不是,是,是,不是,数学与统计学院,应用统计,40,全日制,323
贵州大学,不是,是,是,不是,法学院,法学理论,7,全日制,338
贵州大学,不是,是,是,不是,法学院,宪法学与行政法学,3,全日制,315
贵州大学,不是,是,是,不是,法学院,刑法学,9,全日制,335
贵州大学,不是,是,是,不是,法学院,民商法学,22,全日制,349
贵州大学,不是,是,是,不是,法学院,诉讼法学,6,全日制,337
贵州大学,不是,是,是,不是,法学院,经济法学,3,全日制,312
贵州大学,不是,是,是,不是,法学院,环境与资源保护法学,6,全日制,339
贵州大学,不是,是,是,不是,法学院,国际法学,4,全日制,315
贵州大学,不是,是,是,不是,公共管理学院,政治学,13,全日制,314
贵州大学,不是,是,是,不是,公共管理学院,社会学,14,全日制,339
贵州大学,不是,是,是,不是,历史与民族文化学院,民族学,17,全日制,319
贵州大学,不是,是,是,不是,马克思主义学院,马克思主义理论,42,全日制,363
贵州大学,不是,是,是,不是,法学院,法律（非法学）,190,全日制,312
贵州大学,不是,是,是,不是,法学院,法律（法学）,50,全日制,317
贵州大学,不是,是,是,不是,公共管理学院,社会工作,73,全日制,322
贵州大学,不是,是,是,不是,体育学院,体育教学,14,全日制,300
贵州大学,不是,是,是,不是,体育学院,运动训练,6,全日制,300
贵州大学,不是,是,是,不是,外国语学院,国际中文教育,28,全日制,337
贵州大学,不是,是,是,不是,文学院,中国语言文学,31,全日制,352
贵州大学,不是,是,是,不是,外国语学院,英语语言文学,10,全日制,344
贵州大学,不是,是,是,不是,外国语学院,日语语言文学,4,全日制,344
贵州大学,不是,是,是,不是,外国语学院,外国语言学及应用语言学,10,全日制,344
贵州大学,不是,是,是,不是,传媒学院,新闻传播学,7,全日制,344
贵州大学,不是,是,是,不是,外国语学院,英语笔译,34,全日制,352
贵州大学,不是,是,是,不是,外国语学院,日语笔译,21,全日制,344
贵州大学,不是,是,是,不是,传媒学院,新闻与传播,20,全日制,360
贵州大学,不是,是,是,不是,历史与民族文化学院,中国史,19,全日制,347
贵州大学,不是,是,是,不是,历史与民族文化学院,博物馆,10,全日制,337
贵州大学,不是,是,是,不是,数学与统计学院,数学,64,全日制,272
贵州大学,不是,是,是,不是,物理学院,物理学,52,全日制,265
贵州大学,不是,是,是,不是,精细化工研究开发中心,化学,38,全日制,268
贵州师范大学,不是,不是,不是,是,历史与政治学院,马克思主义哲学,2,全日制,316
贵州师范大学,不是,不是,不是,是,历史与政治学院,中国哲学,2,全日制,316
贵州师范大学,不是,不是,不是,是,历史与政治学院,伦理学,2,全日制,316
贵州师范大学,不是,不是,不是,是,经济与管理学院,数字经济,17,全日制,314
贵州师范大学,不是,不是,不是,是,法学院,法学理论,1,全日制,311
贵州师范大学,不是,不是,不是,是,历史与政治学院,马克思主义哲学,2,全日制,316
贵州师范大学,不是,不是,不是,是,历史与政治学院,中国哲学,2,全日制,316
贵州师范大学,不是,不是,不是,是,历史与政治学院,伦理学,2,全日制,316
贵州师范大学,不是,不是,不是,是,经济与管理学院,数字经济,17,全日制,314
贵州师范大学,不是,不是,不是,是,法学院,法学理论,1,全日制,311
贵州师范大学,不是,不是,不是,是,法学院,刑法学,4,全日制,311
贵州师范大学,不是,不是,不是,是,法学院,民商法学,4,全日制,311
贵州师范大学,不是,不是,不是,是,法学院,经济法学,3,全日制,311
贵州师范大学,不是,不是,不是,是,历史与政治学院,政治学理论,6,全日制,311
贵州师范大学,不是,不是,不是,是,历史与政治学院,中外政治制度,4,全日制,311
贵州师范大学,不是,不是,不是,是,历史与政治学院,中共党史,4,全日制,311
贵州师范大学,不是,不是,不是,是,历史与政治学院,国际政治,4,全日制,311
贵州师范大学,不是,不是,不是,是,马克思主义学院,马克思主义基本原理,11,全日制,311
贵州师范大学,不是,不是,不是,是,马克思主义学院,马克思主义中国化研究,13,全日制,311
贵州师范大学,不是,不是,不是,是,马克思主义学院,国外马克思主义研究,2,全日制,311
贵州师范大学,不是,不是,不是,是,马克思主义学院,思想政治教育,15,全日制,311
贵州师范大学,不是,不是,不是,是,马克思主义学院,中国近现代史基本问题研究,6,全日制,311
贵州师范大学,不是,不是,不是,是,法学院,法律（非法学）,15,全日制,311
贵州师范大学,不是,不是,不是,是,法学院,法律（法学）,61,全日制,311
贵州师范大学,不是,不是,不是,是,历史与政治学院,社会工作,26,全日制,311
贵州师范大学,不是,不是,不是,是,教育学院,教育学原理,5,全日制,337
贵州师范大学,不是,不是,不是,是,教育学院,课程与教学论,5,全日制,337
贵州师范大学,不是,不是,不是,是,教育学院,学前教育学,4,全日制,337
贵州师范大学,不是,不是,不是,是,教育学院,高等教育学,3,全日制,337
贵州师范大学,不是,不是,不是,是,教育学院,职业技术教育学,3,全日制,337
贵州师范大学,不是,不是,不是,是,心理学院,基础心理学,6,全日制,337
贵州师范大学,不是,不是,不是,是,心理学院,发展与教育心理学,10,全日制,337
贵州师范大学,不是,不是,不是,是,心理学院,应用心理学,11,全日制,337
贵州师范大学,不是,不是,不是,是,体育学院,体育人文社会学,1,全日制,300
贵州师范大学,不是,不是,不是,是,体育学院,运动人体科学,1,全日制,300
贵州师范大学,不是,不是,不是,是,体育学院,体育教育训练学,8,全日制,300
贵州师范大学,不是,不是,不是,是,体育学院,民族传统体育学,2,全日制,300
贵州师范大学,不是,不是,不是,是,教育学院,教育管理,17,全日制,337
贵州师范大学,不是,不是,不是,是,教育学院,教育管理,24,非全日制,337
贵州师范大学,不是,不是,不是,是,历史与政治学院,学科教学（思政）,42,全日制,337
遵义医科大学,不是,不是,不是,是,马克思主义学院,马克思主义基本原理,4,全日制,311
遵义医科大学,不是,不是,不是,是,马克思主义学院,马克思主义中国化研究,4,全日制,311
遵义医科大学,不是,不是,不是,是,马克思主义学院,思想政治教育,4,全日制,311
遵义医科大学,不是,不是,不是,是,体育与健康学院,体育,14,全日制,300
遵义医科大学,不是,不是,不是,是,基础医学院,生理学,3,全日制,265
遵义医科大学,不是,不是,不是,是,马克思主义学院,马克思主义基本原理,4,全日制,311
遵义医科大学,不是,不是,不是,是,马克思主义学院,马克思主义中国化研究,4,全日制,311
遵义医科大学,不是,不是,不是,是,马克思主义学院,思想政治教育,4,全日制,311
遵义医科大学,不是,不是,不是,是,体育与健康学院,体育,14,全日制,300
遵义医科大学,不是,不是,不是,是,基础医学院,生理学,3,全日制,265
遵义医科大学,不是,不是,不是,是,基础医学院,微生物学,3,全日制,265
遵义医科大学,不是,不是,不是,是,基础医学院,细胞生物学,4,全日制,265
遵义医科大学,不是,不是,不是,是,基础医学院,生物化学与分子生物学,9,全日制,265
遵义医科大学,不是,不是,不是,是,珠海校区,生物工程,9,全日制,254
遵义医科大学,不是,不是,不是,是,珠海校区,生物与医药,46,全日制,254
遵义医科大学,不是,不是,不是,是,基础医学院,人体解剖与组织胚胎学,2,全日制,284
遵义医科大学,不是,不是,不是,是,基础医学院,免疫学,15,全日制,284
遵义医科大学,不是,不是,不是,是,基础医学院,病原生物学,9,全日制,284
遵义医科大学,不是,不是,不是,是,基础医学院,病理学与病理生理学,8,全日制,284
遵义医科大学,不是,不是,不是,是,基础医学院,法医学,2,全日制,284
贵州医科大学,不是,不是,不是,是,运动与健康学院,体育,21,全日制,300
贵州医科大学,不是,不是,不是,是,医学人文学院,应用心理,12,全日制,337
贵州医科大学,不是,不是,不是,是,基础医学院,动物学,1,全日制,265
贵州医科大学,不是,不是,不是,是,基础医学院,生理学,5,全日制,265
贵州医科大学,不是,不是,不是,是,基础医学院,细胞生物学,5,全日制,265
贵州医科大学,不是,不是,不是,是,运动与健康学院,体育,21,全日制,300
贵州医科大学,不是,不是,不是,是,医学人文学院,应用心理,12,全日制,337
贵州医科大学,不是,不是,不是,是,基础医学院,动物学,1,全日制,265
贵州医科大学,不是,不是,不是,是,基础医学院,生理学,5,全日制,265
贵州医科大学,不是,不是,不是,是,基础医学院,细胞生物学,5,全日制,265
贵州医科大学,不是,不是,不是,是,基础医学院,生物化学与分子生物学,12,全日制,265
贵州医科大学,不是,不是,不是,是,生物与工程学院（健康医药现代产业学院）,生物医学工程,8,全日制,254
贵州医科大学,不是,不是,不是,是,生物与工程学院（健康医药现代产业学院）,生物与医药,21,全日制,254
贵州医科大学,不是,不是,不是,是,基础医学院,人体解剖与组织胚胎学,9,全日制,284
贵州医科大学,不是,不是,不是,是,基础医学院,免疫学,3,全日制,284
贵州医科大学,不是,不是,不是,是,基础医学院,病原生物学,5,全日制,284
贵州医科大学,不是,不是,不是,是,基础医学院,病理学与病理生理学,9,全日制,284
贵州医科大学,不是,不是,不是,是,法医学院,法医学,9,全日制,284
贵州医科大学,不是,不是,不是,是,临床医学院,内科学,24,全日制,284
贵州医科大学,不是,不是,不是,是,临床医学院,儿科学,3,全日制,284
贵州民族大学,不是,不是,不是,是,法学院,法学,36,全日制,311
贵州民族大学,不是,不是,不是,是,社会学院,社会学,37,全日制,311
贵州民族大学,不是,不是,不是,是,民族学与历史学学院,民族学,43,全日制,311
贵州民族大学,不是,不是,不是,是,法学院,法律（非法学）,39,全日制,311
贵州民族大学,不是,不是,不是,是,法学院,法律（法学）,27,全日制,311
贵州民族大学,不是,不是,不是,是,法学院,法学,36,全日制,311
贵州民族大学,不是,不是,不是,是,社会学院,社会学,37,全日制,311
贵州民族大学,不是,不是,不是,是,民族学与历史学学院,民族学,43,全日制,311
贵州民族大学,不是,不是,不是,是,法学院,法律（非法学）,39,全日制,311
贵州民族大学,不是,不是,不是,是,法学院,法律（法学）,27,全日制,311
贵州民族大学,不是,不是,不是,是,社会学院,社会工作,31,全日制,311
贵州民族大学,不是,不是,不是,是,民族文化与认知科学学院,教育管理,6,全日制,337
贵州民族大学,不是,不是,不是,是,民族文化与认知科学学院,学科教学（语文）,14,全日制,337
贵州民族大学,不是,不是,不是,是,民族文化与认知科学学院,学科教学（历史）,5,全日制,337
贵州民族大学,不是,不是,不是,是,民族文化与认知科学学院,学前教育,9,全日制,337
铜仁学院,不是,不是,不是,是,马克思主义学院,马克思主义理论,37,全日制,311
铜仁学院,不是,不是,不是,是,大健康学院,体育,11,全日制,300
铜仁学院,不是,不是,不是,是,材料与化学工程学院,材料与化工,32,全日制,254
铜仁学院,不是,不是,不是,是,农林工程与规划学院,农艺与种业,14,全日制,230
铜仁学院,不是,不是,不是,是,经济管理学院,农村发展,20,全日制,230
贵阳学院,不是,不是,不是,是,阳明学与黔学研究院,马克思主义哲学,10,全日制,316
贵阳学院,不是,不是,不是,是,阳明学与黔学研究院,中国哲学,10,全日制,316
贵阳学院,不是,不是,不是,是,阳明学与黔学研究院,伦理学,7,全日制,316
贵阳学院,不是,不是,不是,是,经济管理学院,国际商务,8,全日制,314
贵阳学院,不是,不是,不是,是,法学院,知识产权,8,全日制,311
贵州财经大学,不是,不是,不是,是,经济学院,政治经济学,7,全日制,314
贵州财经大学,不是,不是,不是,是,经济学院,经济史,6,全日制,314
贵州财经大学,不是,不是,不是,是,经济学院,西方经济学,7,全日制,314
贵州财经大学,不是,不是,不是,是,经济学院,世界经济,5,全日制,314
贵州财经大学,不是,不是,不是,是,经济学院,人口、资源与环境经济学,9,全日制,314
贵州财经大学,不是,不是,不是,是,经济学院,政治经济学,7,全日制,314
贵州财经大学,不是,不是,不是,是,经济学院,经济史,6,全日制,314
贵州财经大学,不是,不是,不是,是,经济学院,西方经济学,7,全日制,314
贵州财经大学,不是,不是,不是,是,经济学院,世界经济,5,全日制,314
贵州财经大学,不是,不是,不是,是,经济学院,人口、资源与环境经济学,9,全日制,314
贵州财经大学,不是,不是,不是,是,应用经济学院,区域经济学,5,全日制,314
贵州财经大学,不是,不是,不是,是,应用经济学院,财政学,10,全日制,314
贵州财经大学,不是,不是,不是,是,应用经济学院,金融学,18,全日制,314
贵州财经大学,不是,不是,不是,是,应用经济学院,产业经济学,8,全日制,314
贵州财经大学,不是,不是,不是,是,应用经济学院,国际贸易学,4,全日制,314
贵州财经大学,不是,不是,不是,是,应用经济学院,数量经济学,2,全日制,314
贵州财经大学,不是,不是,不是,是,应用经济学院,金融,72,全日制,314
贵州财经大学,不是,不是,不是,是,数学与统计学院,应用统计,30,全日制,314
贵州财经大学,不是,不是,不是,是,应用经济学院,税务,35,全日制,314
贵州财经大学,不是,不是,不是,是,应用经济学院,国际商务,35,全日制,314
贵州中医药大学,不是,不是,不是,是,人文与管理学院,法律（非法学）,10,全日制,311
贵州中医药大学,不是,不是,不是,是,人文与管理学院,法律（法学）,12,全日制,311
贵州中医药大学,不是,不是,不是,是,人文与管理学院,应用心理,10,全日制,337
贵州中医药大学,不是,不是,不是,是,信息工程学院,电子信息,20,全日制,254
贵州中医药大学,不是,不是,不是,是,药学院,生物与医药,15,全日制,254
贵州中医药大学,不是,不是,不是,是,人文与管理学院,法律（非法学）,10,全日制,311
贵州中医药大学,不是,不是,不是,是,人文与管理学院,法律（法学）,12,全日制,311
贵州中医药大学,不是,不是,不是,是,人文与管理学院,应用心理,10,全日制,337
贵州中医药大学,不是,不是,不是,是,信息工程学院,电子信息,20,全日制,254
贵州中医药大学,不是,不是,不是,是,药学院,生物与医药,15,全日制,254
贵州中医药大学,不是,不是,不是,是,基础中医学院（岐黄学院）,中医基础理论,8,全日制,284
贵州中医药大学,不是,不是,不是,是,基础中医学院（岐黄学院）,中医临床基础,4,全日制,284
贵州中医药大学,不是,不是,不是,是,基础中医学院（岐黄学院）,方剂学,2,全日制,284
贵州中医药大学,不是,不是,不是,是,基础中医学院（岐黄学院）,中医诊断学,6,全日制,284
贵州中医药大学,不是,不是,不是,是,第一临床医学院,中医内科学,10,全日制,284
黔南民族师范学院,不是,不是,不是,是,马克思主义学院,学科教学（思政）,17,全日制,337
黔南民族师范学院,不是,不是,不是,是,文学与传媒学院,学科教学（语文）,26,全日制,337
黔南民族师范学院,不是,不是,不是,是,数学与统计学院,学科教学（数学）,14,全日制,337
黔南民族师范学院,不是,不是,不是,是,物理与电子科学学院,学科教学（物理）,7,全日制,337
黔南民族师范学院,不是,不是,不是,是,化学化工学院,学科教学（化学）,6,全日制,337
中国科学院地球化学研究所,不是,不是,不是,不是,不区分院系,矿物学、岩石学、矿床学,4,全日制,275
中国科学院地球化学研究所,不是,不是,不是,不是,不区分院系,地球化学,4,全日制,275
中国科学院地球化学研究所,不是,不是,不是,不是,不区分院系,环境科学与工程,3,全日制,264
中国科学院地球化学研究所,不是,不是,不是,不是,不区分院系,资源与环境,6,全日制,264
贵州师范学院,不是,不是,不是,是,教育科学学院,教育管理,13,全日制,337
贵州师范学院,不是,不是,不是,是,数学与大数据学院,学科教学（数学）,12,全日制,337
贵州师范学院,不是,不是,不是,是,物理与电子科学学院,学科教学（物理）,10,全日制,337
贵州师范学院,不是,不是,不是,是,化学与材料学院,材料工程,10,全日制,254
贵州师范学院,不是,不是,不是,是,化学与材料学院,化学工程,6,全日制,254
遵义师范学院,不是,不是,不是,是,教师教育学院（遵义市家庭教育学院）,应用心理,16,全日制,337
遵义师范学院,不是,不是,不是,是,生物与农业科技学院（食品科技学院）,农业,22,全日制,230
中国航天科工集团第十研究院,不是,不是,不是,不是,不区分院系,飞行器设计,29,全日制,290
云南大学,不是,是,是,不是,政府管理学院,哲学,23,全日制,316
云南大学,不是,是,是,不是,民族学与社会学学院,宗教学,10,全日制,316
云南大学,不是,是,是,不是,经济学院,理论经济学,24,全日制,315
云南大学,不是,是,是,不是,经济学院,理论经济学,1,全日制,315
云南大学,不是,是,是,不是,经济学院,应用经济学,50,全日制,332
云南大学,不是,是,是,不是,政府管理学院,哲学,23,全日制,316
云南大学,不是,是,是,不是,民族学与社会学学院,宗教学,10,全日制,316
云南大学,不是,是,是,不是,经济学院,理论经济学,24,全日制,315
云南大学,不是,是,是,不是,经济学院,理论经济学,1,全日制,315
云南大学,不是,是,是,不是,经济学院,应用经济学,50,全日制,332
云南大学,不是,是,是,不是,经济学院,金融,55,全日制,344
云南大学,不是,是,是,不是,数学与统计学院,应用统计,120,全日制,337
云南大学,不是,是,是,不是,经济学院,国际商务,55,全日制,342
云南大学,不是,是,是,不是,经济学院,资产评估,50,全日制,315
云南大学,不是,是,是,不是,法学院,法学理论,6,全日制,317
云南大学,不是,是,是,不是,法学院,法律史,3,全日制,311
云南大学,不是,是,是,不是,法学院,宪法学与行政法学,7,全日制,338
云南大学,不是,是,是,不是,法学院,刑法学,10,全日制,340
云南大学,不是,是,是,不是,法学院,民商法学,11,全日制,343
云南大学,不是,是,是,不是,法学院,诉讼法学,8,全日制,335
云南大学,不是,是,是,不是,法学院,经济法学,6,全日制,314
云南大学,不是,是,是,不是,法学院,国际法学,4,全日制,314
云南大学,不是,是,是,不是,政府管理学院,政治学,40,全日制,336
云南大学,不是,是,是,不是,国际关系研究院·南亚东南亚研究院,国际政治,8,全日制,311
云南大学,不是,是,是,不是,国际关系研究院·南亚东南亚研究院,国际关系,26,全日制,314
云南大学,不是,是,是,不是,国际关系研究院·南亚东南亚研究院,外交学,5,全日制,311
云南大学,不是,是,是,不是,民族学与社会学学院,社会学,16,全日制,352
云南大学,不是,是,是,不是,民族学与社会学学院,社会学,1,全日制,352
云南大学,不是,是,是,不是,民族学与社会学学院,人口学,4,全日制,311
云南大学,不是,是,是,不是,民族学与社会学学院,人类学,16,全日制,337
云南大学,不是,是,是,不是,民族学与社会学学院,民俗学,16,全日制,333
云南大学,不是,是,是,不是,民族学与社会学学院,马克思主义民族理论与政策,16,全日制,311
云南大学,不是,是,是,不是,马克思主义学院,马克思主义基本原理,13,全日制,347
云南大学,不是,是,是,不是,马克思主义学院,马克思主义发展史,9,全日制,349
云南大学,不是,是,是,不是,马克思主义学院,马克思主义中国化研究,15,全日制,358
云南大学,不是,是,是,不是,马克思主义学院,国外马克思主义研究,9,全日制,342
云南大学,不是,是,是,不是,马克思主义学院,思想政治教育,32,全日制,358
云南大学,不是,是,是,不是,马克思主义学院,中国近现代史基本问题研究,7,全日制,311
云南大学,不是,是,是,不是,法学院,法律（非法学）,65,全日制,332
云南大学,不是,是,是,不是,法学院,法律（法学）,80,全日制,332
云南大学,不是,是,是,不是,法学院,法律（法学）,37,非全日制,332
云南大学,不是,是,是,不是,民族学与社会学学院,社会工作,80,全日制,342
云南大学,不是,是,是,不是,教育学院,教育学,32,全日制,364
云南大学,不是,是,是,不是,教育学院,教育管理,102,非全日制,337
云南大学,不是,是,是,不是,教育学院,现代教育技术,27,全日制,347
云南大学,不是,是,是,不是,教育学院,职业技术教育,48,全日制,337
云南大学,不是,是,是,不是,体育学院,体育教学,32,全日制,352
云南大学,不是,是,是,不是,体育学院,运动训练,26,全日制,300
云南大学,不是,是,是,不是,体育学院,运动训练,1,全日制,300
云南大学,不是,是,是,不是,体育学院,社会体育指导,7,全日制,300
昆明理工大学,不是,不是,不是,是,马克思主义学院,马克思主义哲学,7,全日制,316
昆明理工大学,不是,不是,不是,是,马克思主义学院,中国哲学,6,全日制,316
昆明理工大学,不是,不是,不是,是,马克思主义学院,外国哲学,4,全日制,316
昆明理工大学,不是,不是,不是,是,马克思主义学院,伦理学,5,全日制,316
昆明理工大学,不是,不是,不是,是,马克思主义学院,美学,2,全日制,316
昆明理工大学,不是,不是,不是,是,马克思主义学院,马克思主义哲学,7,全日制,316
昆明理工大学,不是,不是,不是,是,马克思主义学院,中国哲学,6,全日制,316
昆明理工大学,不是,不是,不是,是,马克思主义学院,外国哲学,4,全日制,316
昆明理工大学,不是,不是,不是,是,马克思主义学院,伦理学,5,全日制,316
昆明理工大学,不是,不是,不是,是,马克思主义学院,美学,2,全日制,316
昆明理工大学,不是,不是,不是,是,马克思主义学院,科学技术哲学,3,全日制,316
昆明理工大学,不是,不是,不是,是,管理与经济学院,应用经济学,27,全日制,314
昆明理工大学,不是,不是,不是,是,管理与经济学院,金融,36,全日制,314
昆明理工大学,不是,不是,不是,是,理学院,应用统计,13,全日制,314
昆明理工大学,不是,不是,不是,是,法学院,法学理论,7,全日制,311
昆明理工大学,不是,不是,不是,是,法学院,宪法学与行政法学,5,全日制,311
昆明理工大学,不是,不是,不是,是,法学院,刑法学,6,全日制,311
昆明理工大学,不是,不是,不是,是,法学院,民商法学,6,全日制,311
昆明理工大学,不是,不是,不是,是,法学院,经济法学,3,全日制,311
昆明理工大学,不是,不是,不是,是,法学院,环境与资源保护法学,4,全日制,311
昆明理工大学,不是,不是,不是,是,法学院,国际法学,4,全日制,311
昆明理工大学,不是,不是,不是,是,法学院,法律（非法学）,27,全日制,311
昆明理工大学,不是,不是,不是,是,法学院,法律（法学）,37,全日制,311
昆明理工大学,不是,不是,不是,是,国际学院,国际中文教育,49,全日制,337
昆明理工大学,不是,不是,不是,是,外国语言文化学院,外国语言文学,9,全日制,344
昆明理工大学,不是,不是,不是,是,外国语言文化学院,英语笔译,50,全日制,344
昆明理工大学,不是,不是,不是,是,艺术与传媒学院,新闻与传播,14,全日制,344
昆明理工大学,不是,不是,不是,是,艺术与传媒学院,出版,10,非全日制,344
昆明理工大学,不是,不是,不是,是,理学院,基础数学,6,全日制,265
昆明理工大学,不是,不是,不是,是,理学院,计算数学,7,全日制,265
昆明理工大学,不是,不是,不是,是,理学院,概率论与数理统计,9,全日制,265
昆明理工大学,不是,不是,不是,是,理学院,应用数学,5,全日制,265
昆明理工大学,不是,不是,不是,是,理学院,运筹学与控制论,1,全日制,265
昆明理工大学,不是,不是,不是,是,理学院,理论物理,6,全日制,265
昆明理工大学,不是,不是,不是,是,理学院,凝聚态物理,8,全日制,265
昆明理工大学,不是,不是,不是,是,理学院,光学,14,全日制,265
昆明理工大学,不是,不是,不是,是,理学院,无线电物理,13,全日制,265
昆明理工大学,不是,不是,不是,是,理学院,无机化学,9,全日制,265
昆明理工大学,不是,不是,不是,是,理学院,分析化学,9,全日制,265
昆明理工大学,不是,不是,不是,是,理学院,有机化学,7,全日制,265
昆明理工大学,不是,不是,不是,是,理学院,物理化学,6,全日制,265
昆明理工大学,不是,不是,不是,是,国土资源工程学院,矿物学、岩石学、矿床学,13,全日制,265
昆明理工大学,不是,不是,不是,是,国土资源工程学院,地球化学,3,全日制,265
昆明理工大学,不是,不是,不是,是,国土资源工程学院,古生物学与地层学,1,全日制,265
昆明理工大学,不是,不是,不是,是,国土资源工程学院,构造地质学,5,全日制,265
昆明理工大学,不是,不是,不是,是,国土资源工程学院,第四纪地质学,1,全日制,265
昆明理工大学,不是,不是,不是,是,生命科学与技术学院,植物学,2,全日制,265
昆明理工大学,不是,不是,不是,是,生命科学与技术学院,动物学,0,全日制,265
昆明理工大学,不是,不是,不是,是,生命科学与技术学院,微生物学,17,全日制,265
昆明理工大学,不是,不是,不是,是,灵长类转化医学研究院,神经生物学,18,全日制,265
昆明理工大学,不是,不是,不是,是,医学部,神经生物学,4,全日制,265
昆明理工大学,不是,不是,不是,是,灵长类转化医学研究院,遗传学,17,全日制,265
昆明理工大学,不是,不是,不是,是,医学部,遗传学,5,全日制,265
昆明理工大学,不是,不是,不是,是,灵长类转化医学研究院,发育生物学,7,全日制,265
昆明理工大学,不是,不是,不是,是,生命科学与技术学院,细胞生物学,4,全日制,265
昆明理工大学,不是,不是,不是,是,灵长类转化医学研究院,细胞生物学,25,全日制,265
昆明理工大学,不是,不是,不是,是,医学部,细胞生物学,8,全日制,265
昆明理工大学,不是,不是,不是,是,生命科学与技术学院,生物化学与分子生物学,29,全日制,265
昆明理工大学,不是,不是,不是,是,理学院,系统理论,11,全日制,265
昆明理工大学,不是,不是,不是,是,理学院,系统分析与集成,12,全日制,265
昆明理工大学,不是,不是,不是,是,环境科学与工程学院,生态学,8,全日制,265
昆明理工大学,不是,不是,不是,是,建筑工程学院,固体力学,3,全日制,241
昆明理工大学,不是,不是,不是,是,建筑工程学院,流体力学,2,全日制,241
昆明理工大学,不是,不是,不是,是,建筑工程学院,工程力学,11,全日制,241
昆明理工大学,不是,不是,不是,是,机电工程学院,机械制造及其自动化,22,全日制,254
昆明理工大学,不是,不是,不是,是,机电工程学院,机械电子工程,22,全日制,254
昆明理工大学,不是,不是,不是,是,机电工程学院,机械设计及理论,22,全日制,254
昆明理工大学,不是,不是,不是,是,交通工程学院,车辆工程,3,全日制,254
昆明理工大学,不是,不是,不是,是,材料科学与工程学院,材料物理与化学,23,全日制,254
昆明理工大学,不是,不是,不是,是,材料科学与工程学院,材料学,44,全日制,254
云南师范大学,不是,不是,不是,是,马克思主义学院,马克思主义哲学,11,全日制,316
云南师范大学,不是,不是,不是,是,马克思主义学院,中国哲学,3,全日制,316
云南师范大学,不是,不是,不是,是,马克思主义学院,外国哲学,5,全日制,316
云南师范大学,不是,不是,不是,是,马克思主义学院,逻辑学,3,全日制,316
云南师范大学,不是,不是,不是,是,马克思主义学院,伦理学,5,全日制,316
云南师范大学,不是,不是,不是,是,马克思主义学院,马克思主义哲学,11,全日制,316
云南师范大学,不是,不是,不是,是,马克思主义学院,中国哲学,3,全日制,316
云南师范大学,不是,不是,不是,是,马克思主义学院,外国哲学,5,全日制,316
云南师范大学,不是,不是,不是,是,马克思主义学院,逻辑学,3,全日制,316
云南师范大学,不是,不是,不是,是,马克思主义学院,伦理学,5,全日制,316
云南师范大学,不是,不是,不是,是,文学院,美学,4,全日制,316
云南师范大学,不是,不是,不是,是,马克思主义学院,宗教学,3,全日制,316
云南师范大学,不是,不是,不是,是,马克思主义学院,科学技术哲学,3,全日制,316
云南师范大学,不是,不是,不是,是,经济学院,区域经济学,6,全日制,314
云南师范大学,不是,不是,不是,是,经济学院,财政学,4,全日制,314
云南师范大学,不是,不是,不是,是,经济学院,金融学,8,全日制,314
云南师范大学,不是,不是,不是,是,经济学院,产业经济学,7,全日制,314
云南师范大学,不是,不是,不是,是,经济学院,国际贸易学,4,全日制,314
云南师范大学,不是,不是,不是,是,经济学院,金融,48,全日制,314
云南师范大学,不是,不是,不是,是,数学学院,应用统计,2,全日制,314
云南师范大学,不是,不是,不是,是,法学与社会学学院,法学理论,3,全日制,311
云南师范大学,不是,不是,不是,是,法学与社会学学院,宪法学与行政法学,6,全日制,311
云南师范大学,不是,不是,不是,是,法学与社会学学院,刑法学,8,全日制,311
云南师范大学,不是,不是,不是,是,法学与社会学学院,民商法学,6,全日制,311
云南师范大学,不是,不是,不是,是,法学与社会学学院,社会学,14,全日制,311
云南师范大学,不是,不是,不是,是,法学与社会学学院,人口学,3,全日制,311
云南师范大学,不是,不是,不是,是,法学与社会学学院,人类学,7,全日制,311
云南师范大学,不是,不是,不是,是,法学与社会学学院,民俗学,5,全日制,311
云南师范大学,不是,不是,不是,是,马克思主义学院,马克思主义基本原理,12,全日制,311
云南师范大学,不是,不是,不是,是,马克思主义学院,马克思主义中国化研究,14,全日制,311
云南师范大学,不是,不是,不是,是,马克思主义学院,思想政治教育,26,全日制,334
云南师范大学,不是,不是,不是,是,马克思主义学院,中国近现代史基本问题研究,6,全日制,311
云南师范大学,不是,不是,不是,是,法学与社会学学院,法律（非法学）,10,全日制,311
云南师范大学,不是,不是,不是,是,法学与社会学学院,法律（非法学）,2,非全日制,311
云南师范大学,不是,不是,不是,是,法学与社会学学院,法律（法学）,28,全日制,311
云南师范大学,不是,不是,不是,是,法学与社会学学院,法律（法学）,2,非全日制,311
云南师范大学,不是,不是,不是,是,法学与社会学学院,社会工作,45,全日制,311
云南师范大学,不是,不是,不是,是,法学与社会学学院,社会工作,14,非全日制,311
云南师范大学,不是,不是,不是,是,教育学部,教育学原理,17,全日制,337
云南师范大学,不是,不是,不是,是,教育学部,课程与教学论,6,全日制,337
云南师范大学,不是,不是,不是,是,文学院,课程与教学论,3,全日制,337
云南师范大学,不是,不是,不是,是,地理学部,课程与教学论,4,全日制,337
云南师范大学,不是,不是,不是,是,物理与电子信息学院,课程与教学论,4,全日制,337
云南师范大学,不是,不是,不是,是,化学化工学院,课程与教学论,4,全日制,337
云南师范大学,不是,不是,不是,是,教育学部,教育史,4,全日制,337
昆明医科大学,不是,不是,不是,是,不区分院系,马克思主义理论,11,全日制,311
昆明医科大学,不是,不是,不是,是,不区分院系,应用心理,10,全日制,337
昆明医科大学,不是,不是,不是,是,不区分院系,生理学,2,全日制,265
昆明医科大学,不是,不是,不是,是,不区分院系,神经生物学,3,全日制,265
昆明医科大学,不是,不是,不是,是,不区分院系,遗传学,2,全日制,265
昆明医科大学,不是,不是,不是,是,不区分院系,马克思主义理论,11,全日制,311
昆明医科大学,不是,不是,不是,是,不区分院系,应用心理,10,全日制,337
昆明医科大学,不是,不是,不是,是,不区分院系,生理学,2,全日制,265
昆明医科大学,不是,不是,不是,是,不区分院系,神经生物学,3,全日制,265
昆明医科大学,不是,不是,不是,是,不区分院系,遗传学,2,全日制,265
昆明医科大学,不是,不是,不是,是,不区分院系,细胞生物学,11,全日制,265
昆明医科大学,不是,不是,不是,是,不区分院系,生物化学与分子生物学,9,全日制,265
昆明医科大学,不是,不是,不是,是,不区分院系,人体解剖与组织胚胎学,14,全日制,284
昆明医科大学,不是,不是,不是,是,不区分院系,免疫学,14,全日制,284
昆明医科大学,不是,不是,不是,是,不区分院系,病原生物学,12,全日制,284
昆明医科大学,不是,不是,不是,是,不区分院系,病理学与病理生理学,18,全日制,284
昆明医科大学,不是,不是,不是,是,不区分院系,法医学,35,全日制,284
昆明医科大学,不是,不是,不是,是,不区分院系,内科学,54,全日制,284
昆明医科大学,不是,不是,不是,是,不区分院系,儿科学,5,全日制,284
昆明医科大学,不是,不是,不是,是,不区分院系,老年医学,3,全日制,284
云南农业大学,不是,不是,不是,是,马克思主义学院,马克思主义理论,12,全日制,311
云南农业大学,不是,不是,不是,是,马克思主义学院,中共党史党建学,7,全日制,311
云南农业大学,不是,不是,不是,是,人文社会科学学院,社会工作,13,全日制,311
云南农业大学,不是,不是,不是,是,人文社会科学学院,社会工作,8,非全日制,311
云南农业大学,不是,不是,不是,是,体育学院,体育教学,8,全日制,300
云南农业大学,不是,不是,不是,是,马克思主义学院,马克思主义理论,12,全日制,311
云南农业大学,不是,不是,不是,是,马克思主义学院,中共党史党建学,7,全日制,311
云南农业大学,不是,不是,不是,是,人文社会科学学院,社会工作,13,全日制,311
云南农业大学,不是,不是,不是,是,人文社会科学学院,社会工作,8,非全日制,311
云南农业大学,不是,不是,不是,是,体育学院,体育教学,8,全日制,300
云南农业大学,不是,不是,不是,是,体育学院,体育教学,6,非全日制,300
云南农业大学,不是,不是,不是,是,体育学院,运动训练,5,全日制,300
云南农业大学,不是,不是,不是,是,体育学院,社会体育指导,4,全日制,300
云南农业大学,不是,不是,不是,是,外语学院,英语笔译,17,全日制,344
云南农业大学,不是,不是,不是,是,外语学院,英语笔译,10,非全日制,344
云南农业大学,不是,不是,不是,是,农学与生物技术学院,生物学,26,全日制,265
云南农业大学,不是,不是,不是,是,马克思主义学院,科学技术史,8,全日制,265
云南农业大学,不是,不是,不是,是,水利学院,水利工程,16,全日制,241
云南农业大学,不是,不是,不是,是,机电工程学院,农业机械化工程,13,全日制,241
云南农业大学,不是,不是,不是,是,水利学院,农业水土工程,5,全日制,241
云南农业大学,不是,不是,不是,是,机电工程学院,农业生物环境与能源工程,4,全日制,241
云南农业大学,不是,不是,不是,是,机电工程学院,农业电气化与自动化,4,全日制,241
云南农业大学,不是,不是,不是,是,资源与环境学院,环境工程,8,全日制,254
云南农业大学,不是,不是,不是,是,大数据学院（信息工程学院）,电子信息,33,全日制,254
云南农业大学,不是,不是,不是,是,机电工程学院,机械,20,全日制,254
大理大学,不是,不是,不是,是,马克思主义学院,马克思主义民族理论与政策,7,全日制,311
大理大学,不是,不是,不是,是,马克思主义学院,马克思主义理论,61,全日制,311
大理大学,不是,不是,不是,是,法学院,法律（非法学）,5,全日制,311
大理大学,不是,不是,不是,是,法学院,法律（法学）,5,全日制,311
大理大学,不是,不是,不是,是,教师教育学院,教育学,13,全日制,337
大理大学,不是,不是,不是,是,马克思主义学院,马克思主义民族理论与政策,7,全日制,311
大理大学,不是,不是,不是,是,马克思主义学院,马克思主义理论,61,全日制,311
大理大学,不是,不是,不是,是,法学院,法律（非法学）,5,全日制,311
大理大学,不是,不是,不是,是,法学院,法律（法学）,5,全日制,311
大理大学,不是,不是,不是,是,教师教育学院,教育学,13,全日制,337
大理大学,不是,不是,不是,是,教师教育学院,教育管理,14,非全日制,337
大理大学,不是,不是,不是,是,教师教育学院,学科教学（思政）,10,全日制,337
大理大学,不是,不是,不是,是,教师教育学院,学科教学（语文）,20,全日制,337
大理大学,不是,不是,不是,是,教师教育学院,学科教学（数学）,11,全日制,337
大理大学,不是,不是,不是,是,教师教育学院,学科教学（英语）,12,全日制,337
大理大学,不是,不是,不是,是,教师教育学院,小学教育,40,全日制,337
大理大学,不是,不是,不是,是,教师教育学院,小学教育,14,非全日制,337
大理大学,不是,不是,不是,是,教师教育学院,心理健康教育,10,非全日制,337
大理大学,不是,不是,不是,是,教师教育学院,学前教育,35,全日制,337
大理大学,不是,不是,不是,是,教师教育学院,学前教育,10,非全日制,337
大理大学,不是,不是,不是,是,体育科学学院,体育教学,5,全日制,300
大理大学,不是,不是,不是,是,体育科学学院,运动训练,4,全日制,300
大理大学,不是,不是,不是,是,体育科学学院,社会体育指导,4,全日制,300
大理大学,不是,不是,不是,是,国际教育学院,国际中文教育,16,全日制,337
大理大学,不是,不是,不是,是,教师教育学院,应用心理,21,全日制,337
西南林业大学,不是,不是,不是,是,经济管理学院,资产评估,29,全日制,314
西南林业大学,不是,不是,不是,是,马克思主义学院,马克思主义理论,27,全日制,311
西南林业大学,不是,不是,不是,是,文法学院,法律（非法学）,8,全日制,311
西南林业大学,不是,不是,不是,是,文法学院,法律（非法学）,5,非全日制,311
西南林业大学,不是,不是,不是,是,文法学院,法律（法学）,11,全日制,311
西南林业大学,不是,不是,不是,是,经济管理学院,资产评估,29,全日制,314
西南林业大学,不是,不是,不是,是,马克思主义学院,马克思主义理论,27,全日制,311
西南林业大学,不是,不是,不是,是,文法学院,法律（非法学）,8,全日制,311
西南林业大学,不是,不是,不是,是,文法学院,法律（非法学）,5,非全日制,311
西南林业大学,不是,不是,不是,是,文法学院,法律（法学）,11,全日制,311
西南林业大学,不是,不是,不是,是,文法学院,法律（法学）,6,非全日制,311
西南林业大学,不是,不是,不是,是,外国语学院（国际学院）,国际中文教育,6,全日制,337
西南林业大学,不是,不是,不是,是,外国语学院（国际学院）,国际中文教育,7,非全日制,337
西南林业大学,不是,不是,不是,是,外国语学院（国际学院）,英语笔译,6,全日制,344
西南林业大学,不是,不是,不是,是,外国语学院（国际学院）,英语笔译,7,非全日制,344
西南林业大学,不是,不是,不是,是,外国语学院（国际学院）,英语口译,1,全日制,344
西南林业大学,不是,不是,不是,是,外国语学院（国际学院）,英语口译,1,非全日制,344
西南林业大学,不是,不是,不是,是,材料与化学工程学院,化学,21,全日制,265
西南林业大学,不是,不是,不是,是,水土保持学院,自然地理学,20,全日制,265
西南林业大学,不是,不是,不是,是,水土保持学院,人文地理学,4,全日制,265
云南民族大学,不是,不是,不是,是,经济与管理学院（会计学院）,国民经济学,8,全日制,314
云南民族大学,不是,不是,不是,是,经济与管理学院（会计学院）,区域经济学,3,全日制,314
云南民族大学,不是,不是,不是,是,经济与管理学院（会计学院）,金融学,5,全日制,314
云南民族大学,不是,不是,不是,是,经济与管理学院（会计学院）,国际贸易学,3,全日制,314
云南民族大学,不是,不是,不是,是,经济与管理学院（会计学院）,劳动经济学,3,全日制,314
云南民族大学,不是,不是,不是,是,经济与管理学院（会计学院）,国民经济学,8,全日制,314
云南民族大学,不是,不是,不是,是,经济与管理学院（会计学院）,区域经济学,3,全日制,314
云南民族大学,不是,不是,不是,是,经济与管理学院（会计学院）,金融学,5,全日制,314
云南民族大学,不是,不是,不是,是,经济与管理学院（会计学院）,国际贸易学,3,全日制,314
云南民族大学,不是,不是,不是,是,经济与管理学院（会计学院）,劳动经济学,3,全日制,314
云南民族大学,不是,不是,不是,是,经济与管理学院（会计学院）,金融,40,全日制,314
云南民族大学,不是,不是,不是,是,数学与计算机科学学院,应用统计,18,全日制,314
云南民族大学,不是,不是,不是,是,经济与管理学院（会计学院）,资产评估,10,全日制,314
云南民族大学,不是,不是,不是,是,法学院（纪检监察学院）,法学,44,全日制,311
云南民族大学,不是,不是,不是,是,政治与公共管理学院（人民武装学院）,政治学理论,15,全日制,311
云南民族大学,不是,不是,不是,是,政治与公共管理学院（人民武装学院）,中外政治制度,5,全日制,311
云南民族大学,不是,不是,不是,是,政治与公共管理学院（人民武装学院）,国际政治,5,全日制,311
云南民族大学,不是,不是,不是,是,社会学院,社会学,34,全日制,311
云南民族大学,不是,不是,不是,是,社会学院,人类学,14,全日制,311
云南民族大学,不是,不是,不是,是,文学院,民俗学,15,全日制,311
云南民族大学,不是,不是,不是,是,云南省民族研究所（民族学与历史学学院）,民族学,44,全日制,311
云南民族大学,不是,不是,不是,是,马克思主义学院,马克思主义基本原理,16,全日制,311
云南民族大学,不是,不是,不是,是,马克思主义学院,马克思主义中国化研究,10,全日制,311
云南民族大学,不是,不是,不是,是,马克思主义学院,思想政治教育,30,全日制,311
云南民族大学,不是,不是,不是,是,马克思主义学院,中国近现代史基本问题研究,7,全日制,311
云南财经大学,不是,不是,不是,是,经济学院,政治经济学,4,全日制,314
云南财经大学,不是,不是,不是,是,经济学院,西方经济学,4,全日制,314
云南财经大学,不是,不是,不是,是,经济学院,世界经济,4,全日制,314
云南财经大学,不是,不是,不是,是,经济学院,人口、资源与环境经济学,4,全日制,314
云南财经大学,不是,不是,不是,是,经济学院,国民经济学,6,全日制,314
云南财经大学,不是,不是,不是,是,经济学院,政治经济学,4,全日制,314
云南财经大学,不是,不是,不是,是,经济学院,西方经济学,4,全日制,314
云南财经大学,不是,不是,不是,是,经济学院,世界经济,4,全日制,314
云南财经大学,不是,不是,不是,是,经济学院,人口、资源与环境经济学,4,全日制,314
云南财经大学,不是,不是,不是,是,经济学院,国民经济学,6,全日制,314
云南财经大学,不是,不是,不是,是,经济学院,区域经济学,4,全日制,314
云南财经大学,不是,不是,不是,是,财政与公共管理学院,财政学,20,全日制,314
云南财经大学,不是,不是,不是,是,金融学院,金融学,28,全日制,314
云南财经大学,不是,不是,不是,是,经济学院,产业经济学,8,全日制,314
云南财经大学,不是,不是,不是,是,国际工商学院,国际贸易学,8,全日制,314
云南财经大学,不是,不是,不是,是,经济学院,国际贸易学,4,全日制,314
云南财经大学,不是,不是,不是,是,统计与数学学院,数量经济学,5,全日制,314
云南财经大学,不是,不是,不是,是,金融学院,金融,114,全日制,314
云南财经大学,不是,不是,不是,是,统计与数学学院,应用统计,61,全日制,314
云南财经大学,不是,不是,不是,是,财政与公共管理学院,税务,65,全日制,314
昆明学院,不是,不是,不是,是,经济管理学院,国际商务,30,全日制,314
昆明学院,不是,不是,不是,是,学前与特殊教育学院,小学教育,11,全日制,337
昆明学院,不是,不是,不是,是,学前与特殊教育学院,学前教育,18,全日制,337
昆明学院,不是,不是,不是,是,体育学院,体育教学,6,全日制,300
昆明学院,不是,不是,不是,是,体育学院,运动训练,4,全日制,300
昆明学院,不是,不是,不是,是,经济管理学院,国际商务,30,全日制,314
昆明学院,不是,不是,不是,是,学前与特殊教育学院,小学教育,11,全日制,337
昆明学院,不是,不是,不是,是,学前与特殊教育学院,学前教育,18,全日制,337
昆明学院,不是,不是,不是,是,体育学院,体育教学,6,全日制,300
昆明学院,不是,不是,不是,是,体育学院,运动训练,4,全日制,300
云南中医药大学,不是,不是,不是,是,中药学院,生物与医药,10,全日制,254
云南中医药大学,不是,不是,不是,是,基础医学院,中医基础理论,4,全日制,284
云南中医药大学,不是,不是,不是,是,基础医学院,中医临床基础,5,全日制,284
云南中医药大学,不是,不是,不是,是,基础医学院,中医医史文献,6,全日制,284
云南中医药大学,不是,不是,不是,是,基础医学院,方剂学,4,全日制,284
云南中医药大学,不是,不是,不是,是,中药学院,生物与医药,10,全日制,254
云南中医药大学,不是,不是,不是,是,基础医学院,中医基础理论,4,全日制,284
云南中医药大学,不是,不是,不是,是,基础医学院,中医临床基础,5,全日制,284
云南中医药大学,不是,不是,不是,是,基础医学院,中医医史文献,6,全日制,284
云南中医药大学,不是,不是,不是,是,基础医学院,方剂学,4,全日制,284
云南中医药大学,不是,不是,不是,是,基础医学院,中医诊断学,3,全日制,284
云南中医药大学,不是,不是,不是,是,第一临床医学院,中医内科学,11,全日制,292
云南中医药大学,不是,不是,不是,是,第一临床医学院,中医外科学,4,全日制,284
云南中医药大学,不是,不是,不是,是,第一临床医学院,中医骨伤科学,4,全日制,284
云南中医药大学,不是,不是,不是,是,第一临床医学院,中医妇科学,3,全日制,284
云南中医药大学,不是,不是,不是,是,第一临床医学院,中医儿科学,3,全日制,284
云南中医药大学,不是,不是,不是,是,第一临床医学院,中医五官科学,3,全日制,284
云南中医药大学,不是,不是,不是,是,第二临床医学院,针灸推拿学,6,全日制,284
云南中医药大学,不是,不是,不是,是,民族医药学院,民族医学（含：藏医学、蒙医学等）,10,全日制,284
云南中医药大学,不是,不是,不是,是,基础医学院,中西医结合基础,28,全日制,284
云南警官学院,不是,不是,不是,是,不区分院系,公安学,10,全日制,311
云南警官学院,不是,不是,不是,是,不区分院系,警务,47,全日制,311
云南警官学院,不是,不是,不是,是,不区分院系,网络与信息安全,10,全日制,254
云南警官学院,不是,不是,不是,是,不区分院系,国家安全学,5,全日制,292
云南艺术学院,不是,不是,不是,是,音乐学院,艺术学,14,全日制,344
云南艺术学院,不是,不是,不是,是,舞蹈学院,艺术学,6,全日制,344
云南艺术学院,不是,不是,不是,是,戏剧学院,艺术学,6,全日制,344
云南艺术学院,不是,不是,不是,是,电影电视学院,艺术学,7,全日制,344
云南艺术学院,不是,不是,不是,是,美术学院,艺术学,12,全日制,344
中国科学院昆明植物研究所,不是,不是,不是,不是,不区分院系,植物学,10,全日制,328
中国科学院昆明植物研究所,不是,不是,不是,不是,不区分院系,生物化学与分子生物学,2,全日制,276
中国科学院昆明植物研究所,不是,不是,不是,不是,不区分院系,药物化学,6,全日制,324
中国科学院昆明植物研究所,不是,不是,不是,不是,不区分院系,药理学,1,全日制,275
中国科学院昆明植物研究所,不是,不是,不是,不是,不区分院系,生物与医药,8,全日制,264
昆明物理研究所（211所）,不是,不是,不是,不是,不区分院系,光学工程,48,全日制,254
昆明贵金属研究所,不是,不是,不是,不是,不区分院系,材料科学与工程,20,全日制,254
昆明贵金属研究所,不是,不是,不是,不是,不区分院系,冶金工程,10,全日制,241
昆明贵金属研究所,不是,不是,不是,不是,不区分院系,工业催化,18,全日制,254
中国科学院西双版纳热带植物园,不是,不是,不是,不是,不区分院系,植物学,5,全日制,339
中国科学院西双版纳热带植物园,不是,不是,不是,不是,不区分院系,生态学,6,全日制,275
中国科学院西双版纳热带植物园,不是,不是,不是,不是,不区分院系,生物与医药,12,全日制,341
中国科学院昆明动物研究所,不是,不是,不是,不是,不区分院系,动物学,3,全日制,300
中国科学院昆明动物研究所,不是,不是,不是,不是,不区分院系,神经生物学,2,全日制,310
中国科学院昆明动物研究所,不是,不是,不是,不是,不区分院系,遗传学,6,全日制,310
中国科学院昆明动物研究所,不是,不是,不是,不是,不区分院系,细胞生物学,4,全日制,310
中国科学院昆明动物研究所,不是,不是,不是,不是,不区分院系,生物化学与分子生物学,0,全日制,265
中国科学院云南天文台,不是,不是,不是,不是,不区分院系,天体物理,13,全日制,275
中国科学院云南天文台,不是,不是,不是,不是,不区分院系,天体测量与天体力学,1,全日制,275
中国科学院云南天文台,不是,不是,不是,不是,不区分院系,光电信息工程,4,全日制,264
中国科学院云南天文台,不是,不是,不是,不是,不区分院系,天文技术与方法,1,全日制,275
曲靖师范学院,不是,不是,不是,是,法学与社会学学院,社会工作,15,全日制,311
曲靖师范学院,不是,不是,不是,是,人文学院,学科教学（语文）,14,全日制,337
曲靖师范学院,不是,不是,不是,是,教师教育学院,小学教育,13,全日制,337
曲靖师范学院,不是,不是,不是,是,化学与材料工程学院,材料与化工,15,全日制,254
玉溪师范学院,不是,不是,不是,是,体育学院,体育,20,全日制,300
玉溪师范学院,不是,不是,不是,是,化学与环境工程学院,资源与环境,20,全日制,254
玉溪师范学院,不是,不是,不是,是,美术学院,美术与书法,20,全日制,344
红河学院,不是,不是,不是,是,经济管理学院（数字经济产业学院）,国际商务,19,全日制,314
红河学院,不是,不是,不是,是,化学与资源工程学院,材料与化工,19,全日制,254
红河学院,不是,不是,不是,是,生物科学与农学学院,农艺与种业,19,全日制,230
西藏大学,不是,是,是,不是,经济与管理学院,应用经济学,15,全日制,314
西藏大学,不是,是,是,不是,财经学院,财政学,15,全日制,314
西藏大学,不是,是,是,不是,财经学院,金融学,14,全日制,314
西藏大学,不是,是,是,不是,财经学院,金融,30,全日制,314
西藏大学,不是,是,是,不是,政法学院,法学,14,全日制,311
西藏大学,不是,是,是,不是,经济与管理学院,应用经济学,15,全日制,314
西藏大学,不是,是,是,不是,财经学院,财政学,15,全日制,314
西藏大学,不是,是,是,不是,财经学院,金融学,14,全日制,314
西藏大学,不是,是,是,不是,财经学院,金融,30,全日制,314
西藏大学,不是,是,是,不是,政法学院,法学,14,全日制,311
西藏大学,不是,是,是,不是,中华民族共同体研究院,马克思主义民族理论与政策,14,全日制,311
西藏大学,不是,是,是,不是,马克思主义学院,马克思主义理论,18,全日制,311
西藏大学,不是,是,是,不是,政法学院,法律（非法学）,9,全日制,311
西藏大学,不是,是,是,不是,政法学院,法律（法学）,9,全日制,311
西藏大学,不是,是,是,不是,教育学院,教育学原理,4,全日制,337
西藏大学,不是,是,是,不是,教育学院,课程与教学论,15,全日制,337
西藏大学,不是,是,是,不是,教育学院,高等教育学,2,全日制,337
西藏大学,不是,是,是,不是,教育学院,特殊教育学,4,全日制,337
西藏大学,不是,是,是,不是,教育学院,教育管理,9,全日制,337
西藏大学,不是,是,是,不是,教育学院,教育管理,15,非全日制,337
西藏大学,不是,是,是,不是,教育学院,学科教学（思政）,15,非全日制,337
西藏大学,不是,是,是,不是,教育学院,学科教学（语文）,8,全日制,337
西藏大学,不是,是,是,不是,教育学院,学科教学（数学）,3,全日制,337
西藏大学,不是,是,是,不是,教育学院,学科教学（物理）,6,全日制,337
西藏大学,不是,是,是,不是,教育学院,学科教学（化学）,1,全日制,337
西藏农牧大学,不是,不是,不是,是,水利土木工程学院,水利工程,30,全日制,241
西藏农牧大学,不是,不是,不是,是,食品科学学院,食品科学与工程,4,全日制,254
西藏农牧大学,不是,不是,不是,是,清洁能源与电气工程学院,电气工程,31,全日制,254
西藏农牧大学,不是,不是,不是,是,清洁能源与电气工程学院,动力工程,6,全日制,254
西藏农牧大学,不是,不是,不是,是,水利土木工程学院,土木水利,50,全日制,254
西藏农牧大学,不是,不是,不是,是,水利土木工程学院,水利工程,30,全日制,241
西藏农牧大学,不是,不是,不是,是,食品科学学院,食品科学与工程,4,全日制,254
西藏农牧大学,不是,不是,不是,是,清洁能源与电气工程学院,电气工程,31,全日制,254
西藏农牧大学,不是,不是,不是,是,清洁能源与电气工程学院,动力工程,6,全日制,254
西藏农牧大学,不是,不是,不是,是,水利土木工程学院,土木水利,50,全日制,254
西藏民族大学,不是,不是,不是,是,中华民族共同体学院,马克思主义哲学,2,全日制,324
西藏民族大学,不是,不是,不是,是,中华民族共同体学院,中国哲学,1,全日制,324
西藏民族大学,不是,不是,不是,是,中华民族共同体学院,宗教学,1,全日制,324
西藏民族大学,不是,不是,不是,是,财经学院,财政学,2,全日制,314
西藏民族大学,不是,不是,不是,是,财经学院,产业经济学,1,全日制,314
西藏民族大学,不是,不是,不是,是,中华民族共同体学院,马克思主义哲学,2,全日制,324
西藏民族大学,不是,不是,不是,是,中华民族共同体学院,中国哲学,1,全日制,324
西藏民族大学,不是,不是,不是,是,中华民族共同体学院,宗教学,1,全日制,324
西藏民族大学,不是,不是,不是,是,财经学院,财政学,2,全日制,314
西藏民族大学,不是,不是,不是,是,财经学院,产业经济学,1,全日制,314
西藏民族大学,不是,不是,不是,是,财经学院,统计学,1,全日制,314
西藏民族大学,不是,不是,不是,是,财经学院,金融,13,全日制,314
西藏民族大学,不是,不是,不是,是,财经学院,税务,14,全日制,326
西藏民族大学,不是,不是,不是,是,法学院,宪法学与行政法学,1,全日制,330
西藏民族大学,不是,不是,不是,是,法学院,民商法学,1,全日制,330
西藏民族大学,不是,不是,不是,是,法学院,诉讼法学,1,全日制,330
西藏民族大学,不是,不是,不是,是,法学院,经济法学,1,全日制,330
西藏民族大学,不是,不是,不是,是,中华民族共同体学院,马克思主义民族理论与政策,8,全日制,325
西藏民族大学,不是,不是,不是,是,马克思主义学院,马克思主义基本原理,9,全日制,312
西藏民族大学,不是,不是,不是,是,马克思主义学院,马克思主义中国化研究,9,全日制,312
西藏藏医药大学,不是,不是,不是,是,不区分院系,民族医学（含：藏医学、蒙医学等）,40,全日制,284
西藏藏医药大学,不是,不是,不是,是,不区分院系,中药学,15,全日制,284
西藏藏医药大学,不是,不是,不是,是,不区分院系,民族医学（含：藏医学、蒙医学等）,50,全日制,340
兰州大学,是,是,是,不是,哲学社会学院,哲学,11,全日制,330
兰州大学,是,是,是,不是,经济学院,应用经济学,5,全日制,330
兰州大学,是,是,是,不是,经济学院,金融,61,全日制,319
兰州大学,是,是,是,不是,经济学院,金融,10,非全日制,319
兰州大学,是,是,是,不是,数学与统计学院,应用统计,79,全日制,370
兰州大学,是,是,是,不是,哲学社会学院,哲学,11,全日制,330
兰州大学,是,是,是,不是,经济学院,应用经济学,5,全日制,330
兰州大学,是,是,是,不是,经济学院,金融,61,全日制,319
兰州大学,是,是,是,不是,经济学院,金融,10,非全日制,319
兰州大学,是,是,是,不是,数学与统计学院,应用统计,79,全日制,370
兰州大学,是,是,是,不是,经济学院,税务,22,全日制,319
兰州大学,是,是,是,不是,经济学院,税务,10,非全日制,319
兰州大学,是,是,是,不是,法学院,法学,10,全日制,330
兰州大学,是,是,是,不是,政治与国际关系学院,政治学,17,全日制,330
兰州大学,是,是,是,不是,哲学社会学院,社会学,7,全日制,350
兰州大学,是,是,是,不是,历史文化学院,马克思主义民族理论与政策,1,全日制,330
兰州大学,是,是,是,不是,马克思主义学院,马克思主义理论,50,全日制,360
兰州大学,是,是,是,不是,法学院,法律（非法学）,75,全日制,325
兰州大学,是,是,是,不是,法学院,法律（非法学）,10,非全日制,325
兰州大学,是,是,是,不是,法学院,法律（法学）,87,全日制,325
兰州大学,是,是,是,不是,法学院,法律（法学）,10,非全日制,325
兰州大学,是,是,是,不是,哲学社会学院,社会工作,44,全日制,321
兰州大学,是,是,是,不是,哲学社会学院,社会工作,10,非全日制,321
兰州大学,是,是,是,不是,哲学社会学院,社会工作,15,非全日制,321
兰州大学,是,是,是,不是,高等教育研究院,教育学,4,全日制,350
兰州大学,是,是,是,不是,高等教育研究院,教育管理,19,非全日制,347
兰州大学,是,是,是,不是,高等教育研究院,学科教学（数学）,13,全日制,347
兰州大学,是,是,是,不是,高等教育研究院,学科教学（物理）,3,全日制,347
兰州大学,是,是,是,不是,高等教育研究院,学科教学（化学）,2,全日制,347
兰州大学,是,是,是,不是,高等教育研究院,学科教学（生物）,8,全日制,347
兰州大学,是,是,是,不是,文学院,国际中文教育,59,全日制,350
兰州大学,是,是,是,不是,文学院,中国语言文学,3,全日制,355
兰州大学,是,是,是,不是,外国语学院,英语语言文学,4,全日制,355
兰州大学,是,是,是,不是,外国语学院,俄语语言文学,1,全日制,355
兰州大学,是,是,是,不是,外国语学院,外国语言学及应用语言学,6,全日制,355
兰州大学,是,是,是,不是,新闻与传播学院,新闻传播学,4,全日制,355
兰州大学,是,是,是,不是,外国语学院,英语笔译,41,全日制,355
兰州大学,是,是,是,不是,外国语学院,英语口译,5,全日制,355
兰州大学,是,是,是,不是,外国语学院,俄语笔译,1,全日制,355
兰州大学,是,是,是,不是,新闻与传播学院,新闻与传播,50,全日制,360
兰州大学,是,是,是,不是,历史文化学院,考古学,9,全日制,345
兰州大学,是,是,是,不是,历史文化学院,中国史,10,全日制,345
兰州大学,是,是,是,不是,历史文化学院,世界史,1,全日制,345
兰州大学,是,是,是,不是,数学与统计学院,数学,8,全日制,300
兰州大学,是,是,是,不是,物理科学与技术学院,物理学,35,全日制,295
兰州大学,是,是,是,不是,核科学与技术学院,粒子物理与原子核物理,12,全日制,295
兰州大学,是,是,是,不是,核科学与技术学院,原子与分子物理,2,全日制,295
兰州大学,是,是,是,不是,信息科学与工程学院,无线电物理,1,全日制,295
兰州大学,是,是,是,不是,化学化工学院,化学,122,全日制,295
兰州大学,是,是,是,不是,资源环境学院,自然地理学,26,全日制,330
西北师范大学,不是,不是,不是,是,哲学与社会学院,马克思主义哲学,4,全日制,316
西北师范大学,不是,不是,不是,是,哲学与社会学院,中国哲学,12,全日制,316
西北师范大学,不是,不是,不是,是,哲学与社会学院,外国哲学,10,全日制,316
西北师范大学,不是,不是,不是,是,哲学与社会学院,伦理学,2,全日制,316
西北师范大学,不是,不是,不是,是,哲学与社会学院,宗教学,2,全日制,316
西北师范大学,不是,不是,不是,是,哲学与社会学院,马克思主义哲学,4,全日制,316
西北师范大学,不是,不是,不是,是,哲学与社会学院,中国哲学,12,全日制,316
西北师范大学,不是,不是,不是,是,哲学与社会学院,外国哲学,10,全日制,316
西北师范大学,不是,不是,不是,是,哲学与社会学院,伦理学,2,全日制,316
西北师范大学,不是,不是,不是,是,哲学与社会学院,宗教学,2,全日制,316
西北师范大学,不是,不是,不是,是,哲学与社会学院,科学技术哲学,2,全日制,316
西北师范大学,不是,不是,不是,是,哲学与社会学院,应用伦理,3,全日制,316
西北师范大学,不是,不是,不是,是,经济学院,政治经济学,6,全日制,314
西北师范大学,不是,不是,不是,是,经济学院,西方经济学,10,全日制,314
西北师范大学,不是,不是,不是,是,经济学院,世界经济,2,全日制,314
西北师范大学,不是,不是,不是,是,经济学院,人口、资源与环境经济学,4,全日制,314
西北师范大学,不是,不是,不是,是,经济学院,金融学,5,全日制,314
西北师范大学,不是,不是,不是,是,经济学院,产业经济学,5,全日制,314
西北师范大学,不是,不是,不是,是,管理学院,产业经济学,2,全日制,314
西北师范大学,不是,不是,不是,是,经济学院,国际贸易学,2,全日制,314
西北师范大学,不是,不是,不是,是,经济学院,数量经济学,2,全日制,314
西北师范大学,不是,不是,不是,是,经济学院,金融,49,全日制,314
西北师范大学,不是,不是,不是,是,数学与统计学院,应用统计,39,全日制,314
西北师范大学,不是,不是,不是,是,经济学院,统计学,3,全日制,314
西北师范大学,不是,不是,不是,是,法学院,法学理论,5,全日制,311
西北师范大学,不是,不是,不是,是,法学院,法律史,2,全日制,311
西北师范大学,不是,不是,不是,是,法学院,宪法学与行政法学,10,全日制,311
西北师范大学,不是,不是,不是,是,法学院,刑法学,4,全日制,311
西北师范大学,不是,不是,不是,是,法学院,民商法学,8,全日制,311
西北师范大学,不是,不是,不是,是,法学院,诉讼法学,9,全日制,311
西北师范大学,不是,不是,不是,是,法学院,经济法学,4,全日制,311
西北师范大学,不是,不是,不是,是,马克思主义学院,政治学理论,8,全日制,311
西北师范大学,不是,不是,不是,是,哲学与社会学院,社会学,9,全日制,311
西北师范大学,不是,不是,不是,是,哲学与社会学院,人口学,2,全日制,311
西北师范大学,不是,不是,不是,是,哲学与社会学院,人类学,2,全日制,311
西北师范大学,不是,不是,不是,是,马克思主义学院,马克思主义基本原理,14,全日制,319
西北师范大学,不是,不是,不是,是,马克思主义学院,马克思主义发展史,4,全日制,311
西北师范大学,不是,不是,不是,是,马克思主义学院,马克思主义中国化研究,10,全日制,311
西北师范大学,不是,不是,不是,是,马克思主义学院,思想政治教育,26,全日制,327
西北师范大学,不是,不是,不是,是,马克思主义学院,中国近现代史基本问题研究,2,全日制,311
兰州理工大学,不是,不是,不是,是,MBA教育中心,国际商务,15,全日制,314
兰州理工大学,不是,不是,不是,是,法学院,法学,21,全日制,311
兰州理工大学,不是,不是,不是,是,马克思主义学院,马克思主义理论,48,全日制,311
兰州理工大学,不是,不是,不是,是,法学院,法律（非法学）,23,全日制,311
兰州理工大学,不是,不是,不是,是,法学院,法律（法学）,23,全日制,311
兰州理工大学,不是,不是,不是,是,MBA教育中心,国际商务,15,全日制,314
兰州理工大学,不是,不是,不是,是,法学院,法学,21,全日制,311
兰州理工大学,不是,不是,不是,是,马克思主义学院,马克思主义理论,48,全日制,311
兰州理工大学,不是,不是,不是,是,法学院,法律（非法学）,23,全日制,311
兰州理工大学,不是,不是,不是,是,法学院,法律（法学）,23,全日制,311
兰州理工大学,不是,不是,不是,是,文学院,国际中文教育,20,全日制,337
兰州理工大学,不是,不是,不是,是,外国语学院,外国语言学及应用语言学,12,全日制,344
兰州理工大学,不是,不是,不是,是,外国语学院,俄语笔译,8,全日制,344
兰州理工大学,不是,不是,不是,是,理学院,数学,45,全日制,265
兰州理工大学,不是,不是,不是,是,理学院,物理学,35,全日制,265
兰州理工大学,不是,不是,不是,是,理学院,力学,18,全日制,241
兰州理工大学,不是,不是,不是,是,机电工程学院,机械制造及其自动化,65,全日制,254
兰州理工大学,不是,不是,不是,是,能源与动力工程学院,机械电子工程,25,全日制,254
兰州理工大学,不是,不是,不是,是,机电工程学院,机械设计及理论,25,全日制,254
兰州理工大学,不是,不是,不是,是,机电工程学院,车辆工程,5,全日制,254
兰州交通大学,不是,不是,不是,是,经济管理学院,应用经济学,21,全日制,314
兰州交通大学,不是,不是,不是,是,数理学院,应用统计,34,全日制,314
兰州交通大学,不是,不是,不是,是,马克思主义学院,马克思主义理论,50,全日制,311
兰州交通大学,不是,不是,不是,是,文学院,国际中文教育,30,全日制,337
兰州交通大学,不是,不是,不是,是,文学院,中国语言文学,18,全日制,344
兰州交通大学,不是,不是,不是,是,经济管理学院,应用经济学,21,全日制,314
兰州交通大学,不是,不是,不是,是,数理学院,应用统计,34,全日制,314
兰州交通大学,不是,不是,不是,是,马克思主义学院,马克思主义理论,50,全日制,311
兰州交通大学,不是,不是,不是,是,文学院,国际中文教育,30,全日制,337
兰州交通大学,不是,不是,不是,是,文学院,中国语言文学,18,全日制,344
兰州交通大学,不是,不是,不是,是,外国语学院,外国语言文学,18,全日制,344
兰州交通大学,不是,不是,不是,是,外国语学院,英语笔译,31,全日制,344
兰州交通大学,不是,不是,不是,是,数理学院,数学,50,全日制,265
兰州交通大学,不是,不是,不是,是,数理学院,物理学,29,全日制,265
兰州交通大学,不是,不是,不是,是,化学化工学院,化学,56,全日制,265
兰州交通大学,不是,不是,不是,是,材料科学与工程学院,化学,16,全日制,265
兰州交通大学,不是,不是,不是,是,生物与制药工程学院,生物学,44,全日制,265
兰州交通大学,不是,不是,不是,是,环境与市政工程学院,生态学,9,全日制,265
兰州交通大学,不是,不是,不是,是,土木工程学院,固体力学,4,全日制,241
兰州交通大学,不是,不是,不是,是,土木工程学院,工程力学,11,全日制,241
兰州交通大学,不是,不是,不是,是,机电工程学院,机械制造及其自动化,15,全日制,254
兰州交通大学,不是,不是,不是,是,机电工程学院,机械电子工程,12,全日制,254
兰州交通大学,不是,不是,不是,是,机电工程学院,机械设计及理论,5,全日制,254
兰州交通大学,不是,不是,不是,是,机电工程学院,车辆工程,23,全日制,254
兰州交通大学,不是,不是,不是,是,材料科学与工程学院,材料科学与工程,34,全日制,254
甘肃农业大学,不是,不是,不是,是,财经学院,应用统计,5,全日制,314
甘肃农业大学,不是,不是,不是,是,理学院,应用统计,23,全日制,314
甘肃农业大学,不是,不是,不是,是,马克思主义学院,马克思主义理论,13,全日制,311
甘肃农业大学,不是,不是,不是,是,管理学院,社会工作,19,全日制,311
甘肃农业大学,不是,不是,不是,是,人文学院,国际中文教育,14,全日制,337
甘肃农业大学,不是,不是,不是,是,财经学院,应用统计,5,全日制,314
甘肃农业大学,不是,不是,不是,是,理学院,应用统计,23,全日制,314
甘肃农业大学,不是,不是,不是,是,马克思主义学院,马克思主义理论,13,全日制,311
甘肃农业大学,不是,不是,不是,是,管理学院,社会工作,19,全日制,311
甘肃农业大学,不是,不是,不是,是,人文学院,国际中文教育,14,全日制,337
甘肃农业大学,不是,不是,不是,是,理学院,化学,17,全日制,265
甘肃农业大学,不是,不是,不是,是,生命科学技术学院,植物学,2,全日制,265
甘肃农业大学,不是,不是,不是,是,生命科学技术学院,生理学,2,全日制,265
甘肃农业大学,不是,不是,不是,是,生命科学技术学院,发育生物学,2,全日制,265
甘肃农业大学,不是,不是,不是,是,生命科学技术学院,生物化学与分子生物学,2,全日制,265
甘肃农业大学,不是,不是,不是,是,资源与环境学院,生态学,11,全日制,265
甘肃农业大学,不是,不是,不是,是,生命科学技术学院,生态学,3,全日制,265
甘肃农业大学,不是,不是,不是,是,机电工程学院,机械电子工程,3,全日制,254
甘肃农业大学,不是,不是,不是,是,机电工程学院,机械设计及理论,12,全日制,254
甘肃农业大学,不是,不是,不是,是,水利水电工程学院,水利工程,1,全日制,241
西北民族大学,不是,不是,不是,是,经济学院,金融,25,全日制,314
西北民族大学,不是,不是,不是,是,经济学院,国际商务,8,全日制,314
西北民族大学,不是,不是,不是,是,经济学院,数字经济,8,全日制,314
西北民族大学,不是,不是,不是,是,法学院,宪法学与行政法学,2,全日制,311
西北民族大学,不是,不是,不是,是,法学院,环境与资源保护法学,2,全日制,311
西北民族大学,不是,不是,不是,是,经济学院,金融,25,全日制,314
西北民族大学,不是,不是,不是,是,经济学院,国际商务,8,全日制,314
西北民族大学,不是,不是,不是,是,经济学院,数字经济,8,全日制,314
西北民族大学,不是,不是,不是,是,法学院,宪法学与行政法学,2,全日制,311
西北民族大学,不是,不是,不是,是,法学院,环境与资源保护法学,2,全日制,311
西北民族大学,不是,不是,不是,是,中华民族共同体学院,社会学,3,全日制,311
西北民族大学,不是,不是,不是,是,中华民族共同体学院,人类学,4,全日制,311
西北民族大学,不是,不是,不是,是,中华民族共同体学院,民俗学,4,全日制,311
西北民族大学,不是,不是,不是,是,中华民族共同体学院,民族学,37,全日制,311
西北民族大学,不是,不是,不是,是,马克思主义学院,马克思主义理论,20,全日制,311
西北民族大学,不是,不是,不是,是,法学院,法律（非法学）,11,全日制,311
西北民族大学,不是,不是,不是,是,法学院,法律（法学）,13,全日制,311
西北民族大学,不是,不是,不是,是,中华民族共同体学院,社会工作,22,全日制,311
西北民族大学,不是,不是,不是,是,教育科学与技术学院,教育学,4,全日制,337
西北民族大学,不是,不是,不是,是,中国语言文学学部,学科教学（语文）,9,全日制,337
西北民族大学,不是,不是,不是,是,电气工程学院,学科教学（物理）,5,全日制,337
西北民族大学,不是,不是,不是,是,化工学院,学科教学（化学）,5,全日制,337
西北民族大学,不是,不是,不是,是,生命科学与工程学院,学科教学（生物）,7,全日制,337
西北民族大学,不是,不是,不是,是,外国语学院,学科教学（英语）,6,全日制,337
西北民族大学,不是,不是,不是,是,历史文化学院,学科教学（历史）,5,全日制,337
天水师范大学,不是,不是,不是,是,数学与统计学院,应用统计,15,全日制,314
天水师范大学,不是,不是,不是,是,马克思主义学院,马克思主义理论,20,全日制,311
天水师范大学,不是,不是,不是,是,教师教育学院,教育管理,10,非全日制,337
天水师范大学,不是,不是,不是,是,马克思主义学院,学科教学（思政）,19,全日制,337
天水师范大学,不是,不是,不是,是,马克思主义学院,学科教学（思政）,1,非全日制,337
天水师范大学,不是,不是,不是,是,数学与统计学院,应用统计,15,全日制,314
天水师范大学,不是,不是,不是,是,马克思主义学院,马克思主义理论,20,全日制,311
天水师范大学,不是,不是,不是,是,教师教育学院,教育管理,10,非全日制,337
天水师范大学,不是,不是,不是,是,马克思主义学院,学科教学（思政）,19,全日制,337
天水师范大学,不是,不是,不是,是,马克思主义学院,学科教学（思政）,1,非全日制,337
河西学院,不是,不是,不是,是,马克思主义学院,中共党史党建学,30,全日制,311
河西学院,不是,不是,不是,是,文学院,学科教学（语文）,20,全日制,337
河西学院,不是,不是,不是,是,数学学院,学科教学（数学）,20,全日制,337
河西学院,不是,不是,不是,是,化学化工学院,学科教学（化学）,20,全日制,337
河西学院,不是,不是,不是,是,教师教育学院,小学教育,20,全日制,337
甘肃中医药大学,不是,不是,不是,是,第一临床医学院,内科学,17,全日制,284
甘肃中医药大学,不是,不是,不是,是,第一临床医学院,老年医学,6,全日制,323
甘肃中医药大学,不是,不是,不是,是,第一临床医学院,神经病学,1,全日制,284
甘肃中医药大学,不是,不是,不是,是,第一临床医学院,皮肤病与性病学,1,全日制,284
甘肃中医药大学,不是,不是,不是,是,第一临床医学院,影像医学与核医学,7,全日制,296
甘肃中医药大学,不是,不是,不是,是,第一临床医学院,内科学,17,全日制,284
甘肃中医药大学,不是,不是,不是,是,第一临床医学院,老年医学,6,全日制,323
甘肃中医药大学,不是,不是,不是,是,第一临床医学院,神经病学,1,全日制,284
甘肃中医药大学,不是,不是,不是,是,第一临床医学院,皮肤病与性病学,1,全日制,284
甘肃中医药大学,不是,不是,不是,是,第一临床医学院,影像医学与核医学,7,全日制,296
甘肃中医药大学,不是,不是,不是,是,公共卫生学院,临床检验诊断学,17,全日制,285
甘肃中医药大学,不是,不是,不是,是,第一临床医学院,外科学,32,全日制,284
甘肃中医药大学,不是,不是,不是,是,第一临床医学院,妇产科学,5,全日制,284
甘肃中医药大学,不是,不是,不是,是,第一临床医学院,眼科学,2,全日制,300
甘肃中医药大学,不是,不是,不是,是,第一临床医学院,耳鼻咽喉科学,5,全日制,284
甘肃中医药大学,不是,不是,不是,是,第一临床医学院,肿瘤学,11,全日制,284
甘肃中医药大学,不是,不是,不是,是,第一临床医学院,康复医学与理疗学,2,全日制,284
甘肃中医药大学,不是,不是,不是,是,第一临床医学院,麻醉学,3,全日制,284
甘肃中医药大学,不是,不是,不是,是,第一临床医学院,急诊医学,1,全日制,284
甘肃中医药大学,不是,不是,不是,是,公共卫生学院,流行病与卫生统计学,8,全日制,291
甘肃政法大学,不是,不是,不是,是,法学院,法学理论,14,全日制,311
甘肃政法大学,不是,不是,不是,是,法学院,宪法学与行政法学,10,全日制,311
甘肃政法大学,不是,不是,不是,是,法学院,刑法学,11,全日制,311
甘肃政法大学,不是,不是,不是,是,民商经济法学院（知识产权学院）,民商法学,22,全日制,311
甘肃政法大学,不是,不是,不是,是,法学院,诉讼法学,10,全日制,311
甘肃政法大学,不是,不是,不是,是,法学院,法学理论,14,全日制,311
甘肃政法大学,不是,不是,不是,是,法学院,宪法学与行政法学,10,全日制,311
甘肃政法大学,不是,不是,不是,是,法学院,刑法学,11,全日制,311
甘肃政法大学,不是,不是,不是,是,民商经济法学院（知识产权学院）,民商法学,22,全日制,311
甘肃政法大学,不是,不是,不是,是,法学院,诉讼法学,10,全日制,311
甘肃政法大学,不是,不是,不是,是,司法警察学院（公安分院）,诉讼法学,16,全日制,311
甘肃政法大学,不是,不是,不是,是,民商经济法学院（知识产权学院）,诉讼法学,11,全日制,311
甘肃政法大学,不是,不是,不是,是,民商经济法学院（知识产权学院）,经济法学,8,全日制,311
甘肃政法大学,不是,不是,不是,是,环境法学院,环境与资源保护法学,15,全日制,311
甘肃政法大学,不是,不是,不是,是,涉外法治学院（国际交流学院）,国际法学,10,全日制,311
兰州财经大学,不是,不是,不是,是,经济学院,政治经济学,10,全日制,314
兰州财经大学,不是,不是,不是,是,经济学院,西方经济学,11,全日制,314
兰州财经大学,不是,不是,不是,是,国际经济与贸易学院,世界经济,10,全日制,314
兰州财经大学,不是,不是,不是,是,经济学院,人口、资源与环境经济学,13,全日制,314
兰州财经大学,不是,不是,不是,是,统计与数据科学学院,国民经济学,10,全日制,314
兰州财经大学,不是,不是,不是,是,经济学院,政治经济学,10,全日制,314
兰州财经大学,不是,不是,不是,是,经济学院,西方经济学,11,全日制,314
兰州财经大学,不是,不是,不是,是,国际经济与贸易学院,世界经济,10,全日制,314
兰州财经大学,不是,不是,不是,是,经济学院,人口、资源与环境经济学,13,全日制,314
兰州财经大学,不是,不是,不是,是,统计与数据科学学院,国民经济学,10,全日制,314
兰州财经大学,不是,不是,不是,是,经济学院,区域经济学,14,全日制,314
兰州财经大学,不是,不是,不是,是,“一带一路”经济研究院,区域经济学,10,全日制,314
兰州财经大学,不是,不是,不是,是,财政与税务学院,财政学,12,全日制,314
兰州财经大学,不是,不是,不是,是,金融学院,金融学,10,全日制,314
兰州财经大学,不是,不是,不是,是,国际经济与贸易学院,产业经济学,12,全日制,314
中国空间技术研究院510所,不是,不是,不是,不是,不区分院系,制冷及低温工程,1,全日制,300
中国空间技术研究院510所,不是,不是,不是,不是,不区分院系,电子科学与技术,14,全日制,300
中国地震局兰州地震研究所,不是,不是,不是,不是,不区分院系,固体地球物理学,10,全日制,265
中国地震局兰州地震研究所,不是,不是,不是,不是,不区分院系,构造地质学,11,全日制,265
兰州生物制品研究所,不是,不是,不是,不是,不区分院系,免疫学,8,全日制,284
中国科学院兰州化学物理研究所,不是,不是,不是,不是,不区分院系,化学,2,全日制,275
中国科学院兰州化学物理研究所,不是,不是,不是,不是,不区分院系,材料科学与工程,2,全日制,278
中国科学院兰州化学物理研究所,不是,不是,不是,不是,不区分院系,材料与化工,4,全日制,264
中国科学院兰州化学物理研究所,不是,不是,不是,不是,不区分院系,生物与医药,1,全日制,264
中国科学院近代物理研究所,不是,不是,不是,不是,不区分院系,理论物理,1,全日制,265
中国科学院近代物理研究所,不是,不是,不是,不是,不区分院系,粒子物理与原子核物理,7,全日制,265
中国科学院近代物理研究所,不是,不是,不是,不是,不区分院系,原子与分子物理,1,全日制,265
中国科学院近代物理研究所,不是,不是,不是,不是,不区分院系,凝聚态物理,3,全日制,265
中国科学院近代物理研究所,不是,不是,不是,不是,不区分院系,生物物理学,2,全日制,265
天华化工机械及自动化研究设计院,不是,不是,不是,不是,不区分院系,化工过程机械,2,全日制,241
兰州城市学院,不是,不是,不是,是,文史学院,学科教学（语文）,9,全日制,337
兰州城市学院,不是,不是,不是,是,信息工程学院,学科教学（数学）,6,全日制,337
兰州城市学院,不是,不是,不是,是,化学工程学院,学科教学（化学）,4,全日制,337
兰州城市学院,不是,不是,不是,是,外国语学院,学科教学（英语）,4,全日制,337
兰州城市学院,不是,不是,不是,是,教育学院,小学教育,4,全日制,337
陇东学院,不是,不是,不是,是,石油化工学院,化学工程,27,全日制,254
陇东学院,不是,不是,不是,是,土木工程学院,土木工程,27,全日制,254
陇东学院,不是,不是,不是,是,农业与生物工程学院,生物技术与工程,26,全日制,254
中国科学院西北生态环境资源研究院,不是,不是,不是,不是,不区分院系,自然地理学,7,全日制,275
中国科学院西北生态环境资源研究院,不是,不是,不是,不是,不区分院系,人文地理学,1,全日制,275
中国科学院西北生态环境资源研究院,不是,不是,不是,不是,不区分院系,地图学与地理信息系统,1,全日制,275
中国科学院西北生态环境资源研究院,不是,不是,不是,不是,不区分院系,气象学,2,全日制,275
中国科学院西北生态环境资源研究院,不是,不是,不是,不是,不区分院系,大气物理学与大气环境,2,全日制,275
青海大学,不是,是,是,不是,财经学院,区域经济学,16,全日制,314
青海大学,不是,是,是,不是,财经学院,金融学,4,全日制,314
青海大学,不是,是,是,不是,财经学院,产业经济学,12,全日制,314
青海大学,不是,是,是,不是,财经学院,金融,39,全日制,314
青海大学,不是,是,是,不是,财经学院,数字经济,25,全日制,314
青海大学,不是,是,是,不是,财经学院,区域经济学,16,全日制,314
青海大学,不是,是,是,不是,财经学院,金融学,4,全日制,314
青海大学,不是,是,是,不是,财经学院,产业经济学,12,全日制,314
青海大学,不是,是,是,不是,财经学院,金融,39,全日制,314
青海大学,不是,是,是,不是,财经学院,数字经济,25,全日制,314
青海大学,不是,是,是,不是,马克思主义学院,马克思主义基本原理,8,全日制,311
青海大学,不是,是,是,不是,马克思主义学院,马克思主义中国化研究,20,全日制,311
青海大学,不是,是,是,不是,马克思主义学院,思想政治教育,18,全日制,311
青海大学,不是,是,是,不是,马克思主义学院,中国近现代史基本问题研究,13,全日制,311
青海大学,不是,是,是,不是,生态环境工程学院,植物学,10,全日制,265
青海大学,不是,是,是,不是,生态环境工程学院,动物学,10,全日制,265
青海大学,不是,是,是,不是,生态环境工程学院,生物化学与分子生物学,12,全日制,265
青海大学,不是,是,是,不是,生态环境工程学院,生态学,45,全日制,265
青海大学,不是,是,是,不是,机械工程学院,机械电子工程,12,全日制,254
青海大学,不是,是,是,不是,机械工程学院,机械设计及理论,8,全日制,254
青海大学,不是,是,是,不是,机械工程学院,材料物理与化学,11,全日制,254
青海大学,不是,是,是,不是,机械工程学院,材料学,14,全日制,254
青海大学,不是,是,是,不是,机械工程学院,材料加工工程,12,全日制,254
青海大学,不是,是,是,不是,土木水利学院,岩土工程,7,全日制,254
青海大学,不是,是,是,不是,土木水利学院,结构工程,1,全日制,254
青海大学,不是,是,是,不是,土木水利学院,防灾减灾工程及防护工程,2,全日制,254
青海大学,不是,是,是,不是,土木水利学院,桥梁与隧道工程,1,全日制,254
青海大学,不是,是,是,不是,土木水利学院,水文学及水资源,9,全日制,241
青海大学,不是,是,是,不是,土木水利学院,水力学及河流动力学,7,全日制,241
青海大学,不是,是,是,不是,土木水利学院,水工结构工程,4,全日制,241
青海大学,不是,是,是,不是,化工学院,化学工程,7,全日制,254
青海大学,不是,是,是,不是,化工学院,化学工艺,6,全日制,254
青海大学,不是,是,是,不是,化工学院,应用化学,16,全日制,254
青海大学,不是,是,是,不是,地质工程学院,矿产普查与勘探,8,全日制,241
青海大学,不是,是,是,不是,地质工程学院,地球探测与信息技术,5,全日制,241
青海师范大学,不是,不是,不是,是,马克思主义学院,哲学,3,全日制,316
青海师范大学,不是,不是,不是,是,经济管理学院,应用经济学,8,全日制,314
青海师范大学,不是,不是,不是,是,法学与社会学学院,法学,11,全日制,311
青海师范大学,不是,不是,不是,是,法学与社会学学院,社会学,8,全日制,311
青海师范大学,不是,不是,不是,是,马克思主义学院,马克思主义理论,17,全日制,311
青海师范大学,不是,不是,不是,是,马克思主义学院,哲学,3,全日制,316
青海师范大学,不是,不是,不是,是,经济管理学院,应用经济学,8,全日制,314
青海师范大学,不是,不是,不是,是,法学与社会学学院,法学,11,全日制,311
青海师范大学,不是,不是,不是,是,法学与社会学学院,社会学,8,全日制,311
青海师范大学,不是,不是,不是,是,马克思主义学院,马克思主义理论,17,全日制,311
青海师范大学,不是,不是,不是,是,法学与社会学学院,社会工作,17,全日制,311
青海师范大学,不是,不是,不是,是,外国语学院,教育学,1,全日制,337
青海师范大学,不是,不是,不是,是,地理科学学院,教育学,1,全日制,337
青海师范大学,不是,不是,不是,是,教育学院,教育学,14,全日制,337
青海师范大学,不是,不是,不是,是,数学与统计学院,教育学,1,全日制,337
青海民族大学,不是,不是,不是,是,马克思主义学院,马克思主义哲学,2,全日制,316
青海民族大学,不是,不是,不是,是,藏学院,逻辑学,3,全日制,316
青海民族大学,不是,不是,不是,是,藏学院,宗教学,5,全日制,316
青海民族大学,不是,不是,不是,是,民族学与社会学学院,宗教学,4,全日制,316
青海民族大学,不是,不是,不是,是,经济与管理学院,理论经济学,7,全日制,314
青海民族大学,不是,不是,不是,是,马克思主义学院,马克思主义哲学,2,全日制,316
青海民族大学,不是,不是,不是,是,藏学院,逻辑学,3,全日制,316
青海民族大学,不是,不是,不是,是,藏学院,宗教学,5,全日制,316
青海民族大学,不是,不是,不是,是,民族学与社会学学院,宗教学,4,全日制,316
青海民族大学,不是,不是,不是,是,经济与管理学院,理论经济学,7,全日制,314
青海民族大学,不是,不是,不是,是,经济与管理学院,金融,35,全日制,314
青海民族大学,不是,不是,不是,是,数学与统计学院,应用统计,22,全日制,314
青海民族大学,不是,不是,不是,是,法学院,法学,7,全日制,311
青海民族大学,不是,不是,不是,是,政治与公共管理学院,政治学,7,全日制,311
青海民族大学,不是,不是,不是,是,民族学与社会学学院,社会学,17,全日制,311
青海民族大学,不是,不是,不是,是,民族学与社会学学院,民族学,23,全日制,311
青海民族大学,不是,不是,不是,是,马克思主义学院,马克思主义理论,10,全日制,311
青海民族大学,不是,不是,不是,是,法学院,法律（非法学）,38,全日制,311
青海民族大学,不是,不是,不是,是,法学院,法律（法学）,24,全日制,311
青海民族大学,不是,不是,不是,是,教师教育学院,教育学,17,全日制,337
中国科学院青海盐湖研究所,不是,不是,不是,不是,不区分院系,无机化学,4,全日制,275
中国科学院青海盐湖研究所,不是,不是,不是,不是,不区分院系,物理化学,2,全日制,275
中国科学院青海盐湖研究所,不是,不是,不是,不是,不区分院系,矿物学、岩石学、矿床学,2,全日制,275
中国科学院青海盐湖研究所,不是,不是,不是,不是,不区分院系,地球化学,2,全日制,275
中国科学院青海盐湖研究所,不是,不是,不是,不是,不区分院系,化学工艺,2,全日制,264
中国科学院西北高原生物研究所,不是,不是,不是,不是,不区分院系,植物学,6,全日制,320
中国科学院西北高原生物研究所,不是,不是,不是,不是,不区分院系,动物学,4,全日制,310
中国科学院西北高原生物研究所,不是,不是,不是,不是,不区分院系,生态学,7,全日制,275
中国科学院西北高原生物研究所,不是,不是,不是,不是,不区分院系,中药学,6,全日制,275
宁夏大学,不是,是,是,不是,法学院,哲学,6,全日制,316
宁夏大学,不是,是,是,不是,经济管理学院,理论经济学,15,全日制,314
宁夏大学,不是,是,是,不是,经济管理学院,金融,9,全日制,314
宁夏大学,不是,是,是,不是,数学统计学院,应用统计,24,全日制,314
宁夏大学,不是,是,是,不是,经济管理学院,数字经济,9,全日制,314
宁夏大学,不是,是,是,不是,法学院,哲学,6,全日制,316
宁夏大学,不是,是,是,不是,经济管理学院,理论经济学,15,全日制,314
宁夏大学,不是,是,是,不是,经济管理学院,金融,9,全日制,314
宁夏大学,不是,是,是,不是,数学统计学院,应用统计,24,全日制,314
宁夏大学,不是,是,是,不是,经济管理学院,数字经济,9,全日制,314
宁夏大学,不是,是,是,不是,法学院,法学,8,全日制,342
宁夏大学,不是,是,是,不是,民族与历史学院,民族学,18,全日制,311
宁夏大学,不是,是,是,不是,马克思主义学院,马克思主义基本原理,11,全日制,330
宁夏大学,不是,是,是,不是,马克思主义学院,思想政治教育,11,全日制,339
宁夏大学,不是,是,是,不是,法学院,法律（非法学）,11,全日制,311
宁夏大学,不是,是,是,不是,法学院,法律（非法学）,2,非全日制,311
宁夏大学,不是,是,是,不是,法学院,法律（法学）,11,全日制,311
宁夏大学,不是,是,是,不是,法学院,法律（法学）,2,非全日制,311
宁夏大学,不是,是,是,不是,法学院,社会工作,22,非全日制,311
宁夏大学,不是,是,是,不是,阿拉伯学院,区域国别学,12,全日制,311
宁夏大学,不是,是,是,不是,教师教育学院,教育学,7,全日制,337
宁夏大学,不是,是,是,不是,教师教育学院,心理学,5,全日制,337
宁夏大学,不是,是,是,不是,教师教育学院,教育管理,24,非全日制,337
宁夏大学,不是,是,是,不是,马克思主义学院,学科教学（思政）,25,非全日制,337
宁夏大学,不是,是,是,不是,文学院,学科教学（语文）,29,全日制,347
宁夏大学,不是,是,是,不是,数学统计学院,学科教学（数学）,15,全日制,337
宁夏大学,不是,是,是,不是,物理学院,学科教学（物理）,15,全日制,337
宁夏大学,不是,是,是,不是,化学化工学院,学科教学（化学）,15,全日制,337
宁夏大学,不是,是,是,不是,外国语学院,学科教学（英语）,9,非全日制,337
宁夏大学,不是,是,是,不是,民族与历史学院,学科教学（历史）,19,全日制,337
宁夏医科大学,不是,不是,不是,是,基础医学院,生理学,4,全日制,265
宁夏医科大学,不是,不是,不是,是,基础医学院,微生物学,2,全日制,265
宁夏医科大学,不是,不是,不是,是,基础医学院,遗传学,7,全日制,265
宁夏医科大学,不是,不是,不是,是,基础医学院,发育生物学,1,全日制,265
宁夏医科大学,不是,不是,不是,是,生育力保持教育部重点实验室,细胞生物学,9,全日制,265
宁夏医科大学,不是,不是,不是,是,基础医学院,生理学,4,全日制,265
宁夏医科大学,不是,不是,不是,是,基础医学院,微生物学,2,全日制,265
宁夏医科大学,不是,不是,不是,是,基础医学院,遗传学,7,全日制,265
宁夏医科大学,不是,不是,不是,是,基础医学院,发育生物学,1,全日制,265
宁夏医科大学,不是,不是,不是,是,生育力保持教育部重点实验室,细胞生物学,9,全日制,265
宁夏医科大学,不是,不是,不是,是,基础医学院,生物化学与分子生物学,7,全日制,265
宁夏医科大学,不是,不是,不是,是,基础医学院,生物物理学,1,全日制,265
宁夏医科大学,不是,不是,不是,是,基础医学院,人体解剖与组织胚胎学,10,全日制,284
宁夏医科大学,不是,不是,不是,是,基础医学院,免疫学,6,全日制,284
宁夏医科大学,不是,不是,不是,是,基础医学院,病原生物学,9,全日制,284
宁夏医科大学,不是,不是,不是,是,基础医学院,病理学与病理生理学,12,全日制,284
宁夏医科大学,不是,不是,不是,是,基础医学院,法医学,1,全日制,284
宁夏医科大学,不是,不是,不是,是,基础医学院,放射医学,1,全日制,284
宁夏医科大学,不是,不是,不是,是,第二临床医学院（银川市第一人民医院）,内科学,1,全日制,284
宁夏医科大学,不是,不是,不是,是,第三临床医学院（宁夏回族自治区人民医院）,内科学,5,全日制,284
宁夏医科大学,不是,不是,不是,是,第一临床医学院（宁夏医科大学总医院）,内科学,14,全日制,284
宁夏医科大学,不是,不是,不是,是,上海市浦东新区公利医院研究生培养基地,内科学,4,全日制,284
宁夏医科大学,不是,不是,不是,是,国家卫生健康委员会代谢性心血管疾病研究重点实验室,内科学,5,全日制,284
宁夏医科大学,不是,不是,不是,是,第一临床医学院（宁夏医科大学总医院）,儿科学,2,全日制,284
宁夏医科大学,不是,不是,不是,是,第一临床医学院（宁夏医科大学总医院）,老年医学,1,全日制,284
宁夏医科大学,不是,不是,不是,是,第一临床医学院（宁夏医科大学总医院）,神经病学,4,全日制,284
宁夏医科大学,不是,不是,不是,是,第一临床医学院（宁夏医科大学总医院）,精神病与精神卫生学,1,全日制,284
宁夏医科大学,不是,不是,不是,是,第一临床医学院（宁夏医科大学总医院）,皮肤病与性病学,1,全日制,284
宁夏医科大学,不是,不是,不是,是,第一临床医学院（宁夏医科大学总医院）,影像医学与核医学,8,全日制,284
宁夏医科大学,不是,不是,不是,是,上海市浦东新区公利医院研究生培养基地,影像医学与核医学,1,全日制,284
宁夏医科大学,不是,不是,不是,是,第一临床医学院（宁夏医科大学总医院）,临床检验诊断学,7,全日制,284
宁夏医科大学,不是,不是,不是,是,检验学院,临床检验诊断学,10,全日制,284
宁夏医科大学,不是,不是,不是,是,第二临床医学院（银川市第一人民医院）,外科学,1,全日制,284
宁夏医科大学,不是,不是,不是,是,第三临床医学院（宁夏回族自治区人民医院）,外科学,1,全日制,284
宁夏医科大学,不是,不是,不是,是,第一临床医学院（宁夏医科大学总医院）,外科学,22,全日制,284
北方民族大学,不是,不是,不是,是,经济学院,应用经济学,16,全日制,314
北方民族大学,不是,不是,不是,是,经济学院,金融,29,全日制,314
北方民族大学,不是,不是,不是,是,数学与信息科学学院,应用统计,50,全日制,314
北方民族大学,不是,不是,不是,是,经济学院,国际商务,13,全日制,314
北方民族大学,不是,不是,不是,是,中华民族共同体学院,民族学,32,全日制,311
北方民族大学,不是,不是,不是,是,经济学院,应用经济学,16,全日制,314
北方民族大学,不是,不是,不是,是,经济学院,金融,29,全日制,314
北方民族大学,不是,不是,不是,是,数学与信息科学学院,应用统计,50,全日制,314
北方民族大学,不是,不是,不是,是,经济学院,国际商务,13,全日制,314
北方民族大学,不是,不是,不是,是,中华民族共同体学院,民族学,32,全日制,311
北方民族大学,不是,不是,不是,是,马克思主义学院,马克思主义理论,26,全日制,311
北方民族大学,不是,不是,不是,是,法学院,法律（非法学）,19,全日制,311
北方民族大学,不是,不是,不是,是,法学院,法律（法学）,18,全日制,311
北方民族大学,不是,不是,不是,是,文学与新闻传播学院,中国语言文学,31,全日制,344
北方民族大学,不是,不是,不是,是,外国语学院,英语笔译,10,全日制,344
宁夏师范大学,不是,不是,不是,是,教育学部,教育学,8,全日制,337
宁夏师范大学,不是,不是,不是,是,马克思主义学院,学科教学（思政）,18,全日制,337
宁夏师范大学,不是,不是,不是,是,文学院,学科教学（语文）,12,全日制,337
宁夏师范大学,不是,不是,不是,是,文学院,学科教学（语文）,5,非全日制,337
宁夏师范大学,不是,不是,不是,是,数学与计算机科学学院,学科教学（数学）,18,全日制,337
宁夏师范大学,不是,不是,不是,是,教育学部,教育学,8,全日制,337
宁夏师范大学,不是,不是,不是,是,马克思主义学院,学科教学（思政）,18,全日制,337
宁夏师范大学,不是,不是,不是,是,文学院,学科教学（语文）,12,全日制,337
宁夏师范大学,不是,不是,不是,是,文学院,学科教学（语文）,5,非全日制,337
宁夏师范大学,不是,不是,不是,是,数学与计算机科学学院,学科教学（数学）,18,全日制,337
宁夏理工学院,不是,不是,不是,是,计算机科学与工程学院,计算机技术,15,全日制,254
宁夏理工学院,不是,不是,不是,是,电气信息工程学院,控制工程,16,全日制,254
宁夏理工学院,不是,不是,不是,是,机械工程学院,机械工程,15,全日制,254
宁夏理工学院,不是,不是,不是,是,理学与化学工程学院,材料工程,15,全日制,254
宁夏理工学院,不是,不是,不是,是,经济管理学院,会计,10,全日制,189
新疆大学,不是,是,是,不是,马克思主义学院,哲学,16,全日制,316
新疆大学,不是,是,是,不是,经济与管理学院,理论经济学,61,全日制,314
新疆大学,不是,是,是,不是,经济与管理学院,金融,30,全日制,314
新疆大学,不是,是,是,不是,数学与系统科学学院,应用统计,123,全日制,314
新疆大学,不是,是,是,不是,法学院,法学,39,全日制,323
新疆大学,不是,是,是,不是,马克思主义学院,哲学,16,全日制,316
新疆大学,不是,是,是,不是,经济与管理学院,理论经济学,61,全日制,314
新疆大学,不是,是,是,不是,经济与管理学院,金融,30,全日制,314
新疆大学,不是,是,是,不是,数学与系统科学学院,应用统计,123,全日制,314
新疆大学,不是,是,是,不是,法学院,法学,39,全日制,323
新疆大学,不是,是,是,不是,政治与公共管理学院（国家安全学院）,政治学,26,全日制,311
新疆大学,不是,是,是,不是,马克思主义学院,民族学,16,全日制,311
新疆大学,不是,是,是,不是,马克思主义学院,马克思主义理论,86,全日制,331
新疆大学,不是,是,是,不是,法学院,法律（非法学）,86,全日制,315
新疆大学,不是,是,是,不是,法学院,法律（法学）,82,全日制,311
新疆大学,不是,是,是,不是,法学院,法律（法学）,21,非全日制,311
新疆大学,不是,是,是,不是,政治与公共管理学院（国家安全学院）,社会工作,17,全日制,326
新疆大学,不是,是,是,不是,国际文化交流学院,国际中文教育,55,全日制,337
新疆大学,不是,是,是,不是,中国语言文学学院,中国语言文学,94,全日制,344
新疆大学,不是,是,是,不是,外国语学院,外国语言文学,26,全日制,344
新疆大学,不是,是,是,不是,新闻与传播学院,新闻传播学,23,全日制,344
新疆大学,不是,是,是,不是,外国语学院,翻译,78,全日制,344
新疆大学,不是,是,是,不是,新闻与传播学院,新闻与传播,100,全日制,344
新疆大学,不是,是,是,不是,历史学院（中华民族共同体学院）,中国史,47,全日制,331
新疆大学,不是,是,是,不是,数学与系统科学学院,数学,149,全日制,265
石河子大学,不是,是,是,不是,经济与管理学院,应用经济学,34,全日制,314
石河子大学,不是,是,是,不是,经济与管理学院,金融,34,全日制,314
石河子大学,不是,是,是,不是,经济与管理学院,应用统计,25,全日制,314
石河子大学,不是,是,是,不是,经济与管理学院,国际商务,21,全日制,314
石河子大学,不是,是,是,不是,经济与管理学院,数字经济,18,全日制,314
石河子大学,不是,是,是,不是,经济与管理学院,应用经济学,34,全日制,314
石河子大学,不是,是,是,不是,经济与管理学院,金融,34,全日制,314
石河子大学,不是,是,是,不是,经济与管理学院,应用统计,25,全日制,314
石河子大学,不是,是,是,不是,经济与管理学院,国际商务,21,全日制,314
石河子大学,不是,是,是,不是,经济与管理学院,数字经济,18,全日制,314
石河子大学,不是,是,是,不是,法学院,社会学,14,全日制,311
石河子大学,不是,是,是,不是,马克思主义学院,马克思主义理论,20,全日制,311
石河子大学,不是,是,是,不是,法学院,法律（非法学）,24,全日制,311
石河子大学,不是,是,是,不是,法学院,法律（法学）,26,全日制,311
石河子大学,不是,是,是,不是,法学院,法律（法学）,8,非全日制,311
石河子大学,不是,是,是,不是,法学院,社会工作,20,全日制,311
石河子大学,不是,是,是,不是,师范学院,教育学,26,全日制,337
石河子大学,不是,是,是,不是,师范学院,教育管理,7,全日制,337
石河子大学,不是,是,是,不是,师范学院,教育管理,5,非全日制,337
石河子大学,不是,是,是,不是,马克思主义学院,学科教学（思政）,10,全日制,337
石河子大学,不是,是,是,不是,文学艺术学院,学科教学（语文）,14,全日制,337
石河子大学,不是,是,是,不是,文学艺术学院,学科教学（语文）,7,非全日制,337
石河子大学,不是,是,是,不是,理学院,学科教学（数学）,18,全日制,337
石河子大学,不是,是,是,不是,理学院,学科教学（数学）,3,非全日制,337
石河子大学,不是,是,是,不是,理学院,学科教学（物理）,8,全日制,337
石河子大学,不是,是,是,不是,理学院,学科教学（物理）,3,非全日制,337
石河子大学,不是,是,是,不是,化学化工学院,学科教学（化学）,3,全日制,337
石河子大学,不是,是,是,不是,生命科学学院,学科教学（生物）,17,全日制,337
石河子大学,不是,是,是,不是,生命科学学院,学科教学（生物）,8,非全日制,337
石河子大学,不是,是,是,不是,外国语学院,学科教学（英语）,11,全日制,337
石河子大学,不是,是,是,不是,外国语学院,学科教学（英语）,5,非全日制,337
石河子大学,不是,是,是,不是,文学艺术学院,学科教学（历史）,5,全日制,337
石河子大学,不是,是,是,不是,理学院,学科教学（地理）,10,全日制,337
石河子大学,不是,是,是,不是,理学院,学科教学（地理）,3,非全日制,337
石河子大学,不是,是,是,不是,文学艺术学院,学科教学（音乐）,5,全日制,337
新疆医科大学,不是,不是,不是,是,马克思主义学院,马克思主义理论,10,全日制,311
新疆医科大学,不是,不是,不是,是,基础医学院,生理学,2,全日制,265
新疆医科大学,不是,不是,不是,是,基础医学院,遗传学,3,全日制,265
新疆医科大学,不是,不是,不是,是,基础医学院,生物化学与分子生物学,13,全日制,265
新疆医科大学,不是,不是,不是,是,医学工程技术学院,生物医学工程,8,全日制,254
新疆医科大学,不是,不是,不是,是,马克思主义学院,马克思主义理论,10,全日制,311
新疆医科大学,不是,不是,不是,是,基础医学院,生理学,2,全日制,265
新疆医科大学,不是,不是,不是,是,基础医学院,遗传学,3,全日制,265
新疆医科大学,不是,不是,不是,是,基础医学院,生物化学与分子生物学,13,全日制,265
新疆医科大学,不是,不是,不是,是,医学工程技术学院,生物医学工程,8,全日制,254
新疆医科大学,不是,不是,不是,是,基础医学院,人体解剖与组织胚胎学,7,全日制,284
新疆医科大学,不是,不是,不是,是,基础医学院,免疫学,3,全日制,284
新疆医科大学,不是,不是,不是,是,基础医学院,病原生物学,11,全日制,284
新疆医科大学,不是,不是,不是,是,基础医学院,病理学与病理生理学,12,全日制,284
新疆医科大学,不是,不是,不是,是,第一临床医学院,内科学,23,全日制,284
新疆医科大学,不是,不是,不是,是,第二临床医学院,内科学,1,全日制,284
新疆医科大学,不是,不是,不是,是,第三临床医学院,内科学,2,全日制,284
新疆医科大学,不是,不是,不是,是,新疆维吾尔自治区人民医院（非隶属医院）,内科学,2,全日制,284
新疆医科大学,不是,不是,不是,是,第五临床医学院,内科学,2,全日制,284
新疆医科大学,不是,不是,不是,是,儿科学院,儿科学,5,全日制,284
新疆医科大学,不是,不是,不是,是,新疆维吾尔自治区儿童医院（非隶属医院）,儿科学,1,全日制,284
新疆医科大学,不是,不是,不是,是,第一临床医学院,老年医学,3,全日制,284
新疆医科大学,不是,不是,不是,是,新疆维吾尔自治区人民医院（非隶属医院）,老年医学,1,全日制,284
新疆医科大学,不是,不是,不是,是,第五临床医学院,老年医学,1,全日制,284
新疆医科大学,不是,不是,不是,是,第二临床医学院,神经病学,5,全日制,284
新疆医科大学,不是,不是,不是,是,第一临床医学院,精神病与精神卫生学,1,全日制,284
新疆医科大学,不是,不是,不是,是,第二临床医学院,精神病与精神卫生学,1,全日制,284
新疆医科大学,不是,不是,不是,是,新疆维吾尔自治区人民医院（非隶属医院）,皮肤病与性病学,2,全日制,284
新疆医科大学,不是,不是,不是,是,第一临床医学院,影像医学与核医学,7,全日制,284
新疆医科大学,不是,不是,不是,是,中医学院（含附属中医医院）,影像医学与核医学,1,全日制,284
新疆医科大学,不是,不是,不是,是,第二临床医学院,影像医学与核医学,1,全日制,284
新疆医科大学,不是,不是,不是,是,第三临床医学院,影像医学与核医学,2,全日制,284
新疆医科大学,不是,不是,不是,是,第一临床医学院,临床检验诊断学,3,全日制,284
新疆医科大学,不是,不是,不是,是,第三临床医学院,临床检验诊断学,7,全日制,310
新疆医科大学,不是,不是,不是,是,第一临床医学院,外科学,16,全日制,284
新疆医科大学,不是,不是,不是,是,第二临床医学院,外科学,3,全日制,284
新疆医科大学,不是,不是,不是,是,第三临床医学院,外科学,1,全日制,284
新疆医科大学,不是,不是,不是,是,第五临床医学院,外科学,1,全日制,284
新疆医科大学,不是,不是,不是,是,第六临床医学院,外科学,1,全日制,284
新疆医科大学,不是,不是,不是,是,第一临床医学院,妇产科学,3,全日制,284
新疆医科大学,不是,不是,不是,是,第三临床医学院,妇产科学,1,全日制,284
新疆医科大学,不是,不是,不是,是,新疆维吾尔自治区人民医院（非隶属医院）,妇产科学,1,全日制,284
新疆医科大学,不是,不是,不是,是,第五临床医学院,妇产科学,1,全日制,284
新疆医科大学,不是,不是,不是,是,中医学院（含附属中医医院）,眼科学,1,全日制,284
新疆医科大学,不是,不是,不是,是,第二临床医学院,眼科学,1,全日制,284
新疆医科大学,不是,不是,不是,是,第一临床医学院,耳鼻咽喉科学,1,全日制,284
新疆医科大学,不是,不是,不是,是,第一临床医学院,肿瘤学,4,全日制,284
新疆医科大学,不是,不是,不是,是,中医学院（含附属中医医院）,肿瘤学,1,全日制,284
新疆医科大学,不是,不是,不是,是,第二临床医学院,肿瘤学,1,全日制,284
新疆医科大学,不是,不是,不是,是,第三临床医学院,肿瘤学,11,全日制,284
新疆医科大学,不是,不是,不是,是,新疆维吾尔自治区人民医院（非隶属医院）,肿瘤学,1,全日制,284
新疆医科大学,不是,不是,不是,是,中医学院（含附属中医医院）,康复医学与理疗学,1,全日制,284
新疆医科大学,不是,不是,不是,是,中医学院（含附属中医医院）,运动医学,1,全日制,284
新疆医科大学,不是,不是,不是,是,第一临床医学院,麻醉学,2,全日制,284
新疆医科大学,不是,不是,不是,是,第二临床医学院,麻醉学,1,全日制,284
新疆医科大学,不是,不是,不是,是,第三临床医学院,麻醉学,1,全日制,284
新疆医科大学,不是,不是,不是,是,新疆维吾尔自治区人民医院（非隶属医院）,麻醉学,1,全日制,284
新疆医科大学,不是,不是,不是,是,第一临床医学院,急诊医学,1,全日制,284
新疆医科大学,不是,不是,不是,是,口腔医学院,口腔临床医学,7,全日制,284
新疆医科大学,不是,不是,不是,是,公共卫生学院,流行病与卫生统计学,27,全日制,289
新疆农业大学,不是,不是,不是,是,经济管理学院,应用经济学,19,全日制,314
新疆农业大学,不是,不是,不是,是,经济管理学院,国际商务,30,全日制,314
新疆农业大学,不是,不是,不是,是,马克思主义学院,马克思主义理论,24,全日制,311
新疆农业大学,不是,不是,不是,是,生命科学学院,生物学,47,全日制,265
新疆农业大学,不是,不是,不是,是,水利与土木工程学院,土木工程,10,全日制,254
新疆农业大学,不是,不是,不是,是,经济管理学院,应用经济学,19,全日制,314
新疆农业大学,不是,不是,不是,是,经济管理学院,国际商务,30,全日制,314
新疆农业大学,不是,不是,不是,是,马克思主义学院,马克思主义理论,24,全日制,311
新疆农业大学,不是,不是,不是,是,生命科学学院,生物学,47,全日制,265
新疆农业大学,不是,不是,不是,是,水利与土木工程学院,土木工程,10,全日制,254
新疆农业大学,不是,不是,不是,是,水利与土木工程学院,水利工程,39,全日制,241
新疆农业大学,不是,不是,不是,是,交通与物流工程学院,交通运输工程,9,全日制,254
新疆农业大学,不是,不是,不是,是,机电工程学院（新能源学院）,农业机械化工程,16,全日制,241
新疆农业大学,不是,不是,不是,是,水利与土木工程学院,农业水土工程,3,全日制,241
新疆农业大学,不是,不是,不是,是,计算机与信息工程学院,农业电气化与自动化,7,全日制,241
塔里木大学,不是,不是,不是,是,信息工程学院,应用统计,2,全日制,314
塔里木大学,不是,不是,不是,是,马克思主义学院（法学院）,马克思主义理论,9,全日制,311
塔里木大学,不是,不是,不是,是,马克思主义学院（法学院）,法律（非法学）,4,全日制,311
塔里木大学,不是,不是,不是,是,马克思主义学院（法学院）,法律（法学）,6,全日制,311
塔里木大学,不是,不是,不是,是,人文学院,教育管理,3,非全日制,337
塔里木大学,不是,不是,不是,是,信息工程学院,应用统计,2,全日制,314
塔里木大学,不是,不是,不是,是,马克思主义学院（法学院）,马克思主义理论,9,全日制,311
塔里木大学,不是,不是,不是,是,马克思主义学院（法学院）,法律（非法学）,4,全日制,311
塔里木大学,不是,不是,不是,是,马克思主义学院（法学院）,法律（法学）,6,全日制,311
塔里木大学,不是,不是,不是,是,人文学院,教育管理,3,非全日制,337
塔里木大学,不是,不是,不是,是,人文学院,学科教学（语文）,15,全日制,337
塔里木大学,不是,不是,不是,是,信息工程学院,学科教学（数学）,2,全日制,337
塔里木大学,不是,不是,不是,是,信息工程学院,学科教学（数学）,3,非全日制,337
塔里木大学,不是,不是,不是,是,机械电气化工程学院,学科教学（物理）,10,全日制,337
塔里木大学,不是,不是,不是,是,化学化工学院,学科教学（化学）,2,全日制,337
塔里木大学,不是,不是,不是,是,外国语学院,学科教学（英语）,3,全日制,337
塔里木大学,不是,不是,不是,是,外国语学院,学科教学（英语）,3,非全日制,337
塔里木大学,不是,不是,不是,是,历史与哲学学院,学科教学（历史）,4,全日制,337
塔里木大学,不是,不是,不是,是,历史与哲学学院,学科教学（历史）,3,非全日制,337
塔里木大学,不是,不是,不是,是,人文学院,学前教育,6,全日制,337
新疆师范大学,不是,不是,不是,是,政法学院,马克思主义哲学,4,全日制,316
新疆师范大学,不是,不是,不是,是,政法学院,中国哲学,5,全日制,316
新疆师范大学,不是,不是,不是,是,政法学院,伦理学,4,全日制,316
新疆师范大学,不是,不是,不是,是,政法学院,宗教学,14,全日制,316
新疆师范大学,不是,不是,不是,是,商学院,区域经济学,6,全日制,314
新疆师范大学,不是,不是,不是,是,政法学院,马克思主义哲学,4,全日制,316
新疆师范大学,不是,不是,不是,是,政法学院,中国哲学,5,全日制,316
新疆师范大学,不是,不是,不是,是,政法学院,伦理学,4,全日制,316
新疆师范大学,不是,不是,不是,是,政法学院,宗教学,14,全日制,316
新疆师范大学,不是,不是,不是,是,商学院,区域经济学,6,全日制,314
新疆师范大学,不是,不是,不是,是,商学院,产业经济学,6,全日制,314
新疆师范大学,不是,不是,不是,是,商学院,国际贸易学,6,全日制,314
新疆师范大学,不是,不是,不是,是,商学院,劳动经济学,5,全日制,314
新疆师范大学,不是,不是,不是,是,商学院,国际商务,15,全日制,314
新疆师范大学,不是,不是,不是,是,商学院,国际商务,15,非全日制,314
新疆师范大学,不是,不是,不是,是,政法学院,民商法学,9,全日制,311
新疆师范大学,不是,不是,不是,是,政法学院,政治学理论,5,全日制,311
新疆师范大学,不是,不是,不是,是,政法学院,中共党史,4,全日制,311
新疆师范大学,不是,不是,不是,是,政法学院,国际政治,5,全日制,311
新疆师范大学,不是,不是,不是,是,历史与社会学院,马克思主义民族理论与政策,2,全日制,311
新疆师范大学,不是,不是,不是,是,马克思主义学院,马克思主义基本原理,15,全日制,311
新疆师范大学,不是,不是,不是,是,马克思主义学院,马克思主义中国化研究,24,全日制,311
新疆师范大学,不是,不是,不是,是,马克思主义学院,国外马克思主义研究,5,全日制,311
新疆师范大学,不是,不是,不是,是,马克思主义学院,思想政治教育,29,全日制,311
新疆师范大学,不是,不是,不是,是,马克思主义学院,中国近现代史基本问题研究,12,全日制,311
新疆师范大学,不是,不是,不是,是,政法学院,法律（非法学）,15,全日制,311
新疆师范大学,不是,不是,不是,是,政法学院,法律（非法学）,6,非全日制,311
新疆师范大学,不是,不是,不是,是,政法学院,法律（法学）,14,全日制,311
新疆师范大学,不是,不是,不是,是,历史与社会学院,社会工作,15,全日制,311
新疆师范大学,不是,不是,不是,是,历史与社会学院,社会工作,6,非全日制,311
新疆师范大学,不是,不是,不是,是,教育科学学院,教育学原理,9,全日制,337
新疆师范大学,不是,不是,不是,是,历史与社会学院,课程与教学论,2,全日制,337
新疆师范大学,不是,不是,不是,是,教育科学学院,课程与教学论,9,全日制,337
新疆师范大学,不是,不是,不是,是,中国语言文学学院,课程与教学论,2,全日制,337
新疆师范大学,不是,不是,不是,是,外国语学院,课程与教学论,2,全日制,337
喀什大学,不是,不是,不是,是,数学与统计学院,应用统计,10,全日制,314
喀什大学,不是,不是,不是,是,经济与管理学院,国际商务,14,全日制,314
喀什大学,不是,不是,不是,是,马克思主义学院,马克思主义基本原理,15,全日制,311
喀什大学,不是,不是,不是,是,马克思主义学院,马克思主义中国化研究,15,全日制,311
喀什大学,不是,不是,不是,是,马克思主义学院,思想政治教育,15,全日制,311
喀什大学,不是,不是,不是,是,数学与统计学院,应用统计,10,全日制,314
喀什大学,不是,不是,不是,是,经济与管理学院,国际商务,14,全日制,314
喀什大学,不是,不是,不是,是,马克思主义学院,马克思主义基本原理,15,全日制,311
喀什大学,不是,不是,不是,是,马克思主义学院,马克思主义中国化研究,15,全日制,311
喀什大学,不是,不是,不是,是,马克思主义学院,思想政治教育,15,全日制,311
喀什大学,不是,不是,不是,是,马克思主义学院,中国近现代史基本问题研究,15,全日制,311
喀什大学,不是,不是,不是,是,法政学院,法律（非法学）,13,全日制,311
喀什大学,不是,不是,不是,是,法政学院,法律（法学）,13,全日制,311
喀什大学,不是,不是,不是,是,教育科学学院,教育学原理,12,全日制,337
喀什大学,不是,不是,不是,是,教育科学学院,课程与教学论,12,全日制,337
伊犁师范大学,不是,不是,不是,是,法学院,法学理论,4,全日制,311
伊犁师范大学,不是,不是,不是,是,法学院,宪法学与行政法学,5,全日制,311
伊犁师范大学,不是,不是,不是,是,法学院,刑法学,4,全日制,311
伊犁师范大学,不是,不是,不是,是,法学院,经济法学,5,全日制,311
伊犁师范大学,不是,不是,不是,是,法学院,国际法学,5,全日制,311
伊犁师范大学,不是,不是,不是,是,法学院,法学理论,4,全日制,311
伊犁师范大学,不是,不是,不是,是,法学院,宪法学与行政法学,5,全日制,311
伊犁师范大学,不是,不是,不是,是,法学院,刑法学,4,全日制,311
伊犁师范大学,不是,不是,不是,是,法学院,经济法学,5,全日制,311
伊犁师范大学,不是,不是,不是,是,法学院,国际法学,5,全日制,311
伊犁师范大学,不是,不是,不是,是,马克思主义学院,马克思主义基本原理,4,全日制,311
伊犁师范大学,不是,不是,不是,是,马克思主义学院,马克思主义中国化研究,4,全日制,311
伊犁师范大学,不是,不是,不是,是,马克思主义学院,思想政治教育,4,全日制,311
伊犁师范大学,不是,不是,不是,是,法学院,法律（非法学）,12,全日制,311
伊犁师范大学,不是,不是,不是,是,法学院,法律（法学）,17,全日制,311
新疆财经大学,不是,不是,不是,是,经济学院,政治经济学,4,全日制,314
新疆财经大学,不是,不是,不是,是,经济学院,西方经济学,3,全日制,314
新疆财经大学,不是,不是,不是,是,经济学院,世界经济,4,全日制,314
新疆财经大学,不是,不是,不是,是,经济学院,人口、资源与环境经济学,5,全日制,314
新疆财经大学,不是,不是,不是,是,经济学院,区域经济学,12,全日制,314
新疆财经大学,不是,不是,不是,是,经济学院,政治经济学,4,全日制,314
新疆财经大学,不是,不是,不是,是,经济学院,西方经济学,3,全日制,314
新疆财经大学,不是,不是,不是,是,经济学院,世界经济,4,全日制,314
新疆财经大学,不是,不是,不是,是,经济学院,人口、资源与环境经济学,5,全日制,314
新疆财经大学,不是,不是,不是,是,经济学院,区域经济学,12,全日制,314
新疆财经大学,不是,不是,不是,是,财政税务学院,财政学,8,全日制,314
新疆财经大学,不是,不是,不是,是,金融学院,金融学,26,全日制,314
新疆财经大学,不是,不是,不是,是,经济学院,产业经济学,10,全日制,314
新疆财经大学,不是,不是,不是,是,国际经贸学院,国际贸易学,9,全日制,314
新疆财经大学,不是,不是,不是,是,统计与数据科学学院,统计学,4,全日制,314
昌吉学院,不是,不是,不是,是,教育科学学院,学科教学（思政）,10,全日制,337
昌吉学院,不是,不是,不是,是,教育科学学院,学科教学（语文）,13,全日制,337
昌吉学院,不是,不是,不是,是,教育科学学院,学科教学（数学）,13,全日制,337
昌吉学院,不是,不是,不是,是,教育科学学院,学科教学（物理）,5,全日制,337
昌吉学院,不是,不是,不是,是,教育科学学院,学科教学（化学）,5,全日制,337
新疆艺术学院,不是,不是,不是,是,音乐学院,艺术学,4,全日制,344
新疆艺术学院,不是,不是,不是,是,戏剧影视学院,艺术学,4,全日制,344
新疆艺术学院,不是,不是,不是,是,舞蹈学院,艺术学,4,全日制,344
新疆艺术学院,不是,不是,不是,是,文化艺术学院,艺术学,6,全日制,344
新疆艺术学院,不是,不是,不是,是,美术学院,艺术学,5,全日制,344
中国科学院新疆理化技术研究所,不是,不是,不是,不是,不区分院系,有机化学,3,全日制,275
中国科学院新疆理化技术研究所,不是,不是,不是,不是,不区分院系,药物化学,2,全日制,275
中国科学院新疆理化技术研究所,不是,不是,不是,不是,不区分院系,中药学,3,全日制,275
中国科学院新疆理化技术研究所,不是,不是,不是,不是,不区分院系,材料物理与化学,9,全日制,264
中国科学院新疆理化技术研究所,不是,不是,不是,不是,不区分院系,物理电子学,2,全日制,264
中国科学院新疆生态与地理研究所,不是,不是,不是,不是,不区分院系,自然地理学,8,全日制,275
中国科学院新疆生态与地理研究所,不是,不是,不是,不是,不区分院系,人文地理学,3,全日制,275
中国科学院新疆生态与地理研究所,不是,不是,不是,不是,不区分院系,地图学与地理信息系统,6,全日制,275
中国科学院新疆生态与地理研究所,不是,不是,不是,不是,不区分院系,地质学,2,全日制,275
中国科学院新疆生态与地理研究所,不是,不是,不是,不是,不区分院系,植物学,6,全日制,275
中国科学院新疆天文台,不是,不是,不是,不是,不区分院系,天体物理,8,全日制,265
中国科学院新疆天文台,不是,不是,不是,不是,不区分院系,天文技术与方法,3,全日制,265
